X_id,collision_id,accdate,stname1,stname2,stname3,per_inv,acclass,accloc,traffictl,impactype,visible,light,rdsfcond,road_class,failtorem,longitude,latitude,veh_no,vehtype,initdir,per_no,invage,injury,safequip,drivact,drivcond,pedact,pedcond,manoeuvre,pedtype,cyclistype,cycact,cyccond,road_user,fatal_no,wardname,division,neighbourhood,aggressive,distracted,cyclist,motorcyclist,other_micromobility,older_adult,pedestrian,red_light,school_child,heavy_truck,geometry
264,2006:899369,2006-03-31T16:40:00,BLOOR ST W,CHRISTIE ST,,2,Non-Fatal Injury,,No Control,Pedestrian Collision(internal code),Clear,Daylight,Dry,Major Arterial,false,-79.41769092252044,43.66374422927333,1,Automobile or Station Wagon,West,1,45,None,Lap and Shoulder Belt,Driving properly,Normal,,,Going Ahead,,,,,driver,NA,University-Rosedale (11),14 Division,Annex,false,false,false,false,false,true,true,false,false,false,"{""coordinates"": [[-79.41769092252044, 43.66374422927333]], ""type"": ""MultiPoint""}"
265,2006:899537,2006-04-01T22:05:00,JANE ST,EGLINTON AVE W,,5,Non-Fatal Injury,At Intersection,Traffic Signal,Sideswipe,Clear,Dark,Dry,Major Arterial,false,-79.49879104010617,43.68444433675469,1,Automobile or Station Wagon,North,2,33,None,Other Safety Equipment Used,Driving properly,Normal,,,Stopped,,,,,driver,NA,York South-Weston (5),12 Division,Mount Dennis,false,false,false,false,false,false,false,false,false,false,"{""coordinates"": [[-79.49879104010617, 43.68444433675469]], ""type"": ""MultiPoint""}"
266,2006:899537,2006-04-01T22:05:00,JANE ST,EGLINTON AVE W,,5,Non-Fatal Injury,At Intersection,Traffic Signal,Sideswipe,Clear,Dark,Dry,Major Arterial,false,-79.49879104010617,43.68444433675469,1,,,1,33,Major,Lap and Shoulder Belt,,,,,,,,,,passenger,NA,York South-Weston (5),12 Division,Mount Dennis,false,false,false,false,false,false,false,false,false,false,"{""coordinates"": [[-79.49879104010617, 43.68444433675469]], ""type"": ""MultiPoint""}"
267,2006:899537,2006-04-01T22:05:00,JANE ST,EGLINTON AVE W,,5,Non-Fatal Injury,At Intersection,Traffic Signal,Sideswipe,Clear,Dark,Dry,Major Arterial,false,-79.49879104010617,43.68444433675469,1,,,5,NA,,Other Safety Equipment Used,,,,,,,,,,owner,NA,York South-Weston (5),12 Division,Mount Dennis,false,false,false,false,false,false,false,false,false,false,"{""coordinates"": [[-79.49879104010617, 43.68444433675469]], ""type"": ""MultiPoint""}"
268,2010:1181618,2010-06-17T19:27:00,350 MIDWEST RD,,,4,Non-Fatal Injury,,No Control,Turning Movement,Clear,Dark,Dry,Collector,false,-79.27159052650777,43.7617440220552,2,,,2,NA,,Other Safety Equipment Used,,,,,,,,,,owner,NA,Scarborough Centre (21),41 Division,Dorset Park,true,true,false,true,false,false,false,false,false,true,"{""coordinates"": [[-79.27159052650777, 43.761744022055204]], ""type"": ""MultiPoint""}"
269,2006:899537,2006-04-01T22:05:00,JANE ST,EGLINTON AVE W,,5,Non-Fatal Injury,At Intersection,Traffic Signal,Sideswipe,Clear,Dark,Dry,Major Arterial,false,-79.49879104010617,43.68444433675469,2,,,3,NA,,Other Safety Equipment Used,,,,,,,,,,owner,NA,York South-Weston (5),12 Division,Mount Dennis,false,false,false,false,false,false,false,false,false,false,"{""coordinates"": [[-79.49879104010617, 43.68444433675469]], ""type"": ""MultiPoint""}"
270,2006:899537,2006-04-01T22:05:00,JANE ST,EGLINTON AVE W,,5,Non-Fatal Injury,At Intersection,Traffic Signal,Sideswipe,Clear,Dark,Dry,Major Arterial,false,-79.49879104010617,43.68444433675469,2,Automobile or Station Wagon,North,4,31,None,Lap and Shoulder Belt,Lost control,Normal,,,Overtaking,,,,,driver,NA,York South-Weston (5),12 Division,Mount Dennis,false,false,false,false,false,false,false,false,false,false,"{""coordinates"": [[-79.49879104010617, 43.68444433675469]], ""type"": ""MultiPoint""}"
271,2006:895615,2006-04-01T23:44:00,F G GARDINER XY E E,SPADINA AVE,,6,Non-Fatal Injury,,No Control,Rear End,Clear,Dark,Dry,Major Arterial,false,-79.39129091056732,43.638744196996335,5,Automobile or Station Wagon,East,6,31,None,Lap and Shoulder Belt,Driving properly,Normal,,,Going Ahead,,,,,driver,NA,Spadina-Fort York (10),52 Division,Harbourfront-CityPlace,true,true,false,false,false,false,false,false,false,false,"{""coordinates"": [[-79.39129091056732, 43.638744196996335]], ""type"": ""MultiPoint""}"
272,2006:895615,2006-04-01T23:44:00,F G GARDINER XY E E,SPADINA AVE,,6,Non-Fatal Injury,,No Control,Rear End,Clear,Dark,Dry,Major Arterial,false,-79.39129091056732,43.638744196996335,3,Automobile or Station Wagon,East,4,24,Major,Lap and Shoulder Belt,Driving properly,Normal,,,Stopped,,,,,driver,NA,Spadina-Fort York (10),52 Division,Harbourfront-CityPlace,true,true,false,false,false,false,false,false,false,false,"{""coordinates"": [[-79.39129091056732, 43.638744196996335]], ""type"": ""MultiPoint""}"
273,2006:895615,2006-04-01T23:44:00,F G GARDINER XY E E,SPADINA AVE,,6,Non-Fatal Injury,,No Control,Rear End,Clear,Dark,Dry,Major Arterial,false,-79.39129091056732,43.638744196996335,2,,East,2,25,Minimal,Lap and Shoulder Belt,,,,,,,,,,passenger,NA,Spadina-Fort York (10),52 Division,Harbourfront-CityPlace,true,true,false,false,false,false,false,false,false,false,"{""coordinates"": [[-79.39129091056732, 43.638744196996335]], ""type"": ""MultiPoint""}"
274,2006:895615,2006-04-01T23:44:00,F G GARDINER XY E E,SPADINA AVE,,6,Non-Fatal Injury,,No Control,Rear End,Clear,Dark,Dry,Major Arterial,false,-79.39129091056732,43.638744196996335,3,,,3,26,Minimal,Lap and Shoulder Belt,,,,,,,,,,passenger,NA,Spadina-Fort York (10),52 Division,Harbourfront-CityPlace,true,true,false,false,false,false,false,false,false,false,"{""coordinates"": [[-79.39129091056732, 43.638744196996335]], ""type"": ""MultiPoint""}"
275,2006:895615,2006-04-01T23:44:00,F G GARDINER XY E E,SPADINA AVE,,6,Non-Fatal Injury,,No Control,Rear End,Clear,Dark,Dry,Major Arterial,false,-79.39129091056732,43.638744196996335,1,Automobile or Station Wagon,East,1,51,Minimal,Lap and Shoulder Belt,Driving properly,Unknown,,,Going Ahead,,,,,driver,NA,Spadina-Fort York (10),52 Division,Harbourfront-CityPlace,true,true,false,false,false,false,false,false,false,false,"{""coordinates"": [[-79.39129091056732, 43.638744196996335]], ""type"": ""MultiPoint""}"
276,2006:895615,2006-04-01T23:44:00,F G GARDINER XY E E,SPADINA AVE,,6,Non-Fatal Injury,,No Control,Rear End,Clear,Dark,Dry,Major Arterial,false,-79.39129091056732,43.638744196996335,4,Automobile or Station Wagon,East,5,29,Minimal,Lap and Shoulder Belt,Following too closely,Inattentive,,,Going Ahead,,,,,driver,NA,Spadina-Fort York (10),52 Division,Harbourfront-CityPlace,true,true,false,false,false,false,false,false,false,false,"{""coordinates"": [[-79.39129091056732, 43.638744196996335]], ""type"": ""MultiPoint""}"
277,2006:895818,2006-04-02T17:17:00,DON MILLS RD,GATEWAY BLVD,,2,Non-Fatal Injury,,No Control,SMV Other,Clear,Daylight,Dry,Major Arterial,false,-79.33579069639322,43.71304410497414,2,,,2,NA,None,Other Safety Equipment Used,,,,,,,,,,owner,NA,Don Valley East (16),55 Division,Flemingdon Park,false,false,false,false,false,false,false,false,false,false,"{""coordinates"": [[-79.33579069639322, 43.71304410497414]], ""type"": ""MultiPoint""}"
278,2006:895818,2006-04-02T17:17:00,DON MILLS RD,GATEWAY BLVD,,2,Non-Fatal Injury,,No Control,SMV Other,Clear,Daylight,Dry,Major Arterial,false,-79.33579069639322,43.71304410497414,1,Automobile or Station Wagon,South,1,58,Major,Other Safety Equipment Used,Lost control,Medical or Physical Disability,,,Going Ahead,,,,,driver,NA,Don Valley East (16),55 Division,Flemingdon Park,false,false,false,false,false,false,false,false,false,false,"{""coordinates"": [[-79.33579069639322, 43.71304410497414]], ""type"": ""MultiPoint""}"
279,2006:899747,2006-04-03T16:15:00,DUNDAS ST W,BLOOR ST W,,2,Non-Fatal Injury,At Intersection,Traffic Signal,Pedestrian Collision(internal code),Rain,Daylight,Wet,Major Arterial,false,-79.45249100197823,43.656344282584,2,,West,1,75,Major,Other Safety Equipment Used,,,Crossing without right-of-way (intersection),Normal,,Driver going straight hits pedestrian crossing without right-of-way (at intersection),,,,pedestrian,NA,Parkdale-High Park (4),11 Division,High Park North,false,false,false,false,false,true,true,false,false,false,"{""coordinates"": [[-79.45249100197823, 43.656344282584]], ""type"": ""MultiPoint""}"
280,2006:899747,2006-04-03T16:15:00,DUNDAS ST W,BLOOR ST W,,2,Non-Fatal Injury,At Intersection,Traffic Signal,Pedestrian Collision(internal code),Rain,Daylight,Wet,Major Arterial,false,-79.45249100197823,43.656344282584,1,Automobile or Station Wagon,North,2,54,None,Lap and Shoulder Belt,Driving properly,Normal,,,Going Ahead,,,,,driver,NA,Parkdale-High Park (4),11 Division,High Park North,false,false,false,false,false,true,true,false,false,false,"{""coordinates"": [[-79.45249100197823, 43.656344282584]], ""type"": ""MultiPoint""}"
281,2006:895926,2006-04-04T02:30:00,1340 LESLIE ST,,,2,Non-Fatal Injury,,No Control,SMV Other,Clear,Dark,Dry,Major Arterial,false,-79.35559070315226,43.73274412831905,1,,,1,NA,,Other Safety Equipment Used,,,,,,,,,,owner,NA,Don Valley West (15),33 Division,Banbury-Don Mills,false,false,false,false,false,false,false,false,false,false,"{""coordinates"": [[-79.35559070315226, 43.73274412831905]], ""type"": ""MultiPoint""}"
282,2006:895926,2006-04-04T02:30:00,1340 LESLIE ST,,,2,Non-Fatal Injury,,No Control,SMV Other,Clear,Dark,Dry,Major Arterial,false,-79.35559070315226,43.73274412831905,1,Automobile or Station Wagon,South,2,41,Major,Other Safety Equipment Used,Lost control,Ability Impaired - Alcohol Over .08,,,Going Ahead,,,,,driver,NA,Don Valley West (15),33 Division,Banbury-Don Mills,false,false,false,false,false,false,false,false,false,false,"{""coordinates"": [[-79.35559070315226, 43.73274412831905]], ""type"": ""MultiPoint""}"
283,2006:896072,2006-04-04T13:25:00,WALMER RD,HEATH ST W,,2,Non-Fatal Injury,At Intersection,Stop Sign,Pedestrian Collision(internal code),Clear,Daylight,Dry,Collector,false,-79.4131908772385,43.6865442160988,1,Automobile or Station Wagon,North,2,60,None,Other Safety Equipment Used,Other,Normal,,,Turning Right,,,,,driver,NA,Toronto-St. Paul's (12),13 Division,Forest Hill South,false,false,false,false,false,false,true,false,true,false,"{""coordinates"": [[-79.4131908772385, 43.6865442160988]], ""type"": ""MultiPoint""}"
284,2006:896072,2006-04-04T13:25:00,WALMER RD,HEATH ST W,,2,Non-Fatal Injury,At Intersection,Stop Sign,Pedestrian Collision(internal code),Clear,Daylight,Dry,Collector,false,-79.4131908772385,43.6865442160988,2,,,1,16,Major,Other Safety Equipment Used,,,Running onto roadway,Normal,,Driver turns right into pedestrian crossing without right-of-way (at intersection),,,,pedestrian,NA,Toronto-St. Paul's (12),13 Division,Forest Hill South,false,false,false,false,false,false,true,false,true,false,"{""coordinates"": [[-79.4131908772385, 43.6865442160988]], ""type"": ""MultiPoint""}"
285,2006:899910,2006-04-06T15:40:00,BAY ST,GERRARD ST W,,2,Non-Fatal Injury,At Intersection,Traffic Signal,Cyclist Collision,Clear,Daylight,Dry,Major Arterial,false,-79.3848908675395,43.65854418287108,1,Automobile or Station Wagon,South,1,49,None,Lap and Shoulder Belt,Driving properly,Normal,,,Stopped,,,,,driver,NA,University-Rosedale (11),52 Division,Yonge-Bay Corridor,false,true,true,false,false,false,false,false,false,false,"{""coordinates"": [[-79.3848908675395, 43.65854418287108]], ""type"": ""MultiPoint""}"
286,2006:899910,2006-04-06T15:40:00,BAY ST,GERRARD ST W,,2,Non-Fatal Injury,At Intersection,Traffic Signal,Cyclist Collision,Clear,Daylight,Dry,Major Arterial,false,-79.3848908675395,43.65854418287108,2,Bicycle,South,2,25,Major,No Equipment Available,,,,,Going Ahead,,Rear end with cyclist and driver travelling in same direction,Other,Inattentive,cyclist,NA,University-Rosedale (11),52 Division,Yonge-Bay Corridor,false,true,true,false,false,false,false,false,false,false,"{""coordinates"": [[-79.3848908675395, 43.65854418287108]], ""type"": ""MultiPoint""}"
287,2006:899914,2006-04-06T18:25:00,232 VIEWMOUNT AVE,,,2,Non-Fatal Injury,,No Control,Pedestrian Collision(internal code),Clear,Daylight,Dry,Local,false,-79.43919088947281,43.708044244866095,2,,South,2,61,Major,Other Safety Equipment Used,,,Coming from behind parked vehicle or object,Unknown,Other,Driver hits pedestrian walking or running out from between parked vehicles (at midblock),,,,pedestrian,NA,Eglinton-Lawrence (8),13 Division,Englemount-Lawrence,false,false,false,false,false,false,true,false,true,false,"{""coordinates"": [[-79.43919088947281, 43.708044244866095]], ""type"": ""MultiPoint""}"
288,2006:899914,2006-04-06T18:25:00,232 VIEWMOUNT AVE,,,2,Non-Fatal Injury,,No Control,Pedestrian Collision(internal code),Clear,Daylight,Dry,Local,false,-79.43919088947281,43.708044244866095,1,Automobile or Station Wagon,West,1,18,None,Lap and Shoulder Belt,Driving properly,Normal,,,Going Ahead,,,,,driver,NA,Eglinton-Lawrence (8),13 Division,Englemount-Lawrence,false,false,false,false,false,false,true,false,true,false,"{""coordinates"": [[-79.43919088947281, 43.708044244866095]], ""type"": ""MultiPoint""}"
289,2006:897350,2006-04-07T15:55:00,KINGSTON RD,EGLINTON AVE E,,4,Non-Fatal Injury,,No Control,Rear End,Rain,Daylight,Wet,Major Arterial,false,-79.20959044744897,43.74574395139295,1,,,1,NA,None,Other Safety Equipment Used,,,,,,,,,,owner,NA,Scarborough-Guildwood (24),43 Division,Scarborough Village,true,false,false,false,false,false,false,false,false,false,"{""coordinates"": [[-79.20959044744897, 43.74574395139295]], ""type"": ""MultiPoint""}"
290,2006:897350,2006-04-07T15:55:00,KINGSTON RD,EGLINTON AVE E,,4,Non-Fatal Injury,,No Control,Rear End,Rain,Daylight,Wet,Major Arterial,false,-79.20959044744897,43.74574395139295,1,Automobile or Station Wagon,East,2,41,None,Other Safety Equipment Used,Speed too fast for conditions,Normal,,,Slowing or Stopping,,,,,driver,NA,Scarborough-Guildwood (24),43 Division,Scarborough Village,true,false,false,false,false,false,false,false,false,false,"{""coordinates"": [[-79.20959044744897, 43.74574395139295]], ""type"": ""MultiPoint""}"
291,2006:897350,2006-04-07T15:55:00,KINGSTON RD,EGLINTON AVE E,,4,Non-Fatal Injury,,No Control,Rear End,Rain,Daylight,Wet,Major Arterial,false,-79.20959044744897,43.74574395139295,2,,East,4,58,Major,Other Safety Equipment Used,Driving properly,Normal,,,Slowing or Stopping,,,,,driver,NA,Scarborough-Guildwood (24),43 Division,Scarborough Village,true,false,false,false,false,false,false,false,false,false,"{""coordinates"": [[-79.20959044744897, 43.74574395139295]], ""type"": ""MultiPoint""}"
292,2006:897350,2006-04-07T15:55:00,KINGSTON RD,EGLINTON AVE E,,4,Non-Fatal Injury,,No Control,Rear End,Rain,Daylight,Wet,Major Arterial,false,-79.20959044744897,43.74574395139295,2,,,3,NA,None,Other Safety Equipment Used,,,,,,,,,,owner,NA,Scarborough-Guildwood (24),43 Division,Scarborough Village,true,false,false,false,false,false,false,false,false,false,"{""coordinates"": [[-79.20959044744897, 43.74574395139295]], ""type"": ""MultiPoint""}"
293,2006:900010,2006-04-08T11:50:00,4559 SHEPPARD Aven E,,,2,Non-Fatal Injury,,No Control,SMV Other,Clear,Daylight,Dry,Major Arterial,false,-79.26289048968593,43.78874401509045,1,Motorcycle,North,2,30,Major,Helmet,Driving properly,Normal,,,Turning Right,,,,,motorcyclist,NA,Scarborough North (23),42 Division,Agincourt South-Malvern West,false,false,false,true,false,false,false,false,false,false,"{""coordinates"": [[-79.26289048968593, 43.78874401509045]], ""type"": ""MultiPoint""}"
294,2006:900010,2006-04-08T11:50:00,4559 SHEPPARD Aven E,,,2,Non-Fatal Injury,,No Control,SMV Other,Clear,Daylight,Dry,Major Arterial,false,-79.26289048968593,43.78874401509045,1,,,1,NA,None,Other Safety Equipment Used,,,,,,,,,,owner,NA,Scarborough North (23),42 Division,Agincourt South-Malvern West,false,false,false,true,false,false,false,false,false,false,"{""coordinates"": [[-79.26289048968593, 43.78874401509045]], ""type"": ""MultiPoint""}"
295,2006:900242,2006-04-10T17:44:00,ADELAIDE ST E,FREDERICK ST,,2,Non-Fatal Injury,At Intersection,Traffic Signal,Rear End,Clear,Daylight,Dry,Major Arterial,false,-79.3698908485323,43.651844162211376,2,Motorcycle,East,2,40,Major,Helmet,Following too closely,Inattentive,,,Changing Lanes,,,,,motorcyclist,NA,Toronto Centre (13),51 Division,Moss Park,true,true,false,true,false,false,false,false,false,false,"{""coordinates"": [[-79.3698908485323, 43.651844162211376]], ""type"": ""MultiPoint""}"
296,2006:900242,2006-04-10T17:44:00,ADELAIDE ST E,FREDERICK ST,,2,Non-Fatal Injury,At Intersection,Traffic Signal,Rear End,Clear,Daylight,Dry,Major Arterial,false,-79.3698908485323,43.651844162211376,1,Automobile or Station Wagon,East,1,58,None,Lap and Shoulder Belt,Driving properly,Normal,,,Stopped,,,,,driver,NA,Toronto Centre (13),51 Division,Moss Park,true,true,false,true,false,false,false,false,false,false,"{""coordinates"": [[-79.3698908485323, 43.651844162211376]], ""type"": ""MultiPoint""}"
297,2006:900284,2006-04-11T15:30:00,EGLINTON AVE W,MARTIN GROVE RD,,2,Non-Fatal Injury,At Intersection,Traffic Signal,Rear End,Clear,Daylight,Dry,Major Arterial,false,-79.56319114225505,43.67444441886804,1,Automobile or Station Wagon,East,1,48,None,Lap and Shoulder Belt,Following too closely,Normal,,,Going Ahead,,,,,driver,NA,Etobicoke Centre (2),22 Division,Eringate-Centennial-West Deane,true,false,false,false,false,false,false,false,false,false,"{""coordinates"": [[-79.56319114225505, 43.67444441886804]], ""type"": ""MultiPoint""}"
298,2006:900284,2006-04-11T15:30:00,EGLINTON AVE W,MARTIN GROVE RD,,2,Non-Fatal Injury,At Intersection,Traffic Signal,Rear End,Clear,Daylight,Dry,Major Arterial,false,-79.56319114225505,43.67444441886804,2,Automobile or Station Wagon,East,2,62,Major,Lap and Shoulder Belt,Driving properly,Normal,,,Stopped,,,,,driver,NA,Etobicoke Centre (2),22 Division,Eringate-Centennial-West Deane,true,false,false,false,false,false,false,false,false,false,"{""coordinates"": [[-79.56319114225505, 43.67444441886804]], ""type"": ""MultiPoint""}"
299,2006:900285,2006-04-11T16:20:00,KENNEDY RD,PROGRESS AVE,,2,Non-Fatal Injury,,No Control,Sideswipe,Clear,Daylight,Dry,Major Arterial,false,-79.28249053765695,43.76984403632421,2,Automobile or Station Wagon,South,2,41,None,Lap and Shoulder Belt,Improper lane change,Normal,,,Turning Left,,,,,driver,NA,Scarborough Centre (21),41 Division,Dorset Park,false,false,false,true,false,false,false,false,false,false,"{""coordinates"": [[-79.28249053765695, 43.76984403632421]], ""type"": ""MultiPoint""}"
300,2006:900285,2006-04-11T16:20:00,KENNEDY RD,PROGRESS AVE,,2,Non-Fatal Injury,,No Control,Sideswipe,Clear,Daylight,Dry,Major Arterial,false,-79.28249053765695,43.76984403632421,1,Motorcycle,South,1,42,Major,Helmet,Driving properly,Normal,,,Going Ahead,,,,,motorcyclist,NA,Scarborough Centre (21),41 Division,Dorset Park,false,false,false,true,false,false,false,false,false,false,"{""coordinates"": [[-79.28249053765695, 43.76984403632421]], ""type"": ""MultiPoint""}"
301,2006:900307,2006-04-11T18:53:00,RICHMOND ST E,ONTARIO ST,,2,Non-Fatal Injury,At Intersection,Stop Sign,Angle,Clear,Daylight,Dry,Major Arterial,false,-79.36669083917667,43.65394415709601,2,Automobile or Station Wagon,West,2,25,Major,Lap and Shoulder Belt,Exceeding speed limit,Normal,,,Going Ahead,,,,,driver,NA,Toronto Centre (13),51 Division,Moss Park,true,false,false,false,false,false,false,false,false,false,"{""coordinates"": [[-79.36669083917667, 43.65394415709601]], ""type"": ""MultiPoint""}"
302,2006:900307,2006-04-11T18:53:00,RICHMOND ST E,ONTARIO ST,,2,Non-Fatal Injury,At Intersection,Stop Sign,Angle,Clear,Daylight,Dry,Major Arterial,false,-79.36669083917667,43.65394415709601,1,Automobile or Station Wagon,North,1,56,Minor,Lap and Shoulder Belt,Disobeyed traffic control,Normal,,,Going Ahead,,,,,driver,NA,Toronto Centre (13),51 Division,Moss Park,true,false,false,false,false,false,false,false,false,false,"{""coordinates"": [[-79.36669083917667, 43.65394415709601]], ""type"": ""MultiPoint""}"
303,2006:897313,2006-04-12T18:13:00,HIGHWAY 27 N N,HARNESS RD,,3,Non-Fatal Injury,At Intersection,No Control,Pedestrian Collision(internal code),Rain,Dark,Wet,Major Arterial,false,-79.59789109649816,43.72234443116549,1,,,1,NA,None,Other Safety Equipment Used,,,,,,,,,,owner,NA,Etobicoke North (1),23 Division,West Humber-Clairville,false,false,false,false,false,false,true,false,false,false,"{""coordinates"": [[-79.59789109649816, 43.72234443116549]], ""type"": ""MultiPoint""}"
304,2006:897313,2006-04-12T18:13:00,HIGHWAY 27 N N,HARNESS RD,,3,Non-Fatal Injury,At Intersection,No Control,Pedestrian Collision(internal code),Rain,Dark,Wet,Major Arterial,false,-79.59789109649816,43.72234443116549,1,Automobile or Station Wagon,North,2,29,None,Lap and Shoulder Belt,Driving properly,Unknown,,,Going Ahead,,,,,driver,NA,Etobicoke North (1),23 Division,West Humber-Clairville,false,false,false,false,false,false,true,false,false,false,"{""coordinates"": [[-79.59789109649816, 43.72234443116549]], ""type"": ""MultiPoint""}"
305,2006:897313,2006-04-12T18:13:00,HIGHWAY 27 N N,HARNESS RD,,3,Non-Fatal Injury,At Intersection,No Control,Pedestrian Collision(internal code),Rain,Dark,Wet,Major Arterial,false,-79.59789109649816,43.72234443116549,2,,West,3,40,Major,Other Safety Equipment Used,,,Crossing - no traffic control,Normal,,Driver hits pedestrian at midblock,,,,pedestrian,NA,Etobicoke North (1),23 Division,West Humber-Clairville,false,false,false,false,false,false,true,false,false,false,"{""coordinates"": [[-79.59789109649816, 43.72234443116549]], ""type"": ""MultiPoint""}"
306,2006:897664,2006-04-15T20:00:00,YONGE ST,BREADALBANE ST,,3,Fatal Injury,,No Control,Pedestrian Collision(internal code),Clear,Dark,Dry,Major Arterial,false,-79.3840908580427,43.6637441805367,1,,,1,NA,,Other Safety Equipment Used,,,,,,,,,,owner,NA,Toronto Centre (13),52 Division,Church-Wellesley,false,false,false,false,false,false,true,false,false,false,"{""coordinates"": [[-79.3840908580427, 43.6637441805367]], ""type"": ""MultiPoint""}"
307,2006:898350,2006-04-20T20:53:00,KEELE ST,FINCH AVE W,,4,Fatal Injury,At Intersection,Traffic Signal,Cyclist Collision,Clear,Dark,Dry,Major Arterial,false,-79.49099088963517,43.76344429159962,3,,,3,NA,,Other Safety Equipment Used,,,,,,,,,,owner,NA,York Centre (6),31 Division,York University Heights,false,false,true,false,false,false,false,false,true,true,"{""coordinates"": [[-79.49099088963517, 43.76344429159962]], ""type"": ""MultiPoint""}"
308,2006:897664,2006-04-15T20:00:00,YONGE ST,BREADALBANE ST,,3,Fatal Injury,,No Control,Pedestrian Collision(internal code),Clear,Dark,Dry,Major Arterial,false,-79.3840908580427,43.6637441805367,2,,West,3,44,Fatal,Other Safety Equipment Used,,,Running onto roadway,Unknown,,Driver hits pedestrian at midblock,,,,pedestrian,19,Toronto Centre (13),52 Division,Church-Wellesley,false,false,false,false,false,false,true,false,false,false,"{""coordinates"": [[-79.3840908580427, 43.6637441805367]], ""type"": ""MultiPoint""}"
309,2006:897664,2006-04-15T20:00:00,YONGE ST,BREADALBANE ST,,3,Fatal Injury,,No Control,Pedestrian Collision(internal code),Clear,Dark,Dry,Major Arterial,false,-79.3840908580427,43.6637441805367,1,Automobile or Station Wagon,North,2,59,None,Lap and Shoulder Belt,Driving properly,Normal,,,Going Ahead,,,,,driver,NA,Toronto Centre (13),52 Division,Church-Wellesley,false,false,false,false,false,false,true,false,false,false,"{""coordinates"": [[-79.3840908580427, 43.6637441805367]], ""type"": ""MultiPoint""}"
310,2006:901809,2006-04-18T00:10:00,FINCH AVE W,DRIFTWOOD AVE,,3,Non-Fatal Injury,,No Control,Approaching Head On,Clear,Dark,Dry,Major Arterial,false,-79.51119092476495,43.758544316165384,2,,,2,19,Minor,Lap and Shoulder Belt,,,,,Other,,,,,passenger,NA,Humber River-Black Creek (7),31 Division,Glenfield-Jane Heights,false,false,false,false,false,false,false,false,true,false,"{""coordinates"": [[-79.51119092476495, 43.758544316165384]], ""type"": ""MultiPoint""}"
311,2006:901809,2006-04-18T00:10:00,FINCH AVE W,DRIFTWOOD AVE,,3,Non-Fatal Injury,,No Control,Approaching Head On,Clear,Dark,Dry,Major Arterial,false,-79.51119092476495,43.758544316165384,1,Automobile or Station Wagon,East,1,45,Major,Lap and Shoulder Belt,Lost control,Normal,,,Going Ahead,,,,,driver,NA,Humber River-Black Creek (7),31 Division,Glenfield-Jane Heights,false,false,false,false,false,false,false,false,true,false,"{""coordinates"": [[-79.51119092476495, 43.758544316165384]], ""type"": ""MultiPoint""}"
312,2006:901809,2006-04-18T00:10:00,FINCH AVE W,DRIFTWOOD AVE,,3,Non-Fatal Injury,,No Control,Approaching Head On,Clear,Dark,Dry,Major Arterial,false,-79.51119092476495,43.758544316165384,2,Automobile or Station Wagon,West,3,21,Minimal,Lap and Shoulder Belt,Driving properly,Normal,,,Going Ahead,,,,,driver,NA,Humber River-Black Creek (7),31 Division,Glenfield-Jane Heights,false,false,false,false,false,false,false,false,true,false,"{""coordinates"": [[-79.51119092476495, 43.758544316165384]], ""type"": ""MultiPoint""}"
313,2006:897916,2006-04-18T19:30:00,WARDEN AVE,COMSTOCK RD,,6,Fatal Injury,At Intersection,Traffic Signal,Angle,Clear,Daylight,Dry,Major Arterial,false,-79.28499059492717,43.72154403716521,1,,,3,32,Fatal,Other Safety Equipment Used,,,,,,,,,,passenger,20,Scarborough Southwest (20),41 Division,Clairlea-Birchmount,true,false,false,false,false,false,false,true,true,true,"{""coordinates"": [[-79.28499059492717, 43.72154403716521]], ""type"": ""MultiPoint""}"
314,2006:897916,2006-04-18T19:30:00,WARDEN AVE,COMSTOCK RD,,6,Fatal Injury,At Intersection,Traffic Signal,Angle,Clear,Daylight,Dry,Major Arterial,false,-79.28499059492717,43.72154403716521,1,,,2,6,Minor,Other Safety Equipment Used,,,,,,,,,,passenger,NA,Scarborough Southwest (20),41 Division,Clairlea-Birchmount,true,false,false,false,false,false,false,true,true,true,"{""coordinates"": [[-79.28499059492717, 43.72154403716521]], ""type"": ""MultiPoint""}"
315,2006:897916,2006-04-18T19:30:00,WARDEN AVE,COMSTOCK RD,,6,Fatal Injury,At Intersection,Traffic Signal,Angle,Clear,Daylight,Dry,Major Arterial,false,-79.28499059492717,43.72154403716521,1,Automobile or Station Wagon,North,4,39,Major,Other Safety Equipment Used,Disobeyed traffic control,Unknown,,,Going Ahead,,,,,driver,NA,Scarborough Southwest (20),41 Division,Clairlea-Birchmount,true,false,false,false,false,false,false,true,true,true,"{""coordinates"": [[-79.28499059492717, 43.72154403716521]], ""type"": ""MultiPoint""}"
316,2006:897916,2006-04-18T19:30:00,WARDEN AVE,COMSTOCK RD,,6,Fatal Injury,At Intersection,Traffic Signal,Angle,Clear,Daylight,Dry,Major Arterial,false,-79.28499059492717,43.72154403716521,2,Automobile or Station Wagon,South,5,53,None,Other Safety Equipment Used,Driving properly,Normal,,,Stopped,,,,,driver,NA,Scarborough Southwest (20),41 Division,Clairlea-Birchmount,true,false,false,false,false,false,false,true,true,true,"{""coordinates"": [[-79.28499059492717, 43.72154403716521]], ""type"": ""MultiPoint""}"