X_id,collision_id,accdate,stname1,stname2,stname3,per_inv,acclass,accloc,traffictl,impactype,visible,light,rdsfcond,road_class,failtorem,longitude,latitude,veh_no,vehtype,initdir,per_no,invage,injury,safequip,drivact,drivcond,pedact,pedcond,manoeuvre,pedtype,cyclistype,cycact,cyccond,road_user,fatal_no,wardname,division,neighbourhood,aggressive,distracted,cyclist,motorcyclist,other_micromobility,older_adult,pedestrian,red_light,school_child,heavy_truck,geometry
372,2006:900120,2006-04-29T21:36:00,MILLWICK DR,MILVAN DR,,5,Fatal Injury,,No Control,SMV Other,Clear,Dark,Dry,Collector,false,-79.55959098558908,43.75814436927288,1,Automobile or Station Wagon,,4,42,Minor,Other Safety Equipment Used,,,,,,,,,,passenger,NA,Humber River-Black Creek (7),31 Division,Humber Summit,true,false,false,false,false,false,false,false,false,false,"{""coordinates"": [[-79.55959098558908, 43.75814436927288]], ""type"": ""MultiPoint""}"
373,2006:900159,2006-04-30T08:57:00,QUEEN ST E,FALLINGBROOK RD,,2,Fatal Injury,At Intersection,Stop Sign,SMV Other,Clear,Daylight,Dry,Collector,false,-79.27639063699785,43.675344024625055,2,,,2,NA,,Other Safety Equipment Used,,,,,,,,,,owner,NA,Scarborough Southwest (20),41 Division,Birchcliffe-Cliffside,true,false,false,false,false,false,false,false,false,false,"{""coordinates"": [[-79.27639063699785, 43.675344024625055]], ""type"": ""MultiPoint""}"
374,2006:900159,2006-04-30T08:57:00,QUEEN ST E,FALLINGBROOK RD,,2,Fatal Injury,At Intersection,Stop Sign,SMV Other,Clear,Daylight,Dry,Collector,false,-79.27639063699785,43.675344024625055,1,Automobile or Station Wagon,East,1,58,Fatal,Other Safety Equipment Used,Speed too fast for conditions,Unknown,,,Going Ahead,,,,,driver,24,Scarborough Southwest (20),41 Division,Birchcliffe-Cliffside,true,false,false,false,false,false,false,false,false,false,"{""coordinates"": [[-79.27639063699785, 43.675344024625055]], ""type"": ""MultiPoint""}"
375,2006:903432,2006-05-01T16:10:00,96 NYMARK AVE,,,4,Non-Fatal Injury,,No Control,SMV Other,Clear,Daylight,Dry,Collector,false,-79.35849065107112,43.78174412856279,1,Automobile or Station Wagon,East,1,37,Major,Air Bag Deployed,Improper passing,Normal,,,Going Ahead,,,,,driver,NA,Don Valley North (17),33 Division,Don Valley Village,true,false,false,false,false,false,false,false,true,false,"{""coordinates"": [[-79.35849065107112, 43.78174412856279]], ""type"": ""MultiPoint""}"
376,2006:903432,2006-05-01T16:10:00,96 NYMARK AVE,,,4,Non-Fatal Injury,,No Control,SMV Other,Clear,Daylight,Dry,Collector,false,-79.35849065107112,43.78174412856279,2,,,2,8,Minor,Lap and Shoulder Belt,,,,,,,,,,passenger,NA,Don Valley North (17),33 Division,Don Valley Village,true,false,false,false,false,false,false,false,true,false,"{""coordinates"": [[-79.35849065107112, 43.78174412856279]], ""type"": ""MultiPoint""}"
377,2006:903432,2006-05-01T16:10:00,96 NYMARK AVE,,,4,Non-Fatal Injury,,No Control,SMV Other,Clear,Daylight,Dry,Collector,false,-79.35849065107112,43.78174412856279,2,,,3,8,Minor,Lap and Shoulder Belt,,,,,,,,,,passenger,NA,Don Valley North (17),33 Division,Don Valley Village,true,false,false,false,false,false,false,false,true,false,"{""coordinates"": [[-79.35849065107112, 43.78174412856279]], ""type"": ""MultiPoint""}"
378,2006:903432,2006-05-01T16:10:00,96 NYMARK AVE,,,4,Non-Fatal Injury,,No Control,SMV Other,Clear,Daylight,Dry,Collector,false,-79.35849065107112,43.78174412856279,3,,,4,NA,None,Other Safety Equipment Used,,,,,,,,,,owner,NA,Don Valley North (17),33 Division,Don Valley Village,true,false,false,false,false,false,false,false,true,false,"{""coordinates"": [[-79.35849065107112, 43.78174412856279]], ""type"": ""MultiPoint""}"
379,2006:903839,2006-05-01T19:00:00,BLACK CREEK DR,TRETHEWEY DR,,1,Non-Fatal Injury,,No Control,SMV Other,Clear,Daylight,Dry,Major Arterial,false,-79.48649099769744,43.69524431451658,1,Automobile or Station Wagon,South,1,44,Major,Helmet,Lost control,Normal,,,Going Ahead,,,,,driver,NA,York South-Weston (5),12 Division,Beechborough-Greenbrook,false,false,false,false,false,false,false,false,false,false,"{""coordinates"": [[-79.48649099769744, 43.69524431451658]], ""type"": ""MultiPoint""}"
380,2006:903913,2006-05-02T13:35:00,OLD FINCH AVE,SEWELLS RD,,2,Non-Fatal Injury,,No Control,Approaching Head On,Clear,Daylight,Dry,Collector,false,-79.19339036817657,43.82424395286951,1,Automobile or Station Wagon,East,1,24,None,Lap and Shoulder Belt,Disobeyed traffic control,Normal,,,Going Ahead,,,,,driver,NA,Scarborough-Rouge Park (25),42 Division,Morningside Heights,true,false,false,true,false,false,false,false,false,false,"{""coordinates"": [[-79.19339036817657, 43.82424395286951]], ""type"": ""MultiPoint""}"
381,2006:903913,2006-05-02T13:35:00,OLD FINCH AVE,SEWELLS RD,,2,Non-Fatal Injury,,No Control,Approaching Head On,Clear,Daylight,Dry,Collector,false,-79.19339036817657,43.82424395286951,2,Motorcycle,West,2,20,Major,No Equipment Available,Exceeding speed limit,Normal,,,Going Ahead,,,,,motorcyclist,NA,Scarborough-Rouge Park (25),42 Division,Morningside Heights,true,false,false,true,false,false,false,false,false,false,"{""coordinates"": [[-79.19339036817657, 43.82424395286951]], ""type"": ""MultiPoint""}"
382,2006:902826,2006-05-03T09:00:00,BATHURST ST,BLOOR ST W,,2,Non-Fatal Injury,,No Control,Cyclist Collision,Clear,Daylight,Dry,Major Arterial,false,-79.41139090770669,43.66544421964669,1,Bicycle,North,2,30,Major,Other Safety Equipment Used,,,,,Going Ahead,,Dooring,Driving Properly,Normal,cyclist,NA,University-Rosedale (11),14 Division,Annex,false,false,true,false,false,false,false,false,false,false,"{""coordinates"": [[-79.41139090770669, 43.66544421964669]], ""type"": ""MultiPoint""}"
383,2006:902826,2006-05-03T09:00:00,BATHURST ST,BLOOR ST W,,2,Non-Fatal Injury,,No Control,Cyclist Collision,Clear,Daylight,Dry,Major Arterial,false,-79.41139090770669,43.66544421964669,1,Automobile or Station Wagon,North,1,NA,None,Other Safety Equipment Used,Other,Unknown,,,Parked,,,,,driver,NA,University-Rosedale (11),14 Division,Annex,false,false,true,false,false,false,false,false,false,false,"{""coordinates"": [[-79.41139090770669, 43.66544421964669]], ""type"": ""MultiPoint""}"
384,2006:900756,2006-05-03T10:32:00,DUNDAS ST W,SHAW ST,,3,Fatal Injury,At Intersection,Traffic Signal,Pedestrian Collision(internal code),Clear,Daylight,Dry,Major Arterial,false,-79.41829094620425,43.64984423436092,1,,,1,NA,,Other Safety Equipment Used,,,,,,,,,,owner,NA,University-Rosedale (11),14 Division,Trinity-Bellwoods,true,true,false,false,false,true,true,false,false,false,"{""coordinates"": [[-79.41829094620425, 43.64984423436092]], ""type"": ""MultiPoint""}"
385,2006:900756,2006-05-03T10:32:00,DUNDAS ST W,SHAW ST,,3,Fatal Injury,At Intersection,Traffic Signal,Pedestrian Collision(internal code),Clear,Daylight,Dry,Major Arterial,false,-79.41829094620425,43.64984423436092,2,,North,3,74,Fatal,Other Safety Equipment Used,,,Crossing with right-of-way (intersection),Normal,,Driver turns left into pedestrian crossing with right-of-way (at intersection),,,,pedestrian,25,University-Rosedale (11),14 Division,Trinity-Bellwoods,true,true,false,false,false,true,true,false,false,false,"{""coordinates"": [[-79.41829094620425, 43.64984423436092]], ""type"": ""MultiPoint""}"
386,2006:901141,2006-05-06T18:30:00,YONGE ST,WILSON AVE,,4,Non-Fatal Injury,At Intersection,Traffic Signal,Turning Movement,Clear,Daylight,Dry,Major Arterial,false,-79.40669077359203,43.744144191092175,1,,,1,66,Minor,Other Safety Equipment Used,,,,,,,,,,passenger,NA,Don Valley West (15),32 Division,St.Andrew-Windfields,false,false,false,false,false,true,false,false,false,false,"{""coordinates"": [[-79.40669077359203, 43.744144191092175]], ""type"": ""MultiPoint""}"
387,2006:900756,2006-05-03T10:32:00,DUNDAS ST W,SHAW ST,,3,Fatal Injury,At Intersection,Traffic Signal,Pedestrian Collision(internal code),Clear,Daylight,Dry,Major Arterial,false,-79.41829094620425,43.64984423436092,1,Automobile or Station Wagon,South,2,68,None,Lap and Shoulder Belt,Failed to yield right-of-way,Inattentive,,,Turning Left,,,,,driver,NA,University-Rosedale (11),14 Division,Trinity-Bellwoods,true,true,false,false,false,true,true,false,false,false,"{""coordinates"": [[-79.41829094620425, 43.64984423436092]], ""type"": ""MultiPoint""}"
388,2006:904912,2006-05-03T14:00:00,YONGE ST,FINCH AVE E,,3,Non-Fatal Injury,At Intersection,Traffic Signal,SMV Other,Clear,Daylight,Dry,Major Arterial,false,-79.41559074622765,43.77974419714869,2,,,2,20,Major,Lap and Shoulder Belt,,,,,,,,,,passenger,NA,Willowdale (18),32 Division,Willowdale West,true,true,false,false,false,false,false,true,true,false,"{""coordinates"": [[-79.41559074622765, 43.77974419714869]], ""type"": ""MultiPoint""}"
389,2006:904912,2006-05-03T14:00:00,YONGE ST,FINCH AVE E,,3,Non-Fatal Injury,At Intersection,Traffic Signal,SMV Other,Clear,Daylight,Dry,Major Arterial,false,-79.41559074622765,43.77974419714869,2,Automobile or Station Wagon,North,3,19,None,Lap and Shoulder Belt,Disobeyed traffic control,Inattentive,,,Going Ahead,,,,,driver,NA,Willowdale (18),32 Division,Willowdale West,true,true,false,false,false,false,false,true,true,false,"{""coordinates"": [[-79.41559074622765, 43.77974419714869]], ""type"": ""MultiPoint""}"
390,2006:904912,2006-05-03T14:00:00,YONGE ST,FINCH AVE E,,3,Non-Fatal Injury,At Intersection,Traffic Signal,SMV Other,Clear,Daylight,Dry,Major Arterial,false,-79.41559074622765,43.77974419714869,1,Automobile or Station Wagon,South,1,32,None,Lap and Shoulder Belt,Driving properly,Normal,,,Turning Left,,,,,driver,NA,Willowdale (18),32 Division,Willowdale West,true,true,false,false,false,false,false,true,true,false,"{""coordinates"": [[-79.41559074622765, 43.77974419714869]], ""type"": ""MultiPoint""}"
391,2006:904107,2006-05-03T15:20:00,MARKHAM RD,SHEPPARD AVE E,,2,Non-Fatal Injury,,Traffic Signal,SMV Other,Clear,Daylight,Dry,Major Arterial,false,-79.23879044986519,43.79384398976552,2,,,2,NA,None,Other Safety Equipment Used,,,,,,,,,,owner,NA,Scarborough North (23),42 Division,Agincourt South-Malvern West,false,false,false,false,false,false,false,false,false,false,"{""coordinates"": [[-79.23879044986519, 43.79384398976552]], ""type"": ""MultiPoint""}"
392,2006:904107,2006-05-03T15:20:00,MARKHAM RD,SHEPPARD AVE E,,2,Non-Fatal Injury,,Traffic Signal,SMV Other,Clear,Daylight,Dry,Major Arterial,false,-79.23879044986519,43.79384398976552,1,Automobile or Station Wagon,North,1,44,Major,Lap and Shoulder Belt,Other,Medical or Physical Disability,,,Going Ahead,,,,,driver,NA,Scarborough North (23),42 Division,Agincourt South-Malvern West,false,false,false,false,false,false,false,false,false,false,"{""coordinates"": [[-79.23879044986519, 43.79384398976552]], ""type"": ""MultiPoint""}"
393,2006:904105,2006-05-03T18:42:00,GREENWOOD AVE,WALPOLE AVE,,4,Non-Fatal Injury,,No Control,Approaching Head On,Clear,Daylight,Dry,Minor Arterial,false,-79.32979073794128,43.67524410065139,1,,,2,37,Major,Lap and Shoulder Belt,,,,,,,,,,passenger,NA,Toronto-Danforth (14),55 Division,Greenwood-Coxwell,false,false,false,false,false,false,false,false,false,false,"{""coordinates"": [[-79.32979073794128, 43.67524410065139]], ""type"": ""MultiPoint""}"
394,2006:904105,2006-05-03T18:42:00,GREENWOOD AVE,WALPOLE AVE,,4,Non-Fatal Injury,,No Control,Approaching Head On,Clear,Daylight,Dry,Minor Arterial,false,-79.32979073794128,43.67524410065139,1,,,3,39,Minor,Lap and Shoulder Belt,,,,,,,,,,passenger,NA,Toronto-Danforth (14),55 Division,Greenwood-Coxwell,false,false,false,false,false,false,false,false,false,false,"{""coordinates"": [[-79.32979073794128, 43.67524410065139]], ""type"": ""MultiPoint""}"
395,2006:904105,2006-05-03T18:42:00,GREENWOOD AVE,WALPOLE AVE,,4,Non-Fatal Injury,,No Control,Approaching Head On,Clear,Daylight,Dry,Minor Arterial,false,-79.32979073794128,43.67524410065139,1,Automobile or Station Wagon,South,4,44,Minor,Lap and Shoulder Belt,Driving properly,Normal,,,Going Ahead,,,,,driver,NA,Toronto-Danforth (14),55 Division,Greenwood-Coxwell,false,false,false,false,false,false,false,false,false,false,"{""coordinates"": [[-79.32979073794128, 43.67524410065139]], ""type"": ""MultiPoint""}"
396,2006:904105,2006-05-03T18:42:00,GREENWOOD AVE,WALPOLE AVE,,4,Non-Fatal Injury,,No Control,Approaching Head On,Clear,Daylight,Dry,Minor Arterial,false,-79.32979073794128,43.67524410065139,2,Automobile or Station Wagon,North,1,30,Minimal,Lap and Shoulder Belt,Improper lane change,Normal,,,Going Ahead,,,,,driver,NA,Toronto-Danforth (14),55 Division,Greenwood-Coxwell,false,false,false,false,false,false,false,false,false,false,"{""coordinates"": [[-79.32979073794128, 43.67524410065139]], ""type"": ""MultiPoint""}"
397,2006:904367,2006-05-05T00:36:00,KEELE ST,YORK BLVD,,4,Non-Fatal Injury,At Intersection,Traffic Signal,Rear End,Clear,Dark,Dry,Major Arterial,false,-79.49399087977923,43.77524429237193,1,Automobile or Station Wagon,South,2,17,Minimal,Lap and Shoulder Belt,Following too closely,Fatigue/Fell Asleep,,,Going Ahead,,,,,driver,NA,York Centre (6),31 Division,York University Heights,true,false,false,false,false,false,false,false,true,false,"{""coordinates"": [[-79.49399087977923, 43.77524429237193]], ""type"": ""MultiPoint""}"
398,2006:904367,2006-05-05T00:36:00,KEELE ST,YORK BLVD,,4,Non-Fatal Injury,At Intersection,Traffic Signal,Rear End,Clear,Dark,Dry,Major Arterial,false,-79.49399087977923,43.77524429237193,2,,,3,18,Minimal,Lap and Shoulder Belt,,,,,,,,,,passenger,NA,York Centre (6),31 Division,York University Heights,true,false,false,false,false,false,false,false,true,false,"{""coordinates"": [[-79.49399087977923, 43.77524429237193]], ""type"": ""MultiPoint""}"
399,2006:904367,2006-05-05T00:36:00,KEELE ST,YORK BLVD,,4,Non-Fatal Injury,At Intersection,Traffic Signal,Rear End,Clear,Dark,Dry,Major Arterial,false,-79.49399087977923,43.77524429237193,1,,,1,17,Major,Equipment Not Used But Available,,,,,,,,,,passenger,NA,York Centre (6),31 Division,York University Heights,true,false,false,false,false,false,false,false,true,false,"{""coordinates"": [[-79.49399087977923, 43.77524429237193]], ""type"": ""MultiPoint""}"
400,2006:904367,2006-05-05T00:36:00,KEELE ST,YORK BLVD,,4,Non-Fatal Injury,At Intersection,Traffic Signal,Rear End,Clear,Dark,Dry,Major Arterial,false,-79.49399087977923,43.77524429237193,2,Automobile or Station Wagon,South,4,52,Minimal,Lap and Shoulder Belt,Driving properly,Normal,,,Stopped,,,,,driver,NA,York Centre (6),31 Division,York University Heights,true,false,false,false,false,false,false,false,true,false,"{""coordinates"": [[-79.49399087977923, 43.77524429237193]], ""type"": ""MultiPoint""}"
401,2006:904251,2006-05-05T11:50:00,QUEEN ST W,YORK ST,,2,Non-Fatal Injury,At Intersection,Traffic Signal,Pedestrian Collision(internal code),Clear,Daylight,Dry,Major Arterial,false,-79.38499087891168,43.651244184667135,1,Automobile or Station Wagon,West,1,31,None,Lap and Shoulder Belt,Driving properly,Normal,,,Going Ahead,,,,,driver,NA,Spadina-Fort York (10),52 Division,Yonge-Bay Corridor,false,false,false,false,false,false,true,false,false,false,"{""coordinates"": [[-79.38499087891168, 43.651244184667135]], ""type"": ""MultiPoint""}"
402,2006:904251,2006-05-05T11:50:00,QUEEN ST W,YORK ST,,2,Non-Fatal Injury,At Intersection,Traffic Signal,Pedestrian Collision(internal code),Clear,Daylight,Dry,Major Arterial,false,-79.38499087891168,43.651244184667135,2,,West,2,30,Major,No Equipment Available,,,Crossing without right-of-way (intersection),Unknown,,Driver going straight hits pedestrian crossing without right-of-way (at intersection),,,,pedestrian,NA,Spadina-Fort York (10),52 Division,Yonge-Bay Corridor,false,false,false,false,false,false,true,false,false,false,"{""coordinates"": [[-79.38499087891168, 43.651244184667135]], ""type"": ""MultiPoint""}"
403,2006:901141,2006-05-06T18:30:00,YONGE ST,WILSON AVE,,4,Non-Fatal Injury,At Intersection,Traffic Signal,Turning Movement,Clear,Daylight,Dry,Major Arterial,false,-79.40669077359203,43.744144191092175,3,Automobile or Station Wagon,North,4,90,Major,Other Safety Equipment Used,Improper turn,Medical or Physical Disability,,,Turning Left,,,,,driver,NA,Don Valley West (15),32 Division,St.Andrew-Windfields,false,false,false,false,false,true,false,false,false,false,"{""coordinates"": [[-79.40669077359203, 43.744144191092175]], ""type"": ""MultiPoint""}"
404,2006:901141,2006-05-06T18:30:00,YONGE ST,WILSON AVE,,4,Non-Fatal Injury,At Intersection,Traffic Signal,Turning Movement,Clear,Daylight,Dry,Major Arterial,false,-79.40669077359203,43.744144191092175,2,Automobile or Station Wagon,South,3,26,Minor,Other Safety Equipment Used,Driving properly,Normal,,,Going Ahead,,,,,driver,NA,Don Valley West (15),32 Division,St.Andrew-Windfields,false,false,false,false,false,true,false,false,false,false,"{""coordinates"": [[-79.40669077359203, 43.744144191092175]], ""type"": ""MultiPoint""}"
405,2006:901141,2006-05-06T18:30:00,YONGE ST,WILSON AVE,,4,Non-Fatal Injury,At Intersection,Traffic Signal,Turning Movement,Clear,Daylight,Dry,Major Arterial,false,-79.40669077359203,43.744144191092175,1,Automobile or Station Wagon,East,2,42,Minor,Other Safety Equipment Used,Driving properly,Normal,,,Stopped,,,,,driver,NA,Don Valley West (15),32 Division,St.Andrew-Windfields,false,false,false,false,false,true,false,false,false,false,"{""coordinates"": [[-79.40669077359203, 43.744144191092175]], ""type"": ""MultiPoint""}"
406,2006:904614,2006-05-06T23:14:00,SHEPPARD AVE E,BROWNSPRING RD,,2,Non-Fatal Injury,,No Control,Pedestrian Collision(internal code),Clear,Dark,Dry,Major Arterial,false,-79.25969048394452,43.789444011397784,2,,North,2,55,Major,Other Safety Equipment Used,,,Crossing - no traffic control,Normal,,Driver hits pedestrian at midblock,,,,pedestrian,NA,Scarborough North (23),42 Division,Agincourt South-Malvern West,false,false,false,false,false,false,true,false,false,false,"{""coordinates"": [[-79.25969048394452, 43.789444011397784]], ""type"": ""MultiPoint""}"
407,2006:904614,2006-05-06T23:14:00,SHEPPARD AVE E,BROWNSPRING RD,,2,Non-Fatal Injury,,No Control,Pedestrian Collision(internal code),Clear,Dark,Dry,Major Arterial,false,-79.25969048394452,43.789444011397784,1,Automobile or Station Wagon,West,1,54,None,Lap and Shoulder Belt,Driving properly,Normal,,,Going Ahead,,,,,driver,NA,Scarborough North (23),42 Division,Agincourt South-Malvern West,false,false,false,false,false,false,true,false,false,false,"{""coordinates"": [[-79.25969048394452, 43.789444011397784]], ""type"": ""MultiPoint""}"
408,2006:904441,2006-05-07T14:52:00,EDENBRIDGE DR,THE KINGSWAY,,2,Non-Fatal Injury,,No Control,SMV Other,Clear,Daylight,Dry,Local,false,-79.52759110914657,43.66754437997054,1,Automobile or Station Wagon,West,2,68,Major,Lap and Shoulder Belt,Lost control,Fatigue/Fell Asleep,,,Going Ahead,,,,,driver,NA,Etobicoke Centre (2),22 Division,Edenbridge-Humber Valley,false,false,false,false,false,true,false,false,false,false,"{""coordinates"": [[-79.52759110914657, 43.66754437997054]], ""type"": ""MultiPoint""}"
409,2006:904441,2006-05-07T14:52:00,EDENBRIDGE DR,THE KINGSWAY,,2,Non-Fatal Injury,,No Control,SMV Other,Clear,Daylight,Dry,Local,false,-79.52759110914657,43.66754437997054,1,,,1,56,Minor,Lap and Shoulder Belt,,,,,,,,,,passenger,NA,Etobicoke Centre (2),22 Division,Edenbridge-Humber Valley,false,false,false,false,false,true,false,false,false,false,"{""coordinates"": [[-79.52759110914657, 43.66754437997054]], ""type"": ""MultiPoint""}"
410,2006:905909,2006-05-08T19:11:00,MANNING AVE,BLOOR ST W,,2,Non-Fatal Injury,,No Control,Pedestrian Collision(internal code),Clear,Daylight,Dry,Local,false,-79.41649091763175,43.66534422705399,1,Automobile or Station Wagon,East,1,NA,None,Other Safety Equipment Used,Speed too fast for conditions,Unknown,,,Unknown,,,,,driver,NA,University-Rosedale (11),14 Division,Annex,true,false,false,false,false,false,true,false,false,false,"{""coordinates"": [[-79.41649091763175, 43.66534422705399]], ""type"": ""MultiPoint""}"
411,2006:905909,2006-05-08T19:11:00,MANNING AVE,BLOOR ST W,,2,Non-Fatal Injury,,No Control,Pedestrian Collision(internal code),Clear,Daylight,Dry,Local,false,-79.41649091763175,43.66534422705399,2,,North,2,32,Major,Other Safety Equipment Used,,,On sidewalk or shoulder,Normal,,Driver hits pedestrian on sidewalk or shoulder,,,,pedestrian,NA,University-Rosedale (11),14 Division,Annex,true,false,false,false,false,false,true,false,false,false,"{""coordinates"": [[-79.41649091763175, 43.66534422705399]], ""type"": ""MultiPoint""}"
412,2006:901382,2006-05-08T19:50:00,EGLINTON AVE E,FORMAN AVE,,3,Non-Fatal Injury,,Traffic Signal,Rear End,Clear,Dark,Dry,Major Arterial,false,-79.38619079240249,43.70914417319576,1,Automobile or Station Wagon,West,2,59,Major,Lap and Shoulder Belt,Lost control,Normal,,,Going Ahead,,,,,driver,NA,Don Valley West (15),53 Division,Mount Pleasant East,false,false,false,false,false,false,false,false,false,false,"{""coordinates"": [[-79.38619079240249, 43.70914417319576]], ""type"": ""MultiPoint""}"
413,2006:901382,2006-05-08T19:50:00,EGLINTON AVE E,FORMAN AVE,,3,Non-Fatal Injury,,Traffic Signal,Rear End,Clear,Dark,Dry,Major Arterial,false,-79.38619079240249,43.70914417319576,2,Automobile or Station Wagon,West,3,57,None,Other Safety Equipment Used,Driving properly,Normal,,,Slowing or Stopping,,,,,driver,NA,Don Valley West (15),53 Division,Mount Pleasant East,false,false,false,false,false,false,false,false,false,false,"{""coordinates"": [[-79.38619079240249, 43.70914417319576]], ""type"": ""MultiPoint""}"
414,2006:901382,2006-05-08T19:50:00,EGLINTON AVE E,FORMAN AVE,,3,Non-Fatal Injury,,Traffic Signal,Rear End,Clear,Dark,Dry,Major Arterial,false,-79.38619079240249,43.70914417319576,1,,,1,NA,None,Other Safety Equipment Used,,,,,,,,,,owner,NA,Don Valley West (15),53 Division,Mount Pleasant East,false,false,false,false,false,false,false,false,false,false,"{""coordinates"": [[-79.38619079240249, 43.70914417319576]], ""type"": ""MultiPoint""}"
415,2006:906284,2006-05-09T07:10:00,THE QUEENSWAY,MORGAN AVE,,4,Non-Fatal Injury,At Intersection,Stop Sign,Turning Movement,Clear,Daylight,Dry,Major Arterial,false,-79.50149115091756,43.626544368879486,2,,,3,NA,None,Other Safety Equipment Used,,,,,,,,,,owner,NA,Etobicoke-Lakeshore (3),22 Division,Stonegate-Queensway,false,false,false,false,false,true,false,false,false,false,"{""coordinates"": [[-79.50149115091756, 43.626544368879486]], ""type"": ""MultiPoint""}"
416,2006:906284,2006-05-09T07:10:00,THE QUEENSWAY,MORGAN AVE,,4,Non-Fatal Injury,At Intersection,Stop Sign,Turning Movement,Clear,Daylight,Dry,Major Arterial,false,-79.50149115091756,43.626544368879486,1,Automobile or Station Wagon,North,1,65,Major,Lap and Shoulder Belt,Improper turn,Normal,,,Turning Left,,,,,driver,NA,Etobicoke-Lakeshore (3),22 Division,Stonegate-Queensway,false,false,false,false,false,true,false,false,false,false,"{""coordinates"": [[-79.50149115091756, 43.626544368879486]], ""type"": ""MultiPoint""}"
417,2006:906284,2006-05-09T07:10:00,THE QUEENSWAY,MORGAN AVE,,4,Non-Fatal Injury,At Intersection,Stop Sign,Turning Movement,Clear,Daylight,Dry,Major Arterial,false,-79.50149115091756,43.626544368879486,2,Automobile or Station Wagon,East,4,37,None,Lap and Shoulder Belt,Driving properly,Normal,,,Going Ahead,,,,,driver,NA,Etobicoke-Lakeshore (3),22 Division,Stonegate-Queensway,false,false,false,false,false,true,false,false,false,false,"{""coordinates"": [[-79.50149115091756, 43.626544368879486]], ""type"": ""MultiPoint""}"
418,2006:906284,2006-05-09T07:10:00,THE QUEENSWAY,MORGAN AVE,,4,Non-Fatal Injury,At Intersection,Stop Sign,Turning Movement,Clear,Daylight,Dry,Major Arterial,false,-79.50149115091756,43.626544368879486,2,,,2,34,Minor,Lap and Shoulder Belt,,,,,,,,,,passenger,NA,Etobicoke-Lakeshore (3),22 Division,Stonegate-Queensway,false,false,false,false,false,true,false,false,false,false,"{""coordinates"": [[-79.50149115091756, 43.626544368879486]], ""type"": ""MultiPoint""}"
419,2006:904596,2006-05-09T16:32:00,BLOOR ST W,SOUTH KINGSWAY,,2,Non-Fatal Injury,,Traffic Signal,Rear End,Clear,Daylight,Dry,Major Arterial,false,-79.48569108077065,43.648344334992075,1,Motorcycle,East,1,27,Major,Helmet,Driving properly,Normal,,,Stopped,,,,,motorcyclist,NA,Parkdale-High Park (4),11 Division,High Park-Swansea,true,false,false,true,false,false,false,false,true,false,"{""coordinates"": [[-79.48569108077065, 43.648344334992075]], ""type"": ""MultiPoint""}"
420,2006:904596,2006-05-09T16:32:00,BLOOR ST W,SOUTH KINGSWAY,,2,Non-Fatal Injury,,Traffic Signal,Rear End,Clear,Daylight,Dry,Major Arterial,false,-79.48569108077065,43.648344334992075,2,Automobile or Station Wagon,East,2,17,None,Lap and Shoulder Belt,Following too closely,Normal,,,Slowing or Stopping,,,,,driver,NA,Parkdale-High Park (4),11 Division,High Park-Swansea,true,false,false,true,false,false,false,false,true,false,"{""coordinates"": [[-79.48569108077065, 43.648344334992075]], ""type"": ""MultiPoint""}"
421,2006:905154,2006-05-11T06:10:00,MEADOWVALE RD,PLUG HAT RD,,3,Non-Fatal Injury,,No Control,Approaching Head On,Rain,Daylight,Wet,Collector,false,-79.18299034707863,43.83574394603904,1,Automobile or Station Wagon,North,2,49,Major,Lap and Shoulder Belt,Driving properly,Normal,,,Going Ahead,,,,,driver,NA,Scarborough-Rouge Park (25),42 Division,Morningside Heights,true,false,false,false,false,false,false,false,false,false,"{""coordinates"": [[-79.18299034707863, 43.83574394603904]], ""type"": ""MultiPoint""}"
422,2006:905154,2006-05-11T06:10:00,MEADOWVALE RD,PLUG HAT RD,,3,Non-Fatal Injury,,No Control,Approaching Head On,Rain,Daylight,Wet,Collector,false,-79.18299034707863,43.83574394603904,1,,,1,NA,None,Other Safety Equipment Used,,,,,,,,,,owner,NA,Scarborough-Rouge Park (25),42 Division,Morningside Heights,true,false,false,false,false,false,false,false,false,false,"{""coordinates"": [[-79.18299034707863, 43.83574394603904]], ""type"": ""MultiPoint""}"
423,2006:905154,2006-05-11T06:10:00,MEADOWVALE RD,PLUG HAT RD,,3,Non-Fatal Injury,,No Control,Approaching Head On,Rain,Daylight,Wet,Collector,false,-79.18299034707863,43.83574394603904,2,Automobile or Station Wagon,South,3,52,Major,Lap and Shoulder Belt,Improper passing,Normal,,,Overtaking,,,,,driver,NA,Scarborough-Rouge Park (25),42 Division,Morningside Heights,true,false,false,false,false,false,false,false,false,false,"{""coordinates"": [[-79.18299034707863, 43.83574394603904]], ""type"": ""MultiPoint""}"
424,2006:911757,2006-05-11T07:00:00,YONGE ST,DELISLE AVE,,2,Non-Fatal Injury,At Intersection,Stop Sign,Turning Movement,Rain,Daylight,Wet,Major Arterial,false,-79.39459083863895,43.68914418945974,1,Motorcycle,South,1,27,Major,Helmet,Driving properly,Normal,,,Going Ahead,,,,,motorcyclist,NA,Toronto-St. Paul's (12),53 Division,Yonge-St.Clair,true,false,false,true,false,false,false,false,false,false,"{""coordinates"": [[-79.39459083863895, 43.68914418945974]], ""type"": ""MultiPoint""}"