X_id,collision_id,accdate,stname1,stname2,stname3,per_inv,acclass,accloc,traffictl,impactype,visible,light,rdsfcond,road_class,failtorem,longitude,latitude,veh_no,vehtype,initdir,per_no,invage,injury,safequip,drivact,drivcond,pedact,pedcond,manoeuvre,pedtype,cyclistype,cycact,cyccond,road_user,fatal_no,wardname,division,neighbourhood,aggressive,distracted,cyclist,motorcyclist,other_micromobility,older_adult,pedestrian,red_light,school_child,heavy_truck,geometry
531,2006:910277,2006-06-09T17:04:00,CREEKWOOD DR,SILVERSAND PL,,3,Non-Fatal Injury,,No Control,Pedestrian Collision(internal code),Clear,Dark,Dry,Local,false,-79.21999043032167,43.786543970099814,1,Automobile or Station Wagon,West,1,25,Major,Lap and Shoulder Belt,Failed to yield right-of-way,Normal,,,Reversing,,,,,driver,NA,Scarborough-Guildwood (24),43 Division,Morningside,true,false,false,false,false,true,true,false,false,false,"{""coordinates"": [[-79.21999043032167, 43.786543970099814]], ""type"": ""MultiPoint""}"
532,2006:907646,2006-06-10T09:34:00,MIDLAND AVE,ROMULUS DR,,2,Fatal Injury,,No Control,SMV Other,Clear,Daylight,Dry,Major Arterial,false,-79.2633905261418,43.74704401018121,1,Automobile or Station Wagon,South,1,78,Minor,Lap and Shoulder Belt,Lost control,Normal,,,Going Ahead,,,,,driver,NA,Scarborough Centre (21),41 Division,Bendale South,false,false,false,false,false,true,false,false,false,false,"{""coordinates"": [[-79.2633905261418, 43.74704401018121]], ""type"": ""MultiPoint""}"
533,2006:907646,2006-06-10T09:34:00,MIDLAND AVE,ROMULUS DR,,2,Fatal Injury,,No Control,SMV Other,Clear,Daylight,Dry,Major Arterial,false,-79.2633905261418,43.74704401018121,1,,,2,88,Fatal,Equipment Not Used But Available,,,,,,,,,,passenger,31,Scarborough Centre (21),41 Division,Bendale South,false,false,false,false,false,true,false,false,false,false,"{""coordinates"": [[-79.2633905261418, 43.74704401018121]], ""type"": ""MultiPoint""}"
534,2006:926382,2006-06-10T16:46:00,OSSINGTON AVE,DUPONT ST,,3,Non-Fatal Injury,At Intersection,Traffic Signal,Cyclist Collision,Clear,Daylight,Dry,Major Arterial,false,-79.42898993381219,43.67004224359501,1,Municipal Transit Bus (TTC),South,2,60,None,Lap and Shoulder Belt,Driving properly,Normal,,,Going Ahead,,,,,driver,NA,University-Rosedale (11),14 Division,Dovercourt Village,false,false,true,false,false,false,false,false,false,true,"{""coordinates"": [[-79.42898993381219, 43.67004224359501]], ""type"": ""MultiPoint""}"
535,2006:926382,2006-06-10T16:46:00,OSSINGTON AVE,DUPONT ST,,3,Non-Fatal Injury,At Intersection,Traffic Signal,Cyclist Collision,Clear,Daylight,Dry,Major Arterial,false,-79.42898993381219,43.67004224359501,1,,,1,NA,,Other Safety Equipment Used,,,,,,,,,,other,NA,University-Rosedale (11),14 Division,Dovercourt Village,false,false,true,false,false,false,false,false,false,true,"{""coordinates"": [[-79.42898993381219, 43.67004224359501]], ""type"": ""MultiPoint""}"
536,2006:926382,2006-06-10T16:46:00,OSSINGTON AVE,DUPONT ST,,3,Non-Fatal Injury,At Intersection,Traffic Signal,Cyclist Collision,Clear,Daylight,Dry,Major Arterial,false,-79.42898993381219,43.67004224359501,2,Bicycle,East,3,35,Major,Other Safety Equipment Used,,,,,Going Ahead,,"Cyclist without right-of-way rides into path of driver (at intersection, laneway, or driveway)",Disobeyed Traffic Control,Normal,cyclist,NA,University-Rosedale (11),14 Division,Dovercourt Village,false,false,true,false,false,false,false,false,false,true,"{""coordinates"": [[-79.42898993381219, 43.67004224359501]], ""type"": ""MultiPoint""}"
537,2006:910569,2006-06-11T19:16:00,THURODALE AVE,RENFIELD ST,,2,Non-Fatal Injury,,No Control,SMV Other,Clear,Daylight,Dry,Local,false,-79.49909100793698,43.702244328431725,1,,,1,NA,None,Other Safety Equipment Used,,,,,,,,,,owner,NA,York South-Weston (5),12 Division,Brookhaven-Amesbury,false,false,false,true,false,false,false,false,false,false,"{""coordinates"": [[-79.49909100793698, 43.702244328431725]], ""type"": ""MultiPoint""}"
538,2006:910569,2006-06-11T19:16:00,THURODALE AVE,RENFIELD ST,,2,Non-Fatal Injury,,No Control,SMV Other,Clear,Daylight,Dry,Local,false,-79.49909100793698,43.702244328431725,1,Motorcycle,East,2,27,Major,No Equipment Available,Lost control,Unknown,,,Going Ahead,,,,,motorcyclist,NA,York South-Weston (5),12 Division,Brookhaven-Amesbury,false,false,false,true,false,false,false,false,false,false,"{""coordinates"": [[-79.49909100793698, 43.702244328431725]], ""type"": ""MultiPoint""}"
539,2006:914977,2006-06-13T08:58:00,LAKE SHORE BLVD W,JAMESON AVE,,6,Non-Fatal Injury,At Intersection,Traffic Signal,Angle,Clear,Daylight,Dry,Major Arterial,false,-79.43459100556537,43.63334426416195,2,,,5,NA,None,Other Safety Equipment Used,,,,,,,,,,owner,NA,Parkdale-High Park (4),14 Division,South Parkdale,true,false,false,false,false,false,false,false,false,false,"{""coordinates"": [[-79.43459100556537, 43.63334426416195]], ""type"": ""MultiPoint""}"
540,2006:914977,2006-06-13T08:58:00,LAKE SHORE BLVD W,JAMESON AVE,,6,Non-Fatal Injury,At Intersection,Traffic Signal,Angle,Clear,Daylight,Dry,Major Arterial,false,-79.43459100556537,43.63334426416195,2,,,3,36,None,Lap and Shoulder Belt,,,,,,,,,,passenger,NA,Parkdale-High Park (4),14 Division,South Parkdale,true,false,false,false,false,false,false,false,false,false,"{""coordinates"": [[-79.43459100556537, 43.63334426416195]], ""type"": ""MultiPoint""}"
541,2006:914977,2006-06-13T08:58:00,LAKE SHORE BLVD W,JAMESON AVE,,6,Non-Fatal Injury,At Intersection,Traffic Signal,Angle,Clear,Daylight,Dry,Major Arterial,false,-79.43459100556537,43.63334426416195,2,,,4,NA,None,Lap and Shoulder Belt,,,,,,,,,,passenger,NA,Parkdale-High Park (4),14 Division,South Parkdale,true,false,false,false,false,false,false,false,false,false,"{""coordinates"": [[-79.43459100556537, 43.63334426416195]], ""type"": ""MultiPoint""}"
542,2006:914977,2006-06-13T08:58:00,LAKE SHORE BLVD W,JAMESON AVE,,6,Non-Fatal Injury,At Intersection,Traffic Signal,Angle,Clear,Daylight,Dry,Major Arterial,false,-79.43459100556537,43.63334426416195,2,,,2,42,None,Lap and Shoulder Belt,,,,,,,,,,passenger,NA,Parkdale-High Park (4),14 Division,South Parkdale,true,false,false,false,false,false,false,false,false,false,"{""coordinates"": [[-79.43459100556537, 43.63334426416195]], ""type"": ""MultiPoint""}"
543,2006:914977,2006-06-13T08:58:00,LAKE SHORE BLVD W,JAMESON AVE,,6,Non-Fatal Injury,At Intersection,Traffic Signal,Angle,Clear,Daylight,Dry,Major Arterial,false,-79.43459100556537,43.63334426416195,2,,South,6,44,None,Lap and Shoulder Belt,Driving properly,Normal,,,Going Ahead,,,,,driver,NA,Parkdale-High Park (4),14 Division,South Parkdale,true,false,false,false,false,false,false,false,false,false,"{""coordinates"": [[-79.43459100556537, 43.63334426416195]], ""type"": ""MultiPoint""}"
544,2006:914977,2006-06-13T08:58:00,LAKE SHORE BLVD W,JAMESON AVE,,6,Non-Fatal Injury,At Intersection,Traffic Signal,Angle,Clear,Daylight,Dry,Major Arterial,false,-79.43459100556537,43.63334426416195,1,Automobile or Station Wagon,West,1,41,Major,Equipment Not Used But Available,Failed to yield right-of-way,Normal,,,Going Ahead,,,,,driver,NA,Parkdale-High Park (4),14 Division,South Parkdale,true,false,false,false,false,false,false,false,false,false,"{""coordinates"": [[-79.43459100556537, 43.63334426416195]], ""type"": ""MultiPoint""}"
545,2006:910951,2006-06-13T21:24:00,SILVERSTONE DR,ALBION RD,,2,Non-Fatal Injury,At Intersection,Traffic Signal,Pedestrian Collision(internal code),Clear,Dark,Dry,Major Arterial,false,-79.600091060339,43.74294442107829,1,Automobile or Station Wagon,North,1,33,None,Lap and Shoulder Belt,Failed to yield right-of-way,Normal,,,Turning Left,,,,,driver,NA,Etobicoke North (1),23 Division,West Humber-Clairville,true,false,false,false,false,false,true,false,false,false,"{""coordinates"": [[-79.600091060339, 43.74294442107829]], ""type"": ""MultiPoint""}"
546,2006:910951,2006-06-13T21:24:00,SILVERSTONE DR,ALBION RD,,2,Non-Fatal Injury,At Intersection,Traffic Signal,Pedestrian Collision(internal code),Clear,Dark,Dry,Major Arterial,false,-79.600091060339,43.74294442107829,2,,East,2,55,Major,Other Safety Equipment Used,,,Crossing with right-of-way (intersection),Normal,,Driver turns left into pedestrian crossing with right-of-way (at intersection),,,,pedestrian,NA,Etobicoke North (1),23 Division,West Humber-Clairville,true,false,false,false,false,false,true,false,false,false,"{""coordinates"": [[-79.600091060339, 43.74294442107829]], ""type"": ""MultiPoint""}"
547,2006:908396,2006-06-14T05:56:00,LAKE SHORE BLVD W,YONGE ST,,3,Non-Fatal Injury,At Intersection,Traffic Signal,Angle,Clear,Daylight,Dry,Major Arterial,false,-79.37579087179465,43.64404417252848,2,Automobile or Station Wagon,North,3,36,Minimal,Other Safety Equipment Used,Driving properly,Normal,,,Going Ahead,,,,,driver,NA,Spadina-Fort York (10),52 Division,St Lawrence-East Bayfront-The Islands,true,false,false,false,false,false,false,true,false,false,"{""coordinates"": [[-79.37579087179465, 43.64404417252848]], ""type"": ""MultiPoint""}"
548,2006:908396,2006-06-14T05:56:00,LAKE SHORE BLVD W,YONGE ST,,3,Non-Fatal Injury,At Intersection,Traffic Signal,Angle,Clear,Daylight,Dry,Major Arterial,false,-79.37579087179465,43.64404417252848,1,Automobile or Station Wagon,West,1,57,Major,Other Safety Equipment Used,Disobeyed traffic control,Unknown,,,Going Ahead,,,,,driver,NA,Spadina-Fort York (10),52 Division,St Lawrence-East Bayfront-The Islands,true,false,false,false,false,false,false,true,false,false,"{""coordinates"": [[-79.37579087179465, 43.64404417252848]], ""type"": ""MultiPoint""}"
549,2006:908396,2006-06-14T05:56:00,LAKE SHORE BLVD W,YONGE ST,,3,Non-Fatal Injury,At Intersection,Traffic Signal,Angle,Clear,Daylight,Dry,Major Arterial,false,-79.37579087179465,43.64404417252848,2,Automobile or Station Wagon,,2,NA,None,Other Safety Equipment Used,,,,,,,,,,owner,NA,Spadina-Fort York (10),52 Division,St Lawrence-East Bayfront-The Islands,true,false,false,false,false,false,false,true,false,false,"{""coordinates"": [[-79.37579087179465, 43.64404417252848]], ""type"": ""MultiPoint""}"
550,2006:911012,2006-06-14T14:40:00,KIPLING AVE,BETHRIDGE RD,,2,Non-Fatal Injury,At Intersection,Traffic Signal,Pedestrian Collision(internal code),Clear,Daylight,Dry,Major Arterial,false,-79.56549108021325,43.709144401820325,2,,West,1,40,Major,No Equipment Available,,,Crossing without right-of-way (intersection),Inattentive,Going Ahead,Driver going straight hits pedestrian crossing without right-of-way (at intersection),,,,pedestrian,NA,Etobicoke North (1),23 Division,West Humber-Clairville,false,true,false,false,false,false,true,false,false,false,"{""coordinates"": [[-79.56549108021325, 43.709144401820325]], ""type"": ""MultiPoint""}"
551,2006:911012,2006-06-14T14:40:00,KIPLING AVE,BETHRIDGE RD,,2,Non-Fatal Injury,At Intersection,Traffic Signal,Pedestrian Collision(internal code),Clear,Daylight,Dry,Major Arterial,false,-79.56549108021325,43.709144401820325,1,Automobile or Station Wagon,South,2,26,None,Lap and Shoulder Belt,Driving properly,Unknown,,,Going Ahead,,,,,driver,NA,Etobicoke North (1),23 Division,West Humber-Clairville,false,true,false,false,false,false,true,false,false,false,"{""coordinates"": [[-79.56549108021325, 43.709144401820325]], ""type"": ""MultiPoint""}"
552,2006:908674,2006-06-15T09:41:00,EGLINTON AVE E,REDPATH AVE,,2,Non-Fatal Injury,At Intersection,Traffic Signal,Pedestrian Collision(internal code),Clear,Daylight,Dry,Major Arterial,false,-79.39279080627881,43.7078441823899,2,,North,1,82,Major,Other Safety Equipment Used,,,Crossing with right-of-way (intersection),Normal,,Driver turns left into pedestrian crossing with right-of-way (at intersection),,,,pedestrian,NA,Toronto-St. Paul's (12),53 Division,South Eglinton-Davisville,true,false,false,false,false,true,true,false,false,false,"{""coordinates"": [[-79.39279080627881, 43.7078441823899]], ""type"": ""MultiPoint""}"
553,2006:908674,2006-06-15T09:41:00,EGLINTON AVE E,REDPATH AVE,,2,Non-Fatal Injury,At Intersection,Traffic Signal,Pedestrian Collision(internal code),Clear,Daylight,Dry,Major Arterial,false,-79.39279080627881,43.7078441823899,1,Automobile or Station Wagon,South,2,67,None,Lap and Shoulder Belt,Failed to yield right-of-way,Normal,,,Turning Left,,,,,driver,NA,Toronto-St. Paul's (12),53 Division,South Eglinton-Davisville,true,false,false,false,false,true,true,false,false,false,"{""coordinates"": [[-79.39279080627881, 43.7078441823899]], ""type"": ""MultiPoint""}"
554,2006:915000,2006-06-17T01:33:00,BATHURST ST,RICHMOND ST W,,3,Non-Fatal Injury,At Intersection,Traffic Signal,Turning Movement,Clear,Dark,Dry,Major Arterial,false,-79.40379092321494,43.64644421377724,2,Automobile or Station Wagon,West,3,25,None,Lap and Shoulder Belt,Driving properly,Unknown,,,Turning Left,,,,,driver,NA,Spadina-Fort York (10),14 Division,West Queen West,true,false,false,false,false,false,false,true,false,false,"{""coordinates"": [[-79.40379092321494, 43.64644421377724]], ""type"": ""MultiPoint""}"
555,2006:915000,2006-06-17T01:33:00,BATHURST ST,RICHMOND ST W,,3,Non-Fatal Injury,At Intersection,Traffic Signal,Turning Movement,Clear,Dark,Dry,Major Arterial,false,-79.40379092321494,43.64644421377724,2,,,2,20,Major,Lap and Shoulder Belt,,,,,,,,,,passenger,NA,Spadina-Fort York (10),14 Division,West Queen West,true,false,false,false,false,false,false,true,false,false,"{""coordinates"": [[-79.40379092321494, 43.64644421377724]], ""type"": ""MultiPoint""}"
556,2006:915000,2006-06-17T01:33:00,BATHURST ST,RICHMOND ST W,,3,Non-Fatal Injury,At Intersection,Traffic Signal,Turning Movement,Clear,Dark,Dry,Major Arterial,false,-79.40379092321494,43.64644421377724,1,Automobile or Station Wagon,North,1,21,None,Lap and Shoulder Belt,Disobeyed traffic control,Normal,,,Going Ahead,,,,,driver,NA,Spadina-Fort York (10),14 Division,West Queen West,true,false,false,false,false,false,false,true,false,false,"{""coordinates"": [[-79.40379092321494, 43.64644421377724]], ""type"": ""MultiPoint""}"
557,2006:911355,2006-06-17T13:25:00,SHUTER ST,BERKELEY ST,,2,Non-Fatal Injury,At Intersection,No Control,Cyclist Collision,Clear,Daylight,Dry,Minor Arterial,false,-79.36629083439986,43.65664415601386,1,Automobile or Station Wagon,East,1,54,None,Lap and Shoulder Belt,Driving properly,Normal,,,Going Ahead,,,,,driver,NA,Toronto Centre (13),51 Division,Moss Park,false,false,true,false,false,false,false,false,false,false,"{""coordinates"": [[-79.36629083439986, 43.65664415601386]], ""type"": ""MultiPoint""}"
558,2006:911355,2006-06-17T13:25:00,SHUTER ST,BERKELEY ST,,2,Non-Fatal Injury,At Intersection,No Control,Cyclist Collision,Clear,Daylight,Dry,Minor Arterial,false,-79.36629083439986,43.65664415601386,2,Bicycle,North,2,28,Major,Helmet,,,,,Turning Right,,Cyclist turns right into path of driver,Failed to Yield Right of Way,Normal,cyclist,NA,Toronto Centre (13),51 Division,Moss Park,false,false,true,false,false,false,false,false,false,false,"{""coordinates"": [[-79.36629083439986, 43.65664415601386]], ""type"": ""MultiPoint""}"
559,2006:911964,2006-06-17T17:55:00,FINCH AVE E,YONGE ST,,3,Non-Fatal Injury,,No Control,Pedestrian Collision(internal code),Clear,Daylight,Dry,Major Arterial,false,-79.41399074328498,43.780044195194016,1,,,1,NA,,Other Safety Equipment Used,,,,,,,,,,owner,NA,Willowdale (18),32 Division,Yonge-Doris,false,false,false,false,false,false,true,false,false,false,"{""coordinates"": [[-79.41399074328498, 43.780044195194016]], ""type"": ""MultiPoint""}"
560,2006:911964,2006-06-17T17:55:00,FINCH AVE E,YONGE ST,,3,Non-Fatal Injury,,No Control,Pedestrian Collision(internal code),Clear,Daylight,Dry,Major Arterial,false,-79.41399074328498,43.780044195194016,2,,South,3,45,Major,Other Safety Equipment Used,,,Crossing - no traffic control,Normal,,Driver hits pedestrian at midblock,,,,pedestrian,NA,Willowdale (18),32 Division,Yonge-Doris,false,false,false,false,false,false,true,false,false,false,"{""coordinates"": [[-79.41399074328498, 43.780044195194016]], ""type"": ""MultiPoint""}"
561,2006:911964,2006-06-17T17:55:00,FINCH AVE E,YONGE ST,,3,Non-Fatal Injury,,No Control,Pedestrian Collision(internal code),Clear,Daylight,Dry,Major Arterial,false,-79.41399074328498,43.780044195194016,1,Automobile or Station Wagon,East,2,38,None,Lap and Shoulder Belt,Driving properly,Normal,,,Going Ahead,,,,,driver,NA,Willowdale (18),32 Division,Yonge-Doris,false,false,false,false,false,false,true,false,false,false,"{""coordinates"": [[-79.41399074328498, 43.780044195194016]], ""type"": ""MultiPoint""}"
562,2006:911839,2006-06-18T02:15:00,WOODBINE AVE,DANFORTH AVE,,2,Non-Fatal Injury,At Intersection,Traffic Signal,Cyclist Collision,Clear,Dark,Dry,Major Arterial,false,-79.3127906919415,43.6856440758424,2,Bicycle,North,1,18,Major,Helmet,,,,,Going Ahead,,Driver turns left into path of cyclist,,,cyclist,NA,Beaches-East York (19),55 Division,Woodbine Corridor,true,false,true,false,false,false,false,false,true,false,"{""coordinates"": [[-79.3127906919415, 43.685644075842404]], ""type"": ""MultiPoint""}"
563,2006:911839,2006-06-18T02:15:00,WOODBINE AVE,DANFORTH AVE,,2,Non-Fatal Injury,At Intersection,Traffic Signal,Cyclist Collision,Clear,Dark,Dry,Major Arterial,false,-79.3127906919415,43.6856440758424,1,Automobile or Station Wagon,South,2,24,None,Lap and Shoulder Belt,Failed to yield right-of-way,Ability Impaired - Alcohol,,,Turning Left,,,,,driver,NA,Beaches-East York (19),55 Division,Woodbine Corridor,true,false,true,false,false,false,false,false,true,false,"{""coordinates"": [[-79.3127906919415, 43.685644075842404]], ""type"": ""MultiPoint""}"
564,2006:911972,2006-06-18T21:05:00,BLOOR ST W,AVENUE RD,,3,Non-Fatal Injury,,No Control,Cyclist Collision,Clear,Dusk with Artificial Lighting,Dry,Major Arterial,false,-79.39369086853553,43.66884419320572,3,Bicycle,East,3,65,Major,No Equipment Available,,,,,Going Ahead,,Sideswipe with cyclist and driver travelling in same direction,Driving Properly,Normal,cyclist,NA,University-Rosedale (11),53 Division,Annex,true,true,true,false,false,true,false,false,false,false,"{""coordinates"": [[-79.39369086853553, 43.66884419320572]], ""type"": ""MultiPoint""}"
565,2006:911972,2006-06-18T21:05:00,BLOOR ST W,AVENUE RD,,3,Non-Fatal Injury,,No Control,Cyclist Collision,Clear,Dusk with Artificial Lighting,Dry,Major Arterial,false,-79.39369086853553,43.66884419320572,2,Automobile or Station Wagon,East,2,49,None,Lap and Shoulder Belt,Improper passing,Inattentive,,,Overtaking,,,,,driver,NA,University-Rosedale (11),53 Division,Annex,true,true,true,false,false,true,false,false,false,false,"{""coordinates"": [[-79.39369086853553, 43.66884419320572]], ""type"": ""MultiPoint""}"
566,2006:911972,2006-06-18T21:05:00,BLOOR ST W,AVENUE RD,,3,Non-Fatal Injury,,No Control,Cyclist Collision,Clear,Dusk with Artificial Lighting,Dry,Major Arterial,false,-79.39369086853553,43.66884419320572,1,,,1,NA,,Other Safety Equipment Used,,,,,,,,,,owner,NA,University-Rosedale (11),53 Division,Annex,true,true,true,false,false,true,false,false,false,false,"{""coordinates"": [[-79.39369086853553, 43.66884419320572]], ""type"": ""MultiPoint""}"
567,2006:911524,2006-06-18T22:10:00,ST CLAIR AVE E,WESTBOURNE AVE,,3,Non-Fatal Injury,At Intersection,Traffic Signal,Cyclist Collision,Clear,Dark,Dry,Major Arterial,false,-79.29289062451349,43.70934404770813,2,Bicycle,West,3,16,Major,Equipment Not Used But Available,,,,,Going Ahead,,Driver turns right on red at signalized intersection and hits cyclist,Driving Properly,Normal,cyclist,NA,Scarborough Southwest (20),41 Division,Clairlea-Birchmount,true,false,true,false,false,false,false,true,true,false,"{""coordinates"": [[-79.29289062451349, 43.70934404770813]], ""type"": ""MultiPoint""}"
568,2006:911524,2006-06-18T22:10:00,ST CLAIR AVE E,WESTBOURNE AVE,,3,Non-Fatal Injury,At Intersection,Traffic Signal,Cyclist Collision,Clear,Dark,Dry,Major Arterial,false,-79.29289062451349,43.70934404770813,1,Automobile or Station Wagon,North,2,36,None,Lap and Shoulder Belt,Disobeyed traffic control,Normal,,,Turning Right,,,,,driver,NA,Scarborough Southwest (20),41 Division,Clairlea-Birchmount,true,false,true,false,false,false,false,true,true,false,"{""coordinates"": [[-79.29289062451349, 43.70934404770813]], ""type"": ""MultiPoint""}"
569,2006:911524,2006-06-18T22:10:00,ST CLAIR AVE E,WESTBOURNE AVE,,3,Non-Fatal Injury,At Intersection,Traffic Signal,Cyclist Collision,Clear,Dark,Dry,Major Arterial,false,-79.29289062451349,43.70934404770813,1,,,1,NA,,Other Safety Equipment Used,,,,,,,,,,owner,NA,Scarborough Southwest (20),41 Division,Clairlea-Birchmount,true,false,true,false,false,false,false,true,true,false,"{""coordinates"": [[-79.29289062451349, 43.70934404770813]], ""type"": ""MultiPoint""}"
570,2006:909071,2006-06-18T23:08:00,REXDALE BLVD,QUEENS PLATE DR,,3,Non-Fatal Injury,,No Control,SMV Other,Clear,Dark,Dry,Major Arterial,false,-79.60229110868848,43.718844438321575,2,Automobile or Station Wagon,West,3,NA,None,Other Safety Equipment Used,Improper lane change,Unknown,,,Changing Lanes,,,,,driver,NA,Etobicoke North (1),23 Division,West Humber-Clairville,false,false,false,false,false,false,false,false,false,false,"{""coordinates"": [[-79.60229110868848, 43.718844438321575]], ""type"": ""MultiPoint""}"
571,2006:909071,2006-06-18T23:08:00,REXDALE BLVD,QUEENS PLATE DR,,3,Non-Fatal Injury,,No Control,SMV Other,Clear,Dark,Dry,Major Arterial,false,-79.60229110868848,43.718844438321575,1,,,1,NA,,Other Safety Equipment Used,,,,,,,,,,owner,NA,Etobicoke North (1),23 Division,West Humber-Clairville,false,false,false,false,false,false,false,false,false,false,"{""coordinates"": [[-79.60229110868848, 43.718844438321575]], ""type"": ""MultiPoint""}"
572,2006:909071,2006-06-18T23:08:00,REXDALE BLVD,QUEENS PLATE DR,,3,Non-Fatal Injury,,No Control,SMV Other,Clear,Dark,Dry,Major Arterial,false,-79.60229110868848,43.718844438321575,1,Automobile or Station Wagon,West,2,30,Major,Other Safety Equipment Used,Lost control,Normal,,,Changing Lanes,,,,,driver,NA,Etobicoke North (1),23 Division,West Humber-Clairville,false,false,false,false,false,false,false,false,false,false,"{""coordinates"": [[-79.60229110868848, 43.718844438321575]], ""type"": ""MultiPoint""}"
573,2006:909261,2006-06-19T12:08:00,LAKE SHORE BLVD W,FIFTH ST,,3,Fatal Injury,At Intersection,Traffic Signal,Pedestrian Collision(internal code),Clear,Daylight,Dry,Major Arterial,false,-79.50299119950468,43.60124438332635,1,,Unknown,1,86,Fatal,Other Safety Equipment Used,,,Crossing without right-of-way (intersection),Normal,,Transit vehicle driver hits pedestrian anywhere along roadway,,,,pedestrian,32,Etobicoke-Lakeshore (3),22 Division,New Toronto,false,false,false,false,false,true,true,false,false,true,"{""coordinates"": [[-79.50299119950468, 43.60124438332635]], ""type"": ""MultiPoint""}"
574,2006:909261,2006-06-19T12:08:00,LAKE SHORE BLVD W,FIFTH ST,,3,Fatal Injury,At Intersection,Traffic Signal,Pedestrian Collision(internal code),Clear,Daylight,Dry,Major Arterial,false,-79.50299119950468,43.60124438332635,2,Municipal Transit Bus (TTC),West,3,42,None,Other Safety Equipment Used,Driving properly,Normal,,,Going Ahead,,,,,driver,NA,Etobicoke-Lakeshore (3),22 Division,New Toronto,false,false,false,false,false,true,true,false,false,true,"{""coordinates"": [[-79.50299119950468, 43.60124438332635]], ""type"": ""MultiPoint""}"
575,2006:909261,2006-06-19T12:08:00,LAKE SHORE BLVD W,FIFTH ST,,3,Fatal Injury,At Intersection,Traffic Signal,Pedestrian Collision(internal code),Clear,Daylight,Dry,Major Arterial,false,-79.50299119950468,43.60124438332635,2,,,2,NA,,Other Safety Equipment Used,,,,,,,,,,owner,NA,Etobicoke-Lakeshore (3),22 Division,New Toronto,false,false,false,false,false,true,true,false,false,true,"{""coordinates"": [[-79.50299119950468, 43.60124438332635]], ""type"": ""MultiPoint""}"
576,2006:911973,2006-06-19T17:00:00,SHEPPARD AVE W,FAYWOOD BLVD,,2,Non-Fatal Injury,,Traffic Signal,Pedestrian Collision(internal code),Clear,Daylight,Dry,Major Arterial,false,-79.45189083740188,43.752644245506815,1,Automobile or Station Wagon,North,1,51,None,Lap and Shoulder Belt,Driving properly,Normal,,,Turning Right,,,,,driver,NA,York Centre (6),32 Division,Clanton Park,false,false,false,false,false,false,true,false,false,false,"{""coordinates"": [[-79.45189083740188, 43.752644245506815]], ""type"": ""MultiPoint""}"
577,2006:911973,2006-06-19T17:00:00,SHEPPARD AVE W,FAYWOOD BLVD,,2,Non-Fatal Injury,,Traffic Signal,Pedestrian Collision(internal code),Clear,Daylight,Dry,Major Arterial,false,-79.45189083740188,43.752644245506815,2,,West,2,54,Major,Other Safety Equipment Used,,,Crossing without right-of-way (intersection),Normal,,Driver turns right into pedestrian crossing without right-of-way (at intersection),,,,pedestrian,NA,York Centre (6),32 Division,Clanton Park,false,false,false,false,false,false,true,false,false,false,"{""coordinates"": [[-79.45189083740188, 43.752644245506815]], ""type"": ""MultiPoint""}"
578,2006:911449,2006-06-20T20:48:00,EGLINTON Aven W,OLD FOREST HILL Road,,4,Non-Fatal Injury,,Traffic Signal,Approaching Head On,Clear,Dark,Dry,Major Arterial,false,-79.42379087271817,43.701344226232706,2,Automobile or Station Wagon,East,2,37,None,Lap and Shoulder Belt,Driving properly,Normal,,,Going Ahead,,,,,driver,NA,Toronto-St. Paul's (12),13 Division,Forest Hill South,true,false,false,false,false,true,false,false,false,false,"{""coordinates"": [[-79.42379087271817, 43.701344226232706]], ""type"": ""MultiPoint""}"
579,2006:911449,2006-06-20T20:48:00,EGLINTON Aven W,OLD FOREST HILL Road,,4,Non-Fatal Injury,,Traffic Signal,Approaching Head On,Clear,Dark,Dry,Major Arterial,false,-79.42379087271817,43.701344226232706,3,Automobile or Station Wagon,East,4,66,Minor,Lap and Shoulder Belt,Driving properly,Normal,,,Going Ahead,,,,,driver,NA,Toronto-St. Paul's (12),13 Division,Forest Hill South,true,false,false,false,false,true,false,false,false,false,"{""coordinates"": [[-79.42379087271817, 43.701344226232706]], ""type"": ""MultiPoint""}"
580,2006:911449,2006-06-20T20:48:00,EGLINTON Aven W,OLD FOREST HILL Road,,4,Non-Fatal Injury,,Traffic Signal,Approaching Head On,Clear,Dark,Dry,Major Arterial,false,-79.42379087271817,43.701344226232706,1,Automobile or Station Wagon,West,1,33,Major,Use Unknown,Improper passing,Ability Impaired - Alcohol,,,Overtaking,,,,,driver,NA,Toronto-St. Paul's (12),13 Division,Forest Hill South,true,false,false,false,false,true,false,false,false,false,"{""coordinates"": [[-79.42379087271817, 43.701344226232706]], ""type"": ""MultiPoint""}"
581,2006:911449,2006-06-20T20:48:00,EGLINTON Aven W,OLD FOREST HILL Road,,4,Non-Fatal Injury,,Traffic Signal,Approaching Head On,Clear,Dark,Dry,Major Arterial,false,-79.42379087271817,43.701344226232706,3,,,3,NA,None,Other Safety Equipment Used,,,,,Unknown,,,,,owner,NA,Toronto-St. Paul's (12),13 Division,Forest Hill South,true,false,false,false,false,true,false,false,false,false,"{""coordinates"": [[-79.42379087271817, 43.701344226232706]], ""type"": ""MultiPoint""}"
582,2006:909409,2006-06-20T20:55:00,BARTLEY DR,TISDALE AVE,,6,Fatal Injury,At Intersection,Stop Sign,SMV Unattended Vehicle,Clear,Dark,Dry,Collector,false,-79.30709063297112,43.722244066220505,2,,East,3,NA,None,Other Safety Equipment Used,,,,,Parked,,,,,other,NA,Don Valley East (16),55 Division,Victoria Village,true,false,false,true,false,false,false,false,false,false,"{""coordinates"": [[-79.30709063297112, 43.722244066220505]], ""type"": ""MultiPoint""}"