X_id,collision_id,accdate,stname1,stname2,stname3,per_inv,acclass,accloc,traffictl,impactype,visible,light,rdsfcond,road_class,failtorem,longitude,latitude,veh_no,vehtype,initdir,per_no,invage,injury,safequip,drivact,drivcond,pedact,pedcond,manoeuvre,pedtype,cyclistype,cycact,cyccond,road_user,fatal_no,wardname,division,neighbourhood,aggressive,distracted,cyclist,motorcyclist,other_micromobility,older_adult,pedestrian,red_light,school_child,heavy_truck,geometry
583,2006:909409,2006-06-20T20:55:00,BARTLEY DR,TISDALE AVE,,6,Fatal Injury,At Intersection,Stop Sign,SMV Unattended Vehicle,Clear,Dark,Dry,Collector,false,-79.30709063297112,43.722244066220505,3,Automobile or Station Wagon,,5,NA,None,Other Safety Equipment Used,,,,,,,,,,other,NA,Don Valley East (16),55 Division,Victoria Village,true,false,false,true,false,false,false,false,false,false,"{""coordinates"": [[-79.30709063297112, 43.722244066220505]], ""type"": ""MultiPoint""}"
584,2006:909409,2006-06-20T20:55:00,BARTLEY DR,TISDALE AVE,,6,Fatal Injury,At Intersection,Stop Sign,SMV Unattended Vehicle,Clear,Dark,Dry,Collector,false,-79.30709063297112,43.722244066220505,3,,,6,22,None,Lap and Shoulder Belt,,,,,,,,,,passenger,NA,Don Valley East (16),55 Division,Victoria Village,true,false,false,true,false,false,false,false,false,false,"{""coordinates"": [[-79.30709063297112, 43.722244066220505]], ""type"": ""MultiPoint""}"
585,2006:909409,2006-06-20T20:55:00,BARTLEY DR,TISDALE AVE,,6,Fatal Injury,At Intersection,Stop Sign,SMV Unattended Vehicle,Clear,Dark,Dry,Collector,false,-79.30709063297112,43.722244066220505,1,Motorcycle,West,2,31,Fatal,Helmet,Exceeding speed limit,Normal,,,Going Ahead,,,,,motorcyclist,33,Don Valley East (16),55 Division,Victoria Village,true,false,false,true,false,false,false,false,false,false,"{""coordinates"": [[-79.30709063297112, 43.722244066220505]], ""type"": ""MultiPoint""}"
586,2006:909409,2006-06-20T20:55:00,BARTLEY DR,TISDALE AVE,,6,Fatal Injury,At Intersection,Stop Sign,SMV Unattended Vehicle,Clear,Dark,Dry,Collector,false,-79.30709063297112,43.722244066220505,1,,,1,NA,,Other Safety Equipment Used,,,,,,,,,,owner,NA,Don Valley East (16),55 Division,Victoria Village,true,false,false,true,false,false,false,false,false,false,"{""coordinates"": [[-79.30709063297112, 43.722244066220505]], ""type"": ""MultiPoint""}"
587,2006:909409,2006-06-20T20:55:00,BARTLEY DR,TISDALE AVE,,6,Fatal Injury,At Intersection,Stop Sign,SMV Unattended Vehicle,Clear,Dark,Dry,Collector,false,-79.30709063297112,43.722244066220505,3,,,4,NA,,Other Safety Equipment Used,,,,,,,,,,owner,NA,Don Valley East (16),55 Division,Victoria Village,true,false,false,true,false,false,false,false,false,false,"{""coordinates"": [[-79.30709063297112, 43.722244066220505]], ""type"": ""MultiPoint""}"
588,2006:918059,2006-06-21T08:00:00,DANFORTH AVE,WOODBINE AVE,,3,Non-Fatal Injury,At Intersection,Traffic Signal,Pedestrian Collision(internal code),Clear,Daylight,Dry,Major Arterial,false,-79.3127906919415,43.6856440758424,1,,South,1,41,Major,Other Safety Equipment Used,,,Crossing with right-of-way (intersection),Normal,,Driver going straight hits pedestrian crossing with right-of-way (at intersection),,,,pedestrian,NA,Beaches-East York (19),55 Division,Woodbine Corridor,false,false,true,false,false,false,true,false,true,false,"{""coordinates"": [[-79.3127906919415, 43.685644075842404]], ""type"": ""MultiPoint""}"
589,2006:918059,2006-06-21T08:00:00,DANFORTH AVE,WOODBINE AVE,,3,Non-Fatal Injury,At Intersection,Traffic Signal,Pedestrian Collision(internal code),Clear,Daylight,Dry,Major Arterial,false,-79.3127906919415,43.6856440758424,1,Bicycle,West,3,20,None,Use Unknown,,,,,Going Ahead,,Cyclist hits pedestrian,Disobeyed Traffic Control,Normal,cyclist,NA,Beaches-East York (19),55 Division,Woodbine Corridor,false,false,true,false,false,false,true,false,true,false,"{""coordinates"": [[-79.3127906919415, 43.685644075842404]], ""type"": ""MultiPoint""}"
590,2021:1001390189,2021-07-24T04:40:00,670 BIRCHMOUNT RD,ANACONDA AVE,139 m North of,3,Non-Fatal Injury,Non-Intersection,Traffic Signal,SMV Other,Clear,Dark with Artificial Lighting,Dry,Major Arterial,false,-79.27417737642857,43.72108302291894,1,,,3,9,Major,Other Safety Equipment Used,,,,,,,,,,passenger,NA,Scarborough Southwest (20),41 Division,Kennedy Park,false,false,false,false,false,false,false,false,true,false,"{""coordinates"": [[-79.27417737642857, 43.72108302291894]], ""type"": ""MultiPoint""}"
591,2006:918059,2006-06-21T08:00:00,DANFORTH AVE,WOODBINE AVE,,3,Non-Fatal Injury,At Intersection,Traffic Signal,Pedestrian Collision(internal code),Clear,Daylight,Dry,Major Arterial,false,-79.3127906919415,43.6856440758424,1,,South,2,6,None,Other Safety Equipment Used,,,Crossing with right-of-way (intersection),Normal,,Driver going straight hits pedestrian crossing with right-of-way (at intersection),,,,pedestrian,NA,Beaches-East York (19),55 Division,Woodbine Corridor,false,false,true,false,false,false,true,false,true,false,"{""coordinates"": [[-79.3127906919415, 43.685644075842404]], ""type"": ""MultiPoint""}"
592,2006:916584,2006-06-21T08:50:00,WELLINGTON ST W,YORK ST,,2,Non-Fatal Injury,At Intersection,Traffic Signal,Cyclist Collision,Clear,Daylight,Dry,Minor Arterial,false,-79.3829908821784,43.64654418274837,1,Bicycle,West,2,54,Major,Helmet,,,,,Going Ahead,,Driver turns right on green or amber at signalized intersection and hits cyclist,,,cyclist,NA,Spadina-Fort York (10),52 Division,Yonge-Bay Corridor,false,false,true,false,false,false,false,false,false,false,"{""coordinates"": [[-79.3829908821784, 43.64654418274837]], ""type"": ""MultiPoint""}"
593,2006:916584,2006-06-21T08:50:00,WELLINGTON ST W,YORK ST,,2,Non-Fatal Injury,At Intersection,Traffic Signal,Cyclist Collision,Clear,Daylight,Dry,Minor Arterial,false,-79.3829908821784,43.64654418274837,1,Automobile or Station Wagon,West,1,NA,None,Other Safety Equipment Used,Driving properly,Normal,,,Turning Right,,,,,driver,NA,Spadina-Fort York (10),52 Division,Yonge-Bay Corridor,false,false,true,false,false,false,false,false,false,false,"{""coordinates"": [[-79.3829908821784, 43.64654418274837]], ""type"": ""MultiPoint""}"
594,2006:909745,2006-06-22T22:10:00,UNIVERSITY AVE,DUNDAS ST W,,2,Non-Fatal Injury,At Intersection,No Control,Pedestrian Collision(internal code),Clear,Dark,Dry,Major Arterial,false,-79.3884908797369,43.655144188932425,1,Automobile or Station Wagon,North,2,29,None,Lap and Shoulder Belt,Driving properly,Normal,,,Going Ahead,,,,,driver,NA,University-Rosedale (11),52 Division,Kensington-Chinatown,false,false,false,false,false,false,true,false,false,false,"{""coordinates"": [[-79.3884908797369, 43.655144188932425]], ""type"": ""MultiPoint""}"
595,2006:909745,2006-06-22T22:10:00,UNIVERSITY AVE,DUNDAS ST W,,2,Non-Fatal Injury,At Intersection,No Control,Pedestrian Collision(internal code),Clear,Dark,Dry,Major Arterial,false,-79.3884908797369,43.655144188932425,2,,West,1,31,Major,Other Safety Equipment Used,,,Running onto roadway,Had Been Drinking,,Driver hits pedestrian at midblock,,,,pedestrian,NA,University-Rosedale (11),52 Division,Kensington-Chinatown,false,false,false,false,false,false,true,false,false,false,"{""coordinates"": [[-79.3884908797369, 43.655144188932425]], ""type"": ""MultiPoint""}"
596,2006:911915,2006-07-04T18:27:00,LAKE SHORE BLVD W,SECOND ST,,2,Non-Fatal Injury,,No Control,Pedestrian Collision(internal code),Clear,Daylight,Dry,Major Arterial,false,-79.49909119217072,43.602044377651765,1,Automobile or Station Wagon,,2,NA,None,Other Safety Equipment Used,,,,,Reversing,,,,,driver,NA,Etobicoke-Lakeshore (3),22 Division,New Toronto,false,false,false,false,false,false,true,false,false,false,"{""coordinates"": [[-79.49909119217072, 43.602044377651765]], ""type"": ""MultiPoint""}"
597,2006:913254,2006-06-24T03:10:00,QUEEN ST W,DOWLING AVE,,3,Non-Fatal Injury,At Intersection,Stop Sign,Cyclist Collision,Clear,Dark,Dry,Major Arterial,false,-79.4398910050871,43.63994426989026,1,Automobile or Station Wagon,East,2,48,None,Lap and Shoulder Belt,Driving properly,Normal,,,Going Ahead,,,,,driver,NA,Parkdale-High Park (4),14 Division,South Parkdale,false,false,true,false,false,false,false,false,false,false,"{""coordinates"": [[-79.4398910050871, 43.63994426989026]], ""type"": ""MultiPoint""}"
598,2006:913254,2006-06-24T03:10:00,QUEEN ST W,DOWLING AVE,,3,Non-Fatal Injury,At Intersection,Stop Sign,Cyclist Collision,Clear,Dark,Dry,Major Arterial,false,-79.4398910050871,43.63994426989026,2,Bicycle,North,3,29,Major,No Equipment Available,,,,,Turning Left,,Cyclist turns left into path of driver,,,cyclist,NA,Parkdale-High Park (4),14 Division,South Parkdale,false,false,true,false,false,false,false,false,false,false,"{""coordinates"": [[-79.4398910050871, 43.63994426989026]], ""type"": ""MultiPoint""}"
599,2006:913254,2006-06-24T03:10:00,QUEEN ST W,DOWLING AVE,,3,Non-Fatal Injury,At Intersection,Stop Sign,Cyclist Collision,Clear,Dark,Dry,Major Arterial,false,-79.4398910050871,43.63994426989026,1,,,1,NA,None,Other Safety Equipment Used,,,,,,,,,,owner,NA,Parkdale-High Park (4),14 Division,South Parkdale,false,false,true,false,false,false,false,false,false,false,"{""coordinates"": [[-79.4398910050871, 43.63994426989026]], ""type"": ""MultiPoint""}"
600,2006:913263,2006-06-24T18:20:00,KIPLING Aven,NEW TORONTO Stre,,1,Non-Fatal Injury,,No Control,SMV Other,Clear,Daylight,Dry,Major Arterial,false,-79.51959121540222,43.604544402882766,1,Automobile or Station Wagon,North,1,23,Major,Lap and Shoulder Belt,Other,Normal,,,Going Ahead,,,,,driver,NA,Etobicoke-Lakeshore (3),22 Division,New Toronto,false,false,false,false,false,false,false,false,false,false,"{""coordinates"": [[-79.51959121540222, 43.604544402882766]], ""type"": ""MultiPoint""}"
601,2006:913288,2006-06-25T12:26:00,PAPE AVE,WESTWOOD AVE,,2,Non-Fatal Injury,At Intersection,No Control,Cyclist Collision,Clear,Daylight,Dry,Major Arterial,false,-79.34779075561019,43.68664412468851,1,Bicycle,South,1,37,Major,Helmet,,,,,Going Ahead,,Rear end with cyclist and driver travelling in same direction,Driving Properly,Normal,cyclist,NA,Toronto-Danforth (14),55 Division,Broadview North,false,false,true,false,false,true,false,false,false,false,"{""coordinates"": [[-79.34779075561019, 43.68664412468851]], ""type"": ""MultiPoint""}"
602,2006:913288,2006-06-25T12:26:00,PAPE AVE,WESTWOOD AVE,,2,Non-Fatal Injury,At Intersection,No Control,Cyclist Collision,Clear,Daylight,Dry,Major Arterial,false,-79.34779075561019,43.68664412468851,2,Automobile or Station Wagon,South,2,73,None,Lap and Shoulder Belt,Improper turn,Normal,,,Turning Right,,,,,driver,NA,Toronto-Danforth (14),55 Division,Broadview North,false,false,true,false,false,true,false,false,false,false,"{""coordinates"": [[-79.34779075561019, 43.68664412468851]], ""type"": ""MultiPoint""}"
603,2006:911228,2006-06-25T17:29:00,LAKE SHORE BLVD E,CHERRY ST,,2,Non-Fatal Injury,At Intersection,Traffic Signal,SMV Other,Clear,Daylight,Dry,Major Arterial,false,-79.3547938244412,43.64814514047199,1,,,1,43,Major,Other Safety Equipment Used,,,,,,,,,,motorcyclist,NA,Spadina-Fort York (10),51 Division,St Lawrence-East Bayfront-The Islands,true,false,false,true,false,false,false,false,false,false,"{""coordinates"": [[-79.3547938244412, 43.64814514047199]], ""type"": ""MultiPoint""}"
604,2006:911228,2006-06-25T17:29:00,LAKE SHORE BLVD E,CHERRY ST,,2,Non-Fatal Injury,At Intersection,Traffic Signal,SMV Other,Clear,Daylight,Dry,Major Arterial,false,-79.3547938244412,43.64814514047199,1,Motorcycle,East,2,43,Major,Other Safety Equipment Used,Speed too fast for conditions,Unknown,,,Going Ahead,,,,,motorcyclist,NA,Spadina-Fort York (10),51 Division,St Lawrence-East Bayfront-The Islands,true,false,false,true,false,false,false,false,false,false,"{""coordinates"": [[-79.3547938244412, 43.64814514047199]], ""type"": ""MultiPoint""}"
605,2006:913296,2006-06-25T20:40:00,29 BLAIR ATHOL Cres,,,2,Non-Fatal Injury,,No Control,Other,Clear,Dusk,Dry,Local,false,-79.5446911318141,43.66724440069998,1,Automobile or Station Wagon,East,1,17,None,Lap and Shoulder Belt,Other,Normal,,,Going Ahead,,,,,driver,NA,Etobicoke Centre (2),22 Division,Princess-Rosethorn,false,false,false,false,false,false,false,false,true,false,"{""coordinates"": [[-79.5446911318141, 43.66724440069998]], ""type"": ""MultiPoint""}"
606,2006:913296,2006-06-25T20:40:00,29 BLAIR ATHOL Cres,,,2,Non-Fatal Injury,,No Control,Other,Clear,Dusk,Dry,Local,false,-79.5446911318141,43.66724440069998,2,,,2,17,Major,Other Safety Equipment Used,,,,,,,,,,passenger,NA,Etobicoke Centre (2),22 Division,Princess-Rosethorn,false,false,false,false,false,false,false,false,true,false,"{""coordinates"": [[-79.5446911318141, 43.66724440069998]], ""type"": ""MultiPoint""}"
607,2006:911336,2006-06-28T10:00:00,BIRCHMOUNT RD,MODERN RD,,3,Non-Fatal Injury,,Stop Sign,Cyclist Collision,Clear,Daylight,Dry,Major Arterial,false,-79.28349056397771,43.74404403541448,1,Automobile or Station Wagon,South,2,45,None,Other Safety Equipment Used,Driving properly,Normal,,,Going Ahead,,,,,driver,NA,Scarborough Centre (21),41 Division,Wexford/Maryvale,false,true,true,false,false,false,false,false,false,false,"{""coordinates"": [[-79.28349056397771, 43.744044035414476]], ""type"": ""MultiPoint""}"
608,2006:911336,2006-06-28T10:00:00,BIRCHMOUNT RD,MODERN RD,,3,Non-Fatal Injury,,Stop Sign,Cyclist Collision,Clear,Daylight,Dry,Major Arterial,false,-79.28349056397771,43.74404403541448,2,Bicycle,East,3,33,Major,Other Safety Equipment Used,,,,,Turning Right,,Cyclist turns right into path of driver,Failed to Yield Right of Way,Inattentive,cyclist,NA,Scarborough Centre (21),41 Division,Wexford/Maryvale,false,true,true,false,false,false,false,false,false,false,"{""coordinates"": [[-79.28349056397771, 43.744044035414476]], ""type"": ""MultiPoint""}"
609,2006:911336,2006-06-28T10:00:00,BIRCHMOUNT RD,MODERN RD,,3,Non-Fatal Injury,,Stop Sign,Cyclist Collision,Clear,Daylight,Dry,Major Arterial,false,-79.28349056397771,43.74404403541448,1,,,1,NA,,Other Safety Equipment Used,,,,,,,,,,owner,NA,Scarborough Centre (21),41 Division,Wexford/Maryvale,false,true,true,false,false,false,false,false,false,false,"{""coordinates"": [[-79.28349056397771, 43.744044035414476]], ""type"": ""MultiPoint""}"
610,2006:915319,2006-06-28T13:57:00,KING ST W,YORK ST,,3,Non-Fatal Injury,,No Control,Pedestrian Collision(internal code),Clear,Daylight,Dry,Major Arterial,false,-79.38089087501065,43.64854417918544,1,,,2,NA,,Other Safety Equipment Used,,,,,,,,,,owner,NA,Spadina-Fort York (10),52 Division,Yonge-Bay Corridor,false,false,false,false,false,false,true,false,false,true,"{""coordinates"": [[-79.38089087501065, 43.648544179185436]], ""type"": ""MultiPoint""}"
611,2006:915319,2006-06-28T13:57:00,KING ST W,YORK ST,,3,Non-Fatal Injury,,No Control,Pedestrian Collision(internal code),Clear,Daylight,Dry,Major Arterial,false,-79.38089087501065,43.64854417918544,1,Municipal Transit Bus (TTC),West,3,39,None,Lap Belt Only,Driving properly,Normal,,,Going Ahead,,,,,driver,NA,Spadina-Fort York (10),52 Division,Yonge-Bay Corridor,false,false,false,false,false,false,true,false,false,true,"{""coordinates"": [[-79.38089087501065, 43.648544179185436]], ""type"": ""MultiPoint""}"
612,2006:915319,2006-06-28T13:57:00,KING ST W,YORK ST,,3,Non-Fatal Injury,,No Control,Pedestrian Collision(internal code),Clear,Daylight,Dry,Major Arterial,false,-79.38089087501065,43.64854417918544,1,,South,1,38,Major,No Equipment Available,,,Crossing - no traffic control,Unknown,,Transit vehicle driver hits pedestrian anywhere along roadway,,,,pedestrian,NA,Spadina-Fort York (10),52 Division,Yonge-Bay Corridor,false,false,false,false,false,false,true,false,false,true,"{""coordinates"": [[-79.38089087501065, 43.648544179185436]], ""type"": ""MultiPoint""}"
613,2006:915300,2006-06-28T17:30:00,EGLINTON AVE W,GLENHAVEN ST,,5,Non-Fatal Injury,At Intersection,Stop Sign,Angle,Rain,Daylight,Wet,Major Arterial,false,-79.46969097374584,43.6913442930276,2,,,3,NA,None,Other Safety Equipment Used,,,,,,,,,,owner,NA,York South-Weston (5),12 Division,Keelesdale-Eglinton West,true,false,false,false,false,false,false,false,true,true,"{""coordinates"": [[-79.46969097374584, 43.6913442930276]], ""type"": ""MultiPoint""}"
614,2006:915300,2006-06-28T17:30:00,EGLINTON AVE W,GLENHAVEN ST,,5,Non-Fatal Injury,At Intersection,Stop Sign,Angle,Rain,Daylight,Wet,Major Arterial,false,-79.46969097374584,43.6913442930276,2,Automobile or Station Wagon,West,5,19,Minimal,Lap and Shoulder Belt,Improper passing,Normal,,,Going Ahead,,,,,driver,NA,York South-Weston (5),12 Division,Keelesdale-Eglinton West,true,false,false,false,false,false,false,false,true,true,"{""coordinates"": [[-79.46969097374584, 43.6913442930276]], ""type"": ""MultiPoint""}"
615,2006:915300,2006-06-28T17:30:00,EGLINTON AVE W,GLENHAVEN ST,,5,Non-Fatal Injury,At Intersection,Stop Sign,Angle,Rain,Daylight,Wet,Major Arterial,false,-79.46969097374584,43.6913442930276,2,,,4,24,Major,Lap and Shoulder Belt,,,,,,,,,,passenger,NA,York South-Weston (5),12 Division,Keelesdale-Eglinton West,true,false,false,false,false,false,false,false,true,true,"{""coordinates"": [[-79.46969097374584, 43.6913442930276]], ""type"": ""MultiPoint""}"
616,2006:919596,2006-07-14T16:00:00,CHAPLIN CRES,EGLINTON AVE W,,3,Non-Fatal Injury,At Intersection,Traffic Signal,Turning Movement,Clear,Daylight,Dry,Major Arterial,false,-79.41739085881875,43.70274421708706,1,,,1,40,Major,Use Unknown,,,,,,,,,,passenger,NA,Eglinton-Lawrence (8),53 Division,Forest Hill North,false,false,false,false,false,false,false,false,false,false,"{""coordinates"": [[-79.41739085881875, 43.70274421708706]], ""type"": ""MultiPoint""}"
617,2006:915300,2006-06-28T17:30:00,EGLINTON AVE W,GLENHAVEN ST,,5,Non-Fatal Injury,At Intersection,Stop Sign,Angle,Rain,Daylight,Wet,Major Arterial,false,-79.46969097374584,43.6913442930276,1,Truck - Open (Flatbed),South,2,41,Minimal,Lap and Shoulder Belt,Driving properly,Normal,,,Stopped,,,,,driver,NA,York South-Weston (5),12 Division,Keelesdale-Eglinton West,true,false,false,false,false,false,false,false,true,true,"{""coordinates"": [[-79.46969097374584, 43.6913442930276]], ""type"": ""MultiPoint""}"
618,2006:915300,2006-06-28T17:30:00,EGLINTON AVE W,GLENHAVEN ST,,5,Non-Fatal Injury,At Intersection,Stop Sign,Angle,Rain,Daylight,Wet,Major Arterial,false,-79.46969097374584,43.6913442930276,1,,,1,NA,None,Other Safety Equipment Used,,,,,,,,,,owner,NA,York South-Weston (5),12 Division,Keelesdale-Eglinton West,true,false,false,false,false,false,false,false,true,true,"{""coordinates"": [[-79.46969097374584, 43.6913442930276]], ""type"": ""MultiPoint""}"
619,2006:911521,2006-06-29T09:54:00,WESTON RD,JASPER AVE,,3,Non-Fatal Injury,,No Control,Cyclist Collision,Clear,Daylight,Dry,Minor Arterial,false,-79.48249101099131,43.68374431421276,1,,,1,NA,,Other Safety Equipment Used,,,,,,,,,,owner,NA,York South-Weston (5),12 Division,Rockcliffe-Smythe,false,true,true,false,false,true,false,false,false,false,"{""coordinates"": [[-79.48249101099131, 43.68374431421276]], ""type"": ""MultiPoint""}"
620,2006:911521,2006-06-29T09:54:00,WESTON RD,JASPER AVE,,3,Non-Fatal Injury,,No Control,Cyclist Collision,Clear,Daylight,Dry,Minor Arterial,false,-79.48249101099131,43.68374431421276,2,Bicycle,South,3,63,Major,Other Safety Equipment Used,,,,,Going Ahead,,Driver turns left into path of cyclist,Driving Properly,Normal,cyclist,NA,York South-Weston (5),12 Division,Rockcliffe-Smythe,false,true,true,false,false,true,false,false,false,false,"{""coordinates"": [[-79.48249101099131, 43.68374431421276]], ""type"": ""MultiPoint""}"
621,2006:911521,2006-06-29T09:54:00,WESTON RD,JASPER AVE,,3,Non-Fatal Injury,,No Control,Cyclist Collision,Clear,Daylight,Dry,Minor Arterial,false,-79.48249101099131,43.68374431421276,1,Automobile or Station Wagon,East,2,71,None,Other Safety Equipment Used,Improper turn,Inattentive,,,Turning Left,,,,,driver,NA,York South-Weston (5),12 Division,Rockcliffe-Smythe,false,true,true,false,false,true,false,false,false,false,"{""coordinates"": [[-79.48249101099131, 43.68374431421276]], ""type"": ""MultiPoint""}"
622,2006:911540,2006-06-30T00:50:00,LAWRENCE AVE E,TOWER DR,,5,Non-Fatal Injury,,Stop Sign,SMV Other,Clear,Dark,Dry,Major Arterial,false,-79.29829058852884,43.7445440541071,1,,,1,NA,None,Other Safety Equipment Used,,,,,,,,,,owner,NA,Scarborough Centre (21),41 Division,Wexford/Maryvale,true,false,false,false,false,false,false,false,true,false,"{""coordinates"": [[-79.29829058852884, 43.7445440541071]], ""type"": ""MultiPoint""}"
623,2006:911540,2006-06-30T00:50:00,LAWRENCE AVE E,TOWER DR,,5,Non-Fatal Injury,,Stop Sign,SMV Other,Clear,Dark,Dry,Major Arterial,false,-79.29829058852884,43.7445440541071,1,,,3,19,Minor,Lap and Shoulder Belt,,,,,,,,,,passenger,NA,Scarborough Centre (21),41 Division,Wexford/Maryvale,true,false,false,false,false,false,false,false,true,false,"{""coordinates"": [[-79.29829058852884, 43.7445440541071]], ""type"": ""MultiPoint""}"
624,2006:911540,2006-06-30T00:50:00,LAWRENCE AVE E,TOWER DR,,5,Non-Fatal Injury,,Stop Sign,SMV Other,Clear,Dark,Dry,Major Arterial,false,-79.29829058852884,43.7445440541071,1,,,4,NA,None,Other Safety Equipment Used,,,,,,,,,,owner,NA,Scarborough Centre (21),41 Division,Wexford/Maryvale,true,false,false,false,false,false,false,false,true,false,"{""coordinates"": [[-79.29829058852884, 43.7445440541071]], ""type"": ""MultiPoint""}"
625,2006:911540,2006-06-30T00:50:00,LAWRENCE AVE E,TOWER DR,,5,Non-Fatal Injury,,Stop Sign,SMV Other,Clear,Dark,Dry,Major Arterial,false,-79.29829058852884,43.7445440541071,1,,,2,22,Major,Lap and Shoulder Belt,,,,,,,,,,passenger,NA,Scarborough Centre (21),41 Division,Wexford/Maryvale,true,false,false,false,false,false,false,false,true,false,"{""coordinates"": [[-79.29829058852884, 43.7445440541071]], ""type"": ""MultiPoint""}"
626,2006:911540,2006-06-30T00:50:00,LAWRENCE AVE E,TOWER DR,,5,Non-Fatal Injury,,Stop Sign,SMV Other,Clear,Dark,Dry,Major Arterial,false,-79.29829058852884,43.7445440541071,1,Automobile or Station Wagon,West,5,24,None,Lap and Shoulder Belt,Exceeding speed limit,Unknown,,,Turning Right,,,,,driver,NA,Scarborough Centre (21),41 Division,Wexford/Maryvale,true,false,false,false,false,false,false,false,true,false,"{""coordinates"": [[-79.29829058852884, 43.7445440541071]], ""type"": ""MultiPoint""}"
627,2006:915777,2006-06-30T09:26:00,57 ELLESMERE RD,VICTORIA PARK Aven,,3,Non-Fatal Injury,,No Control,Turning Movement,Clear,Daylight,Dry,Major Arterial,false,-79.3138906002489,43.75814407390951,1,Automobile or Station Wagon,South,2,21,Minor,Lap and Shoulder Belt,Improper turn,Normal,,,Turning Left,,,,,driver,NA,Scarborough Centre (21),41 Division,Wexford/Maryvale,false,false,false,false,false,false,false,false,false,false,"{""coordinates"": [[-79.3138906002489, 43.75814407390951]], ""type"": ""MultiPoint""}"
628,2006:915777,2006-06-30T09:26:00,57 ELLESMERE RD,VICTORIA PARK Aven,,3,Non-Fatal Injury,,No Control,Turning Movement,Clear,Daylight,Dry,Major Arterial,false,-79.3138906002489,43.75814407390951,2,Automobile or Station Wagon,North,3,27,Minimal,Lap and Shoulder Belt,Driving properly,Normal,,,Going Ahead,,,,,driver,NA,Scarborough Centre (21),41 Division,Wexford/Maryvale,false,false,false,false,false,false,false,false,false,false,"{""coordinates"": [[-79.3138906002489, 43.75814407390951]], ""type"": ""MultiPoint""}"
629,2006:915777,2006-06-30T09:26:00,57 ELLESMERE RD,VICTORIA PARK Aven,,3,Non-Fatal Injury,,No Control,Turning Movement,Clear,Daylight,Dry,Major Arterial,false,-79.3138906002489,43.75814407390951,1,,,1,47,Major,Lap and Shoulder Belt,,,,,,,,,,passenger,NA,Scarborough Centre (21),41 Division,Wexford/Maryvale,false,false,false,false,false,false,false,false,false,false,"{""coordinates"": [[-79.3138906002489, 43.75814407390951]], ""type"": ""MultiPoint""}"
630,2006:919331,2006-06-30T12:08:00,SENLAC RD,BURNETT AVE,,3,Non-Fatal Injury,,No Control,Pedestrian Collision(internal code),Clear,Daylight,Dry,Minor Arterial,false,-79.42519077826671,43.76524421058653,2,,,3,14,Major,Other Safety Equipment Used,,,Running onto roadway,Normal,,Driver hits pedestrian at midblock,,,,pedestrian,NA,Willowdale (18),32 Division,Lansing-Westgate,true,false,false,false,false,false,true,false,true,false,"{""coordinates"": [[-79.42519077826671, 43.76524421058653]], ""type"": ""MultiPoint""}"
631,2006:919331,2006-06-30T12:08:00,SENLAC RD,BURNETT AVE,,3,Non-Fatal Injury,,No Control,Pedestrian Collision(internal code),Clear,Daylight,Dry,Minor Arterial,false,-79.42519077826671,43.76524421058653,1,Automobile or Station Wagon,South,2,51,None,Other Safety Equipment Used,Improper passing,Normal,,,Overtaking,,,,,driver,NA,Willowdale (18),32 Division,Lansing-Westgate,true,false,false,false,false,false,true,false,true,false,"{""coordinates"": [[-79.42519077826671, 43.76524421058653]], ""type"": ""MultiPoint""}"
632,2006:919331,2006-06-30T12:08:00,SENLAC RD,BURNETT AVE,,3,Non-Fatal Injury,,No Control,Pedestrian Collision(internal code),Clear,Daylight,Dry,Minor Arterial,false,-79.42519077826671,43.76524421058653,1,,,1,NA,None,Other Safety Equipment Used,,,,,,,,,,owner,NA,Willowdale (18),32 Division,Lansing-Westgate,true,false,false,false,false,false,true,false,true,false,"{""coordinates"": [[-79.42519077826671, 43.76524421058653]], ""type"": ""MultiPoint""}"
633,2006:911913,2006-07-04T16:24:00,DON MILLS RD,VAN HORNE AVE,,4,Non-Fatal Injury,At Intersection,Traffic Signal,Angle,Clear,Daylight,Dry,Major Arterial,false,-79.35299063654689,43.78734412191355,1,Truck - Open (Flatbed),South,2,30,None,Other Safety Equipment Used,Disobeyed traffic control,Normal,,,Going Ahead,,,,,driver,NA,Don Valley North (17),33 Division,Don Valley Village,true,false,false,false,false,false,false,true,false,true,"{""coordinates"": [[-79.35299063654689, 43.78734412191355]], ""type"": ""MultiPoint""}"
634,2006:911913,2006-07-04T16:24:00,DON MILLS RD,VAN HORNE AVE,,4,Non-Fatal Injury,At Intersection,Traffic Signal,Angle,Clear,Daylight,Dry,Major Arterial,false,-79.35299063654689,43.78734412191355,1,,,1,NA,None,Other Safety Equipment Used,,,,,,,,,,owner,NA,Don Valley North (17),33 Division,Don Valley Village,true,false,false,false,false,false,false,true,false,true,"{""coordinates"": [[-79.35299063654689, 43.78734412191355]], ""type"": ""MultiPoint""}"
635,2006:911913,2006-07-04T16:24:00,DON MILLS RD,VAN HORNE AVE,,4,Non-Fatal Injury,At Intersection,Traffic Signal,Angle,Clear,Daylight,Dry,Major Arterial,false,-79.35299063654689,43.78734412191355,2,,,3,NA,None,Other Safety Equipment Used,,,,,,,,,,owner,NA,Don Valley North (17),33 Division,Don Valley Village,true,false,false,false,false,false,false,true,false,true,"{""coordinates"": [[-79.35299063654689, 43.78734412191355]], ""type"": ""MultiPoint""}"
636,2006:911913,2006-07-04T16:24:00,DON MILLS RD,VAN HORNE AVE,,4,Non-Fatal Injury,At Intersection,Traffic Signal,Angle,Clear,Daylight,Dry,Major Arterial,false,-79.35299063654689,43.78734412191355,2,Automobile or Station Wagon,East,4,62,Major,Other Safety Equipment Used,Driving properly,Normal,,,Going Ahead,,,,,driver,NA,Don Valley North (17),33 Division,Don Valley Village,true,false,false,false,false,false,false,true,false,true,"{""coordinates"": [[-79.35299063654689, 43.78734412191355]], ""type"": ""MultiPoint""}"