X_id,collision_id,accdate,stname1,stname2,stname3,per_inv,acclass,accloc,traffictl,impactype,visible,light,rdsfcond,road_class,failtorem,longitude,latitude,veh_no,vehtype,initdir,per_no,invage,injury,safequip,drivact,drivcond,pedact,pedcond,manoeuvre,pedtype,cyclistype,cycact,cyccond,road_user,fatal_no,wardname,division,neighbourhood,aggressive,distracted,cyclist,motorcyclist,other_micromobility,older_adult,pedestrian,red_light,school_child,heavy_truck,geometry
689,2006:918124,2006-07-14T13:10:00,BURNHAMTHORPE RD,OLD BURNHAMTHORPE RD,,3,Non-Fatal Injury,At Intersection,No Control,Pedestrian Collision(internal code),Clear,Daylight,Dry,Major Arterial,false,-79.57469121642774,43.642844450974415,2,,North,3,60,Major,Other Safety Equipment Used,,,Other,Had Been Drinking,,Transit vehicle driver hits pedestrian anywhere along roadway,,,,pedestrian,NA,Etobicoke Centre (2),22 Division,Eringate-Centennial-West Deane,false,false,false,false,false,false,true,false,false,true,"{""coordinates"": [[-79.57469121642774, 43.642844450974415]], ""type"": ""MultiPoint""}"
690,2006:918124,2006-07-14T13:10:00,BURNHAMTHORPE RD,OLD BURNHAMTHORPE RD,,3,Non-Fatal Injury,At Intersection,No Control,Pedestrian Collision(internal code),Clear,Daylight,Dry,Major Arterial,false,-79.57469121642774,43.642844450974415,1,Municipal Transit Bus (TTC),East,2,39,None,Lap and Shoulder Belt,Driving properly,Normal,,,Going Ahead,,,,,driver,NA,Etobicoke Centre (2),22 Division,Eringate-Centennial-West Deane,false,false,false,false,false,false,true,false,false,true,"{""coordinates"": [[-79.57469121642774, 43.642844450974415]], ""type"": ""MultiPoint""}"
691,2006:918124,2006-07-14T13:10:00,BURNHAMTHORPE RD,OLD BURNHAMTHORPE RD,,3,Non-Fatal Injury,At Intersection,No Control,Pedestrian Collision(internal code),Clear,Daylight,Dry,Major Arterial,false,-79.57469121642774,43.642844450974415,1,,,1,NA,,Other Safety Equipment Used,,,,,,,,,,owner,NA,Etobicoke Centre (2),22 Division,Eringate-Centennial-West Deane,false,false,false,false,false,false,true,false,false,true,"{""coordinates"": [[-79.57469121642774, 43.642844450974415]], ""type"": ""MultiPoint""}"
692,2006:919596,2006-07-14T16:00:00,CHAPLIN CRES,EGLINTON AVE W,,3,Non-Fatal Injury,At Intersection,Traffic Signal,Turning Movement,Clear,Daylight,Dry,Major Arterial,false,-79.41739085881875,43.70274421708706,1,Automobile or Station Wagon,South,2,39,None,Lap and Shoulder Belt,Driving properly,Normal,,,Going Ahead,,,,,driver,NA,Eglinton-Lawrence (8),53 Division,Forest Hill North,false,false,false,false,false,false,false,false,false,false,"{""coordinates"": [[-79.41739085881875, 43.70274421708706]], ""type"": ""MultiPoint""}"
693,2006:919596,2006-07-14T16:00:00,CHAPLIN CRES,EGLINTON AVE W,,3,Non-Fatal Injury,At Intersection,Traffic Signal,Turning Movement,Clear,Daylight,Dry,Major Arterial,false,-79.41739085881875,43.70274421708706,2,Automobile or Station Wagon,North,3,59,None,Lap and Shoulder Belt,Improper turn,Normal,,,Turning Left,,,,,driver,NA,Eglinton-Lawrence (8),53 Division,Forest Hill North,false,false,false,false,false,false,false,false,false,false,"{""coordinates"": [[-79.41739085881875, 43.70274421708706]], ""type"": ""MultiPoint""}"
694,2006:913927,2006-07-16T12:55:00,BAYVIEW AVE,SOUDAN AVE,,4,Non-Fatal Injury,,No Control,Rear End,Clear,Daylight,Dry,Major Arterial,false,-79.37709077363638,43.71074416062436,1,Automobile or Station Wagon,South,3,45,None,Lap and Shoulder Belt,Lost control,Normal,,,Parked,,,,,driver,NA,Don Valley West (15),53 Division,Mount Pleasant East,false,false,false,false,false,true,false,false,false,false,"{""coordinates"": [[-79.37709077363638, 43.71074416062436]], ""type"": ""MultiPoint""}"
695,2006:913927,2006-07-16T12:55:00,BAYVIEW AVE,SOUDAN AVE,,4,Non-Fatal Injury,,No Control,Rear End,Clear,Daylight,Dry,Major Arterial,false,-79.37709077363638,43.71074416062436,2,Automobile or Station Wagon,South,4,66,Major,Use Unknown,Other,Medical or Physical Disability,,,Changing Lanes,,,,,driver,NA,Don Valley West (15),53 Division,Mount Pleasant East,false,false,false,false,false,true,false,false,false,false,"{""coordinates"": [[-79.37709077363638, 43.71074416062436]], ""type"": ""MultiPoint""}"
696,2006:913927,2006-07-16T12:55:00,BAYVIEW AVE,SOUDAN AVE,,4,Non-Fatal Injury,,No Control,Rear End,Clear,Daylight,Dry,Major Arterial,false,-79.37709077363638,43.71074416062436,1,,,2,NA,None,Other Safety Equipment Used,,,,,Parked,,,,,owner,NA,Don Valley West (15),53 Division,Mount Pleasant East,false,false,false,false,false,true,false,false,false,false,"{""coordinates"": [[-79.37709077363638, 43.71074416062436]], ""type"": ""MultiPoint""}"
697,2006:913927,2006-07-16T12:55:00,BAYVIEW AVE,SOUDAN AVE,,4,Non-Fatal Injury,,No Control,Rear End,Clear,Daylight,Dry,Major Arterial,false,-79.37709077363638,43.71074416062436,1,,,1,2,Minimal,Lap and Shoulder Belt,,,,,,,,,,passenger,NA,Don Valley West (15),53 Division,Mount Pleasant East,false,false,false,false,false,true,false,false,false,false,"{""coordinates"": [[-79.37709077363638, 43.71074416062436]], ""type"": ""MultiPoint""}"
698,2006:918129,2006-07-17T19:58:00,BATHURST ST,RICHMOND ST W,,2,Non-Fatal Injury,At Intersection,Traffic Signal,Angle,Clear,Daylight,Dry,Major Arterial,false,-79.40379092321494,43.64644421377724,2,Automobile or Station Wagon,West,1,58,None,Lap and Shoulder Belt,Driving properly,Normal,,,Going Ahead,,,,,driver,NA,Spadina-Fort York (10),14 Division,West Queen West,false,false,false,true,false,false,false,false,false,false,"{""coordinates"": [[-79.40379092321494, 43.64644421377724]], ""type"": ""MultiPoint""}"
699,2006:918129,2006-07-17T19:58:00,BATHURST ST,RICHMOND ST W,,2,Non-Fatal Injury,At Intersection,Traffic Signal,Angle,Clear,Daylight,Dry,Major Arterial,false,-79.40379092321494,43.64644421377724,1,Motorcycle,North,2,28,Major,Helmet,Other,Unknown,,,Going Ahead,,,,,motorcyclist,NA,Spadina-Fort York (10),14 Division,West Queen West,false,false,false,true,false,false,false,false,false,false,"{""coordinates"": [[-79.40379092321494, 43.64644421377724]], ""type"": ""MultiPoint""}"
700,2006:918360,2006-07-18T10:20:00,YONGE ST,LORD SEATON RD,,7,Non-Fatal Injury,At Intersection,Traffic Signal,Rear End,Clear,Daylight,Dry,Major Arterial,false,-79.40809076396116,43.7524441909706,2,,,3,52,Minimal,Lap and Shoulder Belt,,,,,,,,,,passenger,NA,Don Valley West (15),32 Division,St.Andrew-Windfields,true,true,false,false,false,false,false,false,false,false,"{""coordinates"": [[-79.40809076396116, 43.7524441909706]], ""type"": ""MultiPoint""}"
701,2006:918360,2006-07-18T10:20:00,YONGE ST,LORD SEATON RD,,7,Non-Fatal Injury,At Intersection,Traffic Signal,Rear End,Clear,Daylight,Dry,Major Arterial,false,-79.40809076396116,43.7524441909706,3,,,5,30,Major,Lap and Shoulder Belt,,,,,,,,,,passenger,NA,Don Valley West (15),32 Division,St.Andrew-Windfields,true,true,false,false,false,false,false,false,false,false,"{""coordinates"": [[-79.40809076396116, 43.7524441909706]], ""type"": ""MultiPoint""}"
702,2006:918360,2006-07-18T10:20:00,YONGE ST,LORD SEATON RD,,7,Non-Fatal Injury,At Intersection,Traffic Signal,Rear End,Clear,Daylight,Dry,Major Arterial,false,-79.40809076396116,43.7524441909706,1,,,1,37,Minimal,Lap and Shoulder Belt,,,,,,,,,,passenger,NA,Don Valley West (15),32 Division,St.Andrew-Windfields,true,true,false,false,false,false,false,false,false,false,"{""coordinates"": [[-79.40809076396116, 43.7524441909706]], ""type"": ""MultiPoint""}"
703,2006:918360,2006-07-18T10:20:00,YONGE ST,LORD SEATON RD,,7,Non-Fatal Injury,At Intersection,Traffic Signal,Rear End,Clear,Daylight,Dry,Major Arterial,false,-79.40809076396116,43.7524441909706,1,Automobile or Station Wagon,South,2,40,Major,Lap and Shoulder Belt,Failed to yield right-of-way,Normal,,,Stopped,,,,,driver,NA,Don Valley West (15),32 Division,St.Andrew-Windfields,true,true,false,false,false,false,false,false,false,false,"{""coordinates"": [[-79.40809076396116, 43.7524441909706]], ""type"": ""MultiPoint""}"
704,2006:918360,2006-07-18T10:20:00,YONGE ST,LORD SEATON RD,,7,Non-Fatal Injury,At Intersection,Traffic Signal,Rear End,Clear,Daylight,Dry,Major Arterial,false,-79.40809076396116,43.7524441909706,2,Automobile or Station Wagon,South,4,51,None,Lap and Shoulder Belt,Driving properly,Normal,,,Stopped,,,,,driver,NA,Don Valley West (15),32 Division,St.Andrew-Windfields,true,true,false,false,false,false,false,false,false,false,"{""coordinates"": [[-79.40809076396116, 43.7524441909706]], ""type"": ""MultiPoint""}"
705,2006:918360,2006-07-18T10:20:00,YONGE ST,LORD SEATON RD,,7,Non-Fatal Injury,At Intersection,Traffic Signal,Rear End,Clear,Daylight,Dry,Major Arterial,false,-79.40809076396116,43.7524441909706,3,Automobile or Station Wagon,South,6,54,Major,Lap and Shoulder Belt,Failed to yield right-of-way,Inattentive,,,Going Ahead,,,,,driver,NA,Don Valley West (15),32 Division,St.Andrew-Windfields,true,true,false,false,false,false,false,false,false,false,"{""coordinates"": [[-79.40809076396116, 43.7524441909706]], ""type"": ""MultiPoint""}"
706,2006:918360,2006-07-18T10:20:00,YONGE ST,LORD SEATON RD,,7,Non-Fatal Injury,At Intersection,Traffic Signal,Rear End,Clear,Daylight,Dry,Major Arterial,false,-79.40809076396116,43.7524441909706,4,Automobile or Station Wagon,South,7,48,None,Lap and Shoulder Belt,Driving properly,Normal,,,Stopped,,,,,driver,NA,Don Valley West (15),32 Division,St.Andrew-Windfields,true,true,false,false,false,false,false,false,false,false,"{""coordinates"": [[-79.40809076396116, 43.7524441909706]], ""type"": ""MultiPoint""}"
707,2006:914314,2006-07-19T22:30:00,BLOOR ST W,LANSDOWNE AVE,,2,Fatal Injury,At Intersection,Traffic Signal,Pedestrian Collision(internal code),Clear,Dark,Dry,Major Arterial,false,-79.44269097960341,43.65834426748034,2,,South,2,46,Fatal,No Equipment Available,,,Crossing with right-of-way (intersection),Normal,,Driver turns right into pedestrian crossing with right-of-way (at intersection),,,,pedestrian,34,Davenport (9),11 Division,Dufferin Grove,true,false,false,false,false,false,true,false,false,false,"{""coordinates"": [[-79.44269097960341, 43.65834426748034]], ""type"": ""MultiPoint""}"
708,2006:914314,2006-07-19T22:30:00,BLOOR ST W,LANSDOWNE AVE,,2,Fatal Injury,At Intersection,Traffic Signal,Pedestrian Collision(internal code),Clear,Dark,Dry,Major Arterial,false,-79.44269097960341,43.65834426748034,1,Automobile or Station Wagon,South,1,20,None,Lap and Shoulder Belt,Failed to yield right-of-way,Normal,,,Turning Right,,,,,driver,NA,Davenport (9),11 Division,Dufferin Grove,true,false,false,false,false,false,true,false,false,false,"{""coordinates"": [[-79.44269097960341, 43.65834426748034]], ""type"": ""MultiPoint""}"
709,2006:918378,2006-07-20T16:23:00,EGLINTON AVE W,LLOYD MANOR RD,,2,Non-Fatal Injury,,No Control,Sideswipe,Rain,Daylight,Wet,Major Arterial,false,-79.55709113195907,43.67574441085259,1,Motorcycle,East,1,41,Major,Helmet,Driving properly,Normal,,,Going Ahead,,,,,motorcyclist,NA,Etobicoke Centre (2),22 Division,Princess-Rosethorn,false,false,false,true,false,false,false,false,false,false,"{""coordinates"": [[-79.55709113195907, 43.67574441085259]], ""type"": ""MultiPoint""}"
710,2006:918378,2006-07-20T16:23:00,EGLINTON AVE W,LLOYD MANOR RD,,2,Non-Fatal Injury,,No Control,Sideswipe,Rain,Daylight,Wet,Major Arterial,false,-79.55709113195907,43.67574441085259,2,Automobile or Station Wagon,East,2,NA,None,Other Safety Equipment Used,Improper lane change,Unknown,,,Changing Lanes,,,,,driver,NA,Etobicoke Centre (2),22 Division,Princess-Rosethorn,false,false,false,true,false,false,false,false,false,false,"{""coordinates"": [[-79.55709113195907, 43.67574441085259]], ""type"": ""MultiPoint""}"
711,2006:922819,2006-07-20T16:24:00,70 MILNER AVE,,,3,Non-Fatal Injury,,No Control,Pedestrian Collision(internal code),Clear,Daylight,Dry,Minor Arterial,false,-79.25269047701711,43.78404400226819,1,,,1,NA,,Other Safety Equipment Used,,,,,,,,,,owner,NA,Scarborough North (23),42 Division,Agincourt South-Malvern West,false,true,false,false,false,false,true,false,false,false,"{""coordinates"": [[-79.25269047701711, 43.78404400226819]], ""type"": ""MultiPoint""}"
712,2006:922819,2006-07-20T16:24:00,70 MILNER AVE,,,3,Non-Fatal Injury,,No Control,Pedestrian Collision(internal code),Clear,Daylight,Dry,Minor Arterial,false,-79.25269047701711,43.78404400226819,1,Automobile or Station Wagon,West,2,33,None,Lap and Shoulder Belt,Driving properly,Normal,,,Going Ahead,,,,,driver,NA,Scarborough North (23),42 Division,Agincourt South-Malvern West,false,true,false,false,false,false,true,false,false,false,"{""coordinates"": [[-79.25269047701711, 43.78404400226819]], ""type"": ""MultiPoint""}"
713,2012:1311229,2012-07-15T16:10:00,145 NEWTON Dr,,,3,Non-Fatal Injury,,No Control,SMV Other,Clear,Daylight,Dry,Collector,false,-79.4084907178389,43.795044187032175,1,,,1,NA,,Other Safety Equipment Used,,,,,,,,,,owner,NA,Willowdale (18),32 Division,Newtonbrook East,false,true,false,false,false,false,false,false,false,false,"{""coordinates"": [[-79.4084907178389, 43.795044187032175]], ""type"": ""MultiPoint""}"
714,2006:922819,2006-07-20T16:24:00,70 MILNER AVE,,,3,Non-Fatal Injury,,No Control,Pedestrian Collision(internal code),Clear,Daylight,Dry,Minor Arterial,false,-79.25269047701711,43.78404400226819,2,,South,3,60,Major,Other Safety Equipment Used,,,Coming from behind parked vehicle or object,Inattentive,,Driver hits pedestrian walking or running out from between parked vehicles (at midblock),,,,pedestrian,NA,Scarborough North (23),42 Division,Agincourt South-Malvern West,false,true,false,false,false,false,true,false,false,false,"{""coordinates"": [[-79.25269047701711, 43.78404400226819]], ""type"": ""MultiPoint""}"
715,2006:916031,2006-07-20T17:15:00,ST MARKS RD,BROOKSIDE AVE,,3,Non-Fatal Injury,At Intersection,Stop Sign,Turning Movement,Rain,Daylight,Wet,Collector,false,-79.49149107123209,43.65984433816671,1,Automobile or Station Wagon,West,2,31,Major,Other Safety Equipment Used,Driving properly,Normal,,,Going Ahead,,,,,driver,NA,Parkdale-High Park (4),11 Division,Lambton Baby Point,false,false,false,false,false,false,false,false,false,false,"{""coordinates"": [[-79.49149107123209, 43.65984433816671]], ""type"": ""MultiPoint""}"
716,2006:916031,2006-07-20T17:15:00,ST MARKS RD,BROOKSIDE AVE,,3,Non-Fatal Injury,At Intersection,Stop Sign,Turning Movement,Rain,Daylight,Wet,Collector,false,-79.49149107123209,43.65984433816671,1,,,1,NA,,Other Safety Equipment Used,,,,,,,,,,owner,NA,Parkdale-High Park (4),11 Division,Lambton Baby Point,false,false,false,false,false,false,false,false,false,false,"{""coordinates"": [[-79.49149107123209, 43.65984433816671]], ""type"": ""MultiPoint""}"
717,2006:916031,2006-07-20T17:15:00,ST MARKS RD,BROOKSIDE AVE,,3,Non-Fatal Injury,At Intersection,Stop Sign,Turning Movement,Rain,Daylight,Wet,Collector,false,-79.49149107123209,43.65984433816671,2,Automobile or Station Wagon,South,3,31,None,Other Safety Equipment Used,Driving properly,Normal,,,Turning Left,,,,,driver,NA,Parkdale-High Park (4),11 Division,Lambton Baby Point,false,false,false,false,false,false,false,false,false,false,"{""coordinates"": [[-79.49149107123209, 43.65984433816671]], ""type"": ""MultiPoint""}"
718,2006:918693,2006-07-22T06:40:00,RICHMOND ST E,PARLIAMENT ST,,3,Non-Fatal Injury,At Intersection,Traffic Signal,Angle,Clear,Daylight,Dry,Major Arterial,false,-79.36399083303928,43.65454415301186,2,Municipal Transit Bus (TTC),North,3,43,None,Lap and Shoulder Belt,Driving properly,Normal,,,Going Ahead,,,,,driver,NA,Toronto Centre (13),51 Division,Moss Park,true,true,false,false,false,false,false,true,false,true,"{""coordinates"": [[-79.36399083303928, 43.65454415301186]], ""type"": ""MultiPoint""}"
719,2006:918693,2006-07-22T06:40:00,RICHMOND ST E,PARLIAMENT ST,,3,Non-Fatal Injury,At Intersection,Traffic Signal,Angle,Clear,Daylight,Dry,Major Arterial,false,-79.36399083303928,43.65454415301186,2,,,2,NA,None,Other Safety Equipment Used,,,,,,,,,,owner,NA,Toronto Centre (13),51 Division,Moss Park,true,true,false,false,false,false,false,true,false,true,"{""coordinates"": [[-79.36399083303928, 43.65454415301186]], ""type"": ""MultiPoint""}"
720,2006:918693,2006-07-22T06:40:00,RICHMOND ST E,PARLIAMENT ST,,3,Non-Fatal Injury,At Intersection,Traffic Signal,Angle,Clear,Daylight,Dry,Major Arterial,false,-79.36399083303928,43.65454415301186,1,Automobile or Station Wagon,West,1,50,Major,Other Safety Equipment Used,Disobeyed traffic control,Inattentive,,,Going Ahead,,,,,driver,NA,Toronto Centre (13),51 Division,Moss Park,true,true,false,false,false,false,false,true,false,true,"{""coordinates"": [[-79.36399083303928, 43.65454415301186]], ""type"": ""MultiPoint""}"
721,2006:915114,2006-07-23T05:15:00,HIGHWAY 27 S S,401 X W 427 X RAMP,,2,Non-Fatal Injury,,No Control,SMV Other,Clear,Dark,Dry,Major Arterial,false,-79.57879115315929,43.67934443463087,2,,,2,NA,None,Other Safety Equipment Used,,,,,,,,,,owner,NA,Etobicoke North (1),23 Division,West Humber-Clairville,false,false,false,false,false,false,false,false,false,false,"{""coordinates"": [[-79.57879115315929, 43.67934443463087]], ""type"": ""MultiPoint""}"
722,2006:915114,2006-07-23T05:15:00,HIGHWAY 27 S S,401 X W 427 X RAMP,,2,Non-Fatal Injury,,No Control,SMV Other,Clear,Dark,Dry,Major Arterial,false,-79.57879115315929,43.67934443463087,1,Automobile or Station Wagon,South,1,47,Major,Lap and Shoulder Belt,Other,Ability Impaired - Alcohol Over .08,,,Going Ahead,,,,,driver,NA,Etobicoke North (1),23 Division,West Humber-Clairville,false,false,false,false,false,false,false,false,false,false,"{""coordinates"": [[-79.57879115315929, 43.67934443463087]], ""type"": ""MultiPoint""}"
723,2006:914846,2006-07-23T13:57:00,VICTORIA PARK AVE,BISCAYNE BLVD,,2,Fatal Injury,,No Control,Pedestrian Collision(internal code),Rain,Daylight,Wet,Major Arterial,false,-79.30449061932113,43.72914406253449,1,Automobile or Station Wagon,North,1,37,None,Lap and Shoulder Belt,Driving properly,Normal,,,Going Ahead,,,,,driver,NA,Don Valley East (16),33 Division,Victoria Village,false,false,false,false,false,true,true,false,false,false,"{""coordinates"": [[-79.30449061932113, 43.72914406253449]], ""type"": ""MultiPoint""}"
724,2006:914846,2006-07-23T13:57:00,VICTORIA PARK AVE,BISCAYNE BLVD,,2,Fatal Injury,,No Control,Pedestrian Collision(internal code),Rain,Daylight,Wet,Major Arterial,false,-79.30449061932113,43.72914406253449,2,,West,2,71,Fatal,Other Safety Equipment Used,,,Crossing - no traffic control,Unknown,,Driver going straight hits pedestrian crossing without right-of-way (at intersection),,,,pedestrian,35,Don Valley East (16),33 Division,Victoria Village,false,false,false,false,false,true,true,false,false,false,"{""coordinates"": [[-79.30449061932113, 43.72914406253449]], ""type"": ""MultiPoint""}"
725,2006:915101,2006-07-24T13:02:00,LAKE SHORE BLVD W,JAMESON LAKESHORE RAMP,,1,Non-Fatal Injury,,No Control,Cyclist Collision,Clear,Daylight,Dry,Major Arterial,false,-79.43259100421893,43.63174426165826,1,Bicycle,East,1,31,Major,Equipment Not Used But Available,,,,,Going Ahead,,Cyclist loses control and hits object (e.g. pole or TTC track),Lost control,Unknown,cyclist,NA,Parkdale-High Park (4),14 Division,South Parkdale,false,false,true,false,false,false,false,false,false,false,"{""coordinates"": [[-79.43259100421893, 43.63174426165826]], ""type"": ""MultiPoint""}"
726,2006:918775,2006-07-24T14:28:00,STEELES AVE W,ALNESS ST,,6,Non-Fatal Injury,At Intersection,Traffic Signal,Sideswipe,Clear,Daylight,Dry,Major Arterial,false,-79.48109084703114,43.78464427467328,1,,,1,NA,,Other Safety Equipment Used,,,,,,,,,,owner,NA,York Centre (6),32 Division,York University Heights,false,true,false,false,false,false,false,false,true,false,"{""coordinates"": [[-79.48109084703114, 43.78464427467328]], ""type"": ""MultiPoint""}"
727,2006:918775,2006-07-24T14:28:00,STEELES AVE W,ALNESS ST,,6,Non-Fatal Injury,At Intersection,Traffic Signal,Sideswipe,Clear,Daylight,Dry,Major Arterial,false,-79.48109084703114,43.78464427467328,2,,,3,NA,,Other Safety Equipment Used,,,,,,,,,,owner,NA,York Centre (6),32 Division,York University Heights,false,true,false,false,false,false,false,false,true,false,"{""coordinates"": [[-79.48109084703114, 43.78464427467328]], ""type"": ""MultiPoint""}"
728,2006:918775,2006-07-24T14:28:00,STEELES AVE W,ALNESS ST,,6,Non-Fatal Injury,At Intersection,Traffic Signal,Sideswipe,Clear,Daylight,Dry,Major Arterial,false,-79.48109084703114,43.78464427467328,3,Automobile or Station Wagon,North,6,60,Major,Lap and Shoulder Belt,Driving properly,Normal,,,Going Ahead,,,,,driver,NA,York Centre (6),32 Division,York University Heights,false,true,false,false,false,false,false,false,true,false,"{""coordinates"": [[-79.48109084703114, 43.78464427467328]], ""type"": ""MultiPoint""}"
729,2006:918775,2006-07-24T14:28:00,STEELES AVE W,ALNESS ST,,6,Non-Fatal Injury,At Intersection,Traffic Signal,Sideswipe,Clear,Daylight,Dry,Major Arterial,false,-79.48109084703114,43.78464427467328,2,Automobile or Station Wagon,North,4,17,None,Lap and Shoulder Belt,Improper lane change,Inattentive,,,Turning Right,,,,,driver,NA,York Centre (6),32 Division,York University Heights,false,true,false,false,false,false,false,false,true,false,"{""coordinates"": [[-79.48109084703114, 43.78464427467328]], ""type"": ""MultiPoint""}"
730,2006:918775,2006-07-24T14:28:00,STEELES AVE W,ALNESS ST,,6,Non-Fatal Injury,At Intersection,Traffic Signal,Sideswipe,Clear,Daylight,Dry,Major Arterial,false,-79.48109084703114,43.78464427467328,1,Automobile or Station Wagon,South,2,36,None,Lap and Shoulder Belt,Driving properly,Unknown,,,Stopped,,,,,driver,NA,York Centre (6),32 Division,York University Heights,false,true,false,false,false,false,false,false,true,false,"{""coordinates"": [[-79.48109084703114, 43.78464427467328]], ""type"": ""MultiPoint""}"
731,2006:918775,2006-07-24T14:28:00,STEELES AVE W,ALNESS ST,,6,Non-Fatal Injury,At Intersection,Traffic Signal,Sideswipe,Clear,Daylight,Dry,Major Arterial,false,-79.48109084703114,43.78464427467328,3,,,5,20,Minor,Lap and Shoulder Belt,,,,,,,,,,passenger,NA,York Centre (6),32 Division,York University Heights,false,true,false,false,false,false,false,false,true,false,"{""coordinates"": [[-79.48109084703114, 43.78464427467328]], ""type"": ""MultiPoint""}"
732,2006:919231,2006-07-24T23:48:00,DON MILLS RD,DON VALLEY PARKWAY S S,,4,Non-Fatal Injury,,No Control,Approaching Head On,Clear,Dark,Dry,Major Arterial,false,-79.33769071775764,43.70024410899782,1,Automobile or Station Wagon,North,1,32,None,Use Unknown,Other,Ability Impaired - Alcohol Over .08,,,Other,,,,,driver,NA,Toronto-Danforth (14),55 Division,Old East York,false,false,false,false,false,false,false,false,false,false,"{""coordinates"": [[-79.33769071775764, 43.70024410899782]], ""type"": ""MultiPoint""}"
733,2006:919231,2006-07-24T23:48:00,DON MILLS RD,DON VALLEY PARKWAY S S,,4,Non-Fatal Injury,,No Control,Approaching Head On,Clear,Dark,Dry,Major Arterial,false,-79.33769071775764,43.70024410899782,2,,,2,25,Major,Lap and Shoulder Belt,,,,,,,,,,passenger,NA,Toronto-Danforth (14),55 Division,Old East York,false,false,false,false,false,false,false,false,false,false,"{""coordinates"": [[-79.33769071775764, 43.70024410899782]], ""type"": ""MultiPoint""}"
734,2006:919231,2006-07-24T23:48:00,DON MILLS RD,DON VALLEY PARKWAY S S,,4,Non-Fatal Injury,,No Control,Approaching Head On,Clear,Dark,Dry,Major Arterial,false,-79.33769071775764,43.70024410899782,2,,,3,NA,None,Other Safety Equipment Used,,,,,,,,,,owner,NA,Toronto-Danforth (14),55 Division,Old East York,false,false,false,false,false,false,false,false,false,false,"{""coordinates"": [[-79.33769071775764, 43.70024410899782]], ""type"": ""MultiPoint""}"
735,2006:919231,2006-07-24T23:48:00,DON MILLS RD,DON VALLEY PARKWAY S S,,4,Non-Fatal Injury,,No Control,Approaching Head On,Clear,Dark,Dry,Major Arterial,false,-79.33769071775764,43.70024410899782,2,Automobile or Station Wagon,South,4,27,Minor,Lap and Shoulder Belt,Driving properly,Normal,,,Going Ahead,,,,,driver,NA,Toronto-Danforth (14),55 Division,Old East York,false,false,false,false,false,false,false,false,false,false,"{""coordinates"": [[-79.33769071775764, 43.70024410899782]], ""type"": ""MultiPoint""}"
736,2006:915543,2006-07-26T05:44:00,NUGGET AVE,SHORTING RD,,1,Non-Fatal Injury,,Stop Sign,Approaching Head On,Clear,Daylight,Other,Minor Arterial,false,-79.25089046419384,43.796344002070086,1,Truck - Open (Flatbed),East,1,64,None,Use Unknown,Driving properly,Normal,,,Going Ahead,,,,,driver,NA,Scarborough North (23),42 Division,Agincourt South-Malvern West,false,false,false,false,false,false,false,false,false,true,"{""coordinates"": [[-79.25089046419384, 43.796344002070086]], ""type"": ""MultiPoint""}"
737,2006:915543,2006-07-26T05:44:00,NUGGET AVE,SHORTING RD,,1,Non-Fatal Injury,,Stop Sign,Approaching Head On,Clear,Daylight,Other,Minor Arterial,false,-79.25089046419384,43.796344002070086,2,Automobile or Station Wagon,West,2,30,Major,Use Unknown,Other,Normal,,,Going Ahead,,,,,driver,NA,Scarborough North (23),42 Division,Agincourt South-Malvern West,false,false,false,false,false,false,false,false,false,true,"{""coordinates"": [[-79.25089046419384, 43.796344002070086]], ""type"": ""MultiPoint""}"
738,2006:919514,2006-07-26T21:35:00,ALBION RD,ARMEL CRT,,4,Non-Fatal Injury,At Intersection,Traffic Signal,Angle,Rain,Dark,Wet,Major Arterial,false,-79.54559103215698,43.72134437218848,2,,,3,64,Minor,Lap and Shoulder Belt,,,,,,,,,,passenger,NA,Etobicoke North (1),23 Division,Elms-Old Rexdale,false,false,false,false,false,true,false,false,false,false,"{""coordinates"": [[-79.54559103215698, 43.721344372188476]], ""type"": ""MultiPoint""}"
739,2006:919514,2006-07-26T21:35:00,ALBION RD,ARMEL CRT,,4,Non-Fatal Injury,At Intersection,Traffic Signal,Angle,Rain,Dark,Wet,Major Arterial,false,-79.54559103215698,43.72134437218848,2,Automobile or Station Wagon,North,4,69,Minor,Lap and Shoulder Belt,Other,Normal,,,Going Ahead,,,,,driver,NA,Etobicoke North (1),23 Division,Elms-Old Rexdale,false,false,false,false,false,true,false,false,false,false,"{""coordinates"": [[-79.54559103215698, 43.721344372188476]], ""type"": ""MultiPoint""}"
740,2006:919514,2006-07-26T21:35:00,ALBION RD,ARMEL CRT,,4,Non-Fatal Injury,At Intersection,Traffic Signal,Angle,Rain,Dark,Wet,Major Arterial,false,-79.54559103215698,43.72134437218848,1,,,1,NA,None,Other Safety Equipment Used,,,,,,,,,,owner,NA,Etobicoke North (1),23 Division,Elms-Old Rexdale,false,false,false,false,false,true,false,false,false,false,"{""coordinates"": [[-79.54559103215698, 43.721344372188476]], ""type"": ""MultiPoint""}"
741,2006:919514,2006-07-26T21:35:00,ALBION RD,ARMEL CRT,,4,Non-Fatal Injury,At Intersection,Traffic Signal,Angle,Rain,Dark,Wet,Major Arterial,false,-79.54559103215698,43.72134437218848,1,Automobile or Station Wagon,West,2,24,Major,Lap and Shoulder Belt,Other,Normal,,,Going Ahead,,,,,driver,NA,Etobicoke North (1),23 Division,Elms-Old Rexdale,false,false,false,false,false,true,false,false,false,false,"{""coordinates"": [[-79.54559103215698, 43.721344372188476]], ""type"": ""MultiPoint""}"
742,2006:919835,2006-07-28T16:10:00,225 BIRMINGHAM ST,,,3,Non-Fatal Injury,,No Control,Cyclist Collision,Clear,Daylight,Dry,Collector,false,-79.51169120955997,43.60204439406325,1,,,3,NA,,Other Safety Equipment Used,,,,,,,,,,owner,NA,Etobicoke-Lakeshore (3),22 Division,New Toronto,true,true,true,false,false,false,false,false,false,false,"{""coordinates"": [[-79.51169120955997, 43.60204439406325]], ""type"": ""MultiPoint""}"