X_id,collision_id,accdate,stname1,stname2,stname3,per_inv,acclass,accloc,traffictl,impactype,visible,light,rdsfcond,road_class,failtorem,longitude,latitude,veh_no,vehtype,initdir,per_no,invage,injury,safequip,drivact,drivcond,pedact,pedcond,manoeuvre,pedtype,cyclistype,cycact,cyccond,road_user,fatal_no,wardname,division,neighbourhood,aggressive,distracted,cyclist,motorcyclist,other_micromobility,older_adult,pedestrian,red_light,school_child,heavy_truck,geometry
1006,2006:928049,2006-09-09T20:17:00,1132 LESLIE ST,,,7,Non-Fatal Injury,,Stop Sign,Turning Movement,Clear,Dark,Dry,Major Arterial,false,-79.350390714418,43.71864412366306,2,Automobile or Station Wagon,East,4,59,Major,Lap and Shoulder Belt,Improper turn,Had Been Drinking,,,Turning Left,,,,,driver,NA,Don Valley East (16),33 Division,Banbury-Don Mills,false,false,false,false,false,false,false,false,false,false,"{""coordinates"": [[-79.350390714418, 43.71864412366306]], ""type"": ""MultiPoint""}"
1007,2006:928049,2006-09-09T20:17:00,1132 LESLIE ST,,,7,Non-Fatal Injury,,Stop Sign,Turning Movement,Clear,Dark,Dry,Major Arterial,false,-79.350390714418,43.71864412366306,1,Automobile or Station Wagon,South,2,54,Major,Lap and Shoulder Belt,Driving properly,Normal,,,Going Ahead,,,,,driver,NA,Don Valley East (16),33 Division,Banbury-Don Mills,false,false,false,false,false,false,false,false,false,false,"{""coordinates"": [[-79.350390714418, 43.71864412366306]], ""type"": ""MultiPoint""}"
1008,2006:928049,2006-09-09T20:17:00,1132 LESLIE ST,,,7,Non-Fatal Injury,,Stop Sign,Turning Movement,Clear,Dark,Dry,Major Arterial,false,-79.350390714418,43.71864412366306,1,,,1,NA,,Other Safety Equipment Used,,,,,,,,,,owner,NA,Don Valley East (16),33 Division,Banbury-Don Mills,false,false,false,false,false,false,false,false,false,false,"{""coordinates"": [[-79.350390714418, 43.71864412366306]], ""type"": ""MultiPoint""}"
1009,2006:928049,2006-09-09T20:17:00,1132 LESLIE ST,,,7,Non-Fatal Injury,,Stop Sign,Turning Movement,Clear,Dark,Dry,Major Arterial,false,-79.350390714418,43.71864412366306,4,,,6,NA,,Other Safety Equipment Used,,,,,,,,,,owner,NA,Don Valley East (16),33 Division,Banbury-Don Mills,false,false,false,false,false,false,false,false,false,false,"{""coordinates"": [[-79.350390714418, 43.71864412366306]], ""type"": ""MultiPoint""}"
1010,2006:928049,2006-09-09T20:17:00,1132 LESLIE ST,,,7,Non-Fatal Injury,,Stop Sign,Turning Movement,Clear,Dark,Dry,Major Arterial,false,-79.350390714418,43.71864412366306,2,,,3,2,Minor,Lap and Shoulder Belt,,,,,,,,,,passenger,NA,Don Valley East (16),33 Division,Banbury-Don Mills,false,false,false,false,false,false,false,false,false,false,"{""coordinates"": [[-79.350390714418, 43.71864412366306]], ""type"": ""MultiPoint""}"
1011,2006:928049,2006-09-09T20:17:00,1132 LESLIE ST,,,7,Non-Fatal Injury,,Stop Sign,Turning Movement,Clear,Dark,Dry,Major Arterial,false,-79.350390714418,43.71864412366306,3,Automobile or Station Wagon,South,5,40,None,Other Safety Equipment Used,Driving properly,Normal,,,Stopped,,,,,driver,NA,Don Valley East (16),33 Division,Banbury-Don Mills,false,false,false,false,false,false,false,false,false,false,"{""coordinates"": [[-79.350390714418, 43.71864412366306]], ""type"": ""MultiPoint""}"
1012,2006:928049,2006-09-09T20:17:00,1132 LESLIE ST,,,7,Non-Fatal Injury,,Stop Sign,Turning Movement,Clear,Dark,Dry,Major Arterial,false,-79.350390714418,43.71864412366306,4,,,7,NA,,Other Safety Equipment Used,,,,,,,,,,owner,NA,Don Valley East (16),33 Division,Banbury-Don Mills,false,false,false,false,false,false,false,false,false,false,"{""coordinates"": [[-79.350390714418, 43.71864412366306]], ""type"": ""MultiPoint""}"
1013,2006:923176,2006-09-10T15:05:00,36 GRAYLEE AVE,,,1,Non-Fatal Injury,,No Control,SMV Other,Clear,Daylight,Dry,Local,false,-79.24749050533968,43.74234399032012,1,Automobile or Station Wagon,East,1,46,Major,Use Unknown,Lost control,Normal,,,Going Ahead,,,,,driver,NA,Scarborough Centre (21),43 Division,Eglinton East,false,false,false,false,false,false,false,false,false,false,"{""coordinates"": [[-79.24749050533968, 43.74234399032012]], ""type"": ""MultiPoint""}"
1014,2006:923394,2006-09-11T16:29:00,EGLINTON AVE E,LESLIE ST,,3,Fatal Injury,At Intersection,No Control,Cyclist Collision,Clear,Daylight,Dry,Major Arterial,false,-79.35349072381405,43.7159441281765,2,Bicycle,West,3,47,Fatal,Helmet,,,,,Going Ahead,,Sideswipe with cyclist and driver travelling in same direction,Driving Properly,Normal,cyclist,47,Don Valley West (15),53 Division,Thorncliffe Park,true,true,true,false,false,false,false,false,false,true,"{""coordinates"": [[-79.35349072381405, 43.7159441281765]], ""type"": ""MultiPoint""}"
1015,2006:923394,2006-09-11T16:29:00,EGLINTON AVE E,LESLIE ST,,3,Fatal Injury,At Intersection,No Control,Cyclist Collision,Clear,Daylight,Dry,Major Arterial,false,-79.35349072381405,43.7159441281765,1,Truck - Open (Flatbed),West,2,45,None,Other Safety Equipment Used,Improper passing,Inattentive,,,Overtaking,,,,,driver,NA,Don Valley West (15),53 Division,Thorncliffe Park,true,true,true,false,false,false,false,false,false,true,"{""coordinates"": [[-79.35349072381405, 43.7159441281765]], ""type"": ""MultiPoint""}"
1016,2006:923394,2006-09-11T16:29:00,EGLINTON AVE E,LESLIE ST,,3,Fatal Injury,At Intersection,No Control,Cyclist Collision,Clear,Daylight,Dry,Major Arterial,false,-79.35349072381405,43.7159441281765,1,,,1,NA,,Other Safety Equipment Used,,,,,,,,,,owner,NA,Don Valley West (15),53 Division,Thorncliffe Park,true,true,true,false,false,false,false,false,false,true,"{""coordinates"": [[-79.35349072381405, 43.7159441281765]], ""type"": ""MultiPoint""}"
1017,2006:923894,2006-09-12T22:08:00,F G GARDINER XY W,DOWLING AVE,,9,Non-Fatal Injury,,No Control,Pedestrian Collision(internal code),Rain,Dark,Wet,Local,false,-79.43769101009475,43.63434426852904,2,,,8,NA,None,Other Safety Equipment Used,,,,,,,,,,passenger,NA,Parkdale-High Park (4),14 Division,South Parkdale,false,false,false,false,false,false,true,false,false,false,"{""coordinates"": [[-79.43769101009475, 43.63434426852904]], ""type"": ""MultiPoint""}"
1018,2006:923894,2006-09-12T22:08:00,F G GARDINER XY W,DOWLING AVE,,9,Non-Fatal Injury,,No Control,Pedestrian Collision(internal code),Rain,Dark,Wet,Local,false,-79.43769101009475,43.63434426852904,5,,North,6,22,Major,Other Safety Equipment Used,,,Other,Unknown,,Driver hits pedestrian at midblock,,,,pedestrian,NA,Parkdale-High Park (4),14 Division,South Parkdale,false,false,false,false,false,false,true,false,false,false,"{""coordinates"": [[-79.43769101009475, 43.63434426852904]], ""type"": ""MultiPoint""}"
1019,2006:923894,2006-09-12T22:08:00,F G GARDINER XY W,DOWLING AVE,,9,Non-Fatal Injury,,No Control,Pedestrian Collision(internal code),Rain,Dark,Wet,Local,false,-79.43769101009475,43.63434426852904,3,Automobile or Station Wagon,West,9,63,None,Other Safety Equipment Used,Driving properly,Normal,,,Going Ahead,,,,,driver,NA,Parkdale-High Park (4),14 Division,South Parkdale,false,false,false,false,false,false,true,false,false,false,"{""coordinates"": [[-79.43769101009475, 43.63434426852904]], ""type"": ""MultiPoint""}"
1020,2006:923894,2006-09-12T22:08:00,F G GARDINER XY W,DOWLING AVE,,9,Non-Fatal Injury,,No Control,Pedestrian Collision(internal code),Rain,Dark,Wet,Local,false,-79.43769101009475,43.63434426852904,4,,,1,0,None,Other Safety Equipment Used,,,,,,,,,,passenger,NA,Parkdale-High Park (4),14 Division,South Parkdale,false,false,false,false,false,false,true,false,false,false,"{""coordinates"": [[-79.43769101009475, 43.63434426852904]], ""type"": ""MultiPoint""}"
1021,2006:923894,2006-09-12T22:08:00,F G GARDINER XY W,DOWLING AVE,,9,Non-Fatal Injury,,No Control,Pedestrian Collision(internal code),Rain,Dark,Wet,Local,false,-79.43769101009475,43.63434426852904,4,,,3,25,None,Other Safety Equipment Used,,,,,,,,,,passenger,NA,Parkdale-High Park (4),14 Division,South Parkdale,false,false,false,false,false,false,true,false,false,false,"{""coordinates"": [[-79.43769101009475, 43.63434426852904]], ""type"": ""MultiPoint""}"
1022,2006:923894,2006-09-12T22:08:00,F G GARDINER XY W,DOWLING AVE,,9,Non-Fatal Injury,,No Control,Pedestrian Collision(internal code),Rain,Dark,Wet,Local,false,-79.43769101009475,43.63434426852904,1,,,2,47,None,Other Safety Equipment Used,,,,,,,,,,passenger,NA,Parkdale-High Park (4),14 Division,South Parkdale,false,false,false,false,false,false,true,false,false,false,"{""coordinates"": [[-79.43769101009475, 43.63434426852904]], ""type"": ""MultiPoint""}"
1023,2006:923894,2006-09-12T22:08:00,F G GARDINER XY W,DOWLING AVE,,9,Non-Fatal Injury,,No Control,Pedestrian Collision(internal code),Rain,Dark,Wet,Local,false,-79.43769101009475,43.63434426852904,4,Automobile or Station Wagon,West,5,59,None,Other Safety Equipment Used,Driving properly,Normal,,,Going Ahead,,,,,driver,NA,Parkdale-High Park (4),14 Division,South Parkdale,false,false,false,false,false,false,true,false,false,false,"{""coordinates"": [[-79.43769101009475, 43.63434426852904]], ""type"": ""MultiPoint""}"
1024,2006:923894,2006-09-12T22:08:00,F G GARDINER XY W,DOWLING AVE,,9,Non-Fatal Injury,,No Control,Pedestrian Collision(internal code),Rain,Dark,Wet,Local,false,-79.43769101009475,43.63434426852904,1,Automobile or Station Wagon,West,7,49,None,Other Safety Equipment Used,Driving properly,Normal,,,Going Ahead,,,,,driver,NA,Parkdale-High Park (4),14 Division,South Parkdale,false,false,false,false,false,false,true,false,false,false,"{""coordinates"": [[-79.43769101009475, 43.63434426852904]], ""type"": ""MultiPoint""}"
1025,2006:924445,2006-09-12T22:26:00,MARTIN GROVE RD,LEXINGTON AVE,,2,Non-Fatal Injury,At Intersection,Traffic Signal,Angle,Rain,Dark,Wet,Minor Arterial,false,-79.59539105198257,43.744244415055746,1,Automobile or Station Wagon,South,1,30,None,Lap and Shoulder Belt,Disobeyed traffic control,Inattentive,,,Going Ahead,,,,,driver,NA,Etobicoke North (1),23 Division,West Humber-Clairville,true,true,false,false,false,false,false,true,false,false,"{""coordinates"": [[-79.59539105198257, 43.744244415055746]], ""type"": ""MultiPoint""}"
1026,2006:924445,2006-09-12T22:26:00,MARTIN GROVE RD,LEXINGTON AVE,,2,Non-Fatal Injury,At Intersection,Traffic Signal,Angle,Rain,Dark,Wet,Minor Arterial,false,-79.59539105198257,43.744244415055746,2,Automobile or Station Wagon,East,2,59,Major,Air Bag Deployed,Driving properly,Normal,,,Going Ahead,,,,,driver,NA,Etobicoke North (1),23 Division,West Humber-Clairville,true,true,false,false,false,false,false,true,false,false,"{""coordinates"": [[-79.59539105198257, 43.744244415055746]], ""type"": ""MultiPoint""}"
1027,2006:941100,2006-09-12T22:40:00,CHURCH ST,BLOOR ST E,,2,Non-Fatal Injury,,Traffic Signal,Pedestrian Collision(internal code),Rain,Dusk,Wet,Major Arterial,false,-79.38319084517215,43.671044177612,1,,,1,33,Major,Other Safety Equipment Used,,,Crossing with right-of-way (intersection),Unknown,,Driver turns right into pedestrian crossing with right-of-way (at intersection),,,,pedestrian,NA,University-Rosedale (11),51 Division,Rosedale-Moore Park,true,false,false,false,false,false,true,false,false,false,"{""coordinates"": [[-79.38319084517215, 43.671044177612]], ""type"": ""MultiPoint""}"
1028,2006:941100,2006-09-12T22:40:00,CHURCH ST,BLOOR ST E,,2,Non-Fatal Injury,,Traffic Signal,Pedestrian Collision(internal code),Rain,Dusk,Wet,Major Arterial,false,-79.38319084517215,43.671044177612,2,Automobile or Station Wagon,West,2,29,None,Lap and Shoulder Belt,Failed to yield right-of-way,Unknown,,,Turning Right,,,,,driver,NA,University-Rosedale (11),51 Division,Rosedale-Moore Park,true,false,false,false,false,false,true,false,false,false,"{""coordinates"": [[-79.38319084517215, 43.671044177612]], ""type"": ""MultiPoint""}"
1029,2006:923895,2006-09-13T21:01:00,THE WEST MALL,BURNHAMTHORPE RD,,3,Non-Fatal Injury,At Intersection,Traffic Signal,Turning Movement,Clear,Dark,Dry,Major Arterial,false,-79.56719120345335,43.64454444076301,1,,,1,62,Major,Lap and Shoulder Belt,,,,,,,,,,passenger,NA,Etobicoke Centre (2),22 Division,Etobicoke West Mall,false,false,false,false,false,true,false,false,true,false,"{""coordinates"": [[-79.56719120345335, 43.64454444076301]], ""type"": ""MultiPoint""}"
1030,2006:923895,2006-09-13T21:01:00,THE WEST MALL,BURNHAMTHORPE RD,,3,Non-Fatal Injury,At Intersection,Traffic Signal,Turning Movement,Clear,Dark,Dry,Major Arterial,false,-79.56719120345335,43.64454444076301,1,Automobile or Station Wagon,South,2,65,Major,Lap and Shoulder Belt,Improper turn,Normal,,,Turning Left,,,,,driver,NA,Etobicoke Centre (2),22 Division,Etobicoke West Mall,false,false,false,false,false,true,false,false,true,false,"{""coordinates"": [[-79.56719120345335, 43.64454444076301]], ""type"": ""MultiPoint""}"
1031,2006:923895,2006-09-13T21:01:00,THE WEST MALL,BURNHAMTHORPE RD,,3,Non-Fatal Injury,At Intersection,Traffic Signal,Turning Movement,Clear,Dark,Dry,Major Arterial,false,-79.56719120345335,43.64454444076301,2,Automobile or Station Wagon,North,3,18,Minimal,Lap and Shoulder Belt,Driving properly,Normal,,,Going Ahead,,,,,driver,NA,Etobicoke Centre (2),22 Division,Etobicoke West Mall,false,false,false,false,false,true,false,false,true,false,"{""coordinates"": [[-79.56719120345335, 43.64454444076301]], ""type"": ""MultiPoint""}"
1032,2006:928690,2006-09-15T21:59:00,DUFFERIN ST,GIBSON ST,,2,Non-Fatal Injury,,No Control,Pedestrian Collision(internal code),Clear,Dark,Dry,Major Arterial,false,-79.44809093560283,43.69034426345532,1,Automobile or Station Wagon,South,1,47,None,Lap and Shoulder Belt,Driving properly,Normal,,,Going Ahead,,,,,driver,NA,Davenport (9),13 Division,Caledonia-Fairbank,false,false,false,false,false,false,true,false,false,false,"{""coordinates"": [[-79.44809093560283, 43.69034426345532]], ""type"": ""MultiPoint""}"
1033,2006:928690,2006-09-15T21:59:00,DUFFERIN ST,GIBSON ST,,2,Non-Fatal Injury,,No Control,Pedestrian Collision(internal code),Clear,Dark,Dry,Major Arterial,false,-79.44809093560283,43.69034426345532,2,,East,2,55,Major,Other Safety Equipment Used,,,Crossing - no traffic control,Normal,,Driver going straight hits pedestrian crossing without right-of-way (at intersection),,,,pedestrian,NA,Davenport (9),13 Division,Caledonia-Fairbank,false,false,false,false,false,false,true,false,false,false,"{""coordinates"": [[-79.44809093560283, 43.69034426345532]], ""type"": ""MultiPoint""}"
1034,2006:929165,2006-09-17T00:01:00,LAWRENCE AVE W,HICKORY TREE RD,,2,Non-Fatal Injury,,No Control,Pedestrian Collision(internal code),Clear,Dark,Dry,Major Arterial,false,-79.51709103564595,43.69994435070637,1,,North,1,55,Major,Other Safety Equipment Used,,,Running onto roadway,Had Been Drinking,,Driver hits pedestrian at midblock,,,,pedestrian,NA,York South-Weston (5),12 Division,Weston,false,false,false,false,false,false,true,false,false,false,"{""coordinates"": [[-79.51709103564595, 43.69994435070637]], ""type"": ""MultiPoint""}"
1035,2006:929165,2006-09-17T00:01:00,LAWRENCE AVE W,HICKORY TREE RD,,2,Non-Fatal Injury,,No Control,Pedestrian Collision(internal code),Clear,Dark,Dry,Major Arterial,false,-79.51709103564595,43.69994435070637,2,Automobile or Station Wagon,West,2,52,None,Lap and Shoulder Belt,Driving properly,Normal,,,Going Ahead,,,,,driver,NA,York South-Weston (5),12 Division,Weston,false,false,false,false,false,false,true,false,false,false,"{""coordinates"": [[-79.51709103564595, 43.69994435070637]], ""type"": ""MultiPoint""}"
1036,2006:929172,2006-09-17T03:10:00,STEELES AVE E,ASPENWOOD DR,,3,Non-Fatal Injury,,No Control,Approaching Head On,"Airborne Matter (Fog, Mist, Smoke, Dust)",Dark,Dry,Major Arterial,false,-79.36699063631185,43.809744137758535,2,Automobile or Station Wagon,East,3,22,Major,Air Bag Deployed,Other,Fatigue/Fell Asleep,,,Going Ahead,,,,,driver,NA,Don Valley North (17),33 Division,Hillcrest Village,false,false,false,false,false,false,false,false,false,false,"{""coordinates"": [[-79.36699063631185, 43.809744137758535]], ""type"": ""MultiPoint""}"
1037,2006:929172,2006-09-17T03:10:00,STEELES AVE E,ASPENWOOD DR,,3,Non-Fatal Injury,,No Control,Approaching Head On,"Airborne Matter (Fog, Mist, Smoke, Dust)",Dark,Dry,Major Arterial,false,-79.36699063631185,43.809744137758535,1,Automobile or Station Wagon,West,2,52,Major,Air Bag Deployed,Driving properly,Normal,,,Going Ahead,,,,,driver,NA,Don Valley North (17),33 Division,Hillcrest Village,false,false,false,false,false,false,false,false,false,false,"{""coordinates"": [[-79.36699063631185, 43.809744137758535]], ""type"": ""MultiPoint""}"
1038,2006:929172,2006-09-17T03:10:00,STEELES AVE E,ASPENWOOD DR,,3,Non-Fatal Injury,,No Control,Approaching Head On,"Airborne Matter (Fog, Mist, Smoke, Dust)",Dark,Dry,Major Arterial,false,-79.36699063631185,43.809744137758535,1,,,1,2,Minor,Air Bag Deployed,,,,,,,,,,passenger,NA,Don Valley North (17),33 Division,Hillcrest Village,false,false,false,false,false,false,false,false,false,false,"{""coordinates"": [[-79.36699063631185, 43.809744137758535]], ""type"": ""MultiPoint""}"
1039,2006:929168,2006-09-17T20:19:00,QUEEN ST E,KENILWORTH AVE,,3,Non-Fatal Injury,,No Control,Cyclist Collision,Clear,Daylight,Dry,Minor Arterial,false,-79.30149069182686,43.66964406053757,3,Bicycle,East,3,20,Major,No Equipment Available,,,,,Going Ahead,,Driver turns left into path of cyclist,Driving Properly,Normal,cyclist,NA,Beaches-East York (19),55 Division,The Beaches,false,true,true,false,false,false,false,false,false,false,"{""coordinates"": [[-79.30149069182686, 43.669644060537564]], ""type"": ""MultiPoint""}"
1040,2006:929168,2006-09-17T20:19:00,QUEEN ST E,KENILWORTH AVE,,3,Non-Fatal Injury,,No Control,Cyclist Collision,Clear,Daylight,Dry,Minor Arterial,false,-79.30149069182686,43.66964406053757,2,Automobile or Station Wagon,East,2,38,None,Lap and Shoulder Belt,Lost control,Inattentive,,,Merging,,,,,driver,NA,Beaches-East York (19),55 Division,The Beaches,false,true,true,false,false,false,false,false,false,false,"{""coordinates"": [[-79.30149069182686, 43.669644060537564]], ""type"": ""MultiPoint""}"
1041,2006:929168,2006-09-17T20:19:00,QUEEN ST E,KENILWORTH AVE,,3,Non-Fatal Injury,,No Control,Cyclist Collision,Clear,Daylight,Dry,Minor Arterial,false,-79.30149069182686,43.66964406053757,1,,,1,NA,,Other Safety Equipment Used,,,,,,,,,,owner,NA,Beaches-East York (19),55 Division,The Beaches,false,true,true,false,false,false,false,false,false,false,"{""coordinates"": [[-79.30149069182686, 43.669644060537564]], ""type"": ""MultiPoint""}"
1042,2006:929484,2006-09-19T09:50:00,WALMER RD,DAVENPORT RD,,2,Non-Fatal Injury,At Intersection,Traffic Signal,Cyclist Collision,Clear,Daylight,Dry,Minor Arterial,false,-79.41039088755501,43.6768442149507,2,Bicycle,South,2,48,Major,Helmet,,,,,Turning Left,,Cyclist turns left into path of driver,Driving Properly,Normal,cyclist,NA,Toronto-St. Paul's (12),13 Division,Casa Loma,true,true,true,false,false,false,false,false,false,false,"{""coordinates"": [[-79.41039088755501, 43.6768442149507]], ""type"": ""MultiPoint""}"
1043,2006:929484,2006-09-19T09:50:00,WALMER RD,DAVENPORT RD,,2,Non-Fatal Injury,At Intersection,Traffic Signal,Cyclist Collision,Clear,Daylight,Dry,Minor Arterial,false,-79.41039088755501,43.6768442149507,1,Automobile or Station Wagon,South,1,26,None,Lap and Shoulder Belt,Failed to yield right-of-way,Inattentive,,,Going Ahead,,,,,driver,NA,Toronto-St. Paul's (12),13 Division,Casa Loma,true,true,true,false,false,false,false,false,false,false,"{""coordinates"": [[-79.41039088755501, 43.6768442149507]], ""type"": ""MultiPoint""}"
1044,2006:929545,2006-09-20T08:30:00,ISLINGTON AVE,ELMHURST DR,,6,Non-Fatal Injury,,Traffic Signal,Angle,Clear,Daylight,Dry,Major Arterial,false,-79.55889104563326,43.72314438632838,4,,,6,NA,None,Other Safety Equipment Used,,,,,,,,,,owner,NA,Etobicoke North (1),23 Division,Elms-Old Rexdale,true,false,false,false,false,true,false,true,true,false,"{""coordinates"": [[-79.55889104563326, 43.72314438632838]], ""type"": ""MultiPoint""}"
1045,2006:929545,2006-09-20T08:30:00,ISLINGTON AVE,ELMHURST DR,,6,Non-Fatal Injury,,Traffic Signal,Angle,Clear,Daylight,Dry,Major Arterial,false,-79.55889104563326,43.72314438632838,2,Automobile or Station Wagon,East,3,74,Major,Lap and Shoulder Belt,Driving properly,Normal,,,Going Ahead,,,,,driver,NA,Etobicoke North (1),23 Division,Elms-Old Rexdale,true,false,false,false,false,true,false,true,true,false,"{""coordinates"": [[-79.55889104563326, 43.72314438632838]], ""type"": ""MultiPoint""}"
1046,2006:929545,2006-09-20T08:30:00,ISLINGTON AVE,ELMHURST DR,,6,Non-Fatal Injury,,Traffic Signal,Angle,Clear,Daylight,Dry,Major Arterial,false,-79.55889104563326,43.72314438632838,3,,,4,15,Major,Lap and Shoulder Belt,,,,,,,,,,passenger,NA,Etobicoke North (1),23 Division,Elms-Old Rexdale,true,false,false,false,false,true,false,true,true,false,"{""coordinates"": [[-79.55889104563326, 43.72314438632838]], ""type"": ""MultiPoint""}"
1047,2006:929545,2006-09-20T08:30:00,ISLINGTON AVE,ELMHURST DR,,6,Non-Fatal Injury,,Traffic Signal,Angle,Clear,Daylight,Dry,Major Arterial,false,-79.55889104563326,43.72314438632838,1,Automobile or Station Wagon,West,2,68,None,Lap and Shoulder Belt,Driving properly,Normal,,,Going Ahead,,,,,driver,NA,Etobicoke North (1),23 Division,Elms-Old Rexdale,true,false,false,false,false,true,false,true,true,false,"{""coordinates"": [[-79.55889104563326, 43.72314438632838]], ""type"": ""MultiPoint""}"
1048,2006:929545,2006-09-20T08:30:00,ISLINGTON AVE,ELMHURST DR,,6,Non-Fatal Injury,,Traffic Signal,Angle,Clear,Daylight,Dry,Major Arterial,false,-79.55889104563326,43.72314438632838,1,,,1,46,Minimal,Lap and Shoulder Belt,,,,,,,,,,passenger,NA,Etobicoke North (1),23 Division,Elms-Old Rexdale,true,false,false,false,false,true,false,true,true,false,"{""coordinates"": [[-79.55889104563326, 43.72314438632838]], ""type"": ""MultiPoint""}"
1049,2006:929545,2006-09-20T08:30:00,ISLINGTON AVE,ELMHURST DR,,6,Non-Fatal Injury,,Traffic Signal,Angle,Clear,Daylight,Dry,Major Arterial,false,-79.55889104563326,43.72314438632838,3,Automobile or Station Wagon,North,5,46,Minor,Lap and Shoulder Belt,Disobeyed traffic control,Normal,,,Going Ahead,,,,,driver,NA,Etobicoke North (1),23 Division,Elms-Old Rexdale,true,false,false,false,false,true,false,true,true,false,"{""coordinates"": [[-79.55889104563326, 43.72314438632838]], ""type"": ""MultiPoint""}"
1050,2006:929596,2006-09-20T13:15:00,2440 DUNDAS ST W,,,4,Non-Fatal Injury,,No Control,Pedestrian Collision(internal code),Clear,Daylight,Dry,Minor Arterial,false,-79.45309099936911,43.658544282619175,1,Truck - Open (Flatbed),North,1,39,None,Lap and Shoulder Belt,Driving properly,Normal,,,Going Ahead,,,,,driver,NA,Parkdale-High Park (4),11 Division,High Park North,false,false,false,false,false,true,true,false,false,true,"{""coordinates"": [[-79.45309099936911, 43.658544282619175]], ""type"": ""MultiPoint""}"
1051,2006:929596,2006-09-20T13:15:00,2440 DUNDAS ST W,,,4,Non-Fatal Injury,,No Control,Pedestrian Collision(internal code),Clear,Daylight,Dry,Minor Arterial,false,-79.45309099936911,43.658544282619175,2,,,2,NA,,Other Safety Equipment Used,,,,,,,,,,owner,NA,Parkdale-High Park (4),11 Division,High Park North,false,false,false,false,false,true,true,false,false,true,"{""coordinates"": [[-79.45309099936911, 43.658544282619175]], ""type"": ""MultiPoint""}"
1052,2006:929596,2006-09-20T13:15:00,2440 DUNDAS ST W,,,4,Non-Fatal Injury,,No Control,Pedestrian Collision(internal code),Clear,Daylight,Dry,Minor Arterial,false,-79.45309099936911,43.658544282619175,2,,North,3,63,Major,Other Safety Equipment Used,,,On sidewalk or shoulder,Normal,,Driver reversing hits pedestrian,,,,pedestrian,NA,Parkdale-High Park (4),11 Division,High Park North,false,false,false,false,false,true,true,false,false,true,"{""coordinates"": [[-79.45309099936911, 43.658544282619175]], ""type"": ""MultiPoint""}"
1053,2006:929596,2006-09-20T13:15:00,2440 DUNDAS ST W,,,4,Non-Fatal Injury,,No Control,Pedestrian Collision(internal code),Clear,Daylight,Dry,Minor Arterial,false,-79.45309099936911,43.658544282619175,3,Automobile or Station Wagon,East,4,81,None,Lap and Shoulder Belt,Lost control,Normal,,,Reversing,,,,,driver,NA,Parkdale-High Park (4),11 Division,High Park North,false,false,false,false,false,true,true,false,false,true,"{""coordinates"": [[-79.45309099936911, 43.658544282619175]], ""type"": ""MultiPoint""}"
1054,2006:925612,2006-09-21T14:08:00,STEELES AVE W,BLACK HAWKWAY,,3,Non-Fatal Injury,At Intersection,Traffic Signal,Pedestrian Collision(internal code),Clear,Daylight,Dry,Major Arterial,false,-79.45759080272308,43.7898442456881,1,,,1,NA,,Other Safety Equipment Used,,,,,,,,,,owner,NA,York Centre (6),32 Division,Westminster-Branson,false,false,false,false,false,false,true,false,false,true,"{""coordinates"": [[-79.45759080272308, 43.7898442456881]], ""type"": ""MultiPoint""}"
1055,2006:925612,2006-09-21T14:08:00,STEELES AVE W,BLACK HAWKWAY,,3,Non-Fatal Injury,At Intersection,Traffic Signal,Pedestrian Collision(internal code),Clear,Daylight,Dry,Major Arterial,false,-79.45759080272308,43.7898442456881,1,Delivery Van,East,2,58,None,Other Safety Equipment Used,Driving properly,Normal,,,Going Ahead,,,,,driver,NA,York Centre (6),32 Division,Westminster-Branson,false,false,false,false,false,false,true,false,false,true,"{""coordinates"": [[-79.45759080272308, 43.7898442456881]], ""type"": ""MultiPoint""}"
1056,2006:925612,2006-09-21T14:08:00,STEELES AVE W,BLACK HAWKWAY,,3,Non-Fatal Injury,At Intersection,Traffic Signal,Pedestrian Collision(internal code),Clear,Daylight,Dry,Major Arterial,false,-79.45759080272308,43.7898442456881,2,,South,3,52,Major,Other Safety Equipment Used,,,Crossing without right-of-way (intersection),Unknown,,Driver going straight hits pedestrian crossing without right-of-way (at intersection),,,,pedestrian,NA,York Centre (6),32 Division,Westminster-Branson,false,false,false,false,false,false,true,false,false,true,"{""coordinates"": [[-79.45759080272308, 43.7898442456881]], ""type"": ""MultiPoint""}"
1057,2006:930125,2006-09-21T15:00:00,27 SELLMAR RD,,,3,Non-Fatal Injury,,No Control,Pedestrian Collision(internal code),Clear,Daylight,Dry,Local,false,-79.53389108087836,43.68714437709569,3,,Unknown,3,89,Major,Other Safety Equipment Used,,,Playing or working on highway,Normal,,Driver reversing hits pedestrian,,,,pedestrian,NA,Etobicoke Centre (2),23 Division,Willowridge-Martingrove-Richview,false,false,false,false,false,true,true,false,false,false,"{""coordinates"": [[-79.53389108087836, 43.68714437709569]], ""type"": ""MultiPoint""}"
1058,2006:930125,2006-09-21T15:00:00,27 SELLMAR RD,,,3,Non-Fatal Injury,,No Control,Pedestrian Collision(internal code),Clear,Daylight,Dry,Local,false,-79.53389108087836,43.68714437709569,1,,,1,NA,,Other Safety Equipment Used,,,,,,,,,,owner,NA,Etobicoke Centre (2),23 Division,Willowridge-Martingrove-Richview,false,false,false,false,false,true,true,false,false,false,"{""coordinates"": [[-79.53389108087836, 43.68714437709569]], ""type"": ""MultiPoint""}"
1059,2006:930125,2006-09-21T15:00:00,27 SELLMAR RD,,,3,Non-Fatal Injury,,No Control,Pedestrian Collision(internal code),Clear,Daylight,Dry,Local,false,-79.53389108087836,43.68714437709569,2,Automobile or Station Wagon,East,2,37,None,Lap and Shoulder Belt,Driving properly,Normal,,,Reversing,,,,,driver,NA,Etobicoke Centre (2),23 Division,Willowridge-Martingrove-Richview,false,false,false,false,false,true,true,false,false,false,"{""coordinates"": [[-79.53389108087836, 43.68714437709569]], ""type"": ""MultiPoint""}"