X_id,collision_id,accdate,stname1,stname2,stname3,per_inv,acclass,accloc,traffictl,impactype,visible,light,rdsfcond,road_class,failtorem,longitude,latitude,veh_no,vehtype,initdir,per_no,invage,injury,safequip,drivact,drivcond,pedact,pedcond,manoeuvre,pedtype,cyclistype,cycact,cyccond,road_user,fatal_no,wardname,division,neighbourhood,aggressive,distracted,cyclist,motorcyclist,other_micromobility,older_adult,pedestrian,red_light,school_child,heavy_truck,geometry
1060,2006:930115,2006-09-21T18:17:00,LAWRENCE AVE W,BLOSSOMFIELD DR,,2,Non-Fatal Injury,At Intersection,Traffic Signal,Turning Movement,Clear,Daylight,Dry,Major Arterial,false,-79.44839089377454,43.71524425457505,2,Automobile or Station Wagon,East,2,52,None,Lap and Shoulder Belt,Improper turn,Inattentive,,,Turning Left,,,,,driver,NA,Eglinton-Lawrence (8),32 Division,Yorkdale-Glen Park,false,true,false,true,false,false,false,false,false,false,"{""coordinates"": [[-79.44839089377454, 43.71524425457505]], ""type"": ""MultiPoint""}"
1061,2006:930115,2006-09-21T18:17:00,LAWRENCE AVE W,BLOSSOMFIELD DR,,2,Non-Fatal Injury,At Intersection,Traffic Signal,Turning Movement,Clear,Daylight,Dry,Major Arterial,false,-79.44839089377454,43.71524425457505,1,Motorcycle,West,1,32,Major,Helmet,Driving properly,Normal,,,Going Ahead,,,,,motorcyclist,NA,Eglinton-Lawrence (8),32 Division,Yorkdale-Glen Park,false,true,false,true,false,false,false,false,false,false,"{""coordinates"": [[-79.44839089377454, 43.71524425457505]], ""type"": ""MultiPoint""}"
1062,2006:929816,2006-09-22T01:27:00,DANFORTH AVE,BROADVIEW AVE,,3,Non-Fatal Injury,,Traffic Signal,Cyclist Collision,Clear,Dark,Wet,Major Arterial,false,-79.35889079156733,43.67614414193413,1,Truck - Open (Flatbed),East,2,34,None,Lap and Shoulder Belt,Improper turn,Normal,,,Turning Right,,,,,driver,NA,Toronto-Danforth (14),55 Division,North Riverdale,false,false,true,false,false,false,false,false,false,true,"{""coordinates"": [[-79.35889079156733, 43.676144141934124]], ""type"": ""MultiPoint""}"
1063,2006:929816,2006-09-22T01:27:00,DANFORTH AVE,BROADVIEW AVE,,3,Non-Fatal Injury,,Traffic Signal,Cyclist Collision,Clear,Dark,Wet,Major Arterial,false,-79.35889079156733,43.67614414193413,2,Bicycle,East,3,29,Major,No Equipment Available,,,,,Going Ahead,,Driver turns right on green or amber at signalized intersection and hits cyclist,Driving Properly,Normal,cyclist,NA,Toronto-Danforth (14),55 Division,North Riverdale,false,false,true,false,false,false,false,false,false,true,"{""coordinates"": [[-79.35889079156733, 43.676144141934124]], ""type"": ""MultiPoint""}"
1064,2006:929816,2006-09-22T01:27:00,DANFORTH AVE,BROADVIEW AVE,,3,Non-Fatal Injury,,Traffic Signal,Cyclist Collision,Clear,Dark,Wet,Major Arterial,false,-79.35889079156733,43.67614414193413,1,,,1,NA,,Other Safety Equipment Used,,,,,,,,,,owner,NA,Toronto-Danforth (14),55 Division,North Riverdale,false,false,true,false,false,false,false,false,false,true,"{""coordinates"": [[-79.35889079156733, 43.676144141934124]], ""type"": ""MultiPoint""}"
1065,2006:925837,2006-09-22T21:58:00,BRIMLEY RD,WETHERBY DR,,2,Fatal Injury,At Intersection,No Control,SMV Other,Rain,Dark,Wet,Major Arterial,false,-79.2491905119725,43.73874399177117,1,,,1,NA,,Other Safety Equipment Used,,,,,,,,,,owner,NA,Scarborough Centre (21),43 Division,Eglinton East,false,true,false,false,false,false,false,false,false,false,"{""coordinates"": [[-79.2491905119725, 43.73874399177117]], ""type"": ""MultiPoint""}"
1066,2006:925837,2006-09-22T21:58:00,BRIMLEY RD,WETHERBY DR,,2,Fatal Injury,At Intersection,No Control,SMV Other,Rain,Dark,Wet,Major Arterial,false,-79.2491905119725,43.73874399177117,1,Automobile or Station Wagon,South,2,41,Fatal,Lap and Shoulder Belt,Lost control,Inattentive,,,Turning Left,,,,,driver,48,Scarborough Centre (21),43 Division,Eglinton East,false,true,false,false,false,false,false,false,false,false,"{""coordinates"": [[-79.2491905119725, 43.73874399177117]], ""type"": ""MultiPoint""}"
1067,2006:932578,2006-09-25T08:05:00,THE WEST MALL,BURNHAMTHORPE RD,,2,Non-Fatal Injury,At Intersection,Traffic Signal,Pedestrian Collision(internal code),Clear,Daylight,Dry,Major Arterial,false,-79.56719120345335,43.64454444076301,2,,North,2,36,Major,Other Safety Equipment Used,,,Crossing with right-of-way (intersection),Normal,,Driver turns left into pedestrian crossing with right-of-way (at intersection),,,,pedestrian,NA,Etobicoke Centre (2),22 Division,Etobicoke West Mall,true,true,false,false,false,false,true,false,false,false,"{""coordinates"": [[-79.56719120345335, 43.64454444076301]], ""type"": ""MultiPoint""}"
1068,2006:932578,2006-09-25T08:05:00,THE WEST MALL,BURNHAMTHORPE RD,,2,Non-Fatal Injury,At Intersection,Traffic Signal,Pedestrian Collision(internal code),Clear,Daylight,Dry,Major Arterial,false,-79.56719120345335,43.64454444076301,1,Automobile or Station Wagon,South,1,48,None,Lap and Shoulder Belt,Failed to yield right-of-way,Inattentive,,,Turning Left,,,,,driver,NA,Etobicoke Centre (2),22 Division,Etobicoke West Mall,true,true,false,false,false,false,true,false,false,false,"{""coordinates"": [[-79.56719120345335, 43.64454444076301]], ""type"": ""MultiPoint""}"
1069,2006:926129,2006-09-25T12:42:00,BRENTCLIFFE RD,WICKSTEED AVE,,3,Non-Fatal Injury,At Intersection,Traffic Signal,Pedestrian Collision(internal code),Clear,Daylight,Dry,Minor Arterial,false,-79.3584907392759,43.7114441355621,1,,,1,NA,None,Other Safety Equipment Used,,,,,,,,,,owner,NA,Don Valley West (15),53 Division,Thorncliffe Park,true,false,false,false,false,true,true,false,false,true,"{""coordinates"": [[-79.3584907392759, 43.7114441355621]], ""type"": ""MultiPoint""}"
1070,2006:926129,2006-09-25T12:42:00,BRENTCLIFFE RD,WICKSTEED AVE,,3,Non-Fatal Injury,At Intersection,Traffic Signal,Pedestrian Collision(internal code),Clear,Daylight,Dry,Minor Arterial,false,-79.3584907392759,43.7114441355621,1,Truck - Open (Flatbed),South,2,30,None,Lap and Shoulder Belt,Failed to yield right-of-way,Normal,,,Turning Left,,,,,driver,NA,Don Valley West (15),53 Division,Thorncliffe Park,true,false,false,false,false,true,true,false,false,true,"{""coordinates"": [[-79.3584907392759, 43.7114441355621]], ""type"": ""MultiPoint""}"
1071,2006:926129,2006-09-25T12:42:00,BRENTCLIFFE RD,WICKSTEED AVE,,3,Non-Fatal Injury,At Intersection,Traffic Signal,Pedestrian Collision(internal code),Clear,Daylight,Dry,Minor Arterial,false,-79.3584907392759,43.7114441355621,2,,South,3,83,Major,Other Safety Equipment Used,,,Crossing with right-of-way (intersection),Normal,,Driver turns left into pedestrian crossing with right-of-way (at intersection),,,,pedestrian,NA,Don Valley West (15),53 Division,Thorncliffe Park,true,false,false,false,false,true,true,false,false,true,"{""coordinates"": [[-79.3584907392759, 43.7114441355621]], ""type"": ""MultiPoint""}"
1072,2006:930469,2006-09-26T14:43:00,EGLINTON AVE W,FAIRBANK AVE,,2,Non-Fatal Injury,,No Control,Pedestrian Collision(internal code),Clear,Daylight,Dry,Major Arterial,false,-79.45279093605832,43.69514426814078,1,Automobile or Station Wagon,East,1,53,None,Lap and Shoulder Belt,Failed to yield right-of-way,Inattentive,,,Turning Left,,,,,driver,NA,Davenport (9),13 Division,Caledonia-Fairbank,true,true,false,false,false,true,true,false,false,false,"{""coordinates"": [[-79.45279093605832, 43.69514426814078]], ""type"": ""MultiPoint""}"
1073,2006:930469,2006-09-26T14:43:00,EGLINTON AVE W,FAIRBANK AVE,,2,Non-Fatal Injury,,No Control,Pedestrian Collision(internal code),Clear,Daylight,Dry,Major Arterial,false,-79.45279093605832,43.69514426814078,2,,West,2,79,Major,Other Safety Equipment Used,,,Crossing with right-of-way (intersection),Normal,,Driver turns left into pedestrian crossing with right-of-way (at intersection),,,,pedestrian,NA,Davenport (9),13 Division,Caledonia-Fairbank,true,true,false,false,false,true,true,false,false,false,"{""coordinates"": [[-79.45279093605832, 43.69514426814078]], ""type"": ""MultiPoint""}"
1074,2006:926327,2006-09-26T15:25:00,ELLESMERE RD,POLLARD DR,,5,Non-Fatal Injury,,No Control,Rear End,Clear,Daylight,Dry,Major Arterial,false,-79.31109059492675,43.75884407048825,3,Automobile or Station Wagon,West,5,39,Minor,Lap and Shoulder Belt,Driving properly,Normal,,,Going Ahead,,,,,driver,NA,Scarborough Centre (21),41 Division,Wexford/Maryvale,false,false,false,false,false,false,false,false,false,false,"{""coordinates"": [[-79.31109059492675, 43.75884407048825]], ""type"": ""MultiPoint""}"
1075,2006:926327,2006-09-26T15:25:00,ELLESMERE RD,POLLARD DR,,5,Non-Fatal Injury,,No Control,Rear End,Clear,Daylight,Dry,Major Arterial,false,-79.31109059492675,43.75884407048825,2,,,2,46,Minimal,Other Safety Equipment Used,,,,,,,,,,passenger,NA,Scarborough Centre (21),41 Division,Wexford/Maryvale,false,false,false,false,false,false,false,false,false,false,"{""coordinates"": [[-79.31109059492675, 43.75884407048825]], ""type"": ""MultiPoint""}"
1076,2006:926327,2006-09-26T15:25:00,ELLESMERE RD,POLLARD DR,,5,Non-Fatal Injury,,No Control,Rear End,Clear,Daylight,Dry,Major Arterial,false,-79.31109059492675,43.75884407048825,1,,West,1,NA,None,Other Safety Equipment Used,,,,,Parked,,,,,other,NA,Scarborough Centre (21),41 Division,Wexford/Maryvale,false,false,false,false,false,false,false,false,false,false,"{""coordinates"": [[-79.31109059492675, 43.75884407048825]], ""type"": ""MultiPoint""}"
1077,2006:926327,2006-09-26T15:25:00,ELLESMERE RD,POLLARD DR,,5,Non-Fatal Injury,,No Control,Rear End,Clear,Daylight,Dry,Major Arterial,false,-79.31109059492675,43.75884407048825,3,,,4,1,Major,Child Safety Seat Used Correctly,,,,,,,,,,passenger,NA,Scarborough Centre (21),41 Division,Wexford/Maryvale,false,false,false,false,false,false,false,false,false,false,"{""coordinates"": [[-79.31109059492675, 43.75884407048825]], ""type"": ""MultiPoint""}"
1078,2006:926327,2006-09-26T15:25:00,ELLESMERE RD,POLLARD DR,,5,Non-Fatal Injury,,No Control,Rear End,Clear,Daylight,Dry,Major Arterial,false,-79.31109059492675,43.75884407048825,2,Automobile or Station Wagon,West,3,42,Minimal,Lap and Shoulder Belt,Lost control,Normal,,,Going Ahead,,,,,driver,NA,Scarborough Centre (21),41 Division,Wexford/Maryvale,false,false,false,false,false,false,false,false,false,false,"{""coordinates"": [[-79.31109059492675, 43.75884407048825]], ""type"": ""MultiPoint""}"
1079,2006:926656,2006-09-28T08:00:00,LAWRENCE AVE E,MCCOWAN RD,,2,Non-Fatal Injury,,No Control,Pedestrian Collision(internal code),Clear,Daylight,Dry,Major Arterial,false,-79.24349048611545,43.75594398793601,2,,,2,12,Major,Other Safety Equipment Used,,,Running onto roadway,Inattentive,,Driver hits pedestrian at midblock,,,,pedestrian,NA,Scarborough Centre (21),43 Division,Bendale South,false,true,false,false,false,false,true,false,true,false,"{""coordinates"": [[-79.24349048611545, 43.75594398793601]], ""type"": ""MultiPoint""}"
1080,2006:926656,2006-09-28T08:00:00,LAWRENCE AVE E,MCCOWAN RD,,2,Non-Fatal Injury,,No Control,Pedestrian Collision(internal code),Clear,Daylight,Dry,Major Arterial,false,-79.24349048611545,43.75594398793601,1,Automobile or Station Wagon,West,1,43,None,Other Safety Equipment Used,Driving properly,Normal,,,Going Ahead,,,,,driver,NA,Scarborough Centre (21),43 Division,Bendale South,false,true,false,false,false,false,true,false,true,false,"{""coordinates"": [[-79.24349048611545, 43.75594398793601]], ""type"": ""MultiPoint""}"
1081,2006:930555,2006-09-28T14:53:00,BATHURST ST,FAIRHOLME AVE,,4,Non-Fatal Injury,,No Control,Pedestrian Collision(internal code),Clear,Daylight,Dry,Major Arterial,false,-79.42969085437198,43.7189442284687,2,,,4,NA,,Other Safety Equipment Used,,,,,,,,,,owner,NA,Eglinton-Lawrence (8),53 Division,Bedford Park-Nortown,false,false,false,false,false,false,true,false,false,false,"{""coordinates"": [[-79.42969085437198, 43.7189442284687]], ""type"": ""MultiPoint""}"
1082,2006:930555,2006-09-28T14:53:00,BATHURST ST,FAIRHOLME AVE,,4,Non-Fatal Injury,,No Control,Pedestrian Collision(internal code),Clear,Daylight,Dry,Major Arterial,false,-79.42969085437198,43.7189442284687,1,Automobile or Station Wagon,South,1,55,Major,Lap and Shoulder Belt,Lost control,Unknown,,,Going Ahead,,,,,driver,NA,Eglinton-Lawrence (8),53 Division,Bedford Park-Nortown,false,false,false,false,false,false,true,false,false,false,"{""coordinates"": [[-79.42969085437198, 43.7189442284687]], ""type"": ""MultiPoint""}"
1083,2006:930555,2006-09-28T14:53:00,BATHURST ST,FAIRHOLME AVE,,4,Non-Fatal Injury,,No Control,Pedestrian Collision(internal code),Clear,Daylight,Dry,Major Arterial,false,-79.42969085437198,43.7189442284687,2,,,3,39,Minimal,Other Safety Equipment Used,,,On sidewalk or shoulder,Unknown,,Driver hits pedestrian on sidewalk or shoulder,,,,pedestrian,NA,Eglinton-Lawrence (8),53 Division,Bedford Park-Nortown,false,false,false,false,false,false,true,false,false,false,"{""coordinates"": [[-79.42969085437198, 43.7189442284687]], ""type"": ""MultiPoint""}"
1084,2006:930555,2006-09-28T14:53:00,BATHURST ST,FAIRHOLME AVE,,4,Non-Fatal Injury,,No Control,Pedestrian Collision(internal code),Clear,Daylight,Dry,Major Arterial,false,-79.42969085437198,43.7189442284687,2,,,2,NA,,Other Safety Equipment Used,,,,,,,,,,owner,NA,Eglinton-Lawrence (8),53 Division,Bedford Park-Nortown,false,false,false,false,false,false,true,false,false,false,"{""coordinates"": [[-79.42969085437198, 43.7189442284687]], ""type"": ""MultiPoint""}"
1085,2006:930634,2006-09-29T03:20:00,TRETHEWEY DR,YORKTOWN DR,,3,Non-Fatal Injury,,No Control,Approaching Head On,Clear,Dark,Dry,Minor Arterial,false,-79.47779098619364,43.69274430363856,1,Automobile or Station Wagon,South,2,45,Major,Lap and Shoulder Belt,Driving properly,Normal,,,Going Ahead,,,,,driver,NA,York South-Weston (5),12 Division,Beechborough-Greenbrook,false,false,false,false,false,false,false,false,true,false,"{""coordinates"": [[-79.47779098619364, 43.69274430363856]], ""type"": ""MultiPoint""}"
1086,2006:930634,2006-09-29T03:20:00,TRETHEWEY DR,YORKTOWN DR,,3,Non-Fatal Injury,,No Control,Approaching Head On,Clear,Dark,Dry,Minor Arterial,false,-79.47779098619364,43.69274430363856,2,Automobile or Station Wagon,North,3,32,Major,Lap and Shoulder Belt,Lost control,Ability Impaired - Alcohol Over .08,,,Going Ahead,,,,,driver,NA,York South-Weston (5),12 Division,Beechborough-Greenbrook,false,false,false,false,false,false,false,false,true,false,"{""coordinates"": [[-79.47779098619364, 43.69274430363856]], ""type"": ""MultiPoint""}"
1087,2006:930634,2006-09-29T03:20:00,TRETHEWEY DR,YORKTOWN DR,,3,Non-Fatal Injury,,No Control,Approaching Head On,Clear,Dark,Dry,Minor Arterial,false,-79.47779098619364,43.69274430363856,1,,,1,17,Minor,Lap and Shoulder Belt,,,,,,,,,,passenger,NA,York South-Weston (5),12 Division,Beechborough-Greenbrook,false,false,false,false,false,false,false,false,true,false,"{""coordinates"": [[-79.47779098619364, 43.69274430363856]], ""type"": ""MultiPoint""}"
1088,2006:944296,2006-09-30T05:10:00,DUNDAS ST W,LAKEVIEW AVE,,3,Non-Fatal Injury,,No Control,Pedestrian Collision(internal code),Clear,Dark,Dry,Minor Arterial,false,-79.4215909534754,43.649344239409714,3,,,3,41,Major,Other Safety Equipment Used,,,On sidewalk or shoulder,Normal,,Driver hits pedestrian on sidewalk or shoulder,,,,pedestrian,NA,Spadina-Fort York (10),14 Division,Trinity-Bellwoods,false,false,false,false,false,false,true,false,false,false,"{""coordinates"": [[-79.4215909534754, 43.649344239409714]], ""type"": ""MultiPoint""}"
1089,2006:944296,2006-09-30T05:10:00,DUNDAS ST W,LAKEVIEW AVE,,3,Non-Fatal Injury,,No Control,Pedestrian Collision(internal code),Clear,Dark,Dry,Minor Arterial,false,-79.4215909534754,43.649344239409714,2,Automobile or Station Wagon,East,2,34,Minor,Other Safety Equipment Used,Lost control,Ability Impaired - Alcohol Over .08,,,Going Ahead,,,,,driver,NA,Spadina-Fort York (10),14 Division,Trinity-Bellwoods,false,false,false,false,false,false,true,false,false,false,"{""coordinates"": [[-79.4215909534754, 43.649344239409714]], ""type"": ""MultiPoint""}"
1090,2006:944296,2006-09-30T05:10:00,DUNDAS ST W,LAKEVIEW AVE,,3,Non-Fatal Injury,,No Control,Pedestrian Collision(internal code),Clear,Dark,Dry,Minor Arterial,false,-79.4215909534754,43.649344239409714,1,,,1,NA,None,Other Safety Equipment Used,,,,,,,,,,other,NA,Spadina-Fort York (10),14 Division,Trinity-Bellwoods,false,false,false,false,false,false,true,false,false,false,"{""coordinates"": [[-79.4215909534754, 43.649344239409714]], ""type"": ""MultiPoint""}"
1091,2006:927010,2006-09-30T08:05:00,RONCESVALLES AVE,MARION ST,,2,Non-Fatal Injury,At Intersection,Pedestrian Crossover,Pedestrian Collision(internal code),Clear,Daylight,Dry,Minor Arterial,false,-79.4469910172988,43.64104428017443,1,,East,2,66,Major,Other Safety Equipment Used,,,Crossing - pedestrian crossover,Normal,,Driver hits pedestrian at PXO/pedestrian midblock signal,,,,pedestrian,NA,Parkdale-High Park (4),11 Division,Roncesvalles,true,false,false,false,false,true,true,false,false,false,"{""coordinates"": [[-79.4469910172988, 43.64104428017443]], ""type"": ""MultiPoint""}"
1092,2006:927010,2006-09-30T08:05:00,RONCESVALLES AVE,MARION ST,,2,Non-Fatal Injury,At Intersection,Pedestrian Crossover,Pedestrian Collision(internal code),Clear,Daylight,Dry,Minor Arterial,false,-79.4469910172988,43.64104428017443,1,Automobile or Station Wagon,North,1,NA,None,Other Safety Equipment Used,Failed to yield right-of-way,Normal,,,Going Ahead,,,,,driver,NA,Parkdale-High Park (4),11 Division,Roncesvalles,true,false,false,false,false,true,true,false,false,false,"{""coordinates"": [[-79.4469910172988, 43.64104428017443]], ""type"": ""MultiPoint""}"
1093,2006:929097,2006-09-30T19:04:00,GATEWAY BLVD,SUNNY GLENWAY,,3,Non-Fatal Injury,,Pedestrian Crossover,Pedestrian Collision(internal code),Rain,Dark,Wet,Minor Arterial,false,-79.33119069136555,43.710744099061166,1,,,1,NA,None,Other Safety Equipment Used,,,,,,,,,,owner,NA,Don Valley East (16),55 Division,Flemingdon Park,true,true,false,false,false,false,true,false,false,false,"{""coordinates"": [[-79.33119069136555, 43.710744099061166]], ""type"": ""MultiPoint""}"
1094,2006:929097,2006-09-30T19:04:00,GATEWAY BLVD,SUNNY GLENWAY,,3,Non-Fatal Injury,,Pedestrian Crossover,Pedestrian Collision(internal code),Rain,Dark,Wet,Minor Arterial,false,-79.33119069136555,43.710744099061166,1,Automobile or Station Wagon,West,2,43,None,Other Safety Equipment Used,Failed to yield right-of-way,Inattentive,,,Going Ahead,,,,,driver,NA,Don Valley East (16),55 Division,Flemingdon Park,true,true,false,false,false,false,true,false,false,false,"{""coordinates"": [[-79.33119069136555, 43.710744099061166]], ""type"": ""MultiPoint""}"
1095,2006:929097,2006-09-30T19:04:00,GATEWAY BLVD,SUNNY GLENWAY,,3,Non-Fatal Injury,,Pedestrian Crossover,Pedestrian Collision(internal code),Rain,Dark,Wet,Minor Arterial,false,-79.33119069136555,43.710744099061166,2,,North,3,27,Major,Other Safety Equipment Used,,,Crossing - pedestrian crossover,Normal,,Driver hits pedestrian at PXO/pedestrian midblock signal,,,,pedestrian,NA,Don Valley East (16),55 Division,Flemingdon Park,true,true,false,false,false,false,true,false,false,false,"{""coordinates"": [[-79.33119069136555, 43.710744099061166]], ""type"": ""MultiPoint""}"
1096,2006:930768,2006-09-30T19:10:00,MARTIN GROVE RD,ALBION RD,,2,Non-Fatal Injury,At Intersection,Traffic Signal,Pedestrian Collision(internal code),Rain,Daylight,Wet,Major Arterial,false,-79.59419105481793,43.741944415110765,2,,South,2,76,Major,Other Safety Equipment Used,,,Crossing with right-of-way (intersection),Normal,,Driver turns left into pedestrian crossing with right-of-way (at intersection),,,,pedestrian,NA,Etobicoke North (1),23 Division,Mount Olive-Silverstone-Jamestown,false,false,false,false,false,true,true,false,false,false,"{""coordinates"": [[-79.59419105481793, 43.741944415110765]], ""type"": ""MultiPoint""}"
1097,2006:930768,2006-09-30T19:10:00,MARTIN GROVE RD,ALBION RD,,2,Non-Fatal Injury,At Intersection,Traffic Signal,Pedestrian Collision(internal code),Rain,Daylight,Wet,Major Arterial,false,-79.59419105481793,43.741944415110765,1,Automobile or Station Wagon,South,1,69,None,Lap and Shoulder Belt,Improper turn,Normal,,,Turning Left,,,,,driver,NA,Etobicoke North (1),23 Division,Mount Olive-Silverstone-Jamestown,false,false,false,false,false,true,true,false,false,false,"{""coordinates"": [[-79.59419105481793, 43.741944415110765]], ""type"": ""MultiPoint""}"
1098,2006:927027,2006-09-30T20:42:00,BLOOR ST W,THE WEST MALL,,5,Non-Fatal Injury,,Traffic Signal,Turning Movement,Rain,Dark,Wet,Major Arterial,false,-79.56229121372192,43.6356444397808,3,Automobile or Station Wagon,West,4,23,Minor,Lap and Shoulder Belt,Driving properly,Normal,,,Going Ahead,,,,,driver,NA,Etobicoke Centre (2),22 Division,Etobicoke West Mall,false,false,false,false,false,true,false,false,false,false,"{""coordinates"": [[-79.56229121372192, 43.6356444397808]], ""type"": ""MultiPoint""}"
1099,2006:927027,2006-09-30T20:42:00,BLOOR ST W,THE WEST MALL,,5,Non-Fatal Injury,,Traffic Signal,Turning Movement,Rain,Dark,Wet,Major Arterial,false,-79.56229121372192,43.6356444397808,4,,,5,NA,None,Other Safety Equipment Used,,,,,,,,,,owner,NA,Etobicoke Centre (2),22 Division,Etobicoke West Mall,false,false,false,false,false,true,false,false,false,false,"{""coordinates"": [[-79.56229121372192, 43.6356444397808]], ""type"": ""MultiPoint""}"
1100,2006:927027,2006-09-30T20:42:00,BLOOR ST W,THE WEST MALL,,5,Non-Fatal Injury,,Traffic Signal,Turning Movement,Rain,Dark,Wet,Major Arterial,false,-79.56229121372192,43.6356444397808,3,,,3,NA,None,Other Safety Equipment Used,,,,,,,,,,owner,NA,Etobicoke Centre (2),22 Division,Etobicoke West Mall,false,false,false,false,false,true,false,false,false,false,"{""coordinates"": [[-79.56229121372192, 43.6356444397808]], ""type"": ""MultiPoint""}"
1101,2006:927027,2006-09-30T20:42:00,BLOOR ST W,THE WEST MALL,,5,Non-Fatal Injury,,Traffic Signal,Turning Movement,Rain,Dark,Wet,Major Arterial,false,-79.56229121372192,43.6356444397808,2,Automobile or Station Wagon,South,2,41,None,Other Safety Equipment Used,Driving properly,Normal,,,Stopped,,,,,driver,NA,Etobicoke Centre (2),22 Division,Etobicoke West Mall,false,false,false,false,false,true,false,false,false,false,"{""coordinates"": [[-79.56229121372192, 43.6356444397808]], ""type"": ""MultiPoint""}"
1102,2006:927027,2006-09-30T20:42:00,BLOOR ST W,THE WEST MALL,,5,Non-Fatal Injury,,Traffic Signal,Turning Movement,Rain,Dark,Wet,Major Arterial,false,-79.56229121372192,43.6356444397808,1,Automobile or Station Wagon,North,1,81,Major,Lap and Shoulder Belt,Improper turn,Normal,,,Turning Left,,,,,driver,NA,Etobicoke Centre (2),22 Division,Etobicoke West Mall,false,false,false,false,false,true,false,false,false,false,"{""coordinates"": [[-79.56229121372192, 43.6356444397808]], ""type"": ""MultiPoint""}"
1103,2006:927137,2006-10-01T04:13:00,KENNEDY RD,SHEPPARD AVE E,,2,Non-Fatal Injury,At Intersection,Traffic Signal,SMV Other,Clear,Dark with Artificial Lighting,Wet,Major Arterial,false,-79.28829053550513,43.783244044671235,2,,,2,NA,,Other Safety Equipment Used,,,,,,,,,,owner,NA,Scarborough-Agincourt (22),42 Division,Tam O'Shanter-Sullivan,true,false,false,false,false,false,false,false,true,false,"{""coordinates"": [[-79.28829053550513, 43.783244044671235]], ""type"": ""MultiPoint""}"
1104,2006:927137,2006-10-01T04:13:00,KENNEDY RD,SHEPPARD AVE E,,2,Non-Fatal Injury,At Intersection,Traffic Signal,SMV Other,Clear,Dark with Artificial Lighting,Wet,Major Arterial,false,-79.28829053550513,43.783244044671235,1,Automobile or Station Wagon,North,1,19,Major,Other Safety Equipment Used,Speed too fast for conditions,Had Been Drinking,,,Going Ahead,,,,,driver,NA,Scarborough-Agincourt (22),42 Division,Tam O'Shanter-Sullivan,true,false,false,false,false,false,false,false,true,false,"{""coordinates"": [[-79.28829053550513, 43.783244044671235]], ""type"": ""MultiPoint""}"
1105,2006:930852,2006-10-01T15:40:00,BIRCHMOUNT RD,EGLINTON AVE E,,3,Non-Fatal Injury,,No Control,Rear End,Clear,Daylight,Dry,Major Arterial,false,-79.27859057044736,43.73214402896792,2,Automobile or Station Wagon,North,3,66,None,Lap and Shoulder Belt,Lost control,Normal,,,Slowing or Stopping,,,,,driver,NA,Scarborough Centre (21),41 Division,Ionview,false,false,false,false,false,true,false,false,false,false,"{""coordinates"": [[-79.27859057044736, 43.73214402896792]], ""type"": ""MultiPoint""}"
1106,2006:930852,2006-10-01T15:40:00,BIRCHMOUNT RD,EGLINTON AVE E,,3,Non-Fatal Injury,,No Control,Rear End,Clear,Daylight,Dry,Major Arterial,false,-79.27859057044736,43.73214402896792,1,,,1,59,Major,Lap and Shoulder Belt,,,,,,,,,,passenger,NA,Scarborough Centre (21),41 Division,Ionview,false,false,false,false,false,true,false,false,false,false,"{""coordinates"": [[-79.27859057044736, 43.73214402896792]], ""type"": ""MultiPoint""}"
1107,2006:930852,2006-10-01T15:40:00,BIRCHMOUNT RD,EGLINTON AVE E,,3,Non-Fatal Injury,,No Control,Rear End,Clear,Daylight,Dry,Major Arterial,false,-79.27859057044736,43.73214402896792,1,Automobile or Station Wagon,North,2,87,None,Lap and Shoulder Belt,Driving properly,Normal,,,Slowing or Stopping,,,,,driver,NA,Scarborough Centre (21),41 Division,Ionview,false,false,false,false,false,true,false,false,false,false,"{""coordinates"": [[-79.27859057044736, 43.73214402896792]], ""type"": ""MultiPoint""}"
1108,2006:927151,2006-10-01T18:27:00,1143 BRIMLEY RD,,,7,Non-Fatal Injury,,No Control,Approaching Head On,Clear,Daylight,Dry,Major Arterial,false,-79.25889050397106,43.76344400667561,1,Automobile or Station Wagon,South,3,46,Major,Lap and Shoulder Belt,Driving properly,Normal,,,Going Ahead,,,,,driver,NA,Scarborough Centre (21),41 Division,Bendale-Glen Andrew,false,true,false,false,false,false,false,false,true,false,"{""coordinates"": [[-79.25889050397106, 43.76344400667561]], ""type"": ""MultiPoint""}"
1109,2006:927151,2006-10-01T18:27:00,1143 BRIMLEY RD,,,7,Non-Fatal Injury,,No Control,Approaching Head On,Clear,Daylight,Dry,Major Arterial,false,-79.25889050397106,43.76344400667561,2,,,5,NA,None,Other Safety Equipment Used,,,,,,,,,,owner,NA,Scarborough Centre (21),41 Division,Bendale-Glen Andrew,false,true,false,false,false,false,false,false,true,false,"{""coordinates"": [[-79.25889050397106, 43.76344400667561]], ""type"": ""MultiPoint""}"
1110,2006:927151,2006-10-01T18:27:00,1143 BRIMLEY RD,,,7,Non-Fatal Injury,,No Control,Approaching Head On,Clear,Daylight,Dry,Major Arterial,false,-79.25889050397106,43.76344400667561,2,Automobile or Station Wagon,North,6,24,Major,Equipment Not Used But Available,Other,Inattentive,,,Going Ahead,,,,,driver,NA,Scarborough Centre (21),41 Division,Bendale-Glen Andrew,false,true,false,false,false,false,false,false,true,false,"{""coordinates"": [[-79.25889050397106, 43.76344400667561]], ""type"": ""MultiPoint""}"
1111,2006:927151,2006-10-01T18:27:00,1143 BRIMLEY RD,,,7,Non-Fatal Injury,,No Control,Approaching Head On,Clear,Daylight,Dry,Major Arterial,false,-79.25889050397106,43.76344400667561,1,,,1,18,Major,Lap and Shoulder Belt,,,,,,,,,,passenger,NA,Scarborough Centre (21),41 Division,Bendale-Glen Andrew,false,true,false,false,false,false,false,false,true,false,"{""coordinates"": [[-79.25889050397106, 43.76344400667561]], ""type"": ""MultiPoint""}"