X_id,collision_id,accdate,stname1,stname2,stname3,per_inv,acclass,accloc,traffictl,impactype,visible,light,rdsfcond,road_class,failtorem,longitude,latitude,veh_no,vehtype,initdir,per_no,invage,injury,safequip,drivact,drivcond,pedact,pedcond,manoeuvre,pedtype,cyclistype,cycact,cyccond,road_user,fatal_no,wardname,division,neighbourhood,aggressive,distracted,cyclist,motorcyclist,other_micromobility,older_adult,pedestrian,red_light,school_child,heavy_truck,geometry
1112,2006:927151,2006-10-01T18:27:00,1143 BRIMLEY RD,,,7,Non-Fatal Injury,,No Control,Approaching Head On,Clear,Daylight,Dry,Major Arterial,false,-79.25889050397106,43.76344400667561,1,,,2,16,Minor,Lap and Shoulder Belt,,,,,,,,,,passenger,NA,Scarborough Centre (21),41 Division,Bendale-Glen Andrew,false,true,false,false,false,false,false,false,true,false,"{""coordinates"": [[-79.25889050397106, 43.76344400667561]], ""type"": ""MultiPoint""}"
1113,2006:927151,2006-10-01T18:27:00,1143 BRIMLEY RD,,,7,Non-Fatal Injury,,No Control,Approaching Head On,Clear,Daylight,Dry,Major Arterial,false,-79.25889050397106,43.76344400667561,2,,,4,22,Major,Equipment Not Used But Available,,,,,,,,,,passenger,NA,Scarborough Centre (21),41 Division,Bendale-Glen Andrew,false,true,false,false,false,false,false,false,true,false,"{""coordinates"": [[-79.25889050397106, 43.76344400667561]], ""type"": ""MultiPoint""}"
1114,2006:927151,2006-10-01T18:27:00,1143 BRIMLEY RD,,,7,Non-Fatal Injury,,No Control,Approaching Head On,Clear,Daylight,Dry,Major Arterial,false,-79.25889050397106,43.76344400667561,3,Automobile or Station Wagon,North,7,45,None,Lap and Shoulder Belt,Driving properly,Normal,,,Going Ahead,,,,,driver,NA,Scarborough Centre (21),41 Division,Bendale-Glen Andrew,false,true,false,false,false,false,false,false,true,false,"{""coordinates"": [[-79.25889050397106, 43.76344400667561]], ""type"": ""MultiPoint""}"
1115,2006:927841,2006-10-02T09:29:00,SKYMARK DR,DON MILLS RD,,2,Non-Fatal Injury,,Pedestrian Crossover,Pedestrian Collision(internal code),Clear,Daylight,Dry,Collector,false,-79.35249062917667,43.79394412124827,1,Automobile or Station Wagon,East,1,22,None,Lap and Shoulder Belt,Failed to yield right-of-way,Inattentive,,,Turning Left,,,,,driver,NA,Don Valley North (17),33 Division,Hillcrest Village,true,true,false,false,false,true,true,false,false,false,"{""coordinates"": [[-79.35249062917667, 43.79394412124827]], ""type"": ""MultiPoint""}"
1116,2006:927841,2006-10-02T09:29:00,SKYMARK DR,DON MILLS RD,,2,Non-Fatal Injury,,Pedestrian Crossover,Pedestrian Collision(internal code),Clear,Daylight,Dry,Collector,false,-79.35249062917667,43.79394412124827,2,,West,2,87,Major,Other Safety Equipment Used,,,Crossing - pedestrian crossover,Medical or Physical Disability,,Driver hits pedestrian at PXO/pedestrian midblock signal,,,,pedestrian,NA,Don Valley North (17),33 Division,Hillcrest Village,true,true,false,false,false,true,true,false,false,false,"{""coordinates"": [[-79.35249062917667, 43.79394412124827]], ""type"": ""MultiPoint""}"
1117,2006:927542,2006-10-02T13:40:00,3295 BIRCHMOUNT RD,,,4,Non-Fatal Injury,,No Control,Pedestrian Collision(internal code),Clear,Daylight,Dry,Major Arterial,false,-79.31319054851556,43.81304407604613,1,,,1,NA,None,Other Safety Equipment Used,,,,,,,,,,owner,NA,Scarborough-Agincourt (22),42 Division,Steeles,false,false,false,false,false,false,true,false,false,false,"{""coordinates"": [[-79.31319054851556, 43.81304407604613]], ""type"": ""MultiPoint""}"
1118,2006:927542,2006-10-02T13:40:00,3295 BIRCHMOUNT RD,,,4,Non-Fatal Injury,,No Control,Pedestrian Collision(internal code),Clear,Daylight,Dry,Major Arterial,false,-79.31319054851556,43.81304407604613,1,Automobile or Station Wagon,North,2,21,Minor,Lap and Shoulder Belt,Other,Unknown,,,Going Ahead,,,,,driver,NA,Scarborough-Agincourt (22),42 Division,Steeles,false,false,false,false,false,false,true,false,false,false,"{""coordinates"": [[-79.31319054851556, 43.81304407604613]], ""type"": ""MultiPoint""}"
1119,2006:927542,2006-10-02T13:40:00,3295 BIRCHMOUNT RD,,,4,Non-Fatal Injury,,No Control,Pedestrian Collision(internal code),Clear,Daylight,Dry,Major Arterial,false,-79.31319054851556,43.81304407604613,2,,,3,NA,None,Other Safety Equipment Used,,,,,,,,,,owner,NA,Scarborough-Agincourt (22),42 Division,Steeles,false,false,false,false,false,false,true,false,false,false,"{""coordinates"": [[-79.31319054851556, 43.81304407604613]], ""type"": ""MultiPoint""}"
1120,2006:927542,2006-10-02T13:40:00,3295 BIRCHMOUNT RD,,,4,Non-Fatal Injury,,No Control,Pedestrian Collision(internal code),Clear,Daylight,Dry,Major Arterial,false,-79.31319054851556,43.81304407604613,2,,,4,26,Major,Other Safety Equipment Used,,,On sidewalk or shoulder,Normal,,Driver hits pedestrian on sidewalk or shoulder,,,,pedestrian,NA,Scarborough-Agincourt (22),42 Division,Steeles,false,false,false,false,false,false,true,false,false,false,"{""coordinates"": [[-79.31319054851556, 43.81304407604613]], ""type"": ""MultiPoint""}"
1121,2006:935412,2006-10-02T23:08:00,GILROY DR,BRIGSTOCK RD,,3,Non-Fatal Injury,,No Control,Pedestrian Collision(internal code),Clear,Dark,Dry,Local,false,-79.28099054284566,43.760944033534514,2,,,3,NA,None,Other Safety Equipment Used,,,Other,Normal,,Other,,,,pedestrian,NA,Scarborough Centre (21),41 Division,Dorset Park,false,false,false,false,false,false,true,false,false,false,"{""coordinates"": [[-79.28099054284566, 43.760944033534514]], ""type"": ""MultiPoint""}"
1122,2006:935412,2006-10-02T23:08:00,GILROY DR,BRIGSTOCK RD,,3,Non-Fatal Injury,,No Control,Pedestrian Collision(internal code),Clear,Dark,Dry,Local,false,-79.28099054284566,43.760944033534514,1,,,1,NA,,Other Safety Equipment Used,,,,,,,,,,owner,NA,Scarborough Centre (21),41 Division,Dorset Park,false,false,false,false,false,false,true,false,false,false,"{""coordinates"": [[-79.28099054284566, 43.760944033534514]], ""type"": ""MultiPoint""}"
1123,2006:935412,2006-10-02T23:08:00,GILROY DR,BRIGSTOCK RD,,3,Non-Fatal Injury,,No Control,Pedestrian Collision(internal code),Clear,Dark,Dry,Local,false,-79.28099054284566,43.760944033534514,1,Automobile or Station Wagon,North,2,32,Major,Equipment Not Used But Available,Other,Normal,,,Going Ahead,,,,,driver,NA,Scarborough Centre (21),41 Division,Dorset Park,false,false,false,false,false,false,true,false,false,false,"{""coordinates"": [[-79.28099054284566, 43.760944033534514]], ""type"": ""MultiPoint""}"
1124,2006:931113,2006-10-03T10:55:00,KIPLING AVE,PENLEA AVE,,2,Non-Fatal Injury,,Pedestrian Crossover,Pedestrian Collision(internal code),Clear,Daylight,Wet,Major Arterial,false,-79.58109103967853,43.741244400915896,2,,West,2,75,Major,Other Safety Equipment Used,,,Crossing - pedestrian crossover,Normal,,Driver hits pedestrian at PXO/pedestrian midblock signal,,,,pedestrian,NA,Etobicoke North (1),23 Division,Thistletown-Beaumond Heights,true,true,false,false,false,true,true,false,false,false,"{""coordinates"": [[-79.58109103967853, 43.741244400915896]], ""type"": ""MultiPoint""}"
1125,2006:931113,2006-10-03T10:55:00,KIPLING AVE,PENLEA AVE,,2,Non-Fatal Injury,,Pedestrian Crossover,Pedestrian Collision(internal code),Clear,Daylight,Wet,Major Arterial,false,-79.58109103967853,43.741244400915896,1,Automobile or Station Wagon,South,1,55,None,Lap and Shoulder Belt,Disobeyed traffic control,Inattentive,,,Going Ahead,,,,,driver,NA,Etobicoke North (1),23 Division,Thistletown-Beaumond Heights,true,true,false,false,false,true,true,false,false,false,"{""coordinates"": [[-79.58109103967853, 43.741244400915896]], ""type"": ""MultiPoint""}"
1126,2006:931108,2006-10-03T17:28:00,STEELES AVE W,KEELE ST,,2,Non-Fatal Injury,,No Control,Pedestrian Collision(internal code),Clear,Daylight,Dry,Major Arterial,false,-79.49399087172996,43.78164429079336,2,,South,2,33,Major,Other Safety Equipment Used,,,Crossing without right-of-way (intersection),Inattentive,,Driver hits pedestrian at midblock,,,,pedestrian,NA,York Centre (6),31 Division,York University Heights,false,true,false,false,false,false,true,false,false,false,"{""coordinates"": [[-79.49399087172996, 43.78164429079336]], ""type"": ""MultiPoint""}"
1127,2006:931108,2006-10-03T17:28:00,STEELES AVE W,KEELE ST,,2,Non-Fatal Injury,,No Control,Pedestrian Collision(internal code),Clear,Daylight,Dry,Major Arterial,false,-79.49399087172996,43.78164429079336,1,Automobile or Station Wagon,West,1,63,None,Lap and Shoulder Belt,Driving properly,Normal,,,Going Ahead,,,,,driver,NA,York Centre (6),31 Division,York University Heights,false,true,false,false,false,false,true,false,false,false,"{""coordinates"": [[-79.49399087172996, 43.78164429079336]], ""type"": ""MultiPoint""}"
1128,2006:939969,2006-10-04T08:51:00,TECUMSETH ST,MITCHELL AVE,,3,Non-Fatal Injury,,No Control,Turning Movement,Rain,Daylight,Wet,Local,false,-79.40609092948277,43.64534421750841,1,Motorcycle,North,1,34,Major,Helmet,Driving properly,Normal,,,Going Ahead,,,,,motorcyclist,NA,Spadina-Fort York (10),14 Division,West Queen West,false,false,false,true,false,false,false,false,false,false,"{""coordinates"": [[-79.40609092948277, 43.64534421750841]], ""type"": ""MultiPoint""}"
1129,2006:939969,2006-10-04T08:51:00,TECUMSETH ST,MITCHELL AVE,,3,Non-Fatal Injury,,No Control,Turning Movement,Rain,Daylight,Wet,Local,false,-79.40609092948277,43.64534421750841,2,,North,3,53,None,Lap and Shoulder Belt,Improper turn,Normal,,,Turning Left,,,,,driver,NA,Spadina-Fort York (10),14 Division,West Queen West,false,false,false,true,false,false,false,false,false,false,"{""coordinates"": [[-79.40609092948277, 43.64534421750841]], ""type"": ""MultiPoint""}"
1130,2006:939969,2006-10-04T08:51:00,TECUMSETH ST,MITCHELL AVE,,3,Non-Fatal Injury,,No Control,Turning Movement,Rain,Daylight,Wet,Local,false,-79.40609092948277,43.64534421750841,2,,,2,NA,None,Other Safety Equipment Used,,,,,,,,,,owner,NA,Spadina-Fort York (10),14 Division,West Queen West,false,false,false,true,false,false,false,false,false,false,"{""coordinates"": [[-79.40609092948277, 43.64534421750841]], ""type"": ""MultiPoint""}"
1131,2006:939968,2006-10-04T12:30:00,BLOOR ST W,OSSINGTON AVE,,3,Non-Fatal Injury,,No Control,Pedestrian Collision(internal code),Rain,Daylight,Wet,Major Arterial,false,-79.42569094082602,43.66194424145438,2,,,2,NA,,Other Safety Equipment Used,,,,,,,,,,owner,NA,Davenport (9),14 Division,Palmerston-Little Italy,false,false,false,false,false,false,true,false,false,true,"{""coordinates"": [[-79.42569094082602, 43.66194424145438]], ""type"": ""MultiPoint""}"
1132,2006:939968,2006-10-04T12:30:00,BLOOR ST W,OSSINGTON AVE,,3,Non-Fatal Injury,,No Control,Pedestrian Collision(internal code),Rain,Daylight,Wet,Major Arterial,false,-79.42569094082602,43.66194424145438,2,Truck - Open (Flatbed),East,3,45,None,Lap and Shoulder Belt,Driving properly,Normal,,,Going Ahead,,,,,driver,NA,Davenport (9),14 Division,Palmerston-Little Italy,false,false,false,false,false,false,true,false,false,true,"{""coordinates"": [[-79.42569094082602, 43.66194424145438]], ""type"": ""MultiPoint""}"
1133,2006:939968,2006-10-04T12:30:00,BLOOR ST W,OSSINGTON AVE,,3,Non-Fatal Injury,,No Control,Pedestrian Collision(internal code),Rain,Daylight,Wet,Major Arterial,false,-79.42569094082602,43.66194424145438,1,,North,1,36,Major,Lap and Shoulder Belt,,,Crossing - no traffic control,Had Been Drinking,,Driver going straight hits pedestrian crossing without right-of-way (at intersection),,,,pedestrian,NA,Davenport (9),14 Division,Palmerston-Little Italy,false,false,false,false,false,false,true,false,false,true,"{""coordinates"": [[-79.42569094082602, 43.66194424145438]], ""type"": ""MultiPoint""}"
1134,2006:937408,2006-10-04T12:50:00,WARDEN AVE,BRIDLETOWNE CRCL,,6,Non-Fatal Injury,At Intersection,Traffic Signal,Pedestrian Collision(internal code),Rain,Daylight,Wet,Major Arterial,false,-79.31389056889033,43.79214407572908,2,,,5,19,Major,Other Safety Equipment Used,,,On sidewalk or shoulder,Unknown,,Driver hits pedestrian on sidewalk or shoulder,,,,pedestrian,NA,Scarborough-Agincourt (22),42 Division,L'Amoreaux West,false,false,false,false,false,true,true,false,true,false,"{""coordinates"": [[-79.31389056889033, 43.79214407572908]], ""type"": ""MultiPoint""}"
1135,2006:937408,2006-10-04T12:50:00,WARDEN AVE,BRIDLETOWNE CRCL,,6,Non-Fatal Injury,At Intersection,Traffic Signal,Pedestrian Collision(internal code),Rain,Daylight,Wet,Major Arterial,false,-79.31389056889033,43.79214407572908,2,,,2,NA,,Other Safety Equipment Used,,,,,,,,,,owner,NA,Scarborough-Agincourt (22),42 Division,L'Amoreaux West,false,false,false,false,false,true,true,false,true,false,"{""coordinates"": [[-79.31389056889033, 43.79214407572908]], ""type"": ""MultiPoint""}"
1136,2006:937408,2006-10-04T12:50:00,WARDEN AVE,BRIDLETOWNE CRCL,,6,Non-Fatal Injury,At Intersection,Traffic Signal,Pedestrian Collision(internal code),Rain,Daylight,Wet,Major Arterial,false,-79.31389056889033,43.79214407572908,2,,,3,NA,,Other Safety Equipment Used,,,,,,,,,,owner,NA,Scarborough-Agincourt (22),42 Division,L'Amoreaux West,false,false,false,false,false,true,true,false,true,false,"{""coordinates"": [[-79.31389056889033, 43.79214407572908]], ""type"": ""MultiPoint""}"
1137,2006:937408,2006-10-04T12:50:00,WARDEN AVE,BRIDLETOWNE CRCL,,6,Non-Fatal Injury,At Intersection,Traffic Signal,Pedestrian Collision(internal code),Rain,Daylight,Wet,Major Arterial,false,-79.31389056889033,43.79214407572908,2,,,4,15,Major,Other Safety Equipment Used,,,On sidewalk or shoulder,Unknown,,Driver hits pedestrian on sidewalk or shoulder,,,,pedestrian,NA,Scarborough-Agincourt (22),42 Division,L'Amoreaux West,false,false,false,false,false,true,true,false,true,false,"{""coordinates"": [[-79.31389056889033, 43.79214407572908]], ""type"": ""MultiPoint""}"
1138,2006:937408,2006-10-04T12:50:00,WARDEN AVE,BRIDLETOWNE CRCL,,6,Non-Fatal Injury,At Intersection,Traffic Signal,Pedestrian Collision(internal code),Rain,Daylight,Wet,Major Arterial,false,-79.31389056889033,43.79214407572908,1,Automobile or Station Wagon,North,1,67,Minimal,Lap and Shoulder Belt,Lost control,Medical or Physical Disability,,,Going Ahead,,,,,driver,NA,Scarborough-Agincourt (22),42 Division,L'Amoreaux West,false,false,false,false,false,true,true,false,true,false,"{""coordinates"": [[-79.31389056889033, 43.79214407572908]], ""type"": ""MultiPoint""}"
1139,2006:937408,2006-10-04T12:50:00,WARDEN AVE,BRIDLETOWNE CRCL,,6,Non-Fatal Injury,At Intersection,Traffic Signal,Pedestrian Collision(internal code),Rain,Daylight,Wet,Major Arterial,false,-79.31389056889033,43.79214407572908,3,,,6,61,Major,No Equipment Available,,,On sidewalk or shoulder,Unknown,,Driver hits pedestrian on sidewalk or shoulder,,,,pedestrian,NA,Scarborough-Agincourt (22),42 Division,L'Amoreaux West,false,false,false,false,false,true,true,false,true,false,"{""coordinates"": [[-79.31389056889033, 43.79214407572908]], ""type"": ""MultiPoint""}"
1140,2006:927912,2006-10-04T14:03:00,ISLINGTON AVE,REXDALE BLVD,,2,Non-Fatal Injury,At Intersection,No Control,SMV Other,Clear,Daylight,Dry,Major Arterial,false,-79.55499105695161,43.71444438674882,1,Automobile or Station Wagon,North,1,73,Major,Lap and Shoulder Belt,Lost control,Medical or Physical Disability,,,Going Ahead,,,,,driver,NA,Etobicoke North (1),23 Division,West Humber-Clairville,false,false,false,false,false,true,false,false,false,false,"{""coordinates"": [[-79.55499105695161, 43.71444438674882]], ""type"": ""MultiPoint""}"
1141,2006:927912,2006-10-04T14:03:00,ISLINGTON AVE,REXDALE BLVD,,2,Non-Fatal Injury,At Intersection,No Control,SMV Other,Clear,Daylight,Dry,Major Arterial,false,-79.55499105695161,43.71444438674882,2,,,2,NA,None,Other Safety Equipment Used,,,,,,,,,,owner,NA,Etobicoke North (1),23 Division,West Humber-Clairville,false,false,false,false,false,true,false,false,false,false,"{""coordinates"": [[-79.55499105695161, 43.71444438674882]], ""type"": ""MultiPoint""}"
1142,2006:935003,2006-10-04T15:00:00,ROGERS RD,KEELE ST,,2,Non-Fatal Injury,At Intersection,Traffic Signal,Pedestrian Collision(internal code),Clear,Daylight,Dry,Major Arterial,false,-79.47159099348494,43.68214429959277,1,Automobile or Station Wagon,East,1,17,None,Lap and Shoulder Belt,Disobeyed traffic control,Unknown,,,Slowing or Stopping,,,,,driver,NA,York South-Weston (5),12 Division,Keelesdale-Eglinton West,true,false,false,false,false,false,true,true,true,false,"{""coordinates"": [[-79.47159099348494, 43.682144299592764]], ""type"": ""MultiPoint""}"
1143,2006:935003,2006-10-04T15:00:00,ROGERS RD,KEELE ST,,2,Non-Fatal Injury,At Intersection,Traffic Signal,Pedestrian Collision(internal code),Clear,Daylight,Dry,Major Arterial,false,-79.47159099348494,43.68214429959277,2,,North,2,14,Major,Other Safety Equipment Used,,,Crossing with right-of-way (intersection),Unknown,,Driver going straight hits pedestrian crossing with right-of-way (at intersection),,,,pedestrian,NA,York South-Weston (5),12 Division,Keelesdale-Eglinton West,true,false,false,false,false,false,true,true,true,false,"{""coordinates"": [[-79.47159099348494, 43.682144299592764]], ""type"": ""MultiPoint""}"
1144,2006:931768,2006-10-05T15:00:00,ADELAIDE ST W,UNIVERSITY AVE,,2,Non-Fatal Injury,At Intersection,Traffic Signal,Pedestrian Collision(internal code),Clear,Daylight,Dry,Major Arterial,false,-79.38559088376238,43.64884418610061,2,,East,2,47,Major,Other Safety Equipment Used,,,Crossing without right-of-way (intersection),Inattentive,,Driver turns left into pedestrian crossing without right-of-way (at intersection),,,,pedestrian,NA,Spadina-Fort York (10),52 Division,Yonge-Bay Corridor,false,true,false,false,false,false,true,false,false,false,"{""coordinates"": [[-79.38559088376238, 43.648844186100604]], ""type"": ""MultiPoint""}"
1145,2006:931768,2006-10-05T15:00:00,ADELAIDE ST W,UNIVERSITY AVE,,2,Non-Fatal Injury,At Intersection,Traffic Signal,Pedestrian Collision(internal code),Clear,Daylight,Dry,Major Arterial,false,-79.38559088376238,43.64884418610061,1,Automobile or Station Wagon,South,1,58,None,Lap and Shoulder Belt,Driving properly,Normal,,,Turning Left,,,,,driver,NA,Spadina-Fort York (10),52 Division,Yonge-Bay Corridor,false,true,false,false,false,false,true,false,false,false,"{""coordinates"": [[-79.38559088376238, 43.648844186100604]], ""type"": ""MultiPoint""}"
1146,2006:931773,2006-10-05T19:40:00,QUEEN ST E,LOGAN AVE,,5,Non-Fatal Injury,At Intersection,Traffic Signal,Cyclist Collision,Clear,Dark,Dry,Minor Arterial,false,-79.34249078274716,43.660544120603184,3,Bicycle,North,5,31,Major,No Equipment Available,,,,,Going Ahead,,"Driver without right-of-way drives into path of cyclist (at intersection, laneway, or driveway)",Driving Properly,Normal,cyclist,NA,Toronto-Danforth (14),55 Division,South Riverdale,true,true,true,false,false,false,false,true,false,false,"{""coordinates"": [[-79.34249078274716, 43.660544120603184]], ""type"": ""MultiPoint""}"
1147,2006:931773,2006-10-05T19:40:00,QUEEN ST E,LOGAN AVE,,5,Non-Fatal Injury,At Intersection,Traffic Signal,Cyclist Collision,Clear,Dark,Dry,Minor Arterial,false,-79.34249078274716,43.660544120603184,2,,,3,NA,,Other Safety Equipment Used,,,,,,,,,,owner,NA,Toronto-Danforth (14),55 Division,South Riverdale,true,true,true,false,false,false,false,true,false,false,"{""coordinates"": [[-79.34249078274716, 43.660544120603184]], ""type"": ""MultiPoint""}"
1148,2006:931773,2006-10-05T19:40:00,QUEEN ST E,LOGAN AVE,,5,Non-Fatal Injury,At Intersection,Traffic Signal,Cyclist Collision,Clear,Dark,Dry,Minor Arterial,false,-79.34249078274716,43.660544120603184,2,,,2,37,Minimal,Lap and Shoulder Belt,,,,,,,,,,passenger,NA,Toronto-Danforth (14),55 Division,South Riverdale,true,true,true,false,false,false,false,true,false,false,"{""coordinates"": [[-79.34249078274716, 43.660544120603184]], ""type"": ""MultiPoint""}"
1149,2006:931773,2006-10-05T19:40:00,QUEEN ST E,LOGAN AVE,,5,Non-Fatal Injury,At Intersection,Traffic Signal,Cyclist Collision,Clear,Dark,Dry,Minor Arterial,false,-79.34249078274716,43.660544120603184,1,Automobile or Station Wagon,South,1,38,Minimal,Lap and Shoulder Belt,Driving properly,Normal,,,Going Ahead,,,,,driver,NA,Toronto-Danforth (14),55 Division,South Riverdale,true,true,true,false,false,false,false,true,false,false,"{""coordinates"": [[-79.34249078274716, 43.660544120603184]], ""type"": ""MultiPoint""}"
1150,2006:931773,2006-10-05T19:40:00,QUEEN ST E,LOGAN AVE,,5,Non-Fatal Injury,At Intersection,Traffic Signal,Cyclist Collision,Clear,Dark,Dry,Minor Arterial,false,-79.34249078274716,43.660544120603184,2,Automobile or Station Wagon,East,4,29,Minimal,Lap and Shoulder Belt,Disobeyed traffic control,Inattentive,,,Going Ahead,,,,,driver,NA,Toronto-Danforth (14),55 Division,South Riverdale,true,true,true,false,false,false,false,true,false,false,"{""coordinates"": [[-79.34249078274716, 43.660544120603184]], ""type"": ""MultiPoint""}"
1151,2006:928305,2006-10-05T20:34:00,ELLESMERE RD,ORTON PARK RD,,5,Non-Fatal Injury,At Intersection,Traffic Signal,Turning Movement,Clear,Dark,Dry,Major Arterial,false,-79.21709043148118,43.77974396588534,2,,West,3,33,Minor,Lap and Shoulder Belt,Failed to yield right-of-way,Normal,,,Going Ahead,,,,,driver,NA,Scarborough-Guildwood (24),43 Division,Morningside,true,false,false,false,false,false,false,false,false,false,"{""coordinates"": [[-79.21709043148118, 43.77974396588534]], ""type"": ""MultiPoint""}"
1152,2006:928305,2006-10-05T20:34:00,ELLESMERE RD,ORTON PARK RD,,5,Non-Fatal Injury,At Intersection,Traffic Signal,Turning Movement,Clear,Dark,Dry,Major Arterial,false,-79.21709043148118,43.77974396588534,2,,,2,NA,,Other Safety Equipment Used,,,,,,,,,,owner,NA,Scarborough-Guildwood (24),43 Division,Morningside,true,false,false,false,false,false,false,false,false,false,"{""coordinates"": [[-79.21709043148118, 43.77974396588534]], ""type"": ""MultiPoint""}"
1153,2006:928305,2006-10-05T20:34:00,ELLESMERE RD,ORTON PARK RD,,5,Non-Fatal Injury,At Intersection,Traffic Signal,Turning Movement,Clear,Dark,Dry,Major Arterial,false,-79.21709043148118,43.77974396588534,1,Automobile or Station Wagon,East,5,40,Major,Lap and Shoulder Belt,Driving properly,Normal,,,Going Ahead,,,,,driver,NA,Scarborough-Guildwood (24),43 Division,Morningside,true,false,false,false,false,false,false,false,false,false,"{""coordinates"": [[-79.21709043148118, 43.77974396588534]], ""type"": ""MultiPoint""}"
1154,2006:928305,2006-10-05T20:34:00,ELLESMERE RD,ORTON PARK RD,,5,Non-Fatal Injury,At Intersection,Traffic Signal,Turning Movement,Clear,Dark,Dry,Major Arterial,false,-79.21709043148118,43.77974396588534,2,,,1,2,None,Other Safety Equipment Used,,,,,,,,,,passenger,NA,Scarborough-Guildwood (24),43 Division,Morningside,true,false,false,false,false,false,false,false,false,false,"{""coordinates"": [[-79.21709043148118, 43.77974396588534]], ""type"": ""MultiPoint""}"
1155,2006:928305,2006-10-05T20:34:00,ELLESMERE RD,ORTON PARK RD,,5,Non-Fatal Injury,At Intersection,Traffic Signal,Turning Movement,Clear,Dark,Dry,Major Arterial,false,-79.21709043148118,43.77974396588534,3,Automobile or Station Wagon,South,4,NA,None,Other Safety Equipment Used,Other,Unknown,,,Turning Right,,,,,driver,NA,Scarborough-Guildwood (24),43 Division,Morningside,true,false,false,false,false,false,false,false,false,false,"{""coordinates"": [[-79.21709043148118, 43.77974396588534]], ""type"": ""MultiPoint""}"
1156,2006:931671,2006-10-06T06:38:00,LAWRENCE AVE W,KEELE ST,,2,Non-Fatal Injury,At Intersection,Traffic Signal,Turning Movement,Clear,Dawn,Dry,Major Arterial,false,-79.47809095841053,43.708644297019255,2,Automobile or Station Wagon,East,2,24,Minor,Lap and Shoulder Belt,Disobeyed traffic control,Normal,,,Going Ahead,,,,,driver,NA,York South-Weston (5),12 Division,Brookhaven-Amesbury,true,false,false,false,false,false,false,true,false,false,"{""coordinates"": [[-79.47809095841053, 43.708644297019255]], ""type"": ""MultiPoint""}"
1157,2006:931671,2006-10-06T06:38:00,LAWRENCE AVE W,KEELE ST,,2,Non-Fatal Injury,At Intersection,Traffic Signal,Turning Movement,Clear,Dawn,Dry,Major Arterial,false,-79.47809095841053,43.708644297019255,1,Automobile or Station Wagon,West,1,57,Major,Lap and Shoulder Belt,Driving properly,Normal,,,Turning Left,,,,,driver,NA,York South-Weston (5),12 Division,Brookhaven-Amesbury,true,false,false,false,false,false,false,true,false,false,"{""coordinates"": [[-79.47809095841053, 43.708644297019255]], ""type"": ""MultiPoint""}"
1158,2006:933527,2006-10-06T18:30:00,ROGERS RD,GLENHOLME AVE,,2,Non-Fatal Injury,At Intersection,Traffic Signal,Cyclist Collision,Clear,Dusk with Artificial Lighting,Dry,Minor Arterial,false,-79.44159292999727,43.68654425579053,1,Automobile or Station Wagon,West,1,78,None,Lap and Shoulder Belt,Driving properly,Normal,,,Going Ahead,,,,,driver,NA,Toronto-St. Paul's (12),13 Division,Oakwood Village,false,false,true,false,false,true,false,false,false,false,"{""coordinates"": [[-79.44159292999727, 43.68654425579053]], ""type"": ""MultiPoint""}"
1159,2006:933527,2006-10-06T18:30:00,ROGERS RD,GLENHOLME AVE,,2,Non-Fatal Injury,At Intersection,Traffic Signal,Cyclist Collision,Clear,Dusk with Artificial Lighting,Dry,Minor Arterial,false,-79.44159292999727,43.68654425579053,2,Bicycle,South,2,44,Major,No Equipment Available,,,,,Going Ahead,,"Cyclist without right-of-way rides into path of driver (at intersection, laneway, or driveway)",Disobeyed Traffic Control,Normal,cyclist,NA,Toronto-St. Paul's (12),13 Division,Oakwood Village,false,false,true,false,false,true,false,false,false,false,"{""coordinates"": [[-79.44159292999727, 43.68654425579053]], ""type"": ""MultiPoint""}"
1160,2006:932897,2006-10-07T08:50:00,ST CLAIR AVE W,MOULD AVE,,2,Non-Fatal Injury,At Intersection,No Control,Rear End,Clear,Daylight,Dry,Major Arterial,false,-79.48699104755904,43.66814432775503,2,Automobile or Station Wagon,West,2,22,None,Lap and Shoulder Belt,Following too closely,Normal,,,Going Ahead,,,,,driver,NA,York South-Weston (5),11 Division,Rockcliffe-Smythe,true,false,false,false,false,false,false,false,false,false,"{""coordinates"": [[-79.48699104755904, 43.66814432775503]], ""type"": ""MultiPoint""}"
1161,2006:932897,2006-10-07T08:50:00,ST CLAIR AVE W,MOULD AVE,,2,Non-Fatal Injury,At Intersection,No Control,Rear End,Clear,Daylight,Dry,Major Arterial,false,-79.48699104755904,43.66814432775503,1,Automobile or Station Wagon,West,1,53,Major,Lap and Shoulder Belt,Driving properly,Normal,,,Stopped,,,,,driver,NA,York South-Weston (5),11 Division,Rockcliffe-Smythe,true,false,false,false,false,false,false,false,false,false,"{""coordinates"": [[-79.48699104755904, 43.66814432775503]], ""type"": ""MultiPoint""}"
1162,2006:928810,2006-10-09T03:15:00,ALBION RD,CLAIREPORT CRES,,1,Non-Fatal Injury,,No Control,SMV Other,Clear,Dark,Dry,Major Arterial,false,-79.63419109457557,43.74744445612988,1,Automobile or Station Wagon,West,1,45,Major,Use Unknown,Lost control,Unknown,,,Going Ahead,,,,,driver,NA,Etobicoke North (1),23 Division,West Humber-Clairville,false,false,false,false,false,false,false,false,false,false,"{""coordinates"": [[-79.63419109457557, 43.74744445612988]], ""type"": ""MultiPoint""}"