X_id,collision_id,accdate,stname1,stname2,stname3,per_inv,acclass,accloc,traffictl,impactype,visible,light,rdsfcond,road_class,failtorem,longitude,latitude,veh_no,vehtype,initdir,per_no,invage,injury,safequip,drivact,drivcond,pedact,pedcond,manoeuvre,pedtype,cyclistype,cycact,cyccond,road_user,fatal_no,wardname,division,neighbourhood,aggressive,distracted,cyclist,motorcyclist,other_micromobility,older_adult,pedestrian,red_light,school_child,heavy_truck,geometry
1372,2006:940647,2006-12-07T16:30:00,PARK RD,ROSEDALE VALLEY RD,,4,Non-Fatal Injury,At Intersection,Stop Sign,Rear End,Clear,Daylight,Dry,Minor Arterial,true,-79.3840908432121,43.6734441783648,1,Automobile or Station Wagon,North,3,32,Minimal,Lap and Shoulder Belt,Driving properly,Normal,,,Stopped,,,,,driver,NA,University-Rosedale (11),53 Division,Rosedale-Moore Park,true,false,false,false,false,false,false,false,false,false,"{""coordinates"": [[-79.3840908432121, 43.673444178364804]], ""type"": ""MultiPoint""}"
1373,2006:940647,2006-12-07T16:30:00,PARK RD,ROSEDALE VALLEY RD,,4,Non-Fatal Injury,At Intersection,Stop Sign,Rear End,Clear,Daylight,Dry,Minor Arterial,true,-79.3840908432121,43.6734441783648,1,,,1,54,Major,Lap and Shoulder Belt,,,,,,,,,,passenger,NA,University-Rosedale (11),53 Division,Rosedale-Moore Park,true,false,false,false,false,false,false,false,false,false,"{""coordinates"": [[-79.3840908432121, 43.673444178364804]], ""type"": ""MultiPoint""}"
1374,2006:940647,2006-12-07T16:30:00,PARK RD,ROSEDALE VALLEY RD,,4,Non-Fatal Injury,At Intersection,Stop Sign,Rear End,Clear,Daylight,Dry,Minor Arterial,true,-79.3840908432121,43.6734441783648,1,,,2,3,Major,Lap and Shoulder Belt,,,,,,,,,,passenger,NA,University-Rosedale (11),53 Division,Rosedale-Moore Park,true,false,false,false,false,false,false,false,false,false,"{""coordinates"": [[-79.3840908432121, 43.673444178364804]], ""type"": ""MultiPoint""}"
1375,2006:940647,2006-12-07T16:30:00,PARK RD,ROSEDALE VALLEY RD,,4,Non-Fatal Injury,At Intersection,Stop Sign,Rear End,Clear,Daylight,Dry,Minor Arterial,true,-79.3840908432121,43.6734441783648,2,Automobile or Station Wagon,North,4,41,Major,Other Safety Equipment Used,Following too closely,Unknown,,,Unknown,,,,,driver,NA,University-Rosedale (11),53 Division,Rosedale-Moore Park,true,false,false,false,false,false,false,false,false,false,"{""coordinates"": [[-79.3840908432121, 43.673444178364804]], ""type"": ""MultiPoint""}"
1376,2006:943330,2006-12-07T18:00:00,40 KING St W,,,2,Non-Fatal Injury,,No Control,Cyclist Collision,Clear,Dark,Dry,Major Arterial,false,-79.37939087161588,43.64884417689281,1,Automobile or Station Wagon,,1,42,None,Other Safety Equipment Used,Other,Inattentive,,,Stopped,,,,,driver,NA,Toronto Centre (13),52 Division,Yonge-Bay Corridor,false,true,true,false,false,false,false,false,false,false,"{""coordinates"": [[-79.37939087161588, 43.64884417689281]], ""type"": ""MultiPoint""}"
1377,2006:943330,2006-12-07T18:00:00,40 KING St W,,,2,Non-Fatal Injury,,No Control,Cyclist Collision,Clear,Dark,Dry,Major Arterial,false,-79.37939087161588,43.64884417689281,2,Bicycle,West,2,28,Major,Helmet,,,,,Overtaking,,Dooring,Driving Properly,Normal,cyclist,NA,Toronto Centre (13),52 Division,Yonge-Bay Corridor,false,true,true,false,false,false,false,false,false,false,"{""coordinates"": [[-79.37939087161588, 43.64884417689281]], ""type"": ""MultiPoint""}"
1378,2006:957584,2006-12-07T20:08:00,SENLAC RD,FINCH AVE W,,3,Non-Fatal Injury,,Traffic Signal,Pedestrian Collision(internal code),Snow,Dark,Wet,Major Arterial,false,-79.43029077396632,43.77644421525853,2,,South,3,13,Major,Other Safety Equipment Used,,,Crossing with right-of-way (intersection),Normal,,Driver turns left into pedestrian crossing with right-of-way (at intersection),,,,pedestrian,NA,Willowdale (18),32 Division,Willowdale West,true,true,false,false,false,false,true,false,true,false,"{""coordinates"": [[-79.43029077396632, 43.77644421525853]], ""type"": ""MultiPoint""}"
1379,2006:957584,2006-12-07T20:08:00,SENLAC RD,FINCH AVE W,,3,Non-Fatal Injury,,Traffic Signal,Pedestrian Collision(internal code),Snow,Dark,Wet,Major Arterial,false,-79.43029077396632,43.77644421525853,1,Automobile or Station Wagon,North,1,22,None,Lap and Shoulder Belt,Failed to yield right-of-way,Inattentive,,,Turning Left,,,,,driver,NA,Willowdale (18),32 Division,Willowdale West,true,true,false,false,false,false,true,false,true,false,"{""coordinates"": [[-79.43029077396632, 43.77644421525853]], ""type"": ""MultiPoint""}"
1380,2006:957584,2006-12-07T20:08:00,SENLAC RD,FINCH AVE W,,3,Non-Fatal Injury,,Traffic Signal,Pedestrian Collision(internal code),Snow,Dark,Wet,Major Arterial,false,-79.43029077396632,43.77644421525853,2,,South,2,42,Minor,Other Safety Equipment Used,,,Crossing with right-of-way (intersection),Normal,,Driver turns left into pedestrian crossing with right-of-way (at intersection),,,,pedestrian,NA,Willowdale (18),32 Division,Willowdale West,true,true,false,false,false,false,true,false,true,false,"{""coordinates"": [[-79.43029077396632, 43.77644421525853]], ""type"": ""MultiPoint""}"
1381,2006:943367,2006-12-08T10:24:00,ST CLAIR Ave W,WINONA Dr,,4,Non-Fatal Injury,,Traffic Signal,Sideswipe,Clear,Daylight,Dry,Major Arterial,false,-79.43249092354314,43.68024424518989,2,Automobile or Station Wagon,East,4,22,Minor,Lap and Shoulder Belt,Improper turn,Normal,,,Turning Left,,,,,driver,NA,Toronto-St. Paul's (12),13 Division,Wychwood,false,false,false,false,false,false,false,false,false,true,"{""coordinates"": [[-79.43249092354314, 43.68024424518989]], ""type"": ""MultiPoint""}"
1382,2006:943367,2006-12-08T10:24:00,ST CLAIR Ave W,WINONA Dr,,4,Non-Fatal Injury,,Traffic Signal,Sideswipe,Clear,Daylight,Dry,Major Arterial,false,-79.43249092354314,43.68024424518989,2,,,3,22,Major,Other Safety Equipment Used,,,,,,,,,,passenger,NA,Toronto-St. Paul's (12),13 Division,Wychwood,false,false,false,false,false,false,false,false,false,true,"{""coordinates"": [[-79.43249092354314, 43.68024424518989]], ""type"": ""MultiPoint""}"
1383,2006:943367,2006-12-08T10:24:00,ST CLAIR Ave W,WINONA Dr,,4,Non-Fatal Injury,,Traffic Signal,Sideswipe,Clear,Daylight,Dry,Major Arterial,false,-79.43249092354314,43.68024424518989,1,Truck - Open (Flatbed),East,2,32,None,Lap and Shoulder Belt,Driving properly,Normal,,,Going Ahead,,,,,driver,NA,Toronto-St. Paul's (12),13 Division,Wychwood,false,false,false,false,false,false,false,false,false,true,"{""coordinates"": [[-79.43249092354314, 43.68024424518989]], ""type"": ""MultiPoint""}"
1384,2006:943367,2006-12-08T10:24:00,ST CLAIR Ave W,WINONA Dr,,4,Non-Fatal Injury,,Traffic Signal,Sideswipe,Clear,Daylight,Dry,Major Arterial,false,-79.43249092354314,43.68024424518989,1,,,1,NA,None,Other Safety Equipment Used,,,,,,,,,,owner,NA,Toronto-St. Paul's (12),13 Division,Wychwood,false,false,false,false,false,false,false,false,false,true,"{""coordinates"": [[-79.43249092354314, 43.68024424518989]], ""type"": ""MultiPoint""}"
1385,2006:940775,2006-12-08T17:19:00,JANE ST,BEXLEY CRES,,3,Fatal Injury,,No Control,Pedestrian Collision(internal code),Clear,Dark,Dry,Major Arterial,false,-79.49759104502532,43.680544336973995,2,Automobile or Station Wagon,South,3,73,None,Lap and Shoulder Belt,Driving properly,Normal,,,Going Ahead,,,,,driver,NA,York South-Weston (5),12 Division,Rockcliffe-Smythe,false,false,false,false,false,true,true,false,false,false,"{""coordinates"": [[-79.49759104502532, 43.680544336973995]], ""type"": ""MultiPoint""}"
1386,2006:940775,2006-12-08T17:19:00,JANE ST,BEXLEY CRES,,3,Fatal Injury,,No Control,Pedestrian Collision(internal code),Clear,Dark,Dry,Major Arterial,false,-79.49759104502532,43.680544336973995,1,,East,1,58,Fatal,No Equipment Available,,,Crossing - no traffic control,Unknown,,Driver going straight hits pedestrian crossing without right-of-way (at intersection),,,,pedestrian,55,York South-Weston (5),12 Division,Rockcliffe-Smythe,false,false,false,false,false,true,true,false,false,false,"{""coordinates"": [[-79.49759104502532, 43.680544336973995]], ""type"": ""MultiPoint""}"
1387,2006:940775,2006-12-08T17:19:00,JANE ST,BEXLEY CRES,,3,Fatal Injury,,No Control,Pedestrian Collision(internal code),Clear,Dark,Dry,Major Arterial,false,-79.49759104502532,43.680544336973995,2,,,2,76,None,Lap and Shoulder Belt,,,,,,,,,,passenger,NA,York South-Weston (5),12 Division,Rockcliffe-Smythe,false,false,false,false,false,true,true,false,false,false,"{""coordinates"": [[-79.49759104502532, 43.680544336973995]], ""type"": ""MultiPoint""}"
1388,2006:940858,2006-12-08T22:50:00,BAY ST,YORKVILLE AVE,,5,Non-Fatal Injury,,No Control,Approaching Head On,Clear,Dark,Dry,Major Arterial,false,-79.39039085745596,43.6719441877187,2,Automobile or Station Wagon,North,5,35,Minimal,Other Safety Equipment Used,Driving properly,Normal,,,Going Ahead,,,,,driver,NA,University-Rosedale (11),53 Division,Annex,false,false,false,false,false,false,false,false,true,false,"{""coordinates"": [[-79.39039085745596, 43.6719441877187]], ""type"": ""MultiPoint""}"
1389,2006:940858,2006-12-08T22:50:00,BAY ST,YORKVILLE AVE,,5,Non-Fatal Injury,,No Control,Approaching Head On,Clear,Dark,Dry,Major Arterial,false,-79.39039085745596,43.6719441877187,2,,,2,7,Major,Other Safety Equipment Used,,,,,,,,,,passenger,NA,University-Rosedale (11),53 Division,Annex,false,false,false,false,false,false,false,false,true,false,"{""coordinates"": [[-79.39039085745596, 43.6719441877187]], ""type"": ""MultiPoint""}"
1390,2006:940858,2006-12-08T22:50:00,BAY ST,YORKVILLE AVE,,5,Non-Fatal Injury,,No Control,Approaching Head On,Clear,Dark,Dry,Major Arterial,false,-79.39039085745596,43.6719441877187,2,,,4,0,Minimal,Other Safety Equipment Used,,,,,,,,,,passenger,NA,University-Rosedale (11),53 Division,Annex,false,false,false,false,false,false,false,false,true,false,"{""coordinates"": [[-79.39039085745596, 43.6719441877187]], ""type"": ""MultiPoint""}"
1391,2006:940858,2006-12-08T22:50:00,BAY ST,YORKVILLE AVE,,5,Non-Fatal Injury,,No Control,Approaching Head On,Clear,Dark,Dry,Major Arterial,false,-79.39039085745596,43.6719441877187,1,Automobile or Station Wagon,South,1,40,None,Other Safety Equipment Used,Lost control,Ability Impaired - Alcohol Over .08,,,Going Ahead,,,,,driver,NA,University-Rosedale (11),53 Division,Annex,false,false,false,false,false,false,false,false,true,false,"{""coordinates"": [[-79.39039085745596, 43.6719441877187]], ""type"": ""MultiPoint""}"
1392,2006:940858,2006-12-08T22:50:00,BAY ST,YORKVILLE AVE,,5,Non-Fatal Injury,,No Control,Approaching Head On,Clear,Dark,Dry,Major Arterial,false,-79.39039085745596,43.6719441877187,2,,,3,9,Minimal,Other Safety Equipment Used,,,,,,,,,,passenger,NA,University-Rosedale (11),53 Division,Annex,false,false,false,false,false,false,false,false,true,false,"{""coordinates"": [[-79.39039085745596, 43.6719441877187]], ""type"": ""MultiPoint""}"
1393,2006:944350,2006-12-10T00:20:00,LAWRENCE AVE W,ROSEWELL AVE,,2,Non-Fatal Injury,,No Control,Pedestrian Collision(internal code),Clear,Dark,Dry,Major Arterial,false,-79.41269081785292,43.72294420483001,2,,North,2,19,Major,No Equipment Available,,,Crossing - no traffic control,Ability Impaired - Alcohol,,Driver hits pedestrian at midblock,,,,pedestrian,NA,Eglinton-Lawrence (8),32 Division,Lawrence Park North,false,false,false,false,false,false,true,false,true,false,"{""coordinates"": [[-79.41269081785292, 43.72294420483001]], ""type"": ""MultiPoint""}"
1394,2006:944350,2006-12-10T00:20:00,LAWRENCE AVE W,ROSEWELL AVE,,2,Non-Fatal Injury,,No Control,Pedestrian Collision(internal code),Clear,Dark,Dry,Major Arterial,false,-79.41269081785292,43.72294420483001,1,Automobile or Station Wagon,East,1,30,None,Lap and Shoulder Belt,Driving properly,Normal,,,Going Ahead,,,,,driver,NA,Eglinton-Lawrence (8),32 Division,Lawrence Park North,false,false,false,false,false,false,true,false,true,false,"{""coordinates"": [[-79.41269081785292, 43.72294420483001]], ""type"": ""MultiPoint""}"
1395,2006:940984,2006-12-10T08:31:00,KING ST W,JOHN ST,,3,Non-Fatal Injury,At Intersection,Traffic Signal,Angle,Clear,Daylight,Dry,Major Arterial,false,-79.38979089554249,43.64654419288361,3,Automobile or Station Wagon,North,3,26,Minor,Lap and Shoulder Belt,Other,Normal,,,Going Ahead,,,,,driver,NA,Spadina-Fort York (10),52 Division,Wellington Place,false,false,false,false,false,true,false,false,false,false,"{""coordinates"": [[-79.38979089554249, 43.64654419288361]], ""type"": ""MultiPoint""}"
1396,2006:940984,2006-12-10T08:31:00,KING ST W,JOHN ST,,3,Non-Fatal Injury,At Intersection,Traffic Signal,Angle,Clear,Daylight,Dry,Major Arterial,false,-79.38979089554249,43.64654419288361,1,Automobile or Station Wagon,West,1,63,Major,Lap and Shoulder Belt,Other,Normal,,,Going Ahead,,,,,driver,NA,Spadina-Fort York (10),52 Division,Wellington Place,false,false,false,false,false,true,false,false,false,false,"{""coordinates"": [[-79.38979089554249, 43.64654419288361]], ""type"": ""MultiPoint""}"
1397,2006:940984,2006-12-10T08:31:00,KING ST W,JOHN ST,,3,Non-Fatal Injury,At Intersection,Traffic Signal,Angle,Clear,Daylight,Dry,Major Arterial,false,-79.38979089554249,43.64654419288361,2,,,2,99,None,Other Safety Equipment Used,,,,,,,,,,other,NA,Spadina-Fort York (10),52 Division,Wellington Place,false,false,false,false,false,true,false,false,false,false,"{""coordinates"": [[-79.38979089554249, 43.64654419288361]], ""type"": ""MultiPoint""}"
1398,2006:944952,2006-12-10T14:05:00,YONGE ST,WANLESS AVE,,2,Non-Fatal Injury,At Intersection,Stop Sign,Pedestrian Collision(internal code),Clear,Daylight,Dry,Major Arterial,false,-79.40249079469666,43.72624419055852,1,,South,1,63,Major,Other Safety Equipment Used,,,Crossing with right-of-way (intersection),Unknown,,Driver turns left into pedestrian crossing with right-of-way (at intersection),,,,pedestrian,NA,Don Valley West (15),32 Division,Lawrence Park North,true,false,false,false,false,false,true,false,false,false,"{""coordinates"": [[-79.40249079469666, 43.72624419055852]], ""type"": ""MultiPoint""}"
1399,2006:946102,2006-12-24T00:30:00,YONGE ST,MC NAIRN AVE,,6,Non-Fatal Injury,,No Control,Approaching Head On,Clear,Dark,Dry,Major Arterial,false,-79.40489078384122,43.73574419110462,3,,,3,36,Minor,Lap and Shoulder Belt,,,,,,,,,,passenger,NA,Eglinton-Lawrence (8),32 Division,Lawrence Park North,false,false,false,false,false,false,false,false,true,false,"{""coordinates"": [[-79.40489078384122, 43.73574419110462]], ""type"": ""MultiPoint""}"
1400,2006:944952,2006-12-10T14:05:00,YONGE ST,WANLESS AVE,,2,Non-Fatal Injury,At Intersection,Stop Sign,Pedestrian Collision(internal code),Clear,Daylight,Dry,Major Arterial,false,-79.40249079469666,43.72624419055852,2,Automobile or Station Wagon,South,2,60,None,Lap and Shoulder Belt,Failed to yield right-of-way,Normal,,,Turning Left,,,,,driver,NA,Don Valley West (15),32 Division,Lawrence Park North,true,false,false,false,false,false,true,false,false,false,"{""coordinates"": [[-79.40249079469666, 43.72624419055852]], ""type"": ""MultiPoint""}"
1401,2006:944497,2006-12-11T12:00:00,CHURCH ST,LOMBARD ST,,2,Non-Fatal Injury,,No Control,Approaching Head On,Rain,Daylight,Wet,Major Arterial,false,-79.37509085927952,43.65144416997899,2,Automobile or Station Wagon,South,2,41,None,Lap and Shoulder Belt,Driving properly,Normal,,,Going Ahead,,,,,driver,NA,Toronto Centre (13),51 Division,Downtown Yonge East,false,false,false,true,false,false,false,false,false,false,"{""coordinates"": [[-79.37509085927952, 43.65144416997899]], ""type"": ""MultiPoint""}"
1402,2006:944497,2006-12-11T12:00:00,CHURCH ST,LOMBARD ST,,2,Non-Fatal Injury,,No Control,Approaching Head On,Rain,Daylight,Wet,Major Arterial,false,-79.37509085927952,43.65144416997899,1,Motorcycle,North,1,44,Major,Helmet,Lost control,Unknown,,,Going Ahead,,,,,motorcyclist,NA,Toronto Centre (13),51 Division,Downtown Yonge East,false,false,false,true,false,false,false,false,false,false,"{""coordinates"": [[-79.37509085927952, 43.65144416997899]], ""type"": ""MultiPoint""}"
1403,2006:941251,2006-12-11T18:13:00,ASHTONBEE RD,WARDEN AVE,,4,Non-Fatal Injury,,No Control,SMV Other,Clear,Dark,Dry,Collector,false,-79.28679058593922,43.731144039555986,2,,,3,NA,None,Other Safety Equipment Used,,,,,Parked,,,,,owner,NA,Scarborough Centre (21),41 Division,Wexford/Maryvale,false,false,false,false,false,false,false,false,true,false,"{""coordinates"": [[-79.28679058593922, 43.731144039555986]], ""type"": ""MultiPoint""}"
1404,2006:941251,2006-12-11T18:13:00,ASHTONBEE RD,WARDEN AVE,,4,Non-Fatal Injury,,No Control,SMV Other,Clear,Dark,Dry,Collector,false,-79.28679058593922,43.731144039555986,1,Automobile or Station Wagon,West,2,21,Minor,Lap and Shoulder Belt,Lost control,Ability Impaired - Alcohol,,,Going Ahead,,,,,driver,NA,Scarborough Centre (21),41 Division,Wexford/Maryvale,false,false,false,false,false,false,false,false,true,false,"{""coordinates"": [[-79.28679058593922, 43.731144039555986]], ""type"": ""MultiPoint""}"
1405,2006:941251,2006-12-11T18:13:00,ASHTONBEE RD,WARDEN AVE,,4,Non-Fatal Injury,,No Control,SMV Other,Clear,Dark,Dry,Collector,false,-79.28679058593922,43.731144039555986,1,,,1,19,Major,Lap and Shoulder Belt,,,,,,,,,,passenger,NA,Scarborough Centre (21),41 Division,Wexford/Maryvale,false,false,false,false,false,false,false,false,true,false,"{""coordinates"": [[-79.28679058593922, 43.731144039555986]], ""type"": ""MultiPoint""}"
1406,2006:941251,2006-12-11T18:13:00,ASHTONBEE RD,WARDEN AVE,,4,Non-Fatal Injury,,No Control,SMV Other,Clear,Dark,Dry,Collector,false,-79.28679058593922,43.731144039555986,3,,,4,NA,None,Other Safety Equipment Used,,,,,Parked,,,,,owner,NA,Scarborough Centre (21),41 Division,Wexford/Maryvale,false,false,false,false,false,false,false,false,true,false,"{""coordinates"": [[-79.28679058593922, 43.731144039555986]], ""type"": ""MultiPoint""}"
1407,2006:950050,2006-12-13T06:05:00,FINCH AVE E,KENNEDY RD,,3,Non-Fatal Injury,At Intersection,Traffic Signal,Angle,Rain,Dark,Wet,Major Arterial,false,-79.2965905329689,43.80124405606865,3,Automobile or Station Wagon,East,3,32,None,Lap and Shoulder Belt,Driving properly,Normal,,,Stopped,,,,,driver,NA,Scarborough-Agincourt (22),42 Division,East L'Amoreaux,true,true,false,false,false,false,false,true,false,false,"{""coordinates"": [[-79.2965905329689, 43.80124405606865]], ""type"": ""MultiPoint""}"
1408,2006:950050,2006-12-13T06:05:00,FINCH AVE E,KENNEDY RD,,3,Non-Fatal Injury,At Intersection,Traffic Signal,Angle,Rain,Dark,Wet,Major Arterial,false,-79.2965905329689,43.80124405606865,2,Automobile or Station Wagon,West,2,57,Major,Lap and Shoulder Belt,Disobeyed traffic control,Inattentive,,,Going Ahead,,,,,driver,NA,Scarborough-Agincourt (22),42 Division,East L'Amoreaux,true,true,false,false,false,false,false,true,false,false,"{""coordinates"": [[-79.2965905329689, 43.80124405606865]], ""type"": ""MultiPoint""}"
1409,2006:950050,2006-12-13T06:05:00,FINCH AVE E,KENNEDY RD,,3,Non-Fatal Injury,At Intersection,Traffic Signal,Angle,Rain,Dark,Wet,Major Arterial,false,-79.2965905329689,43.80124405606865,1,Automobile or Station Wagon,South,1,62,Major,Lap and Shoulder Belt,Driving properly,Normal,,,Going Ahead,,,,,driver,NA,Scarborough-Agincourt (22),42 Division,East L'Amoreaux,true,true,false,false,false,false,false,true,false,false,"{""coordinates"": [[-79.2965905329689, 43.80124405606865]], ""type"": ""MultiPoint""}"
1410,2006:960364,2006-12-16T01:00:00,ADELAIDE St E,PARLIAMENT St,,4,Non-Fatal Injury,At Intersection,Traffic Controller,Angle,Clear,Dark,Dry,Major Arterial,false,-79.3635908337355,43.653544152599366,3,,,3,NA,None,Other Safety Equipment Used,,,,,,,,,,owner,NA,Toronto Centre (13),51 Division,Moss Park,true,false,false,false,false,false,false,false,true,false,"{""coordinates"": [[-79.3635908337355, 43.653544152599366]], ""type"": ""MultiPoint""}"
1411,2006:960364,2006-12-16T01:00:00,ADELAIDE St E,PARLIAMENT St,,4,Non-Fatal Injury,At Intersection,Traffic Controller,Angle,Clear,Dark,Dry,Major Arterial,false,-79.3635908337355,43.653544152599366,3,Automobile or Station Wagon,North,4,35,None,Other Safety Equipment Used,Driving properly,Normal,,,Going Ahead,,,,,driver,NA,Toronto Centre (13),51 Division,Moss Park,true,false,false,false,false,false,false,false,true,false,"{""coordinates"": [[-79.3635908337355, 43.653544152599366]], ""type"": ""MultiPoint""}"
1412,2006:960364,2006-12-16T01:00:00,ADELAIDE St E,PARLIAMENT St,,4,Non-Fatal Injury,At Intersection,Traffic Controller,Angle,Clear,Dark,Dry,Major Arterial,false,-79.3635908337355,43.653544152599366,2,Automobile or Station Wagon,North,2,35,Major,Lap and Shoulder Belt,Driving properly,Normal,,,Going Ahead,,,,,driver,NA,Toronto Centre (13),51 Division,Moss Park,true,false,false,false,false,false,false,false,true,false,"{""coordinates"": [[-79.3635908337355, 43.653544152599366]], ""type"": ""MultiPoint""}"
1413,2006:960364,2006-12-16T01:00:00,ADELAIDE St E,PARLIAMENT St,,4,Non-Fatal Injury,At Intersection,Traffic Controller,Angle,Clear,Dark,Dry,Major Arterial,false,-79.3635908337355,43.653544152599366,1,Automobile or Station Wagon,East,1,19,Minimal,Lap and Shoulder Belt,Disobeyed traffic control,Had Been Drinking,,,Going Ahead,,,,,driver,NA,Toronto Centre (13),51 Division,Moss Park,true,false,false,false,false,false,false,false,true,false,"{""coordinates"": [[-79.3635908337355, 43.653544152599366]], ""type"": ""MultiPoint""}"
1414,2006:942334,2006-12-16T19:02:00,F G GARDINER XY W,GARDINER X W 427 X N RAMP,,2,Non-Fatal Injury,,No Control,Sideswipe,Clear,Dark,Dry,,false,-79.53369121196334,43.61644441454376,2,Automobile or Station Wagon,West,2,41,Minimal,Other Safety Equipment Used,Driving properly,Normal,,,Going Ahead,,,,,driver,NA,Etobicoke-Lakeshore (3),22 Division,Alderwood,false,false,false,false,false,false,false,false,false,false,"{""coordinates"": [[-79.53369121196334, 43.616444414543764]], ""type"": ""MultiPoint""}"
1415,2006:942334,2006-12-16T19:02:00,F G GARDINER XY W,GARDINER X W 427 X N RAMP,,2,Non-Fatal Injury,,No Control,Sideswipe,Clear,Dark,Dry,,false,-79.53369121196334,43.61644441454376,1,Automobile or Station Wagon,West,1,24,Major,Equipment Not Used But Available,Improper lane change,Normal,,,Changing Lanes,,,,,driver,NA,Etobicoke-Lakeshore (3),22 Division,Alderwood,false,false,false,false,false,false,false,false,false,false,"{""coordinates"": [[-79.53369121196334, 43.616444414543764]], ""type"": ""MultiPoint""}"
1416,2006:946237,2006-12-17T13:55:00,WILSON AVE,ELROSE AVE,,4,Non-Fatal Injury,,No Control,Turning Movement,Clear,Daylight,Dry,Major Arterial,false,-79.52409101215694,43.71744434972807,2,,,2,42,Minor,Equipment Not Used But Available,,,,,,,,,,passenger,NA,Humber River-Black Creek (7),31 Division,Oakdale-Beverley Heights,true,false,false,false,false,true,false,false,false,false,"{""coordinates"": [[-79.52409101215694, 43.71744434972807]], ""type"": ""MultiPoint""}"
1417,2006:946237,2006-12-17T13:55:00,WILSON AVE,ELROSE AVE,,4,Non-Fatal Injury,,No Control,Turning Movement,Clear,Daylight,Dry,Major Arterial,false,-79.52409101215694,43.71744434972807,2,Automobile or Station Wagon,East,4,22,Minor,Lap and Shoulder Belt,Driving properly,Normal,,,Going Ahead,,,,,driver,NA,Humber River-Black Creek (7),31 Division,Oakdale-Beverley Heights,true,false,false,false,false,true,false,false,false,false,"{""coordinates"": [[-79.52409101215694, 43.71744434972807]], ""type"": ""MultiPoint""}"
1418,2006:946237,2006-12-17T13:55:00,WILSON AVE,ELROSE AVE,,4,Non-Fatal Injury,,No Control,Turning Movement,Clear,Daylight,Dry,Major Arterial,false,-79.52409101215694,43.71744434972807,1,Automobile or Station Wagon,North,1,78,Major,Lap and Shoulder Belt,Failed to yield right-of-way,Normal,,,Turning Left,,,,,driver,NA,Humber River-Black Creek (7),31 Division,Oakdale-Beverley Heights,true,false,false,false,false,true,false,false,false,false,"{""coordinates"": [[-79.52409101215694, 43.71744434972807]], ""type"": ""MultiPoint""}"
1419,2006:946237,2006-12-17T13:55:00,WILSON AVE,ELROSE AVE,,4,Non-Fatal Injury,,No Control,Turning Movement,Clear,Daylight,Dry,Major Arterial,false,-79.52409101215694,43.71744434972807,2,,,3,39,Minor,Lap and Shoulder Belt,,,,,,,,,,passenger,NA,Humber River-Black Creek (7),31 Division,Oakdale-Beverley Heights,true,false,false,false,false,true,false,false,false,false,"{""coordinates"": [[-79.52409101215694, 43.71744434972807]], ""type"": ""MultiPoint""}"
1420,2006:942452,2006-12-17T19:22:00,LAKE SHORE BLVD E,LOWER JARVIS ST,,4,Non-Fatal Injury,At Intersection,Traffic Signal,Pedestrian Collision(internal code),Clear,Dark,Dry,Major Arterial,false,-79.36989085777451,43.645644163394955,1,,,1,27,None,Other Safety Equipment Used,,,,,,,,,,passenger,NA,Spadina-Fort York (10),51 Division,St Lawrence-East Bayfront-The Islands,false,false,false,false,false,false,true,false,true,false,"{""coordinates"": [[-79.36989085777451, 43.645644163394955]], ""type"": ""MultiPoint""}"
1421,2006:942452,2006-12-17T19:22:00,LAKE SHORE BLVD E,LOWER JARVIS ST,,4,Non-Fatal Injury,At Intersection,Traffic Signal,Pedestrian Collision(internal code),Clear,Dark,Dry,Major Arterial,false,-79.36989085777451,43.645644163394955,1,,,2,26,None,Other Safety Equipment Used,,,,,,,,,,passenger,NA,Spadina-Fort York (10),51 Division,St Lawrence-East Bayfront-The Islands,false,false,false,false,false,false,true,false,true,false,"{""coordinates"": [[-79.36989085777451, 43.645644163394955]], ""type"": ""MultiPoint""}"
1422,2006:942452,2006-12-17T19:22:00,LAKE SHORE BLVD E,LOWER JARVIS ST,,4,Non-Fatal Injury,At Intersection,Traffic Signal,Pedestrian Collision(internal code),Clear,Dark,Dry,Major Arterial,false,-79.36989085777451,43.645644163394955,1,Automobile or Station Wagon,East,3,45,None,Other Safety Equipment Used,Driving properly,Normal,,,Going Ahead,,,,,driver,NA,Spadina-Fort York (10),51 Division,St Lawrence-East Bayfront-The Islands,false,false,false,false,false,false,true,false,true,false,"{""coordinates"": [[-79.36989085777451, 43.645644163394955]], ""type"": ""MultiPoint""}"
1423,2006:942452,2006-12-17T19:22:00,LAKE SHORE BLVD E,LOWER JARVIS ST,,4,Non-Fatal Injury,At Intersection,Traffic Signal,Pedestrian Collision(internal code),Clear,Dark,Dry,Major Arterial,false,-79.36989085777451,43.645644163394955,2,,South,4,15,Major,Other Safety Equipment Used,,,Crossing without right-of-way (intersection),Normal,,Driver going straight hits pedestrian crossing without right-of-way (at intersection),,,,pedestrian,NA,Spadina-Fort York (10),51 Division,St Lawrence-East Bayfront-The Islands,false,false,false,false,false,false,true,false,true,false,"{""coordinates"": [[-79.36989085777451, 43.645644163394955]], ""type"": ""MultiPoint""}"
1424,2006:946585,2006-12-19T12:00:00,WARDEN AVE,BAMBURGH CRCL,,6,Non-Fatal Injury,At Intersection,Traffic Signal,Angle,Clear,Daylight,Dry,Major Arterial,false,-79.32459056348422,43.81614408920889,2,,,2,63,Major,Lap and Shoulder Belt,,,,,,,,,,passenger,NA,Scarborough-Agincourt (22),42 Division,Steeles,true,false,false,false,false,true,false,true,false,false,"{""coordinates"": [[-79.32459056348422, 43.81614408920889]], ""type"": ""MultiPoint""}"