X_id,collision_id,accdate,stname1,stname2,stname3,per_inv,acclass,accloc,traffictl,impactype,visible,light,rdsfcond,road_class,failtorem,longitude,latitude,veh_no,vehtype,initdir,per_no,invage,injury,safequip,drivact,drivcond,pedact,pedcond,manoeuvre,pedtype,cyclistype,cycact,cyccond,road_user,fatal_no,wardname,division,neighbourhood,aggressive,distracted,cyclist,motorcyclist,other_micromobility,older_adult,pedestrian,red_light,school_child,heavy_truck,geometry
1479,2006:944492,2006-12-28T06:45:00,LAKE SHORE BLVD W,AQUATIC DR,,2,Non-Fatal Injury,,No Control,SMV Other,Clear,Daylight,Dry,Major Arterial,false,-79.42419099015834,43.63004424938839,1,,,1,20,Major,Other Safety Equipment Used,,,,,,,,,,passenger,NA,Spadina-Fort York (10),14 Division,Fort York-Liberty Village,false,false,false,false,false,false,false,false,false,false,"{""coordinates"": [[-79.42419099015834, 43.63004424938839]], ""type"": ""MultiPoint""}"
1480,2006:944492,2006-12-28T06:45:00,LAKE SHORE BLVD W,AQUATIC DR,,2,Non-Fatal Injury,,No Control,SMV Other,Clear,Daylight,Dry,Major Arterial,false,-79.42419099015834,43.63004424938839,1,Automobile or Station Wagon,West,2,20,Major,Other Safety Equipment Used,Lost control,Ability Impaired - Alcohol,,,Going Ahead,,,,,driver,NA,Spadina-Fort York (10),14 Division,Fort York-Liberty Village,false,false,false,false,false,false,false,false,false,false,"{""coordinates"": [[-79.42419099015834, 43.63004424938839]], ""type"": ""MultiPoint""}"
1481,2006:944794,2006-12-31T17:41:00,LAWRENCE AVE W,BLACK CREEK DR,,2,Non-Fatal Injury,,No Control,Pedestrian Collision(internal code),Rain,Dark,Wet,Major Arterial,false,-79.49289099121633,43.70524431856308,1,Automobile or Station Wagon,East,1,67,None,Other Safety Equipment Used,Driving properly,Other Condition,,,Going Ahead,,,,,driver,NA,York South-Weston (5),12 Division,Rustic,false,false,false,false,false,true,true,false,false,false,"{""coordinates"": [[-79.49289099121633, 43.70524431856308]], ""type"": ""MultiPoint""}"
1482,2006:944794,2006-12-31T17:41:00,LAWRENCE AVE W,BLACK CREEK DR,,2,Non-Fatal Injury,,No Control,Pedestrian Collision(internal code),Rain,Dark,Wet,Major Arterial,false,-79.49289099121633,43.70524431856308,2,,South,2,53,Major,Other Safety Equipment Used,,,Crossing - no traffic control,Ability Impaired - Alcohol Over .08,,Driver hits pedestrian at private driveway,,,,pedestrian,NA,York South-Weston (5),12 Division,Rustic,false,false,false,false,false,true,true,false,false,false,"{""coordinates"": [[-79.49289099121633, 43.70524431856308]], ""type"": ""MultiPoint""}"
1483,2006:948014,2006-12-31T18:48:00,2540 EGLINTON AVE E,,,3,Non-Fatal Injury,,No Control,Pedestrian Collision(internal code),Rain,Dark,Wet,Major Arterial,false,-79.25609052809963,43.73494400011525,2,,South,3,18,Major,Other Safety Equipment Used,,,Crossing - no traffic control,Normal,,Driver hits pedestrian at midblock,,,,pedestrian,NA,Scarborough Southwest (20),41 Division,Kennedy Park,true,false,false,false,false,false,true,false,true,false,"{""coordinates"": [[-79.25609052809963, 43.73494400011525]], ""type"": ""MultiPoint""}"
1484,2006:948014,2006-12-31T18:48:00,2540 EGLINTON AVE E,,,3,Non-Fatal Injury,,No Control,Pedestrian Collision(internal code),Rain,Dark,Wet,Major Arterial,false,-79.25609052809963,43.73494400011525,1,,,1,NA,,Other Safety Equipment Used,,,,,,,,,,owner,NA,Scarborough Southwest (20),41 Division,Kennedy Park,true,false,false,false,false,false,true,false,true,false,"{""coordinates"": [[-79.25609052809963, 43.73494400011525]], ""type"": ""MultiPoint""}"
1485,2006:948014,2006-12-31T18:48:00,2540 EGLINTON AVE E,,,3,Non-Fatal Injury,,No Control,Pedestrian Collision(internal code),Rain,Dark,Wet,Major Arterial,false,-79.25609052809963,43.73494400011525,1,Automobile or Station Wagon,East,2,30,None,Lap and Shoulder Belt,Speed too fast for conditions,Normal,,,Going Ahead,,,,,driver,NA,Scarborough Southwest (20),41 Division,Kennedy Park,true,false,false,false,false,false,true,false,true,false,"{""coordinates"": [[-79.25609052809963, 43.73494400011525]], ""type"": ""MultiPoint""}"
1486,2006:944792,2006-12-31T19:58:00,F G GARDINER XY E,GRAND AVE,,4,Non-Fatal Injury,,No Control,SMV Other,Rain,Dark,Wet,,false,-79.48839112696629,43.62574434954448,2,,,3,17,Minor,Other Safety Equipment Used,,,,,,,,,,passenger,NA,Etobicoke-Lakeshore (3),22 Division,Humber Bay Shores,false,false,false,false,false,false,false,false,true,false,"{""coordinates"": [[-79.48839112696629, 43.62574434954448]], ""type"": ""MultiPoint""}"
1487,2006:944792,2006-12-31T19:58:00,F G GARDINER XY E,GRAND AVE,,4,Non-Fatal Injury,,No Control,SMV Other,Rain,Dark,Wet,,false,-79.48839112696629,43.62574434954448,2,,,2,18,Major,Other Safety Equipment Used,,,,,,,,,,passenger,NA,Etobicoke-Lakeshore (3),22 Division,Humber Bay Shores,false,false,false,false,false,false,false,false,true,false,"{""coordinates"": [[-79.48839112696629, 43.62574434954448]], ""type"": ""MultiPoint""}"
1488,2006:944792,2006-12-31T19:58:00,F G GARDINER XY E,GRAND AVE,,4,Non-Fatal Injury,,No Control,SMV Other,Rain,Dark,Wet,,false,-79.48839112696629,43.62574434954448,1,Automobile or Station Wagon,East,1,50,Minimal,Other Safety Equipment Used,Driving properly,Normal,,,Going Ahead,,,,,driver,NA,Etobicoke-Lakeshore (3),22 Division,Humber Bay Shores,false,false,false,false,false,false,false,false,true,false,"{""coordinates"": [[-79.48839112696629, 43.62574434954448]], ""type"": ""MultiPoint""}"
1489,2006:944792,2006-12-31T19:58:00,F G GARDINER XY E,GRAND AVE,,4,Non-Fatal Injury,,No Control,SMV Other,Rain,Dark,Wet,,false,-79.48839112696629,43.62574434954448,2,Automobile or Station Wagon,East,4,19,Minimal,Other Safety Equipment Used,Lost control,Normal,,,Changing Lanes,,,,,driver,NA,Etobicoke-Lakeshore (3),22 Division,Humber Bay Shores,false,false,false,false,false,false,false,false,true,false,"{""coordinates"": [[-79.48839112696629, 43.62574434954448]], ""type"": ""MultiPoint""}"
1490,2007:944795,2007-01-01T03:30:00,DIXON RD,KELFIELD ST,,2,Non-Fatal Injury,,Traffic Signal,Pedestrian Collision(internal code),Rain,Dark,Wet,Major Arterial,false,-79.57709113048858,43.69024442624296,1,Automobile or Station Wagon,North,2,28,None,Lap and Shoulder Belt,Driving properly,Normal,,,Going Ahead,,,,,driver,NA,Etobicoke North (1),23 Division,West Humber-Clairville,false,true,false,false,false,true,true,false,false,false,"{""coordinates"": [[-79.57709113048858, 43.69024442624296]], ""type"": ""MultiPoint""}"
1491,2007:944795,2007-01-01T03:30:00,DIXON RD,KELFIELD ST,,2,Non-Fatal Injury,,Traffic Signal,Pedestrian Collision(internal code),Rain,Dark,Wet,Major Arterial,false,-79.57709113048858,43.69024442624296,2,,East,1,73,Major,Other Safety Equipment Used,,,Crossing without right-of-way (intersection),Inattentive,,Driver going straight hits pedestrian crossing without right-of-way (at intersection),,,,pedestrian,NA,Etobicoke North (1),23 Division,West Humber-Clairville,false,true,false,false,false,true,true,false,false,false,"{""coordinates"": [[-79.57709113048858, 43.69024442624296]], ""type"": ""MultiPoint""}"
1492,2007:948029,2007-01-01T03:55:00,PARKSIDE DR,HIGH PARK BLVD,,2,Non-Fatal Injury,,Traffic Signal,Pedestrian Collision(internal code),Rain,Dark,Wet,Major Arterial,false,-79.45629102916504,43.64484429266616,2,,West,2,43,Major,Other Safety Equipment Used,,,Crossing without right-of-way (intersection),Had Been Drinking,,Driver going straight hits pedestrian crossing without right-of-way (at intersection),,,,pedestrian,NA,Parkdale-High Park (4),11 Division,High Park-Swansea,false,false,false,false,false,false,true,false,false,false,"{""coordinates"": [[-79.45629102916504, 43.644844292666164]], ""type"": ""MultiPoint""}"
1493,2007:948029,2007-01-01T03:55:00,PARKSIDE DR,HIGH PARK BLVD,,2,Non-Fatal Injury,,Traffic Signal,Pedestrian Collision(internal code),Rain,Dark,Wet,Major Arterial,false,-79.45629102916504,43.64484429266616,1,Automobile or Station Wagon,South,1,46,None,Lap and Shoulder Belt,Driving properly,Normal,,,Going Ahead,,,,,driver,NA,Parkdale-High Park (4),11 Division,High Park-Swansea,false,false,false,false,false,false,true,false,false,false,"{""coordinates"": [[-79.45629102916504, 43.644844292666164]], ""type"": ""MultiPoint""}"
1494,2007:944879,2007-01-01T16:45:00,SENLAC RD,ELLERSLIE AVE,,3,Non-Fatal Injury,At Intersection,Stop Sign,Pedestrian Collision(internal code),Clear,Dusk,Wet,Minor Arterial,false,-79.4266907769041,43.76864421196616,1,Automobile or Station Wagon,South,2,18,None,Lap and Shoulder Belt,Disobeyed traffic control,Normal,,,Going Ahead,,,,,driver,NA,Willowdale (18),32 Division,Willowdale West,true,false,false,false,false,true,true,false,true,false,"{""coordinates"": [[-79.4266907769041, 43.76864421196616]], ""type"": ""MultiPoint""}"
1495,2007:944879,2007-01-01T16:45:00,SENLAC RD,ELLERSLIE AVE,,3,Non-Fatal Injury,At Intersection,Stop Sign,Pedestrian Collision(internal code),Clear,Dusk,Wet,Minor Arterial,false,-79.4266907769041,43.76864421196616,1,,,1,19,None,Lap and Shoulder Belt,,,,,,,,,,passenger,NA,Willowdale (18),32 Division,Willowdale West,true,false,false,false,false,true,true,false,true,false,"{""coordinates"": [[-79.4266907769041, 43.76864421196616]], ""type"": ""MultiPoint""}"
1496,2007:944879,2007-01-01T16:45:00,SENLAC RD,ELLERSLIE AVE,,3,Non-Fatal Injury,At Intersection,Stop Sign,Pedestrian Collision(internal code),Clear,Dusk,Wet,Minor Arterial,false,-79.4266907769041,43.76864421196616,2,,West,3,68,Major,Other Safety Equipment Used,,,Crossing with right-of-way (intersection),Normal,,Driver going straight hits pedestrian crossing with right-of-way (at intersection),,,,pedestrian,NA,Willowdale (18),32 Division,Willowdale West,true,false,false,false,false,true,true,false,true,false,"{""coordinates"": [[-79.4266907769041, 43.76864421196616]], ""type"": ""MultiPoint""}"
1497,2007:945089,2007-01-02T17:50:00,VICTORIA PARK AVE,HARE GT,,3,Fatal Injury,At Intersection,No Control,Pedestrian Collision(internal code),Clear,Dark,Dry,Major Arterial,false,-79.33269059548637,43.79594409799283,1,Automobile or Station Wagon,North,2,52,None,Lap and Shoulder Belt,Driving properly,Normal,,,Going Ahead,,,,,driver,NA,Don Valley North (17),33 Division,Pleasant View,false,false,false,false,false,false,true,false,false,false,"{""coordinates"": [[-79.33269059548637, 43.79594409799283]], ""type"": ""MultiPoint""}"
1498,2007:945089,2007-01-02T17:50:00,VICTORIA PARK AVE,HARE GT,,3,Fatal Injury,At Intersection,No Control,Pedestrian Collision(internal code),Clear,Dark,Dry,Major Arterial,false,-79.33269059548637,43.79594409799283,2,,West,3,40,Fatal,Other Safety Equipment Used,,,Crossing - no traffic control,Unknown,,Driver going straight hits pedestrian crossing without right-of-way (at intersection),,,,pedestrian,1,Don Valley North (17),33 Division,Pleasant View,false,false,false,false,false,false,true,false,false,false,"{""coordinates"": [[-79.33269059548637, 43.79594409799283]], ""type"": ""MultiPoint""}"
1499,2007:945089,2007-01-02T17:50:00,VICTORIA PARK AVE,HARE GT,,3,Fatal Injury,At Intersection,No Control,Pedestrian Collision(internal code),Clear,Dark,Dry,Major Arterial,false,-79.33269059548637,43.79594409799283,1,,,1,NA,,Other Safety Equipment Used,,,,,,,,,,owner,NA,Don Valley North (17),33 Division,Pleasant View,false,false,false,false,false,false,true,false,false,false,"{""coordinates"": [[-79.33269059548637, 43.79594409799283]], ""type"": ""MultiPoint""}"
1500,2007:948249,2007-01-03T13:35:00,LAKE SHORE Blvd E,CARLAW Ave,,3,Non-Fatal Injury,At Intersection,Traffic Signal,Rear End,Clear,Daylight,Dry,Major Arterial,false,-79.33739078077404,43.654944113813706,1,Automobile or Station Wagon,East,1,84,Major,Equipment Not Used But Available,Following too closely,Inattentive,,,Going Ahead,,,,,driver,NA,Toronto-Danforth (14),55 Division,South Riverdale,true,true,false,false,false,true,false,false,false,false,"{""coordinates"": [[-79.33739078077404, 43.654944113813706]], ""type"": ""MultiPoint""}"
1501,2007:948249,2007-01-03T13:35:00,LAKE SHORE Blvd E,CARLAW Ave,,3,Non-Fatal Injury,At Intersection,Traffic Signal,Rear End,Clear,Daylight,Dry,Major Arterial,false,-79.33739078077404,43.654944113813706,2,,,2,NA,None,Other Safety Equipment Used,,,,,,,,,,owner,NA,Toronto-Danforth (14),55 Division,South Riverdale,true,true,false,false,false,true,false,false,false,false,"{""coordinates"": [[-79.33739078077404, 43.654944113813706]], ""type"": ""MultiPoint""}"
1502,2007:948249,2007-01-03T13:35:00,LAKE SHORE Blvd E,CARLAW Ave,,3,Non-Fatal Injury,At Intersection,Traffic Signal,Rear End,Clear,Daylight,Dry,Major Arterial,false,-79.33739078077404,43.654944113813706,2,Automobile or Station Wagon,East,3,31,Minor,Lap and Shoulder Belt,Driving properly,Normal,,,Stopped,,,,,driver,NA,Toronto-Danforth (14),55 Division,South Riverdale,true,true,false,false,false,true,false,false,false,false,"{""coordinates"": [[-79.33739078077404, 43.654944113813706]], ""type"": ""MultiPoint""}"
1503,2007:949432,2007-01-04T09:05:00,FINCH AVE W,WESTON RD,,2,Non-Fatal Injury,At Intersection,Traffic Signal,Pedestrian Collision(internal code),Clear,Daylight,Dry,Major Arterial,false,-79.54239097208874,43.75204435233861,1,Automobile or Station Wagon,South,1,70,None,Lap and Shoulder Belt,Failed to yield right-of-way,Normal,,,Turning Left,,,,,driver,NA,Humber River-Black Creek (7),31 Division,Humbermede,true,false,false,false,false,true,true,false,false,false,"{""coordinates"": [[-79.54239097208874, 43.75204435233861]], ""type"": ""MultiPoint""}"
1504,2007:949432,2007-01-04T09:05:00,FINCH AVE W,WESTON RD,,2,Non-Fatal Injury,At Intersection,Traffic Signal,Pedestrian Collision(internal code),Clear,Daylight,Dry,Major Arterial,false,-79.54239097208874,43.75204435233861,2,,North,2,57,Major,Other Safety Equipment Used,,,Crossing with right-of-way (intersection),Normal,,Driver turns left into pedestrian crossing with right-of-way (at intersection),,,,pedestrian,NA,Humber River-Black Creek (7),31 Division,Humbermede,true,false,false,false,false,true,true,false,false,false,"{""coordinates"": [[-79.54239097208874, 43.75204435233861]], ""type"": ""MultiPoint""}"
1505,2007:948311,2007-01-05T12:07:00,BATHURST St,WARWICK Ave,,5,Non-Fatal Injury,,Traffic Signal,Approaching Head On,Clear,Daylight,Dry,Major Arterial,false,-79.42319088159638,43.69524422733508,2,Automobile or Station Wagon,South,2,48,None,Other Safety Equipment Used,Driving properly,Normal,,,Slowing or Stopping,,,,,driver,NA,Toronto-St. Paul's (12),13 Division,Forest Hill South,false,false,false,false,false,true,false,false,true,false,"{""coordinates"": [[-79.42319088159638, 43.69524422733508]], ""type"": ""MultiPoint""}"
1506,2007:948311,2007-01-05T12:07:00,BATHURST St,WARWICK Ave,,5,Non-Fatal Injury,,Traffic Signal,Approaching Head On,Clear,Daylight,Dry,Major Arterial,false,-79.42319088159638,43.69524422733508,3,,,3,NA,None,Other Safety Equipment Used,,,,,,,,,,owner,NA,Toronto-St. Paul's (12),13 Division,Forest Hill South,false,false,false,false,false,true,false,false,true,false,"{""coordinates"": [[-79.42319088159638, 43.69524422733508]], ""type"": ""MultiPoint""}"
1507,2007:948311,2007-01-05T12:07:00,BATHURST St,WARWICK Ave,,5,Non-Fatal Injury,,Traffic Signal,Approaching Head On,Clear,Daylight,Dry,Major Arterial,false,-79.42319088159638,43.69524422733508,3,Automobile or Station Wagon,South,4,47,Minor,Lap and Shoulder Belt,Driving properly,Normal,,,Going Ahead,,,,,driver,NA,Toronto-St. Paul's (12),13 Division,Forest Hill South,false,false,false,false,false,true,false,false,true,false,"{""coordinates"": [[-79.42319088159638, 43.69524422733508]], ""type"": ""MultiPoint""}"
1508,2007:948311,2007-01-05T12:07:00,BATHURST St,WARWICK Ave,,5,Non-Fatal Injury,,Traffic Signal,Approaching Head On,Clear,Daylight,Dry,Major Arterial,false,-79.42319088159638,43.69524422733508,1,,,1,10,None,Other Safety Equipment Used,,,,,,,,,,other,NA,Toronto-St. Paul's (12),13 Division,Forest Hill South,false,false,false,false,false,true,false,false,true,false,"{""coordinates"": [[-79.42319088159638, 43.69524422733508]], ""type"": ""MultiPoint""}"
1509,2007:948311,2007-01-05T12:07:00,BATHURST St,WARWICK Ave,,5,Non-Fatal Injury,,Traffic Signal,Approaching Head On,Clear,Daylight,Dry,Major Arterial,false,-79.42319088159638,43.69524422733508,4,Automobile or Station Wagon,South,5,77,Major,Lap and Shoulder Belt,Lost control,Medical or Physical Disability,,,Going Ahead,,,,,driver,NA,Toronto-St. Paul's (12),13 Division,Forest Hill South,false,false,false,false,false,true,false,false,true,false,"{""coordinates"": [[-79.42319088159638, 43.69524422733508]], ""type"": ""MultiPoint""}"
1510,2007:948322,2007-01-05T14:50:00,KIPLING AVE,WIDDICOMBE HILL,,3,Non-Fatal Injury,,Traffic Signal,Angle,Clear,Daylight,Dry,Major Arterial,false,-79.5516911190261,43.67894440263685,2,Automobile or Station Wagon,North,3,43,None,Lap and Shoulder Belt,Disobeyed traffic control,Normal,,,Going Ahead,,,,,driver,NA,Etobicoke Centre (2),23 Division,Willowridge-Martingrove-Richview,true,false,false,false,false,true,false,true,false,false,"{""coordinates"": [[-79.5516911190261, 43.678944402636844]], ""type"": ""MultiPoint""}"
1511,2007:948322,2007-01-05T14:50:00,KIPLING AVE,WIDDICOMBE HILL,,3,Non-Fatal Injury,,Traffic Signal,Angle,Clear,Daylight,Dry,Major Arterial,false,-79.5516911190261,43.67894440263685,1,Automobile or Station Wagon,East,1,73,Major,Lap and Shoulder Belt,Driving properly,Normal,,,Going Ahead,,,,,driver,NA,Etobicoke Centre (2),23 Division,Willowridge-Martingrove-Richview,true,false,false,false,false,true,false,true,false,false,"{""coordinates"": [[-79.5516911190261, 43.678944402636844]], ""type"": ""MultiPoint""}"
1512,2007:948322,2007-01-05T14:50:00,KIPLING AVE,WIDDICOMBE HILL,,3,Non-Fatal Injury,,Traffic Signal,Angle,Clear,Daylight,Dry,Major Arterial,false,-79.5516911190261,43.67894440263685,2,,,2,NA,None,Other Safety Equipment Used,,,,,,,,,,owner,NA,Etobicoke Centre (2),23 Division,Willowridge-Martingrove-Richview,true,false,false,false,false,true,false,true,false,false,"{""coordinates"": [[-79.5516911190261, 43.678944402636844]], ""type"": ""MultiPoint""}"
1513,2007:948356,2007-01-06T11:40:00,LAWRENCE AVE E,ORTON PARK RD,,5,Non-Fatal Injury,,Traffic Signal,Turning Movement,Rain,Daylight,Wet,Major Arterial,false,-79.20559042723289,43.7640439511201,1,Automobile or Station Wagon,West,2,41,Minor,Lap and Shoulder Belt,Driving properly,Normal,,,Going Ahead,,,,,driver,NA,Scarborough-Guildwood (24),43 Division,Golfdale-Cedarbrae-Woburn,false,false,false,false,false,false,false,false,false,false,"{""coordinates"": [[-79.20559042723289, 43.7640439511201]], ""type"": ""MultiPoint""}"
1514,2007:948356,2007-01-06T11:40:00,LAWRENCE AVE E,ORTON PARK RD,,5,Non-Fatal Injury,,Traffic Signal,Turning Movement,Rain,Daylight,Wet,Major Arterial,false,-79.20559042723289,43.7640439511201,3,,,5,NA,None,Other Safety Equipment Used,,,,,,,,,,owner,NA,Scarborough-Guildwood (24),43 Division,Golfdale-Cedarbrae-Woburn,false,false,false,false,false,false,false,false,false,false,"{""coordinates"": [[-79.20559042723289, 43.7640439511201]], ""type"": ""MultiPoint""}"
1515,2007:948356,2007-01-06T11:40:00,LAWRENCE AVE E,ORTON PARK RD,,5,Non-Fatal Injury,,Traffic Signal,Turning Movement,Rain,Daylight,Wet,Major Arterial,false,-79.20559042723289,43.7640439511201,1,,,1,NA,None,Other Safety Equipment Used,,,,,,,,,,owner,NA,Scarborough-Guildwood (24),43 Division,Golfdale-Cedarbrae-Woburn,false,false,false,false,false,false,false,false,false,false,"{""coordinates"": [[-79.20559042723289, 43.7640439511201]], ""type"": ""MultiPoint""}"
1516,2007:948356,2007-01-06T11:40:00,LAWRENCE AVE E,ORTON PARK RD,,5,Non-Fatal Injury,,Traffic Signal,Turning Movement,Rain,Daylight,Wet,Major Arterial,false,-79.20559042723289,43.7640439511201,2,,,3,37,Major,Lap and Shoulder Belt,,,,,,,,,,passenger,NA,Scarborough-Guildwood (24),43 Division,Golfdale-Cedarbrae-Woburn,false,false,false,false,false,false,false,false,false,false,"{""coordinates"": [[-79.20559042723289, 43.7640439511201]], ""type"": ""MultiPoint""}"
1517,2007:948356,2007-01-06T11:40:00,LAWRENCE AVE E,ORTON PARK RD,,5,Non-Fatal Injury,,Traffic Signal,Turning Movement,Rain,Daylight,Wet,Major Arterial,false,-79.20559042723289,43.7640439511201,2,Automobile or Station Wagon,East,4,58,Minimal,Lap and Shoulder Belt,Improper turn,Normal,,,Turning Left,,,,,driver,NA,Scarborough-Guildwood (24),43 Division,Golfdale-Cedarbrae-Woburn,false,false,false,false,false,false,false,false,false,false,"{""coordinates"": [[-79.20559042723289, 43.7640439511201]], ""type"": ""MultiPoint""}"
1518,2007:946202,2007-01-07T13:36:00,FINCH AVE E,MARKHAM RD,,1,Non-Fatal Injury,Non-Intersection,No Control,SMV Other,Clear,Daylight,Dry,Major Arterial,false,-79.2504914514932,43.81134200398955,1,Motorcycle,East,1,20,Major,Helmet,Lost control,Normal,,,Changing Lanes,,,,,motorcyclist,NA,Scarborough North (23),42 Division,Agincourt North,false,false,false,true,false,false,false,false,false,false,"{""coordinates"": [[-79.2504914514932, 43.81134200398955]], ""type"": ""MultiPoint""}"
1519,2007:946528,2007-01-09T21:25:00,DON VALLEY PARKWAY N,LEASIDE BDGE Road,,3,Non-Fatal Injury,,No Control,Pedestrian Collision(internal code),Clear,Dark,Dry,Major Arterial,false,-79.34959074287006,43.697844125594,1,,,1,NA,None,Other Safety Equipment Used,,,,,Other,,,,,passenger,NA,Toronto-Danforth (14),55 Division,Old East York,false,false,false,false,false,false,true,false,false,false,"{""coordinates"": [[-79.34959074287006, 43.697844125593996]], ""type"": ""MultiPoint""}"
1520,2007:946528,2007-01-09T21:25:00,DON VALLEY PARKWAY N,LEASIDE BDGE Road,,3,Non-Fatal Injury,,No Control,Pedestrian Collision(internal code),Clear,Dark,Dry,Major Arterial,false,-79.34959074287006,43.697844125594,2,,,3,NA,Major,Other Safety Equipment Used,,,,,Other,,,,,pedestrian,NA,Toronto-Danforth (14),55 Division,Old East York,false,false,false,false,false,false,true,false,false,false,"{""coordinates"": [[-79.34959074287006, 43.697844125593996]], ""type"": ""MultiPoint""}"
1521,2007:946528,2007-01-09T21:25:00,DON VALLEY PARKWAY N,LEASIDE BDGE Road,,3,Non-Fatal Injury,,No Control,Pedestrian Collision(internal code),Clear,Dark,Dry,Major Arterial,false,-79.34959074287006,43.697844125594,1,Automobile or Station Wagon,,2,41,None,Other Safety Equipment Used,,,,,Going Ahead,,,,,driver,NA,Toronto-Danforth (14),55 Division,Old East York,false,false,false,false,false,false,true,false,false,false,"{""coordinates"": [[-79.34959074287006, 43.697844125593996]], ""type"": ""MultiPoint""}"
1522,2007:947325,2007-01-10T15:15:00,HUMBER COLLEGE BLVD,WESTMORE DR,,3,Non-Fatal Injury,,No Control,Pedestrian Collision(internal code),Clear,Daylight,Dry,Minor Arterial,false,-79.59939108214171,43.7309444276233,1,Automobile or Station Wagon,East,1,34,None,Other Safety Equipment Used,Driving properly,Normal,,,Going Ahead,,,,,driver,NA,Etobicoke North (1),23 Division,West Humber-Clairville,false,false,false,false,false,false,true,false,false,false,"{""coordinates"": [[-79.59939108214171, 43.7309444276233]], ""type"": ""MultiPoint""}"
1523,2007:947325,2007-01-10T15:15:00,HUMBER COLLEGE BLVD,WESTMORE DR,,3,Non-Fatal Injury,,No Control,Pedestrian Collision(internal code),Clear,Daylight,Dry,Minor Arterial,false,-79.59939108214171,43.7309444276233,2,,North,3,53,Major,Other Safety Equipment Used,,,Running onto roadway,Normal,,Driver going straight hits pedestrian crossing without right-of-way (at intersection),,,,pedestrian,NA,Etobicoke North (1),23 Division,West Humber-Clairville,false,false,false,false,false,false,true,false,false,false,"{""coordinates"": [[-79.59939108214171, 43.7309444276233]], ""type"": ""MultiPoint""}"
1524,2007:947325,2007-01-10T15:15:00,HUMBER COLLEGE BLVD,WESTMORE DR,,3,Non-Fatal Injury,,No Control,Pedestrian Collision(internal code),Clear,Daylight,Dry,Minor Arterial,false,-79.59939108214171,43.7309444276233,1,,,2,NA,,Other Safety Equipment Used,,,,,,,,,,owner,NA,Etobicoke North (1),23 Division,West Humber-Clairville,false,false,false,false,false,false,true,false,false,false,"{""coordinates"": [[-79.59939108214171, 43.7309444276233]], ""type"": ""MultiPoint""}"
1525,2007:951904,2007-01-12T01:42:00,F G GARDINER XY Expr E,KIPLING AVE,,1,Non-Fatal Injury,,No Control,SMV Other,Rain,Dark,Wet,,false,-79.52489119758388,43.617944402646685,1,Automobile or Station Wagon,East,1,22,Major,Air Bag Deployed,Lost control,Had Been Drinking,,,Going Ahead,,,,,driver,NA,Etobicoke-Lakeshore (3),22 Division,Mimico-Queensway,false,false,false,false,false,false,false,false,false,false,"{""coordinates"": [[-79.52489119758388, 43.617944402646685]], ""type"": ""MultiPoint""}"
1526,2007:954598,2007-01-12T06:40:00,MCNICOLL AVE,PHARMACY AVE,,2,Non-Fatal Injury,At Intersection,Traffic Signal,Pedestrian Collision(internal code),Clear,Dark,Wet,Minor Arterial,false,-79.33069058446468,43.804144095855214,1,Automobile or Station Wagon,West,1,43,None,Use Unknown,Driving properly,Normal,,,Going Ahead,,,,,driver,NA,Scarborough-Agincourt (22),42 Division,Steeles,false,true,false,false,false,false,true,false,false,false,"{""coordinates"": [[-79.33069058446468, 43.804144095855214]], ""type"": ""MultiPoint""}"
1527,2007:954598,2007-01-12T06:40:00,MCNICOLL AVE,PHARMACY AVE,,2,Non-Fatal Injury,At Intersection,Traffic Signal,Pedestrian Collision(internal code),Clear,Dark,Wet,Minor Arterial,false,-79.33069058446468,43.804144095855214,2,,North,2,58,Major,Other Safety Equipment Used,,,Crossing without right-of-way (intersection),Inattentive,,Driver going straight hits pedestrian crossing without right-of-way (at intersection),,,,pedestrian,NA,Scarborough-Agincourt (22),42 Division,Steeles,false,true,false,false,false,false,true,false,false,false,"{""coordinates"": [[-79.33069058446468, 43.804144095855214]], ""type"": ""MultiPoint""}"
1528,2007:950601,2007-01-12T19:10:00,GERRARD ST E,ENDERBY RD,,2,Non-Fatal Injury,,No Control,Pedestrian Collision(internal code),Rain,Dark,Wet,Minor Arterial,false,-79.30109067265975,43.68374405952606,2,,North,2,45,Major,Other Safety Equipment Used,,,Crossing - no traffic control,Had Been Drinking,,Driver hits pedestrian at midblock,,,,pedestrian,NA,Beaches-East York (19),55 Division,East End-Danforth,false,false,false,false,false,false,true,false,false,false,"{""coordinates"": [[-79.30109067265975, 43.68374405952606]], ""type"": ""MultiPoint""}"
1529,2007:950601,2007-01-12T19:10:00,GERRARD ST E,ENDERBY RD,,2,Non-Fatal Injury,,No Control,Pedestrian Collision(internal code),Rain,Dark,Wet,Minor Arterial,false,-79.30109067265975,43.68374405952606,1,Automobile or Station Wagon,West,1,58,None,Use Unknown,Driving properly,Normal,,,Going Ahead,,,,,driver,NA,Beaches-East York (19),55 Division,East End-Danforth,false,false,false,false,false,false,true,false,false,false,"{""coordinates"": [[-79.30109067265975, 43.68374405952606]], ""type"": ""MultiPoint""}"
1530,2007:949215,2007-01-12T20:30:00,4071 KINGSTON RD,,,3,Non-Fatal Injury,,No Control,Pedestrian Collision(internal code),Rain,Dark,Wet,Major Arterial,false,-79.20089042693824,43.755343944440774,2,,North,3,35,Major,Other Safety Equipment Used,,,Running onto roadway,Normal,,Driver hits pedestrian at midblock,,,,pedestrian,NA,Scarborough-Guildwood (24),43 Division,West Hill,false,false,false,false,false,false,true,false,false,false,"{""coordinates"": [[-79.20089042693824, 43.755343944440774]], ""type"": ""MultiPoint""}"