X_id,collision_id,accdate,stname1,stname2,stname3,per_inv,acclass,accloc,traffictl,impactype,visible,light,rdsfcond,road_class,failtorem,longitude,latitude,veh_no,vehtype,initdir,per_no,invage,injury,safequip,drivact,drivcond,pedact,pedcond,manoeuvre,pedtype,cyclistype,cycact,cyccond,road_user,fatal_no,wardname,division,neighbourhood,aggressive,distracted,cyclist,motorcyclist,other_micromobility,older_adult,pedestrian,red_light,school_child,heavy_truck,geometry
1848,2007:980936,2007-04-13T15:39:00,DUNDAS Stre E,HIGHFIELD Road,,5,Non-Fatal Injury,At Intersection,No Control,Rear End,Clear,Daylight,Dry,Minor Arterial,false,-79.32329073590802,43.667744092016285,2,,,2,NA,Minor,Other Safety Equipment Used,,,,,Other,,,,,passenger,NA,Toronto-Danforth (14),55 Division,Greenwood-Coxwell,false,false,false,false,false,false,false,false,false,false,"{""coordinates"": [[-79.32329073590802, 43.667744092016285]], ""type"": ""MultiPoint""}"
1849,2007:980936,2007-04-13T15:39:00,DUNDAS Stre E,HIGHFIELD Road,,5,Non-Fatal Injury,At Intersection,No Control,Rear End,Clear,Daylight,Dry,Minor Arterial,false,-79.32329073590802,43.667744092016285,2,,,3,NA,None,Other Safety Equipment Used,,,,,Other,,,,,owner,NA,Toronto-Danforth (14),55 Division,Greenwood-Coxwell,false,false,false,false,false,false,false,false,false,false,"{""coordinates"": [[-79.32329073590802, 43.667744092016285]], ""type"": ""MultiPoint""}"
1850,2007:980936,2007-04-13T15:39:00,DUNDAS Stre E,HIGHFIELD Road,,5,Non-Fatal Injury,At Intersection,No Control,Rear End,Clear,Daylight,Dry,Minor Arterial,false,-79.32329073590802,43.667744092016285,3,Automobile or Station Wagon,East,5,48,Minor,Other Safety Equipment Used,,,,,Stopped,,,,,driver,NA,Toronto-Danforth (14),55 Division,Greenwood-Coxwell,false,false,false,false,false,false,false,false,false,false,"{""coordinates"": [[-79.32329073590802, 43.667744092016285]], ""type"": ""MultiPoint""}"
1851,2007:980936,2007-04-13T15:39:00,DUNDAS Stre E,HIGHFIELD Road,,5,Non-Fatal Injury,At Intersection,No Control,Rear End,Clear,Daylight,Dry,Minor Arterial,false,-79.32329073590802,43.667744092016285,2,Automobile or Station Wagon,East,4,28,Major,Other Safety Equipment Used,,,,,Going Ahead,,,,,driver,NA,Toronto-Danforth (14),55 Division,Greenwood-Coxwell,false,false,false,false,false,false,false,false,false,false,"{""coordinates"": [[-79.32329073590802, 43.667744092016285]], ""type"": ""MultiPoint""}"
1852,2007:980936,2007-04-13T15:39:00,DUNDAS Stre E,HIGHFIELD Road,,5,Non-Fatal Injury,At Intersection,No Control,Rear End,Clear,Daylight,Dry,Minor Arterial,false,-79.32329073590802,43.667744092016285,1,Automobile or Station Wagon,East,1,56,None,Other Safety Equipment Used,,,,,Stopped,,,,,driver,NA,Toronto-Danforth (14),55 Division,Greenwood-Coxwell,false,false,false,false,false,false,false,false,false,false,"{""coordinates"": [[-79.32329073590802, 43.667744092016285]], ""type"": ""MultiPoint""}"
1853,2007:967741,2007-04-14T10:42:00,VICTORIA PARK AVE,COMBERMERE DR,,5,Non-Fatal Injury,,No Control,Rear End,Clear,Daylight,Dry,Major Arterial,false,-79.31479060313922,43.75664407494427,3,,,4,54,Minor,Lap and Shoulder Belt,,,,,,,,,,passenger,NA,Scarborough Centre (21),41 Division,Wexford/Maryvale,true,false,false,false,false,false,false,false,false,false,"{""coordinates"": [[-79.31479060313922, 43.75664407494427]], ""type"": ""MultiPoint""}"
1854,2007:967741,2007-04-14T10:42:00,VICTORIA PARK AVE,COMBERMERE DR,,5,Non-Fatal Injury,,No Control,Rear End,Clear,Daylight,Dry,Major Arterial,false,-79.31479060313922,43.75664407494427,2,Automobile or Station Wagon,South,3,55,Minimal,Other Safety Equipment Used,Driving properly,Normal,,,Stopped,,,,,driver,NA,Scarborough Centre (21),41 Division,Wexford/Maryvale,true,false,false,false,false,false,false,false,false,false,"{""coordinates"": [[-79.31479060313922, 43.75664407494427]], ""type"": ""MultiPoint""}"
1855,2007:967741,2007-04-14T10:42:00,VICTORIA PARK AVE,COMBERMERE DR,,5,Non-Fatal Injury,,No Control,Rear End,Clear,Daylight,Dry,Major Arterial,false,-79.31479060313922,43.75664407494427,1,Automobile or Station Wagon,South,2,32,None,Lap and Shoulder Belt,Following too closely,Normal,,,Going Ahead,,,,,driver,NA,Scarborough Centre (21),41 Division,Wexford/Maryvale,true,false,false,false,false,false,false,false,false,false,"{""coordinates"": [[-79.31479060313922, 43.75664407494427]], ""type"": ""MultiPoint""}"
1856,2007:967741,2007-04-14T10:42:00,VICTORIA PARK AVE,COMBERMERE DR,,5,Non-Fatal Injury,,No Control,Rear End,Clear,Daylight,Dry,Major Arterial,false,-79.31479060313922,43.75664407494427,1,,,1,NA,None,Other Safety Equipment Used,,,,,,,,,,owner,NA,Scarborough Centre (21),41 Division,Wexford/Maryvale,true,false,false,false,false,false,false,false,false,false,"{""coordinates"": [[-79.31479060313922, 43.75664407494427]], ""type"": ""MultiPoint""}"
1857,2007:967741,2007-04-14T10:42:00,VICTORIA PARK AVE,COMBERMERE DR,,5,Non-Fatal Injury,,No Control,Rear End,Clear,Daylight,Dry,Major Arterial,false,-79.31479060313922,43.75664407494427,3,Automobile or Station Wagon,South,5,59,Major,Lap and Shoulder Belt,Driving properly,Normal,,,Stopped,,,,,driver,NA,Scarborough Centre (21),41 Division,Wexford/Maryvale,true,false,false,false,false,false,false,false,false,false,"{""coordinates"": [[-79.31479060313922, 43.75664407494427]], ""type"": ""MultiPoint""}"
1858,2007:964318,2007-04-14T13:05:00,FINCH AVE E,DON MILLS RD,,2,Non-Fatal Injury,,No Control,Pedestrian Collision(internal code),Clear,Daylight,Dry,Major Arterial,false,-79.35429063326242,43.792744123383024,2,,North,2,66,Major,Other Safety Equipment Used,,,Crossing - no traffic control,Unknown,,Driver hits pedestrian at midblock,,,,pedestrian,NA,Don Valley North (17),33 Division,Don Valley Village,false,false,false,false,false,true,true,false,false,false,"{""coordinates"": [[-79.35429063326242, 43.792744123383024]], ""type"": ""MultiPoint""}"
1859,2007:964318,2007-04-14T13:05:00,FINCH AVE E,DON MILLS RD,,2,Non-Fatal Injury,,No Control,Pedestrian Collision(internal code),Clear,Daylight,Dry,Major Arterial,false,-79.35429063326242,43.792744123383024,1,Automobile or Station Wagon,East,1,45,None,Other Safety Equipment Used,Driving properly,Normal,,,Going Ahead,,,,,driver,NA,Don Valley North (17),33 Division,Don Valley Village,false,false,false,false,false,true,true,false,false,false,"{""coordinates"": [[-79.35429063326242, 43.792744123383024]], ""type"": ""MultiPoint""}"
1860,2007:967962,2007-04-15T10:40:00,KIPLING AVE,BELFIELD RD,,5,Non-Fatal Injury,,Traffic Signal,Angle,Clear,Daylight,Dry,Major Arterial,false,-79.56349108571995,43.70484440195585,2,Automobile or Station Wagon,West,5,47,Minimal,Lap and Shoulder Belt,Driving properly,Normal,,,Going Ahead,,,,,driver,NA,Etobicoke North (1),23 Division,West Humber-Clairville,true,false,false,false,false,true,false,true,true,false,"{""coordinates"": [[-79.56349108571995, 43.70484440195585]], ""type"": ""MultiPoint""}"
1861,2007:968070,2007-04-17T22:57:00,BATHURST ST,MARKDALE AVE,,8,Non-Fatal Injury,,No Control,SMV Unattended Vehicle,Clear,Dark,Dry,Major Arterial,false,-79.42289088251623,43.69434422720458,5,,,6,22,Minor,Use Unknown,,,,,,,,,,passenger,NA,Toronto-St. Paul's (12),13 Division,Humewood-Cedarvale,true,false,false,false,false,false,false,false,false,false,"{""coordinates"": [[-79.42289088251623, 43.69434422720458]], ""type"": ""MultiPoint""}"
1862,2007:967962,2007-04-15T10:40:00,KIPLING AVE,BELFIELD RD,,5,Non-Fatal Injury,,Traffic Signal,Angle,Clear,Daylight,Dry,Major Arterial,false,-79.56349108571995,43.70484440195585,1,Automobile or Station Wagon,South,1,65,None,Lap and Shoulder Belt,Disobeyed traffic control,Normal,,,Going Ahead,,,,,driver,NA,Etobicoke North (1),23 Division,West Humber-Clairville,true,false,false,false,false,true,false,true,true,false,"{""coordinates"": [[-79.56349108571995, 43.70484440195585]], ""type"": ""MultiPoint""}"
1863,2007:967962,2007-04-15T10:40:00,KIPLING AVE,BELFIELD RD,,5,Non-Fatal Injury,,Traffic Signal,Angle,Clear,Daylight,Dry,Major Arterial,false,-79.56349108571995,43.70484440195585,2,,,3,63,Major,Lap and Shoulder Belt,,,,,,,,,,passenger,NA,Etobicoke North (1),23 Division,West Humber-Clairville,true,false,false,false,false,true,false,true,true,false,"{""coordinates"": [[-79.56349108571995, 43.70484440195585]], ""type"": ""MultiPoint""}"
1864,2007:967962,2007-04-15T10:40:00,KIPLING AVE,BELFIELD RD,,5,Non-Fatal Injury,,Traffic Signal,Angle,Clear,Daylight,Dry,Major Arterial,false,-79.56349108571995,43.70484440195585,2,,,2,13,Minimal,Lap and Shoulder Belt,,,,,,,,,,passenger,NA,Etobicoke North (1),23 Division,West Humber-Clairville,true,false,false,false,false,true,false,true,true,false,"{""coordinates"": [[-79.56349108571995, 43.70484440195585]], ""type"": ""MultiPoint""}"
1865,2007:967962,2007-04-15T10:40:00,KIPLING AVE,BELFIELD RD,,5,Non-Fatal Injury,,Traffic Signal,Angle,Clear,Daylight,Dry,Major Arterial,false,-79.56349108571995,43.70484440195585,2,,,4,16,Minimal,Lap and Shoulder Belt,,,,,,,,,,passenger,NA,Etobicoke North (1),23 Division,West Humber-Clairville,true,false,false,false,false,true,false,true,true,false,"{""coordinates"": [[-79.56349108571995, 43.70484440195585]], ""type"": ""MultiPoint""}"
1866,2007:964724,2007-04-17T07:40:00,WARDEN AVE,SHEPPARD AVE E,,4,Non-Fatal Injury,At Intersection,Traffic Signal,Turning Movement,Clear,Daylight,Dry,Major Arterial,false,-79.30789057145049,43.7787440677994,1,Automobile or Station Wagon,North,1,69,Major,Lap and Shoulder Belt,Disobeyed traffic control,Medical or Physical Disability,,,Going Ahead,,,,,driver,NA,Scarborough-Agincourt (22),42 Division,Tam O'Shanter-Sullivan,true,false,false,false,false,true,false,true,false,false,"{""coordinates"": [[-79.30789057145049, 43.7787440677994]], ""type"": ""MultiPoint""}"
1867,2007:964724,2007-04-17T07:40:00,WARDEN AVE,SHEPPARD AVE E,,4,Non-Fatal Injury,At Intersection,Traffic Signal,Turning Movement,Clear,Daylight,Dry,Major Arterial,false,-79.30789057145049,43.7787440677994,2,Automobile or Station Wagon,North,2,36,None,Lap and Shoulder Belt,Driving properly,Normal,,,Reversing,,,,,driver,NA,Scarborough-Agincourt (22),42 Division,Tam O'Shanter-Sullivan,true,false,false,false,false,true,false,true,false,false,"{""coordinates"": [[-79.30789057145049, 43.7787440677994]], ""type"": ""MultiPoint""}"
1868,2007:964724,2007-04-17T07:40:00,WARDEN AVE,SHEPPARD AVE E,,4,Non-Fatal Injury,At Intersection,Traffic Signal,Turning Movement,Clear,Daylight,Dry,Major Arterial,false,-79.30789057145049,43.7787440677994,3,,,3,NA,None,Other Safety Equipment Used,,,,,,,,,,owner,NA,Scarborough-Agincourt (22),42 Division,Tam O'Shanter-Sullivan,true,false,false,false,false,true,false,true,false,false,"{""coordinates"": [[-79.30789057145049, 43.7787440677994]], ""type"": ""MultiPoint""}"
1869,2007:964724,2007-04-17T07:40:00,WARDEN AVE,SHEPPARD AVE E,,4,Non-Fatal Injury,At Intersection,Traffic Signal,Turning Movement,Clear,Daylight,Dry,Major Arterial,false,-79.30789057145049,43.7787440677994,3,Automobile or Station Wagon,West,4,37,Minor,Lap and Shoulder Belt,Driving properly,Normal,,,Turning Left,,,,,driver,NA,Scarborough-Agincourt (22),42 Division,Tam O'Shanter-Sullivan,true,false,false,false,false,true,false,true,false,false,"{""coordinates"": [[-79.30789057145049, 43.7787440677994]], ""type"": ""MultiPoint""}"
1870,2007:968074,2007-04-17T07:51:00,SHEPPARD AVE E,BESSARION RD,,4,Non-Fatal Injury,At Intersection,Traffic Signal,Angle,Clear,Daylight,Dry,Major Arterial,false,-79.37659069362209,43.76914415087254,1,Automobile or Station Wagon,West,1,42,Minimal,Lap and Shoulder Belt,Driving properly,Unknown,,,Stopped,,,,,driver,NA,Don Valley North (17),33 Division,Bayview Village,true,false,false,false,false,true,false,true,false,false,"{""coordinates"": [[-79.37659069362209, 43.76914415087254]], ""type"": ""MultiPoint""}"
1871,2007:968074,2007-04-17T07:51:00,SHEPPARD AVE E,BESSARION RD,,4,Non-Fatal Injury,At Intersection,Traffic Signal,Angle,Clear,Daylight,Dry,Major Arterial,false,-79.37659069362209,43.76914415087254,2,,,2,NA,None,Other Safety Equipment Used,,,,,,,,,,owner,NA,Don Valley North (17),33 Division,Bayview Village,true,false,false,false,false,true,false,true,false,false,"{""coordinates"": [[-79.37659069362209, 43.76914415087254]], ""type"": ""MultiPoint""}"
1872,2007:968074,2007-04-17T07:51:00,SHEPPARD AVE E,BESSARION RD,,4,Non-Fatal Injury,At Intersection,Traffic Signal,Angle,Clear,Daylight,Dry,Major Arterial,false,-79.37659069362209,43.76914415087254,2,Automobile or Station Wagon,East,3,36,Major,Lap and Shoulder Belt,Disobeyed traffic control,Unknown,,,Going Ahead,,,,,driver,NA,Don Valley North (17),33 Division,Bayview Village,true,false,false,false,false,true,false,true,false,false,"{""coordinates"": [[-79.37659069362209, 43.76914415087254]], ""type"": ""MultiPoint""}"
1873,2007:968074,2007-04-17T07:51:00,SHEPPARD AVE E,BESSARION RD,,4,Non-Fatal Injury,At Intersection,Traffic Signal,Angle,Clear,Daylight,Dry,Major Arterial,false,-79.37659069362209,43.76914415087254,3,Automobile or Station Wagon,South,4,70,None,Lap and Shoulder Belt,Driving properly,Normal,,,Going Ahead,,,,,driver,NA,Don Valley North (17),33 Division,Bayview Village,true,false,false,false,false,true,false,true,false,false,"{""coordinates"": [[-79.37659069362209, 43.76914415087254]], ""type"": ""MultiPoint""}"
1874,2007:964835,2007-04-17T16:03:00,149 SHELDON AVE,,,2,Fatal Injury,,No Control,SMV Other,Clear,Daylight,Dry,Local,false,-79.54319125018674,43.602644434050866,1,Automobile or Station Wagon,East,2,93,Fatal,Air Bag Deployed,Lost control,Had Been Drinking,,,Going Ahead,,,,,driver,13,Etobicoke-Lakeshore (3),22 Division,Alderwood,false,false,false,false,false,true,false,false,false,false,"{""coordinates"": [[-79.54319125018674, 43.602644434050866]], ""type"": ""MultiPoint""}"
1875,2007:964835,2007-04-17T16:03:00,149 SHELDON AVE,,,2,Fatal Injury,,No Control,SMV Other,Clear,Daylight,Dry,Local,false,-79.54319125018674,43.602644434050866,1,,,1,83,Major,Equipment Not Used But Available,,,,,,,,,,passenger,NA,Etobicoke-Lakeshore (3),22 Division,Alderwood,false,false,false,false,false,true,false,false,false,false,"{""coordinates"": [[-79.54319125018674, 43.602644434050866]], ""type"": ""MultiPoint""}"
1876,2007:969646,2007-04-17T18:36:00,DUNDAS SQ,OKEEFE LANE,,4,Non-Fatal Injury,,No Control,SMV Other,Clear,Daylight,Dry,Collector,false,-79.37979086162638,43.65594417596809,2,,,3,NA,None,Other Safety Equipment Used,,,,,,,,,,owner,NA,Toronto Centre (13),51 Division,Downtown Yonge East,false,true,false,true,false,false,false,false,false,false,"{""coordinates"": [[-79.37979086162638, 43.65594417596809]], ""type"": ""MultiPoint""}"
1877,2007:969646,2007-04-17T18:36:00,DUNDAS SQ,OKEEFE LANE,,4,Non-Fatal Injury,,No Control,SMV Other,Clear,Daylight,Dry,Collector,false,-79.37979086162638,43.65594417596809,1,Motorcycle,West,2,20,Major,Equipment Not Used But Available,Other,Inattentive,,,Going Ahead,,,,,motorcyclist,NA,Toronto Centre (13),51 Division,Downtown Yonge East,false,true,false,true,false,false,false,false,false,false,"{""coordinates"": [[-79.37979086162638, 43.65594417596809]], ""type"": ""MultiPoint""}"
1878,2007:969646,2007-04-17T18:36:00,DUNDAS SQ,OKEEFE LANE,,4,Non-Fatal Injury,,No Control,SMV Other,Clear,Daylight,Dry,Collector,false,-79.37979086162638,43.65594417596809,1,,,1,NA,None,Other Safety Equipment Used,,,,,,,,,,owner,NA,Toronto Centre (13),51 Division,Downtown Yonge East,false,true,false,true,false,false,false,false,false,false,"{""coordinates"": [[-79.37979086162638, 43.65594417596809]], ""type"": ""MultiPoint""}"
1879,2007:969646,2007-04-17T18:36:00,DUNDAS SQ,OKEEFE LANE,,4,Non-Fatal Injury,,No Control,SMV Other,Clear,Daylight,Dry,Collector,false,-79.37979086162638,43.65594417596809,2,,,4,NA,None,Other Safety Equipment Used,,,,,,,,,,owner,NA,Toronto Centre (13),51 Division,Downtown Yonge East,false,true,false,true,false,false,false,false,false,false,"{""coordinates"": [[-79.37979086162638, 43.65594417596809]], ""type"": ""MultiPoint""}"
1880,2007:968070,2007-04-17T22:57:00,BATHURST ST,MARKDALE AVE,,8,Non-Fatal Injury,,No Control,SMV Unattended Vehicle,Clear,Dark,Dry,Major Arterial,false,-79.42289088251623,43.69434422720458,3,Automobile or Station Wagon,North,3,35,None,Lap and Shoulder Belt,Driving properly,Normal,,,Going Ahead,,,,,driver,NA,Toronto-St. Paul's (12),13 Division,Humewood-Cedarvale,true,false,false,false,false,false,false,false,false,false,"{""coordinates"": [[-79.42289088251623, 43.69434422720458]], ""type"": ""MultiPoint""}"
1881,2007:968070,2007-04-17T22:57:00,BATHURST ST,MARKDALE AVE,,8,Non-Fatal Injury,,No Control,SMV Unattended Vehicle,Clear,Dark,Dry,Major Arterial,false,-79.42289088251623,43.69434422720458,4,,,4,NA,None,Other Safety Equipment Used,,,,,Parked,,,,,owner,NA,Toronto-St. Paul's (12),13 Division,Humewood-Cedarvale,true,false,false,false,false,false,false,false,false,false,"{""coordinates"": [[-79.42289088251623, 43.69434422720458]], ""type"": ""MultiPoint""}"
1882,2007:968070,2007-04-17T22:57:00,BATHURST ST,MARKDALE AVE,,8,Non-Fatal Injury,,No Control,SMV Unattended Vehicle,Clear,Dark,Dry,Major Arterial,false,-79.42289088251623,43.69434422720458,1,,,1,NA,None,Other Safety Equipment Used,,,,,Parked,,,,,owner,NA,Toronto-St. Paul's (12),13 Division,Humewood-Cedarvale,true,false,false,false,false,false,false,false,false,false,"{""coordinates"": [[-79.42289088251623, 43.69434422720458]], ""type"": ""MultiPoint""}"
1883,2007:968070,2007-04-17T22:57:00,BATHURST ST,MARKDALE AVE,,8,Non-Fatal Injury,,No Control,SMV Unattended Vehicle,Clear,Dark,Dry,Major Arterial,false,-79.42289088251623,43.69434422720458,6,,,8,NA,None,Other Safety Equipment Used,,,,,,,,,,owner,NA,Toronto-St. Paul's (12),13 Division,Humewood-Cedarvale,true,false,false,false,false,false,false,false,false,false,"{""coordinates"": [[-79.42289088251623, 43.69434422720458]], ""type"": ""MultiPoint""}"
1884,2007:968070,2007-04-17T22:57:00,BATHURST ST,MARKDALE AVE,,8,Non-Fatal Injury,,No Control,SMV Unattended Vehicle,Clear,Dark,Dry,Major Arterial,false,-79.42289088251623,43.69434422720458,5,,,5,24,Minor,Use Unknown,,,,,,,,,,passenger,NA,Toronto-St. Paul's (12),13 Division,Humewood-Cedarvale,true,false,false,false,false,false,false,false,false,false,"{""coordinates"": [[-79.42289088251623, 43.69434422720458]], ""type"": ""MultiPoint""}"
1885,2007:968070,2007-04-17T22:57:00,BATHURST ST,MARKDALE AVE,,8,Non-Fatal Injury,,No Control,SMV Unattended Vehicle,Clear,Dark,Dry,Major Arterial,false,-79.42289088251623,43.69434422720458,5,Automobile or Station Wagon,North,7,24,Major,Use Unknown,Failed to yield right-of-way,Ability Impaired - Alcohol,,,Changing Lanes,,,,,driver,NA,Toronto-St. Paul's (12),13 Division,Humewood-Cedarvale,true,false,false,false,false,false,false,false,false,false,"{""coordinates"": [[-79.42289088251623, 43.69434422720458]], ""type"": ""MultiPoint""}"
1886,2007:968070,2007-04-17T22:57:00,BATHURST ST,MARKDALE AVE,,8,Non-Fatal Injury,,No Control,SMV Unattended Vehicle,Clear,Dark,Dry,Major Arterial,false,-79.42289088251623,43.69434422720458,2,Automobile or Station Wagon,South,2,35,Minor,Lap and Shoulder Belt,Driving properly,Normal,,,Going Ahead,,,,,driver,NA,Toronto-St. Paul's (12),13 Division,Humewood-Cedarvale,true,false,false,false,false,false,false,false,false,false,"{""coordinates"": [[-79.42289088251623, 43.69434422720458]], ""type"": ""MultiPoint""}"
1887,2007:965074,2007-04-18T17:05:00,SHEPPARD Ave W,LAURA Rd,,1,Non-Fatal Injury,,No Control,Approaching Head On,Clear,Daylight,Dry,Major Arterial,false,-79.51899096756883,43.73804433327079,2,Automobile or Station Wagon,East,4,30,Major,Other Safety Equipment Used,Failed to yield right-of-way,Normal,,,Overtaking,,,,,driver,NA,Humber River-Black Creek (7),31 Division,Oakdale-Beverley Heights,true,false,false,false,false,true,false,false,false,false,"{""coordinates"": [[-79.51899096756883, 43.73804433327079]], ""type"": ""MultiPoint""}"
1888,2007:965074,2007-04-18T17:05:00,SHEPPARD Ave W,LAURA Rd,,1,Non-Fatal Injury,,No Control,Approaching Head On,Clear,Daylight,Dry,Major Arterial,false,-79.51899096756883,43.73804433327079,1,,,2,30,Minor,Other Safety Equipment Used,,,,,,,,,,passenger,NA,Humber River-Black Creek (7),31 Division,Oakdale-Beverley Heights,true,false,false,false,false,true,false,false,false,false,"{""coordinates"": [[-79.51899096756883, 43.73804433327079]], ""type"": ""MultiPoint""}"
1889,2007:965074,2007-04-18T17:05:00,SHEPPARD Ave W,LAURA Rd,,1,Non-Fatal Injury,,No Control,Approaching Head On,Clear,Daylight,Dry,Major Arterial,false,-79.51899096756883,43.73804433327079,1,,,1,78,Minor,Other Safety Equipment Used,,,,,,,,,,passenger,NA,Humber River-Black Creek (7),31 Division,Oakdale-Beverley Heights,true,false,false,false,false,true,false,false,false,false,"{""coordinates"": [[-79.51899096756883, 43.73804433327079]], ""type"": ""MultiPoint""}"
1890,2007:965074,2007-04-18T17:05:00,SHEPPARD Ave W,LAURA Rd,,1,Non-Fatal Injury,,No Control,Approaching Head On,Clear,Daylight,Dry,Major Arterial,false,-79.51899096756883,43.73804433327079,1,Automobile or Station Wagon,West,3,39,Minor,Other Safety Equipment Used,Driving properly,Normal,,,Going Ahead,,,,,driver,NA,Humber River-Black Creek (7),31 Division,Oakdale-Beverley Heights,true,false,false,false,false,true,false,false,false,false,"{""coordinates"": [[-79.51899096756883, 43.73804433327079]], ""type"": ""MultiPoint""}"
1891,2007:965365,2007-04-20T14:30:00,KIPLING AVE,NAMCO RD,,2,Non-Fatal Injury,,No Control,SMV Other,Clear,Daylight,Dry,Major Arterial,false,-79.56519108114281,43.7084444018733,1,Automobile or Station Wagon,South,2,23,Major,Lap and Shoulder Belt,Lost control,Normal,,,Going Ahead,,,,,driver,NA,Etobicoke North (1),23 Division,West Humber-Clairville,false,false,false,false,false,false,false,false,false,false,"{""coordinates"": [[-79.56519108114281, 43.7084444018733]], ""type"": ""MultiPoint""}"
1892,2007:965365,2007-04-20T14:30:00,KIPLING AVE,NAMCO RD,,2,Non-Fatal Injury,,No Control,SMV Other,Clear,Daylight,Dry,Major Arterial,false,-79.56519108114281,43.7084444018733,1,,,1,NA,None,Other Safety Equipment Used,,,,,,,,,,owner,NA,Etobicoke North (1),23 Division,West Humber-Clairville,false,false,false,false,false,false,false,false,false,false,"{""coordinates"": [[-79.56519108114281, 43.7084444018733]], ""type"": ""MultiPoint""}"
1893,2007:968354,2007-04-20T22:40:00,343 CHEROKEE BLVD,,,4,Non-Fatal Injury,,No Control,Pedestrian Collision(internal code),Clear,Dark,Dry,Collector,false,-79.33759060004587,43.79934410379027,2,Automobile or Station Wagon,East,2,41,Major,Equipment Not Used But Available,Lost control,Normal,,,Reversing,,,,,driver,NA,Don Valley North (17),33 Division,Pleasant View,false,false,false,false,false,false,true,false,false,false,"{""coordinates"": [[-79.33759060004587, 43.79934410379027]], ""type"": ""MultiPoint""}"
1894,2007:968354,2007-04-20T22:40:00,343 CHEROKEE BLVD,,,4,Non-Fatal Injury,,No Control,Pedestrian Collision(internal code),Clear,Dark,Dry,Collector,false,-79.33759060004587,43.79934410379027,3,,,3,38,Minor,Other Safety Equipment Used,,,Other,Normal,,Driver hits pedestrian at private driveway,,,,pedestrian,NA,Don Valley North (17),33 Division,Pleasant View,false,false,false,false,false,false,true,false,false,false,"{""coordinates"": [[-79.33759060004587, 43.79934410379027]], ""type"": ""MultiPoint""}"
1895,2007:968354,2007-04-20T22:40:00,343 CHEROKEE BLVD,,,4,Non-Fatal Injury,,No Control,Pedestrian Collision(internal code),Clear,Dark,Dry,Collector,false,-79.33759060004587,43.79934410379027,1,,,1,NA,,Other Safety Equipment Used,,,,,,,,,,owner,NA,Don Valley North (17),33 Division,Pleasant View,false,false,false,false,false,false,true,false,false,false,"{""coordinates"": [[-79.33759060004587, 43.79934410379027]], ""type"": ""MultiPoint""}"
1896,2007:968354,2007-04-20T22:40:00,343 CHEROKEE BLVD,,,4,Non-Fatal Injury,,No Control,Pedestrian Collision(internal code),Clear,Dark,Dry,Collector,false,-79.33759060004587,43.79934410379027,2,,,4,NA,,Other Safety Equipment Used,,,,,,,,,,owner,NA,Don Valley North (17),33 Division,Pleasant View,false,false,false,false,false,false,true,false,false,false,"{""coordinates"": [[-79.33759060004587, 43.79934410379027]], ""type"": ""MultiPoint""}"
1897,2007:968451,2007-04-21T13:09:00,BOOTH AVE,LAKE SHORE BLVD E,,2,Non-Fatal Injury,At Intersection,Stop Sign,Pedestrian Collision(internal code),Clear,Daylight,Dry,Major Arterial,false,-79.34079378936364,43.65354311899204,1,Automobile or Station Wagon,South,2,58,None,Lap and Shoulder Belt,Failed to yield right-of-way,Normal,,,Going Ahead,,,,,driver,NA,Toronto-Danforth (14),55 Division,South Riverdale,true,false,false,false,false,false,true,false,false,false,"{""coordinates"": [[-79.34079378936364, 43.65354311899204]], ""type"": ""MultiPoint""}"
1898,2007:968451,2007-04-21T13:09:00,BOOTH AVE,LAKE SHORE BLVD E,,2,Non-Fatal Injury,At Intersection,Stop Sign,Pedestrian Collision(internal code),Clear,Daylight,Dry,Major Arterial,false,-79.34079378936364,43.65354311899204,2,,East,1,28,Major,Other Safety Equipment Used,,,,,Going Ahead,,,,,pedestrian,NA,Toronto-Danforth (14),55 Division,South Riverdale,true,false,false,false,false,false,true,false,false,false,"{""coordinates"": [[-79.34079378936364, 43.65354311899204]], ""type"": ""MultiPoint""}"
1899,2007:969841,2007-04-21T17:41:00,BLOOR ST W,HURON ST,,3,Non-Fatal Injury,At Intersection,Traffic Signal,Turning Movement,Clear,Daylight,Dry,Major Arterial,true,-79.40149088607527,43.66714420487651,3,Automobile or Station Wagon,East,3,NA,None,Other Safety Equipment Used,Failed to yield right-of-way,,,,Turning Left,,,,,driver,NA,University-Rosedale (11),52 Division,University,true,false,false,true,false,false,false,false,false,false,"{""coordinates"": [[-79.40149088607527, 43.66714420487651]], ""type"": ""MultiPoint""}"
1900,2007:969841,2007-04-21T17:41:00,BLOOR ST W,HURON ST,,3,Non-Fatal Injury,At Intersection,Traffic Signal,Turning Movement,Clear,Daylight,Dry,Major Arterial,true,-79.40149088607527,43.66714420487651,1,Automobile or Station Wagon,West,1,26,None,Lap and Shoulder Belt,Driving properly,Normal,,,Going Ahead,,,,,driver,NA,University-Rosedale (11),52 Division,University,true,false,false,true,false,false,false,false,false,false,"{""coordinates"": [[-79.40149088607527, 43.66714420487651]], ""type"": ""MultiPoint""}"
1901,2007:969841,2007-04-21T17:41:00,BLOOR ST W,HURON ST,,3,Non-Fatal Injury,At Intersection,Traffic Signal,Turning Movement,Clear,Daylight,Dry,Major Arterial,true,-79.40149088607527,43.66714420487651,2,Moped,West,2,54,Major,Helmet,Driving properly,Normal,,,Going Ahead,,,,,motorcyclist,NA,University-Rosedale (11),52 Division,University,true,false,false,true,false,false,false,false,false,false,"{""coordinates"": [[-79.40149088607527, 43.66714420487651]], ""type"": ""MultiPoint""}"
1902,2007:965369,2007-04-22T00:04:00,WARDEN AVE,SHEPPARD AVE E,,3,Fatal Injury,At Intersection,Traffic Signal,Turning Movement,Clear,Dark,Dry,Major Arterial,false,-79.30788757144467,43.77874506779586,1,Motorcycle,North,3,20,Fatal,Helmet,Exceeding speed limit,Normal,,,Going Ahead,,,,,motorcyclist,14,Scarborough-Agincourt (22),42 Division,Tam O'Shanter-Sullivan,true,false,false,true,false,false,false,false,false,false,"{""coordinates"": [[-79.30788757144467, 43.77874506779586]], ""type"": ""MultiPoint""}"