X_id,collision_id,accdate,stname1,stname2,stname3,per_inv,acclass,accloc,traffictl,impactype,visible,light,rdsfcond,road_class,failtorem,longitude,latitude,veh_no,vehtype,initdir,per_no,invage,injury,safequip,drivact,drivcond,pedact,pedcond,manoeuvre,pedtype,cyclistype,cycact,cyccond,road_user,fatal_no,wardname,division,neighbourhood,aggressive,distracted,cyclist,motorcyclist,other_micromobility,older_adult,pedestrian,red_light,school_child,heavy_truck,geometry
2276,2007:980693,2007-07-20T08:18:00,BLOOR ST E,PARLIAMENT ST,,5,Non-Fatal Injury,At Intersection,Traffic Signal,Rear End,Clear,Daylight,Dry,Major Arterial,false,-79.37069081993785,43.67204415950017,2,,,3,36,None,Lap and Shoulder Belt,,,,,,,,,,passenger,NA,Toronto Centre (13),53 Division,Rosedale-Moore Park,false,false,false,false,false,false,false,false,false,false,"{""coordinates"": [[-79.37069081993785, 43.67204415950017]], ""type"": ""MultiPoint""}"
2277,2007:980783,2007-07-20T16:37:00,1210 MARKHAM RD,,,4,Non-Fatal Injury,,No Control,Pedestrian Collision(internal code),Clear,Daylight,Dry,Major Arterial,false,-79.2323904533839,43.77824398071358,1,,West,1,4,Minimal,Other Safety Equipment Used,,,Crossing - no traffic control,Inattentive,,Driver hits pedestrian at midblock,,,,pedestrian,NA,Scarborough-Guildwood (24),43 Division,Woburn North,false,true,false,false,false,false,true,false,true,false,"{""coordinates"": [[-79.2323904533839, 43.77824398071358]], ""type"": ""MultiPoint""}"
2278,2007:980783,2007-07-20T16:37:00,1210 MARKHAM RD,,,4,Non-Fatal Injury,,No Control,Pedestrian Collision(internal code),Clear,Daylight,Dry,Major Arterial,false,-79.2323904533839,43.77824398071358,1,,West,2,27,Major,Other Safety Equipment Used,,,Crossing without right-of-way (intersection),Inattentive,,Driver hits pedestrian at midblock,,,,pedestrian,NA,Scarborough-Guildwood (24),43 Division,Woburn North,false,true,false,false,false,false,true,false,true,false,"{""coordinates"": [[-79.2323904533839, 43.77824398071358]], ""type"": ""MultiPoint""}"
2279,2007:980783,2007-07-20T16:37:00,1210 MARKHAM RD,,,4,Non-Fatal Injury,,No Control,Pedestrian Collision(internal code),Clear,Daylight,Dry,Major Arterial,false,-79.2323904533839,43.77824398071358,1,Automobile or Station Wagon,South,3,31,None,Lap and Shoulder Belt,Driving properly,Normal,,,Going Ahead,,,,,driver,NA,Scarborough-Guildwood (24),43 Division,Woburn North,false,true,false,false,false,false,true,false,true,false,"{""coordinates"": [[-79.2323904533839, 43.77824398071358]], ""type"": ""MultiPoint""}"
2280,2007:980783,2007-07-20T16:37:00,1210 MARKHAM RD,,,4,Non-Fatal Injury,,No Control,Pedestrian Collision(internal code),Clear,Daylight,Dry,Major Arterial,false,-79.2323904533839,43.77824398071358,1,,,4,NA,,Other Safety Equipment Used,,,,,,,,,,owner,NA,Scarborough-Guildwood (24),43 Division,Woburn North,false,true,false,false,false,false,true,false,true,false,"{""coordinates"": [[-79.2323904533839, 43.77824398071358]], ""type"": ""MultiPoint""}"
2281,2007:992122,2007-07-21T02:10:00,QUEEN ST E,KNOX AVE,,2,Non-Fatal Injury,,No Control,Cyclist Collision,Clear,Dark,Dry,Minor Arterial,false,-79.32569074528845,43.66424409578372,2,Bicycle,East,2,23,Major,Other Safety Equipment Used,,,,,Going Ahead,,Rear end with cyclist and driver travelling in same direction,Following too Close,Unknown,cyclist,NA,Toronto-Danforth (14),55 Division,Greenwood-Coxwell,false,false,true,false,false,false,false,false,false,false,"{""coordinates"": [[-79.32569074528845, 43.66424409578372]], ""type"": ""MultiPoint""}"
2282,2007:992122,2007-07-21T02:10:00,QUEEN ST E,KNOX AVE,,2,Non-Fatal Injury,,No Control,Cyclist Collision,Clear,Dark,Dry,Minor Arterial,false,-79.32569074528845,43.66424409578372,1,Automobile or Station Wagon,East,1,30,None,Lap and Shoulder Belt,Driving properly,Normal,,,Stopped,,,,,driver,NA,Toronto-Danforth (14),55 Division,Greenwood-Coxwell,false,false,true,false,false,false,false,false,false,false,"{""coordinates"": [[-79.32569074528845, 43.66424409578372]], ""type"": ""MultiPoint""}"
2283,2007:985171,2007-07-21T17:00:00,597 MELITA CRES,,,2,Non-Fatal Injury,,No Control,Pedestrian Collision(internal code),Clear,Daylight,Dry,Local,true,-79.42319091853011,43.67264423444939,1,Automobile or Station Wagon,South,1,NA,None,Other Safety Equipment Used,Driving properly,Normal,,,Going Ahead,,,,,driver,NA,Toronto-St. Paul's (12),13 Division,Wychwood,false,false,false,false,false,false,true,false,false,false,"{""coordinates"": [[-79.42319091853011, 43.67264423444939]], ""type"": ""MultiPoint""}"
2284,2007:985171,2007-07-21T17:00:00,597 MELITA CRES,,,2,Non-Fatal Injury,,No Control,Pedestrian Collision(internal code),Clear,Daylight,Dry,Local,true,-79.42319091853011,43.67264423444939,1,,,2,37,Major,Other Safety Equipment Used,,,Crossing - no traffic control,Normal,,Driver hits pedestrian at midblock,,,,pedestrian,NA,Toronto-St. Paul's (12),13 Division,Wychwood,false,false,false,false,false,false,true,false,false,false,"{""coordinates"": [[-79.42319091853011, 43.67264423444939]], ""type"": ""MultiPoint""}"
2285,2007:984340,2007-07-22T13:01:00,JANE ST,SAN MARINOWAY,,5,Non-Fatal Injury,At Intersection,No Control,Sideswipe,Clear,Daylight,Dry,Major Arterial,false,-79.51439095050739,43.74414432500775,2,Automobile or Station Wagon,South,5,17,Minimal,Use Unknown,Improper lane change,Ability Impaired - Alcohol,,,Changing Lanes,,,,,driver,NA,Humber River-Black Creek (7),31 Division,Glenfield-Jane Heights,false,false,false,false,false,false,false,false,true,false,"{""coordinates"": [[-79.51439095050739, 43.74414432500775]], ""type"": ""MultiPoint""}"
2286,2007:984340,2007-07-22T13:01:00,JANE ST,SAN MARINOWAY,,5,Non-Fatal Injury,At Intersection,No Control,Sideswipe,Clear,Daylight,Dry,Major Arterial,false,-79.51439095050739,43.74414432500775,2,,,4,NA,None,Other Safety Equipment Used,,,,,,,,,,owner,NA,Humber River-Black Creek (7),31 Division,Glenfield-Jane Heights,false,false,false,false,false,false,false,false,true,false,"{""coordinates"": [[-79.51439095050739, 43.74414432500775]], ""type"": ""MultiPoint""}"
2287,2007:984340,2007-07-22T13:01:00,JANE ST,SAN MARINOWAY,,5,Non-Fatal Injury,At Intersection,No Control,Sideswipe,Clear,Daylight,Dry,Major Arterial,false,-79.51439095050739,43.74414432500775,2,,,2,19,Major,Use Unknown,,,,,,,,,,passenger,NA,Humber River-Black Creek (7),31 Division,Glenfield-Jane Heights,false,false,false,false,false,false,false,false,true,false,"{""coordinates"": [[-79.51439095050739, 43.74414432500775]], ""type"": ""MultiPoint""}"
2288,2007:984340,2007-07-22T13:01:00,JANE ST,SAN MARINOWAY,,5,Non-Fatal Injury,At Intersection,No Control,Sideswipe,Clear,Daylight,Dry,Major Arterial,false,-79.51439095050739,43.74414432500775,1,Automobile or Station Wagon,South,1,43,None,Use Unknown,Driving properly,Normal,,,Going Ahead,,,,,driver,NA,Humber River-Black Creek (7),31 Division,Glenfield-Jane Heights,false,false,false,false,false,false,false,false,true,false,"{""coordinates"": [[-79.51439095050739, 43.74414432500775]], ""type"": ""MultiPoint""}"
2289,2007:984340,2007-07-22T13:01:00,JANE ST,SAN MARINOWAY,,5,Non-Fatal Injury,At Intersection,No Control,Sideswipe,Clear,Daylight,Dry,Major Arterial,false,-79.51439095050739,43.74414432500775,2,,,3,28,None,Use Unknown,,,,,,,,,,passenger,NA,Humber River-Black Creek (7),31 Division,Glenfield-Jane Heights,false,false,false,false,false,false,false,false,true,false,"{""coordinates"": [[-79.51439095050739, 43.74414432500775]], ""type"": ""MultiPoint""}"
2290,2007:985777,2007-07-22T14:09:00,3850 FINCH AVE E,,,6,Non-Fatal Injury,,Traffic Signal,Rear End,Clear,Daylight,Dry,Major Arterial,false,-79.30339054532402,43.799544063867145,3,,East,6,38,None,Lap and Shoulder Belt,Following too closely,Inattentive,,,Going Ahead,,,,,driver,NA,Scarborough-Agincourt (22),42 Division,East L'Amoreaux,true,true,false,false,false,false,false,false,false,false,"{""coordinates"": [[-79.30339054532402, 43.799544063867145]], ""type"": ""MultiPoint""}"
2291,2007:985777,2007-07-22T14:09:00,3850 FINCH AVE E,,,6,Non-Fatal Injury,,Traffic Signal,Rear End,Clear,Daylight,Dry,Major Arterial,false,-79.30339054532402,43.799544063867145,1,,,1,55,Minimal,Lap and Shoulder Belt,,,,,,,,,,passenger,NA,Scarborough-Agincourt (22),42 Division,East L'Amoreaux,true,true,false,false,false,false,false,false,false,false,"{""coordinates"": [[-79.30339054532402, 43.799544063867145]], ""type"": ""MultiPoint""}"
2292,2007:985777,2007-07-22T14:09:00,3850 FINCH AVE E,,,6,Non-Fatal Injury,,Traffic Signal,Rear End,Clear,Daylight,Dry,Major Arterial,false,-79.30339054532402,43.799544063867145,3,,,5,NA,None,Other Safety Equipment Used,,,,,,,,,,owner,NA,Scarborough-Agincourt (22),42 Division,East L'Amoreaux,true,true,false,false,false,false,false,false,false,false,"{""coordinates"": [[-79.30339054532402, 43.799544063867145]], ""type"": ""MultiPoint""}"
2293,2007:985777,2007-07-22T14:09:00,3850 FINCH AVE E,,,6,Non-Fatal Injury,,Traffic Signal,Rear End,Clear,Daylight,Dry,Major Arterial,false,-79.30339054532402,43.799544063867145,3,,,4,35,Major,Lap and Shoulder Belt,,,,,,,,,,passenger,NA,Scarborough-Agincourt (22),42 Division,East L'Amoreaux,true,true,false,false,false,false,false,false,false,false,"{""coordinates"": [[-79.30339054532402, 43.799544063867145]], ""type"": ""MultiPoint""}"
2294,2007:985777,2007-07-22T14:09:00,3850 FINCH AVE E,,,6,Non-Fatal Injury,,Traffic Signal,Rear End,Clear,Daylight,Dry,Major Arterial,false,-79.30339054532402,43.799544063867145,2,Automobile or Station Wagon,East,3,29,Minor,Lap and Shoulder Belt,Driving properly,Normal,,,Stopped,,,,,driver,NA,Scarborough-Agincourt (22),42 Division,East L'Amoreaux,true,true,false,false,false,false,false,false,false,false,"{""coordinates"": [[-79.30339054532402, 43.799544063867145]], ""type"": ""MultiPoint""}"
2295,2007:985777,2007-07-22T14:09:00,3850 FINCH AVE E,,,6,Non-Fatal Injury,,Traffic Signal,Rear End,Clear,Daylight,Dry,Major Arterial,false,-79.30339054532402,43.799544063867145,1,Automobile or Station Wagon,East,2,60,None,Other Safety Equipment Used,Driving properly,Normal,,,Stopped,,,,,driver,NA,Scarborough-Agincourt (22),42 Division,East L'Amoreaux,true,true,false,false,false,false,false,false,false,false,"{""coordinates"": [[-79.30339054532402, 43.799544063867145]], ""type"": ""MultiPoint""}"
2296,2007:985784,2007-07-22T22:40:00,DUNDAS ST W,UNIVERSITY AVE,,9,Non-Fatal Injury,At Intersection,Traffic Signal,Turning Movement,Clear,Dark,Dry,Major Arterial,false,-79.38829087996456,43.6547441887318,3,Automobile or Station Wagon,South,9,36,None,Other Safety Equipment Used,Driving properly,Normal,,,Going Ahead,,,,,driver,NA,Spadina-Fort York (10),52 Division,Yonge-Bay Corridor,false,true,false,false,false,false,false,false,true,false,"{""coordinates"": [[-79.38829087996456, 43.6547441887318]], ""type"": ""MultiPoint""}"
2297,2007:985784,2007-07-22T22:40:00,DUNDAS ST W,UNIVERSITY AVE,,9,Non-Fatal Injury,At Intersection,Traffic Signal,Turning Movement,Clear,Dark,Dry,Major Arterial,false,-79.38829087996456,43.6547441887318,1,,,1,NA,None,Other Safety Equipment Used,,,,,,,,,,owner,NA,Spadina-Fort York (10),52 Division,Yonge-Bay Corridor,false,true,false,false,false,false,false,false,true,false,"{""coordinates"": [[-79.38829087996456, 43.6547441887318]], ""type"": ""MultiPoint""}"
2298,2007:985784,2007-07-22T22:40:00,DUNDAS ST W,UNIVERSITY AVE,,9,Non-Fatal Injury,At Intersection,Traffic Signal,Turning Movement,Clear,Dark,Dry,Major Arterial,false,-79.38829087996456,43.6547441887318,2,,,5,14,Minimal,Lap and Shoulder Belt,,,,,,,,,,passenger,NA,Spadina-Fort York (10),52 Division,Yonge-Bay Corridor,false,true,false,false,false,false,false,false,true,false,"{""coordinates"": [[-79.38829087996456, 43.6547441887318]], ""type"": ""MultiPoint""}"
2299,2007:985784,2007-07-22T22:40:00,DUNDAS ST W,UNIVERSITY AVE,,9,Non-Fatal Injury,At Intersection,Traffic Signal,Turning Movement,Clear,Dark,Dry,Major Arterial,false,-79.38829087996456,43.6547441887318,2,,,4,9,Minimal,Lap and Shoulder Belt,,,,,,,,,,passenger,NA,Spadina-Fort York (10),52 Division,Yonge-Bay Corridor,false,true,false,false,false,false,false,false,true,false,"{""coordinates"": [[-79.38829087996456, 43.6547441887318]], ""type"": ""MultiPoint""}"
2300,2007:985784,2007-07-22T22:40:00,DUNDAS ST W,UNIVERSITY AVE,,9,Non-Fatal Injury,At Intersection,Traffic Signal,Turning Movement,Clear,Dark,Dry,Major Arterial,false,-79.38829087996456,43.6547441887318,3,,,8,NA,None,Other Safety Equipment Used,,,,,,,,,,owner,NA,Spadina-Fort York (10),52 Division,Yonge-Bay Corridor,false,true,false,false,false,false,false,false,true,false,"{""coordinates"": [[-79.38829087996456, 43.6547441887318]], ""type"": ""MultiPoint""}"
2301,2007:985784,2007-07-22T22:40:00,DUNDAS ST W,UNIVERSITY AVE,,9,Non-Fatal Injury,At Intersection,Traffic Signal,Turning Movement,Clear,Dark,Dry,Major Arterial,false,-79.38829087996456,43.6547441887318,1,Automobile or Station Wagon,South,2,47,None,Lap and Shoulder Belt,Driving properly,Normal,,,Going Ahead,,,,,driver,NA,Spadina-Fort York (10),52 Division,Yonge-Bay Corridor,false,true,false,false,false,false,false,false,true,false,"{""coordinates"": [[-79.38829087996456, 43.6547441887318]], ""type"": ""MultiPoint""}"
2302,2007:985784,2007-07-22T22:40:00,DUNDAS ST W,UNIVERSITY AVE,,9,Non-Fatal Injury,At Intersection,Traffic Signal,Turning Movement,Clear,Dark,Dry,Major Arterial,false,-79.38829087996456,43.6547441887318,2,Automobile or Station Wagon,North,7,40,Minimal,Lap and Shoulder Belt,Improper turn,Inattentive,,,Turning Left,,,,,driver,NA,Spadina-Fort York (10),52 Division,Yonge-Bay Corridor,false,true,false,false,false,false,false,false,true,false,"{""coordinates"": [[-79.38829087996456, 43.6547441887318]], ""type"": ""MultiPoint""}"
2303,2007:985784,2007-07-22T22:40:00,DUNDAS ST W,UNIVERSITY AVE,,9,Non-Fatal Injury,At Intersection,Traffic Signal,Turning Movement,Clear,Dark,Dry,Major Arterial,false,-79.38829087996456,43.6547441887318,2,,,6,35,Minimal,Lap and Shoulder Belt,,,,,,,,,,passenger,NA,Spadina-Fort York (10),52 Division,Yonge-Bay Corridor,false,true,false,false,false,false,false,false,true,false,"{""coordinates"": [[-79.38829087996456, 43.6547441887318]], ""type"": ""MultiPoint""}"
2304,2007:985784,2007-07-22T22:40:00,DUNDAS ST W,UNIVERSITY AVE,,9,Non-Fatal Injury,At Intersection,Traffic Signal,Turning Movement,Clear,Dark,Dry,Major Arterial,false,-79.38829087996456,43.6547441887318,2,,,3,5,Major,Other Safety Equipment Used,,,,,,,,,,passenger,NA,Spadina-Fort York (10),52 Division,Yonge-Bay Corridor,false,true,false,false,false,false,false,false,true,false,"{""coordinates"": [[-79.38829087996456, 43.6547441887318]], ""type"": ""MultiPoint""}"
2305,2007:985971,2007-07-23T07:52:00,WARDEN AVE,EGLINTON AVE E,,3,Non-Fatal Injury,,Traffic Signal,Cyclist Collision,Clear,Daylight,Dry,Major Arterial,false,-79.28759059151693,43.72784404058971,1,Pickup Truck,South,3,27,None,Lap and Shoulder Belt,Failed to yield right-of-way,Inattentive,,,Turning Right,,,,,driver,NA,Scarborough Southwest (20),41 Division,Clairlea-Birchmount,true,true,true,false,false,false,false,false,false,false,"{""coordinates"": [[-79.28759059151693, 43.727844040589716]], ""type"": ""MultiPoint""}"
2306,2007:985971,2007-07-23T07:52:00,WARDEN AVE,EGLINTON AVE E,,3,Non-Fatal Injury,,Traffic Signal,Cyclist Collision,Clear,Daylight,Dry,Major Arterial,false,-79.28759059151693,43.72784404058971,2,Bicycle,North,1,52,Major,No Equipment Available,,,,,Going Ahead,,Driver turns right on red at signalized intersection and hits cyclist,Driving Properly,Inattentive,cyclist,NA,Scarborough Southwest (20),41 Division,Clairlea-Birchmount,true,true,true,false,false,false,false,false,false,false,"{""coordinates"": [[-79.28759059151693, 43.727844040589716]], ""type"": ""MultiPoint""}"
2307,2007:985971,2007-07-23T07:52:00,WARDEN AVE,EGLINTON AVE E,,3,Non-Fatal Injury,,Traffic Signal,Cyclist Collision,Clear,Daylight,Dry,Major Arterial,false,-79.28759059151693,43.72784404058971,1,,,2,NA,,Other Safety Equipment Used,,,,,,,,,,owner,NA,Scarborough Southwest (20),41 Division,Clairlea-Birchmount,true,true,true,false,false,false,false,false,false,false,"{""coordinates"": [[-79.28759059151693, 43.727844040589716]], ""type"": ""MultiPoint""}"
2308,2007:981276,2007-07-24T09:30:00,YONGE ST,DUNDAS ST W,,3,Non-Fatal Injury,At Intersection,No Control,Pedestrian Collision(internal code),Clear,Daylight,Dry,Major Arterial,false,-79.38109086308376,43.65664417772544,1,Automobile or Station Wagon,South,2,59,None,Lap and Shoulder Belt,Driving properly,Normal,,,Going Ahead,,,,,driver,NA,University-Rosedale (11),52 Division,Yonge-Bay Corridor,false,true,false,false,false,true,true,false,false,false,"{""coordinates"": [[-79.38109086308376, 43.65664417772544]], ""type"": ""MultiPoint""}"
2309,2007:981276,2007-07-24T09:30:00,YONGE ST,DUNDAS ST W,,3,Non-Fatal Injury,At Intersection,No Control,Pedestrian Collision(internal code),Clear,Daylight,Dry,Major Arterial,false,-79.38109086308376,43.65664417772544,2,,West,3,74,Major,No Equipment Available,,,Crossing - no traffic control,Inattentive,,Driver hits pedestrian at midblock,,,,pedestrian,NA,University-Rosedale (11),52 Division,Yonge-Bay Corridor,false,true,false,false,false,true,true,false,false,false,"{""coordinates"": [[-79.38109086308376, 43.65664417772544]], ""type"": ""MultiPoint""}"
2310,2007:981510,2007-07-25T12:55:00,COXWELL AVE,COSBURN AVE,,6,Non-Fatal Injury,At Intersection,Traffic Signal,Angle,Clear,Daylight,Dry,Minor Arterial,false,-79.32799070850187,43.694144096321374,3,Automobile or Station Wagon,South,5,46,None,Other Safety Equipment Used,Driving properly,Normal,,,Stopped,,,,,driver,NA,Beaches-East York (19),55 Division,Old East York,true,true,false,false,false,true,false,true,false,false,"{""coordinates"": [[-79.32799070850187, 43.694144096321374]], ""type"": ""MultiPoint""}"
2311,2007:981510,2007-07-25T12:55:00,COXWELL AVE,COSBURN AVE,,6,Non-Fatal Injury,At Intersection,Traffic Signal,Angle,Clear,Daylight,Dry,Minor Arterial,false,-79.32799070850187,43.694144096321374,1,Automobile or Station Wagon,North,2,36,Minimal,Other Safety Equipment Used,Disobeyed traffic control,Inattentive,,,Going Ahead,,,,,driver,NA,Beaches-East York (19),55 Division,Old East York,true,true,false,false,false,true,false,true,false,false,"{""coordinates"": [[-79.32799070850187, 43.694144096321374]], ""type"": ""MultiPoint""}"
2312,2007:981510,2007-07-25T12:55:00,COXWELL AVE,COSBURN AVE,,6,Non-Fatal Injury,At Intersection,Traffic Signal,Angle,Clear,Daylight,Dry,Minor Arterial,false,-79.32799070850187,43.694144096321374,1,,,1,NA,None,Other Safety Equipment Used,,,,,,,,,,owner,NA,Beaches-East York (19),55 Division,Old East York,true,true,false,false,false,true,false,true,false,false,"{""coordinates"": [[-79.32799070850187, 43.694144096321374]], ""type"": ""MultiPoint""}"
2313,2007:981510,2007-07-25T12:55:00,COXWELL AVE,COSBURN AVE,,6,Non-Fatal Injury,At Intersection,Traffic Signal,Angle,Clear,Daylight,Dry,Minor Arterial,false,-79.32799070850187,43.694144096321374,3,,,4,NA,None,Other Safety Equipment Used,,,,,,,,,,owner,NA,Beaches-East York (19),55 Division,Old East York,true,true,false,false,false,true,false,true,false,false,"{""coordinates"": [[-79.32799070850187, 43.694144096321374]], ""type"": ""MultiPoint""}"
2314,2007:981510,2007-07-25T12:55:00,COXWELL AVE,COSBURN AVE,,6,Non-Fatal Injury,At Intersection,Traffic Signal,Angle,Clear,Daylight,Dry,Minor Arterial,false,-79.32799070850187,43.694144096321374,3,,,6,27,Minimal,Other Safety Equipment Used,,,,,,,,,,passenger,NA,Beaches-East York (19),55 Division,Old East York,true,true,false,false,false,true,false,true,false,false,"{""coordinates"": [[-79.32799070850187, 43.694144096321374]], ""type"": ""MultiPoint""}"
2315,2007:981510,2007-07-25T12:55:00,COXWELL AVE,COSBURN AVE,,6,Non-Fatal Injury,At Intersection,Traffic Signal,Angle,Clear,Daylight,Dry,Minor Arterial,false,-79.32799070850187,43.694144096321374,2,Automobile or Station Wagon,East,3,70,Major,Other Safety Equipment Used,Driving properly,Normal,,,Going Ahead,,,,,driver,NA,Beaches-East York (19),55 Division,Old East York,true,true,false,false,false,true,false,true,false,false,"{""coordinates"": [[-79.32799070850187, 43.694144096321374]], ""type"": ""MultiPoint""}"
2316,2007:986578,2007-07-25T20:16:00,1655 BLOOR ST W,,,1,Non-Fatal Injury,,No Control,Turning Movement,Clear,Daylight,Dry,Major Arterial,false,-79.45639101109128,43.65544428866078,1,Motorcycle,East,1,31,Major,Helmet,Driving properly,Normal,,,Going Ahead,,,,,motorcyclist,NA,Parkdale-High Park (4),11 Division,High Park-Swansea,true,false,false,true,false,false,false,false,false,false,"{""coordinates"": [[-79.45639101109128, 43.65544428866078]], ""type"": ""MultiPoint""}"
2317,2007:986578,2007-07-25T20:16:00,1655 BLOOR ST W,,,1,Non-Fatal Injury,,No Control,Turning Movement,Clear,Daylight,Dry,Major Arterial,false,-79.45639101109128,43.65544428866078,2,Automobile or Station Wagon,East,2,23,None,Lap and Shoulder Belt,Failed to yield right-of-way,Normal,,,Making U-Turn,,,,,driver,NA,Parkdale-High Park (4),11 Division,High Park-Swansea,true,false,false,true,false,false,false,false,false,false,"{""coordinates"": [[-79.45639101109128, 43.65544428866078]], ""type"": ""MultiPoint""}"
2318,2007:986597,2007-07-26T02:50:00,CHRISTIE ST,BLOOR ST W,,2,Non-Fatal Injury,,No Control,SMV Other,Clear,Dark,Dry,Minor Arterial,false,-79.41889092433641,43.664044230922485,2,,,2,NA,None,Other Safety Equipment Used,,,,,,,,,,owner,NA,University-Rosedale (11),14 Division,Dovercourt Village,false,false,false,true,false,false,false,false,false,false,"{""coordinates"": [[-79.41889092433641, 43.664044230922485]], ""type"": ""MultiPoint""}"
2319,2007:986597,2007-07-26T02:50:00,CHRISTIE ST,BLOOR ST W,,2,Non-Fatal Injury,,No Control,SMV Other,Clear,Dark,Dry,Minor Arterial,false,-79.41889092433641,43.664044230922485,1,Motorcycle,South,1,46,Major,Helmet,Other,Ability Impaired - Alcohol,,,Going Ahead,,,,,motorcyclist,NA,University-Rosedale (11),14 Division,Dovercourt Village,false,false,false,true,false,false,false,false,false,false,"{""coordinates"": [[-79.41889092433641, 43.664044230922485]], ""type"": ""MultiPoint""}"
2320,2007:986599,2007-07-26T23:35:00,DANFORTH AVE,PAPE AVE,,2,Non-Fatal Injury,,Traffic Signal,Cyclist Collision,Clear,Dark,Dry,Major Arterial,true,-79.344790760996,43.6789441215174,1,Bicycle,West,1,19,Major,Helmet,,,,,Going Ahead,,Sideswipe with cyclist and driver travelling in same direction,Driving Properly,Normal,cyclist,NA,Toronto-Danforth (14),55 Division,Blake-Jones,true,false,true,false,false,false,false,false,true,false,"{""coordinates"": [[-79.344790760996, 43.6789441215174]], ""type"": ""MultiPoint""}"
2321,2007:986599,2007-07-26T23:35:00,DANFORTH AVE,PAPE AVE,,2,Non-Fatal Injury,,Traffic Signal,Cyclist Collision,Clear,Dark,Dry,Major Arterial,true,-79.344790760996,43.6789441215174,1,Automobile or Station Wagon,West,2,NA,None,Use Unknown,Improper passing,Unknown,,,Going Ahead,,,,,driver,NA,Toronto-Danforth (14),55 Division,Blake-Jones,true,false,true,false,false,false,false,false,true,false,"{""coordinates"": [[-79.344790760996, 43.6789441215174]], ""type"": ""MultiPoint""}"
2322,2007:986752,2007-07-27T09:14:00,KIPLING AVE,HUNTING RIDGE,,4,Non-Fatal Injury,At Intersection,Traffic Signal,Angle,Clear,Daylight,Dry,Major Arterial,false,-79.55279111596091,43.68134440261179,2,Automobile or Station Wagon,East,4,46,Major,Lap and Shoulder Belt,Driving properly,Normal,,,Going Ahead,,,,,driver,NA,Etobicoke Centre (2),23 Division,Willowridge-Martingrove-Richview,true,false,false,false,false,false,false,true,false,false,"{""coordinates"": [[-79.55279111596091, 43.68134440261179]], ""type"": ""MultiPoint""}"
2323,2007:986752,2007-07-27T09:14:00,KIPLING AVE,HUNTING RIDGE,,4,Non-Fatal Injury,At Intersection,Traffic Signal,Angle,Clear,Daylight,Dry,Major Arterial,false,-79.55279111596091,43.68134440261179,1,Automobile or Station Wagon,North,2,28,None,Lap and Shoulder Belt,Disobeyed traffic control,Normal,,,Going Ahead,,,,,driver,NA,Etobicoke Centre (2),23 Division,Willowridge-Martingrove-Richview,true,false,false,false,false,false,false,true,false,false,"{""coordinates"": [[-79.55279111596091, 43.68134440261179]], ""type"": ""MultiPoint""}"
2324,2007:986752,2007-07-27T09:14:00,KIPLING AVE,HUNTING RIDGE,,4,Non-Fatal Injury,At Intersection,Traffic Signal,Angle,Clear,Daylight,Dry,Major Arterial,false,-79.55279111596091,43.68134440261179,2,,,3,NA,None,Other Safety Equipment Used,,,,,,,,,,owner,NA,Etobicoke Centre (2),23 Division,Willowridge-Martingrove-Richview,true,false,false,false,false,false,false,true,false,false,"{""coordinates"": [[-79.55279111596091, 43.68134440261179]], ""type"": ""MultiPoint""}"
2325,2007:986752,2007-07-27T09:14:00,KIPLING AVE,HUNTING RIDGE,,4,Non-Fatal Injury,At Intersection,Traffic Signal,Angle,Clear,Daylight,Dry,Major Arterial,false,-79.55279111596091,43.68134440261179,1,,,1,NA,None,Other Safety Equipment Used,,,,,,,,,,owner,NA,Etobicoke Centre (2),23 Division,Willowridge-Martingrove-Richview,true,false,false,false,false,false,false,true,false,false,"{""coordinates"": [[-79.55279111596091, 43.68134440261179]], ""type"": ""MultiPoint""}"
2326,2007:982126,2007-07-27T17:30:00,LAWRENCE AVE W,DUVAL DR,,3,Non-Fatal Injury,At Intersection,Traffic Signal,Cyclist Collision,Clear,Daylight,Dry,Major Arterial,false,-79.47459095016741,43.70974429183011,1,Automobile or Station Wagon,North,2,38,None,Other Safety Equipment Used,Failed to yield right-of-way,Normal,,,Turning Right,,,,,driver,NA,York South-Weston (5),12 Division,Maple Leaf,true,false,true,false,false,false,false,false,false,false,"{""coordinates"": [[-79.47459095016741, 43.70974429183011]], ""type"": ""MultiPoint""}"
2327,2007:991193,2007-08-23T19:39:00,26 GLEN EVEREST RD,,,3,Non-Fatal Injury,,No Control,SMV Other,Clear,Daylight,Dry,Local,false,-79.25329056397514,43.700343993744745,1,,,2,NA,None,Other Safety Equipment Used,,,,,,,,,,other,NA,Scarborough Southwest (20),41 Division,Birchcliffe-Cliffside,false,false,false,false,false,false,false,false,false,false,"{""coordinates"": [[-79.25329056397514, 43.700343993744745]], ""type"": ""MultiPoint""}"
2328,2007:982126,2007-07-27T17:30:00,LAWRENCE AVE W,DUVAL DR,,3,Non-Fatal Injury,At Intersection,Traffic Signal,Cyclist Collision,Clear,Daylight,Dry,Major Arterial,false,-79.47459095016741,43.70974429183011,2,Bicycle,West,1,22,Major,Other Safety Equipment Used,,,,,Going Ahead,,Driver turns right on red at signalized intersection and hits cyclist,Driving Properly,Normal,cyclist,NA,York South-Weston (5),12 Division,Maple Leaf,true,false,true,false,false,false,false,false,false,false,"{""coordinates"": [[-79.47459095016741, 43.70974429183011]], ""type"": ""MultiPoint""}"
2329,2007:982126,2007-07-27T17:30:00,LAWRENCE AVE W,DUVAL DR,,3,Non-Fatal Injury,At Intersection,Traffic Signal,Cyclist Collision,Clear,Daylight,Dry,Major Arterial,false,-79.47459095016741,43.70974429183011,1,,,3,NA,,Other Safety Equipment Used,,,,,,,,,,owner,NA,York South-Weston (5),12 Division,Maple Leaf,true,false,true,false,false,false,false,false,false,false,"{""coordinates"": [[-79.47459095016741, 43.70974429183011]], ""type"": ""MultiPoint""}"