X_id,collision_id,accdate,stname1,stname2,stname3,per_inv,acclass,accloc,traffictl,impactype,visible,light,rdsfcond,road_class,failtorem,longitude,latitude,veh_no,vehtype,initdir,per_no,invage,injury,safequip,drivact,drivcond,pedact,pedcond,manoeuvre,pedtype,cyclistype,cycact,cyccond,road_user,fatal_no,wardname,division,neighbourhood,aggressive,distracted,cyclist,motorcyclist,other_micromobility,older_adult,pedestrian,red_light,school_child,heavy_truck,geometry
2652,2007:998090,2007-10-03T16:20:00,WARDEN Aven,FAIRFAX Cres,,2,Non-Fatal Injury,,No Control,Turning Movement,Clear,Daylight,Dry,Major Arterial,false,-79.2828905973804,43.71664403434581,1,Motorcycle,South,1,50,Major,Helmet,Driving properly,Normal,,,Going Ahead,,,,,motorcyclist,NA,Scarborough Southwest (20),41 Division,Clairlea-Birchmount,false,false,false,true,false,true,false,false,false,false,"{""coordinates"": [[-79.2828905973804, 43.71664403434581]], ""type"": ""MultiPoint""}"
2653,2007:996573,2007-10-05T18:57:00,DUPONT ST,DOVERCOURT RD,,4,Non-Fatal Injury,At Intersection,Traffic Signal,Turning Movement,Clear,Dusk,Dry,Major Arterial,false,-79.43279094170248,43.669644249186874,3,Automobile or Station Wagon,West,4,52,Minimal,Lap and Shoulder Belt,Improper turn,Inattentive,,,Turning Left,,,,,driver,NA,Davenport (9),14 Division,Dovercourt Village,false,true,false,false,false,false,false,false,false,false,"{""coordinates"": [[-79.43279094170248, 43.669644249186874]], ""type"": ""MultiPoint""}"
2654,2007:996573,2007-10-05T18:57:00,DUPONT ST,DOVERCOURT RD,,4,Non-Fatal Injury,At Intersection,Traffic Signal,Turning Movement,Clear,Dusk,Dry,Major Arterial,false,-79.43279094170248,43.669644249186874,1,Automobile or Station Wagon,North,1,26,None,Lap and Shoulder Belt,Driving properly,Normal,,,Stopped,,,,,driver,NA,Davenport (9),14 Division,Dovercourt Village,false,true,false,false,false,false,false,false,false,false,"{""coordinates"": [[-79.43279094170248, 43.669644249186874]], ""type"": ""MultiPoint""}"
2655,2007:996573,2007-10-05T18:57:00,DUPONT ST,DOVERCOURT RD,,4,Non-Fatal Injury,At Intersection,Traffic Signal,Turning Movement,Clear,Dusk,Dry,Major Arterial,false,-79.43279094170248,43.669644249186874,2,Automobile or Station Wagon,East,3,34,Major,Air Bag Deployed,Driving properly,Normal,,,Going Ahead,,,,,driver,NA,Davenport (9),14 Division,Dovercourt Village,false,true,false,false,false,false,false,false,false,false,"{""coordinates"": [[-79.43279094170248, 43.669644249186874]], ""type"": ""MultiPoint""}"
2656,2007:996573,2007-10-05T18:57:00,DUPONT ST,DOVERCOURT RD,,4,Non-Fatal Injury,At Intersection,Traffic Signal,Turning Movement,Clear,Dusk,Dry,Major Arterial,false,-79.43279094170248,43.669644249186874,2,,,2,31,Minimal,Air Bag Deployed,,,,,,,,,,passenger,NA,Davenport (9),14 Division,Dovercourt Village,false,true,false,false,false,false,false,false,false,false,"{""coordinates"": [[-79.43279094170248, 43.669644249186874]], ""type"": ""MultiPoint""}"
2657,2007:997905,2007-10-06T16:30:00,695 WILSON Ave,,,3,Non-Fatal Injury,,No Control,Rear End,Rain,Daylight,Wet,Major Arterial,true,-79.45689087923684,43.73244425912495,1,Automobile or Station Wagon,East,1,84,None,Lap and Shoulder Belt,Driving properly,Normal,,,Going Ahead,,,,,driver,NA,York Centre (6),32 Division,Clanton Park,true,true,false,false,false,true,false,false,false,false,"{""coordinates"": [[-79.45689087923684, 43.73244425912495]], ""type"": ""MultiPoint""}"
2658,2007:997905,2007-10-06T16:30:00,695 WILSON Ave,,,3,Non-Fatal Injury,,No Control,Rear End,Rain,Daylight,Wet,Major Arterial,true,-79.45689087923684,43.73244425912495,2,Automobile or Station Wagon,East,2,45,Major,Lap and Shoulder Belt,Following too closely,Inattentive,,,Stopped,,,,,driver,NA,York Centre (6),32 Division,Clanton Park,true,true,false,false,false,true,false,false,false,false,"{""coordinates"": [[-79.45689087923684, 43.73244425912495]], ""type"": ""MultiPoint""}"
2659,2007:997905,2007-10-06T16:30:00,695 WILSON Ave,,,3,Non-Fatal Injury,,No Control,Rear End,Rain,Daylight,Wet,Major Arterial,true,-79.45689087923684,43.73244425912495,3,Automobile or Station Wagon,East,3,NA,None,Other Safety Equipment Used,Driving properly,Unknown,,,Unknown,,,,,driver,NA,York Centre (6),32 Division,Clanton Park,true,true,false,false,false,true,false,false,false,false,"{""coordinates"": [[-79.45689087923684, 43.73244425912495]], ""type"": ""MultiPoint""}"
2660,2007:1000423,2007-10-10T19:55:00,BATHURST Stre,WOLSELEY Stre,,6,Non-Fatal Injury,,No Control,Approaching Head On,Clear,Dark,Dry,Major Arterial,false,-79.40449092158153,43.64834421430521,4,,,5,NA,,Other Safety Equipment Used,,,,,,,,,,owner,NA,Spadina-Fort York (10),14 Division,Trinity-Bellwoods,true,false,false,false,false,false,false,false,false,false,"{""coordinates"": [[-79.40449092158153, 43.64834421430521]], ""type"": ""MultiPoint""}"
2661,2007:997965,2007-10-08T03:00:00,MEADOWVALE RD,WANITA RD,,2,Non-Fatal Injury,At Intersection,Stop Sign,Cyclist Collision,Clear,Dark,Dry,Collector,false,-79.15779035190096,43.77844390698813,1,Automobile or Station Wagon,South,1,21,None,Lap and Shoulder Belt,Disobeyed traffic control,Normal,,,Going Ahead,,,,,driver,NA,Scarborough-Rouge Park (25),43 Division,Centennial Scarborough,true,false,true,false,false,false,false,false,true,false,"{""coordinates"": [[-79.15779035190096, 43.77844390698813]], ""type"": ""MultiPoint""}"
2662,2007:997965,2007-10-08T03:00:00,MEADOWVALE RD,WANITA RD,,2,Non-Fatal Injury,At Intersection,Stop Sign,Cyclist Collision,Clear,Dark,Dry,Collector,false,-79.15779035190096,43.77844390698813,2,Bicycle,East,2,17,Major,Equipment Not Used But Available,,,,,Going Ahead,,"Cyclist without right-of-way rides into path of driver (at intersection, laneway, or driveway)",Disobeyed Traffic Control,Ability Impaired - Drugs,cyclist,NA,Scarborough-Rouge Park (25),43 Division,Centennial Scarborough,true,false,true,false,false,false,false,false,true,false,"{""coordinates"": [[-79.15779035190096, 43.77844390698813]], ""type"": ""MultiPoint""}"
2663,2007:996876,2007-10-09T18:01:00,THE WEST MALL,CIVIC CENTRE CRT,,2,Non-Fatal Injury,At Intersection,Traffic Signal,Pedestrian Collision(internal code),Clear,Daylight,Dry,Minor Arterial,false,-79.56599120619768,43.642244440600734,1,Automobile or Station Wagon,West,1,30,None,Lap and Shoulder Belt,Failed to yield right-of-way,Normal,,,Turning Left,,,,,driver,NA,Etobicoke Centre (2),22 Division,Etobicoke West Mall,true,false,false,false,false,false,true,false,false,false,"{""coordinates"": [[-79.56599120619768, 43.642244440600734]], ""type"": ""MultiPoint""}"
2664,2007:996876,2007-10-09T18:01:00,THE WEST MALL,CIVIC CENTRE CRT,,2,Non-Fatal Injury,At Intersection,Traffic Signal,Pedestrian Collision(internal code),Clear,Daylight,Dry,Minor Arterial,false,-79.56599120619768,43.642244440600734,2,,West,2,51,Major,Other Safety Equipment Used,,,Crossing with right-of-way (intersection),Normal,,Driver turns left into pedestrian crossing with right-of-way (at intersection),,,,pedestrian,NA,Etobicoke Centre (2),22 Division,Etobicoke West Mall,true,false,false,false,false,false,true,false,false,false,"{""coordinates"": [[-79.56599120619768, 43.642244440600734]], ""type"": ""MultiPoint""}"
2665,2007:996697,2007-10-09T18:36:00,SPADINA AVE,NASSAU ST,,4,Non-Fatal Injury,At Intersection,Traffic Signal,Turning Movement,Clear,Daylight,Dry,Major Arterial,false,-79.39919089941911,43.65584420448532,1,Automobile or Station Wagon,South,2,38,Major,Lap and Shoulder Belt,Disobeyed traffic control,Inattentive,,,Making U-Turn,,,,,driver,NA,University-Rosedale (11),52 Division,Kensington-Chinatown,true,true,false,false,false,false,false,true,false,true,"{""coordinates"": [[-79.39919089941911, 43.65584420448532]], ""type"": ""MultiPoint""}"
2666,2007:996697,2007-10-09T18:36:00,SPADINA AVE,NASSAU ST,,4,Non-Fatal Injury,At Intersection,Traffic Signal,Turning Movement,Clear,Daylight,Dry,Major Arterial,false,-79.39919089941911,43.65584420448532,1,,,1,33,Minor,Other Safety Equipment Used,,,,,,,,,,passenger,NA,University-Rosedale (11),52 Division,Kensington-Chinatown,true,true,false,false,false,false,false,true,false,true,"{""coordinates"": [[-79.39919089941911, 43.65584420448532]], ""type"": ""MultiPoint""}"
2667,2007:996697,2007-10-09T18:36:00,SPADINA AVE,NASSAU ST,,4,Non-Fatal Injury,At Intersection,Traffic Signal,Turning Movement,Clear,Daylight,Dry,Major Arterial,false,-79.39919089941911,43.65584420448532,2,Municipal Transit Bus (TTC),South,4,29,None,Other Safety Equipment Used,Driving properly,Normal,,,Going Ahead,,,,,driver,NA,University-Rosedale (11),52 Division,Kensington-Chinatown,true,true,false,false,false,false,false,true,false,true,"{""coordinates"": [[-79.39919089941911, 43.65584420448532]], ""type"": ""MultiPoint""}"
2668,2007:996697,2007-10-09T18:36:00,SPADINA AVE,NASSAU ST,,4,Non-Fatal Injury,At Intersection,Traffic Signal,Turning Movement,Clear,Daylight,Dry,Major Arterial,false,-79.39919089941911,43.65584420448532,2,,,3,NA,,Other Safety Equipment Used,,,,,,,,,,owner,NA,University-Rosedale (11),52 Division,Kensington-Chinatown,true,true,false,false,false,false,false,true,false,true,"{""coordinates"": [[-79.39919089941911, 43.65584420448532]], ""type"": ""MultiPoint""}"
2669,2007:995772,2007-10-10T11:30:00,LOGAN AVE,EASTERN AVE,,2,Non-Fatal Injury,At Intersection,Traffic Signal,Pedestrian Collision(internal code),Clear,Daylight,Dry,Major Arterial,false,-79.34139078444439,43.65784411933602,2,,North,2,71,Major,Other Safety Equipment Used,,,Crossing with right-of-way (intersection),Normal,,Driver turns left into pedestrian crossing with right-of-way (at intersection),,,,pedestrian,NA,Toronto-Danforth (14),55 Division,South Riverdale,true,false,false,false,false,true,true,false,false,false,"{""coordinates"": [[-79.34139078444439, 43.65784411933602]], ""type"": ""MultiPoint""}"
2670,2007:995772,2007-10-10T11:30:00,LOGAN AVE,EASTERN AVE,,2,Non-Fatal Injury,At Intersection,Traffic Signal,Pedestrian Collision(internal code),Clear,Daylight,Dry,Major Arterial,false,-79.34139078444439,43.65784411933602,1,Automobile or Station Wagon,South,1,39,None,Lap and Shoulder Belt,Failed to yield right-of-way,Normal,,,Turning Left,Driver turns left into pedestrian crossing with right-of-way (at intersection),,,,driver,NA,Toronto-Danforth (14),55 Division,South Riverdale,true,false,false,false,false,true,true,false,false,false,"{""coordinates"": [[-79.34139078444439, 43.65784411933602]], ""type"": ""MultiPoint""}"
2671,2007:996892,2007-10-10T14:48:00,ROYAL YORK RD,NEWCASTLE ST,,2,Non-Fatal Injury,At Intersection,Traffic Signal,Pedestrian Collision(internal code),Clear,Daylight,Dry,Minor Arterial,false,-79.49889116344663,43.61744436977539,1,Automobile or Station Wagon,West,1,82,None,Lap and Shoulder Belt,Failed to yield right-of-way,Normal,,,Turning Left,,,,,driver,NA,Etobicoke-Lakeshore (3),22 Division,Mimico-Queensway,true,false,false,false,false,true,true,false,false,false,"{""coordinates"": [[-79.49889116344663, 43.61744436977539]], ""type"": ""MultiPoint""}"
2672,2007:996892,2007-10-10T14:48:00,ROYAL YORK RD,NEWCASTLE ST,,2,Non-Fatal Injury,At Intersection,Traffic Signal,Pedestrian Collision(internal code),Clear,Daylight,Dry,Minor Arterial,false,-79.49889116344663,43.61744436977539,2,,East,2,40,Major,Other Safety Equipment Used,,,Crossing with right-of-way (intersection),Normal,,Driver turns left into pedestrian crossing with right-of-way (at intersection),,,,pedestrian,NA,Etobicoke-Lakeshore (3),22 Division,Mimico-Queensway,true,false,false,false,false,true,true,false,false,false,"{""coordinates"": [[-79.49889116344663, 43.61744436977539]], ""type"": ""MultiPoint""}"
2673,2007:995785,2007-10-10T15:03:00,LA ROSE AVE,WATLING ST,,2,Fatal Injury,,No Control,SMV Other,Clear,Daylight,Wet,Local,false,-79.53259108682464,43.68304437774227,1,Automobile or Station Wagon,East,2,56,Fatal,Use Unknown,Exceeding speed limit,Unknown,,,Going Ahead,,,,,driver,41,Etobicoke Centre (2),23 Division,Willowridge-Martingrove-Richview,true,false,false,false,false,false,false,false,false,false,"{""coordinates"": [[-79.53259108682464, 43.68304437774227]], ""type"": ""MultiPoint""}"
2674,2007:995785,2007-10-10T15:03:00,LA ROSE AVE,WATLING ST,,2,Fatal Injury,,No Control,SMV Other,Clear,Daylight,Wet,Local,false,-79.53259108682464,43.68304437774227,1,,,1,NA,,Other Safety Equipment Used,,,,,,,,,,owner,NA,Etobicoke Centre (2),23 Division,Willowridge-Martingrove-Richview,true,false,false,false,false,false,false,false,false,false,"{""coordinates"": [[-79.53259108682464, 43.68304437774227]], ""type"": ""MultiPoint""}"
2675,2007:996032,2007-10-10T19:46:00,FINCH AVE E,BRIDLETOWNE CRCL,,2,Fatal Injury,,No Control,Pedestrian Collision(internal code),Rain,Dark,Wet,Major Arterial,false,-79.31849057265757,43.796044081334784,1,Automobile or Station Wagon,West,1,84,None,Other Safety Equipment Used,Driving properly,Normal,,,Changing Lanes,,,,,driver,NA,Scarborough-Agincourt (22),42 Division,L'Amoreaux West,false,true,false,false,false,true,true,false,false,false,"{""coordinates"": [[-79.31849057265757, 43.796044081334784]], ""type"": ""MultiPoint""}"
2676,2007:996032,2007-10-10T19:46:00,FINCH AVE E,BRIDLETOWNE CRCL,,2,Fatal Injury,,No Control,Pedestrian Collision(internal code),Rain,Dark,Wet,Major Arterial,false,-79.31849057265757,43.796044081334784,2,,South,2,53,Fatal,Other Safety Equipment Used,,,Crossing - no traffic control,Inattentive,,Driver hits pedestrian at midblock,,,,pedestrian,42,Scarborough-Agincourt (22),42 Division,L'Amoreaux West,false,true,false,false,false,true,true,false,false,false,"{""coordinates"": [[-79.31849057265757, 43.796044081334784]], ""type"": ""MultiPoint""}"
2677,2007:1000423,2007-10-10T19:55:00,BATHURST Stre,WOLSELEY Stre,,6,Non-Fatal Injury,,No Control,Approaching Head On,Clear,Dark,Dry,Major Arterial,false,-79.40449092158153,43.64834421430521,1,Automobile or Station Wagon,South,2,29,None,Lap and Shoulder Belt,Exceeding speed limit,Unknown,,,Changing Lanes,,,,,driver,NA,Spadina-Fort York (10),14 Division,Trinity-Bellwoods,true,false,false,false,false,false,false,false,false,false,"{""coordinates"": [[-79.40449092158153, 43.64834421430521]], ""type"": ""MultiPoint""}"
2678,2007:1000423,2007-10-10T19:55:00,BATHURST Stre,WOLSELEY Stre,,6,Non-Fatal Injury,,No Control,Approaching Head On,Clear,Dark,Dry,Major Arterial,false,-79.40449092158153,43.64834421430521,1,,,1,NA,,Other Safety Equipment Used,,,,,,,,,,owner,NA,Spadina-Fort York (10),14 Division,Trinity-Bellwoods,true,false,false,false,false,false,false,false,false,false,"{""coordinates"": [[-79.40449092158153, 43.64834421430521]], ""type"": ""MultiPoint""}"
2679,2007:1000423,2007-10-10T19:55:00,BATHURST Stre,WOLSELEY Stre,,6,Non-Fatal Injury,,No Control,Approaching Head On,Clear,Dark,Dry,Major Arterial,false,-79.40449092158153,43.64834421430521,3,,,4,52,Major,Lap and Shoulder Belt,,,,,,,,,,passenger,NA,Spadina-Fort York (10),14 Division,Trinity-Bellwoods,true,false,false,false,false,false,false,false,false,false,"{""coordinates"": [[-79.40449092158153, 43.64834421430521]], ""type"": ""MultiPoint""}"
2680,2007:1000423,2007-10-10T19:55:00,BATHURST Stre,WOLSELEY Stre,,6,Non-Fatal Injury,,No Control,Approaching Head On,Clear,Dark,Dry,Major Arterial,false,-79.40449092158153,43.64834421430521,2,Automobile or Station Wagon,North,3,54,Major,Lap and Shoulder Belt,Driving properly,Normal,,,Going Ahead,,,,,driver,NA,Spadina-Fort York (10),14 Division,Trinity-Bellwoods,true,false,false,false,false,false,false,false,false,false,"{""coordinates"": [[-79.40449092158153, 43.64834421430521]], ""type"": ""MultiPoint""}"
2681,2007:1000423,2007-10-10T19:55:00,BATHURST Stre,WOLSELEY Stre,,6,Non-Fatal Injury,,No Control,Approaching Head On,Clear,Dark,Dry,Major Arterial,false,-79.40449092158153,43.64834421430521,4,,,6,NA,,Other Safety Equipment Used,,,,,,,,,,owner,NA,Spadina-Fort York (10),14 Division,Trinity-Bellwoods,true,false,false,false,false,false,false,false,false,false,"{""coordinates"": [[-79.40449092158153, 43.64834421430521]], ""type"": ""MultiPoint""}"
2682,2007:996081,2007-10-11T19:10:00,100 STEELES Aven W,,,2,Non-Fatal Injury,,Traffic Signal,Pedestrian Collision(internal code),Clear,Daylight,Dry,Major Arterial,false,-79.42479074181948,43.796944205933954,1,Automobile or Station Wagon,North,1,67,None,Other Safety Equipment Used,Failed to yield right-of-way,Normal,,,Turning Right,,,,,driver,NA,Willowdale (18),32 Division,Newtonbrook West,true,false,false,false,false,true,true,false,false,false,"{""coordinates"": [[-79.42479074181948, 43.796944205933954]], ""type"": ""MultiPoint""}"
2683,2007:996081,2007-10-11T19:10:00,100 STEELES Aven W,,,2,Non-Fatal Injury,,Traffic Signal,Pedestrian Collision(internal code),Clear,Daylight,Dry,Major Arterial,false,-79.42479074181948,43.796944205933954,2,,North,2,57,Major,Other Safety Equipment Used,,,Crossing with right-of-way (intersection),Normal,Going Ahead,Driver hits pedestrian at midblock,,,,pedestrian,NA,Willowdale (18),32 Division,Newtonbrook West,true,false,false,false,false,true,true,false,false,false,"{""coordinates"": [[-79.42479074181948, 43.796944205933954]], ""type"": ""MultiPoint""}"
2684,2007:999780,2007-10-13T19:30:00,3950 LAWRENCE AVE E,,,3,Non-Fatal Injury,,No Control,Pedestrian Collision(internal code),Rain,Dark,Wet,Major Arterial,false,-79.20449042556587,43.76424395005574,2,,North,3,63,Major,No Equipment Available,,,Running onto roadway,Inattentive,,Driver hits pedestrian at midblock,,,,pedestrian,NA,Scarborough-Guildwood (24),43 Division,Golfdale-Cedarbrae-Woburn,false,true,false,false,false,false,true,false,false,false,"{""coordinates"": [[-79.20449042556587, 43.76424395005574]], ""type"": ""MultiPoint""}"
2685,2007:999780,2007-10-13T19:30:00,3950 LAWRENCE AVE E,,,3,Non-Fatal Injury,,No Control,Pedestrian Collision(internal code),Rain,Dark,Wet,Major Arterial,false,-79.20449042556587,43.76424395005574,1,Automobile or Station Wagon,West,2,56,None,Lap and Shoulder Belt,Driving properly,Normal,,,Going Ahead,,,,,driver,NA,Scarborough-Guildwood (24),43 Division,Golfdale-Cedarbrae-Woburn,false,true,false,false,false,false,true,false,false,false,"{""coordinates"": [[-79.20449042556587, 43.76424395005574]], ""type"": ""MultiPoint""}"
2686,2007:999780,2007-10-13T19:30:00,3950 LAWRENCE AVE E,,,3,Non-Fatal Injury,,No Control,Pedestrian Collision(internal code),Rain,Dark,Wet,Major Arterial,false,-79.20449042556587,43.76424395005574,1,,,1,NA,None,Other Safety Equipment Used,,,,,,,,,,owner,NA,Scarborough-Guildwood (24),43 Division,Golfdale-Cedarbrae-Woburn,false,true,false,false,false,false,true,false,false,false,"{""coordinates"": [[-79.20449042556587, 43.76424395005574]], ""type"": ""MultiPoint""}"
2687,2007:996538,2007-10-14T19:00:00,LESLIE ST,LAWRENCE AVE E,,2,Non-Fatal Injury,At Intersection,Traffic Signal,Turning Movement,Clear,Dark,Dry,Major Arterial,false,-79.35599070122967,43.73454412854962,1,Automobile or Station Wagon,South,1,87,Major,Other Safety Equipment Used,Improper turn,Normal,,,Turning Left,,,,,driver,NA,Don Valley West (15),33 Division,Banbury-Don Mills,false,false,false,false,false,true,false,false,false,false,"{""coordinates"": [[-79.35599070122967, 43.73454412854962]], ""type"": ""MultiPoint""}"
2688,2007:996538,2007-10-14T19:00:00,LESLIE ST,LAWRENCE AVE E,,2,Non-Fatal Injury,At Intersection,Traffic Signal,Turning Movement,Clear,Dark,Dry,Major Arterial,false,-79.35599070122967,43.73454412854962,2,Automobile or Station Wagon,North,2,44,None,Other Safety Equipment Used,Driving properly,Normal,,,Going Ahead,,,,,driver,NA,Don Valley West (15),33 Division,Banbury-Don Mills,false,false,false,false,false,true,false,false,false,false,"{""coordinates"": [[-79.35599070122967, 43.73454412854962]], ""type"": ""MultiPoint""}"
2689,2007:1000080,2007-10-15T01:25:00,BATHURST Stre,CARPENTER Road,,3,Non-Fatal Injury,At Intersection,No Control,SMV Other,Clear,Dark,Dry,Major Arterial,false,-79.44649078576009,43.78904423268422,1,,,2,NA,None,Other Safety Equipment Used,,,,,Other,,,,,owner,NA,Willowdale (18),32 Division,Newtonbrook West,false,false,false,false,false,false,false,false,false,false,"{""coordinates"": [[-79.44649078576009, 43.78904423268422]], ""type"": ""MultiPoint""}"
2690,2007:1000080,2007-10-15T01:25:00,BATHURST Stre,CARPENTER Road,,3,Non-Fatal Injury,At Intersection,No Control,SMV Other,Clear,Dark,Dry,Major Arterial,false,-79.44649078576009,43.78904423268422,1,,,1,NA,Minor,Other Safety Equipment Used,,,,,Other,,,,,passenger,NA,Willowdale (18),32 Division,Newtonbrook West,false,false,false,false,false,false,false,false,false,false,"{""coordinates"": [[-79.44649078576009, 43.78904423268422]], ""type"": ""MultiPoint""}"
2691,2007:1000080,2007-10-15T01:25:00,BATHURST Stre,CARPENTER Road,,3,Non-Fatal Injury,At Intersection,No Control,SMV Other,Clear,Dark,Dry,Major Arterial,false,-79.44649078576009,43.78904423268422,1,Automobile or Station Wagon,North,3,27,Major,Other Safety Equipment Used,,,,,Going Ahead,,,,,driver,NA,Willowdale (18),32 Division,Newtonbrook West,false,false,false,false,false,false,false,false,false,false,"{""coordinates"": [[-79.44649078576009, 43.78904423268422]], ""type"": ""MultiPoint""}"
2692,2007:999249,2007-10-18T18:10:00,WILMINGTON Aven,COMBE Aven,,4,Non-Fatal Injury,At Intersection,No Control,Rear End,Rain,Daylight,Wet,Minor Arterial,false,-79.45559083532099,43.75964424883696,1,Automobile or Station Wagon,South,3,43,Minor,Lap and Shoulder Belt,Driving properly,Normal,,,Stopped,,,,,driver,NA,York Centre (6),32 Division,Bathurst Manor,true,false,false,false,false,false,false,false,true,false,"{""coordinates"": [[-79.45559083532099, 43.759644248836956]], ""type"": ""MultiPoint""}"
2693,2007:999249,2007-10-18T18:10:00,WILMINGTON Aven,COMBE Aven,,4,Non-Fatal Injury,At Intersection,No Control,Rear End,Rain,Daylight,Wet,Minor Arterial,false,-79.45559083532099,43.75964424883696,1,,,2,43,Major,Lap and Shoulder Belt,,,,,,,,,,passenger,NA,York Centre (6),32 Division,Bathurst Manor,true,false,false,false,false,false,false,false,true,false,"{""coordinates"": [[-79.45559083532099, 43.759644248836956]], ""type"": ""MultiPoint""}"
2694,2007:999249,2007-10-18T18:10:00,WILMINGTON Aven,COMBE Aven,,4,Non-Fatal Injury,At Intersection,No Control,Rear End,Rain,Daylight,Wet,Minor Arterial,false,-79.45559083532099,43.75964424883696,2,Automobile or Station Wagon,South,4,25,None,Lap and Shoulder Belt,Following too closely,Normal,,,Going Ahead,,,,,driver,NA,York Centre (6),32 Division,Bathurst Manor,true,false,false,false,false,false,false,false,true,false,"{""coordinates"": [[-79.45559083532099, 43.759644248836956]], ""type"": ""MultiPoint""}"
2695,2007:999249,2007-10-18T18:10:00,WILMINGTON Aven,COMBE Aven,,4,Non-Fatal Injury,At Intersection,No Control,Rear End,Rain,Daylight,Wet,Minor Arterial,false,-79.45559083532099,43.75964424883696,1,,,1,12,Minimal,Lap and Shoulder Belt,,,,,,,,,,passenger,NA,York Centre (6),32 Division,Bathurst Manor,true,false,false,false,false,false,false,false,true,false,"{""coordinates"": [[-79.45559083532099, 43.759644248836956]], ""type"": ""MultiPoint""}"
2696,2007:997564,2007-10-19T10:10:00,BERGAMOT AVE,ISLINGTON AVE,,6,Fatal Injury,,No Control,Approaching Head On,Rain,Daylight,Wet,Collector,false,-79.5586910582836,43.716244389981895,1,,,1,82,Fatal,Lap and Shoulder Belt,,,,,,,,,,passenger,44,Etobicoke North (1),23 Division,Rexdale-Kipling,false,false,false,false,false,true,false,false,false,true,"{""coordinates"": [[-79.5586910582836, 43.716244389981895]], ""type"": ""MultiPoint""}"
2697,2007:997564,2007-10-19T10:10:00,BERGAMOT AVE,ISLINGTON AVE,,6,Fatal Injury,,No Control,Approaching Head On,Rain,Daylight,Wet,Collector,false,-79.5586910582836,43.716244389981895,1,Automobile or Station Wagon,North,6,70,Major,Equipment Not Used But Available,Lost control,Ability Impaired - Alcohol Over .08,,,Going Ahead,,,,,driver,NA,Etobicoke North (1),23 Division,Rexdale-Kipling,false,false,false,false,false,true,false,false,false,true,"{""coordinates"": [[-79.5586910582836, 43.716244389981895]], ""type"": ""MultiPoint""}"
2698,2007:997564,2007-10-19T10:10:00,BERGAMOT AVE,ISLINGTON AVE,,6,Fatal Injury,,No Control,Approaching Head On,Rain,Daylight,Wet,Collector,false,-79.5586910582836,43.716244389981895,2,,,4,NA,,Other Safety Equipment Used,,,,,,,,,,owner,NA,Etobicoke North (1),23 Division,Rexdale-Kipling,false,false,false,false,false,true,false,false,false,true,"{""coordinates"": [[-79.5586910582836, 43.716244389981895]], ""type"": ""MultiPoint""}"
2699,2007:997564,2007-10-19T10:10:00,BERGAMOT AVE,ISLINGTON AVE,,6,Fatal Injury,,No Control,Approaching Head On,Rain,Daylight,Wet,Collector,false,-79.5586910582836,43.716244389981895,1,,,2,80,Fatal,Lap and Shoulder Belt,,,,,,,,,,passenger,43,Etobicoke North (1),23 Division,Rexdale-Kipling,false,false,false,false,false,true,false,false,false,true,"{""coordinates"": [[-79.5586910582836, 43.716244389981895]], ""type"": ""MultiPoint""}"
2700,2007:997564,2007-10-19T10:10:00,BERGAMOT AVE,ISLINGTON AVE,,6,Fatal Injury,,No Control,Approaching Head On,Rain,Daylight,Wet,Collector,false,-79.5586910582836,43.716244389981895,2,Municipal Transit Bus (TTC),South,5,58,None,Use Unknown,Driving properly,Normal,,,Going Ahead,,,,,driver,NA,Etobicoke North (1),23 Division,Rexdale-Kipling,false,false,false,false,false,true,false,false,false,true,"{""coordinates"": [[-79.5586910582836, 43.716244389981895]], ""type"": ""MultiPoint""}"
2701,2007:997564,2007-10-19T10:10:00,BERGAMOT AVE,ISLINGTON AVE,,6,Fatal Injury,,No Control,Approaching Head On,Rain,Daylight,Wet,Collector,false,-79.5586910582836,43.716244389981895,1,,,3,NA,,Other Safety Equipment Used,,,,,,,,,,owner,NA,Etobicoke North (1),23 Division,Rexdale-Kipling,false,false,false,false,false,true,false,false,false,true,"{""coordinates"": [[-79.5586910582836, 43.716244389981895]], ""type"": ""MultiPoint""}"
2702,2007:997688,2007-10-21T01:20:00,YONGE ST,GREENFIELD AVE,,3,Non-Fatal Injury,At Intersection,Traffic Signal,Pedestrian Collision(internal code),Clear,Dark,Dry,Major Arterial,false,-79.41139075759025,43.76324419390513,1,,,1,NA,,Other Safety Equipment Used,,,,,,,,,,owner,NA,Willowdale (18),32 Division,Lansing-Westgate,false,false,false,false,false,false,true,false,false,false,"{""coordinates"": [[-79.41139075759025, 43.76324419390513]], ""type"": ""MultiPoint""}"
2703,2007:997688,2007-10-21T01:20:00,YONGE ST,GREENFIELD AVE,,3,Non-Fatal Injury,At Intersection,Traffic Signal,Pedestrian Collision(internal code),Clear,Dark,Dry,Major Arterial,false,-79.41139075759025,43.76324419390513,1,Automobile or Station Wagon,North,2,49,None,Lap and Shoulder Belt,Driving properly,Normal,,,Going Ahead,,,,,driver,NA,Willowdale (18),32 Division,Lansing-Westgate,false,false,false,false,false,false,true,false,false,false,"{""coordinates"": [[-79.41139075759025, 43.76324419390513]], ""type"": ""MultiPoint""}"
2704,2007:997688,2007-10-21T01:20:00,YONGE ST,GREENFIELD AVE,,3,Non-Fatal Injury,At Intersection,Traffic Signal,Pedestrian Collision(internal code),Clear,Dark,Dry,Major Arterial,false,-79.41139075759025,43.76324419390513,2,,West,3,25,Major,Other Safety Equipment Used,,,Running onto roadway,Normal,,Driver going straight hits pedestrian crossing without right-of-way (at intersection),,,,pedestrian,NA,Willowdale (18),32 Division,Lansing-Westgate,false,false,false,false,false,false,true,false,false,false,"{""coordinates"": [[-79.41139075759025, 43.76324419390513]], ""type"": ""MultiPoint""}"