X_id,collision_id,accdate,stname1,stname2,stname3,per_inv,acclass,accloc,traffictl,impactype,visible,light,rdsfcond,road_class,failtorem,longitude,latitude,veh_no,vehtype,initdir,per_no,invage,injury,safequip,drivact,drivcond,pedact,pedcond,manoeuvre,pedtype,cyclistype,cycact,cyccond,road_user,fatal_no,wardname,division,neighbourhood,aggressive,distracted,cyclist,motorcyclist,other_micromobility,older_adult,pedestrian,red_light,school_child,heavy_truck,geometry
2705,2007:997765,2007-10-21T02:35:00,215 CARLINGVIEW Driv,,,5,Non-Fatal Injury,,No Control,Pedestrian Collision(internal code),Clear,Dark,Dry,Major Arterial,false,-79.59529116155687,43.68614445012776,3,,,5,NA,Major,Other Safety Equipment Used,,,,,Other,,,,,pedestrian,NA,Etobicoke North (1),23 Division,West Humber-Clairville,false,false,false,false,false,false,true,false,false,false,"{""coordinates"": [[-79.59529116155687, 43.68614445012776]], ""type"": ""MultiPoint""}"
2706,2007:997765,2007-10-21T02:35:00,215 CARLINGVIEW Driv,,,5,Non-Fatal Injury,,No Control,Pedestrian Collision(internal code),Clear,Dark,Dry,Major Arterial,false,-79.59529116155687,43.68614445012776,2,,,2,NA,None,Other Safety Equipment Used,,,,,Other,,,,,passenger,NA,Etobicoke North (1),23 Division,West Humber-Clairville,false,false,false,false,false,false,true,false,false,false,"{""coordinates"": [[-79.59529116155687, 43.68614445012776]], ""type"": ""MultiPoint""}"
2707,2007:997765,2007-10-21T02:35:00,215 CARLINGVIEW Driv,,,5,Non-Fatal Injury,,No Control,Pedestrian Collision(internal code),Clear,Dark,Dry,Major Arterial,false,-79.59529116155687,43.68614445012776,2,,,4,NA,None,Other Safety Equipment Used,,,,,Other,,,,,passenger,NA,Etobicoke North (1),23 Division,West Humber-Clairville,false,false,false,false,false,false,true,false,false,false,"{""coordinates"": [[-79.59529116155687, 43.68614445012776]], ""type"": ""MultiPoint""}"
2708,2007:997765,2007-10-21T02:35:00,215 CARLINGVIEW Driv,,,5,Non-Fatal Injury,,No Control,Pedestrian Collision(internal code),Clear,Dark,Dry,Major Arterial,false,-79.59529116155687,43.68614445012776,2,,,3,NA,None,Other Safety Equipment Used,,,,,Other,,,,,passenger,NA,Etobicoke North (1),23 Division,West Humber-Clairville,false,false,false,false,false,false,true,false,false,false,"{""coordinates"": [[-79.59529116155687, 43.68614445012776]], ""type"": ""MultiPoint""}"
2709,2007:997765,2007-10-21T02:35:00,215 CARLINGVIEW Driv,,,5,Non-Fatal Injury,,No Control,Pedestrian Collision(internal code),Clear,Dark,Dry,Major Arterial,false,-79.59529116155687,43.68614445012776,1,Automobile or Station Wagon,West,1,25,None,Other Safety Equipment Used,,Ability Impaired - Alcohol,,,Other,,,,,driver,NA,Etobicoke North (1),23 Division,West Humber-Clairville,false,false,false,false,false,false,true,false,false,false,"{""coordinates"": [[-79.59529116155687, 43.68614445012776]], ""type"": ""MultiPoint""}"
2710,2007:1000440,2007-10-21T14:49:00,STEELES Aven E,BEARE Road,,2,Non-Fatal Injury,,Stop Sign,Angle,Clear,Daylight,Dry,Minor Arterial,false,-79.17999033155259,43.85314394765456,2,Automobile or Station Wagon,North,2,56,None,Lap and Shoulder Belt,Failed to yield right-of-way,Inattentive,,,Going Ahead,,,,,driver,NA,Scarborough-Rouge Park (25),42 Division,Morningside Heights,true,true,false,true,false,false,false,false,false,false,"{""coordinates"": [[-79.17999033155259, 43.85314394765456]], ""type"": ""MultiPoint""}"
2711,2007:1000440,2007-10-21T14:49:00,STEELES Aven E,BEARE Road,,2,Non-Fatal Injury,,Stop Sign,Angle,Clear,Daylight,Dry,Minor Arterial,false,-79.17999033155259,43.85314394765456,1,Motorcycle,East,1,46,Major,Helmet,Driving properly,Normal,,,Going Ahead,,,,,motorcyclist,NA,Scarborough-Rouge Park (25),42 Division,Morningside Heights,true,true,false,true,false,false,false,false,false,false,"{""coordinates"": [[-79.17999033155259, 43.85314394765456]], ""type"": ""MultiPoint""}"
2712,2007:999776,2007-10-22T09:45:00,TECUMSETH ST,RICHMOND ST W,,3,Non-Fatal Injury,At Intersection,Stop Sign,Pedestrian Collision(internal code),Clear,Daylight,Dry,Local,false,-79.40629092892324,43.64594421764175,1,Automobile or Station Wagon,South,3,43,None,Lap and Shoulder Belt,Failed to yield right-of-way,Inattentive,,,Turning Left,,,,,driver,NA,Spadina-Fort York (10),14 Division,West Queen West,true,true,false,false,false,false,true,false,false,false,"{""coordinates"": [[-79.40629092892324, 43.64594421764175]], ""type"": ""MultiPoint""}"
2713,2007:999776,2007-10-22T09:45:00,TECUMSETH ST,RICHMOND ST W,,3,Non-Fatal Injury,At Intersection,Stop Sign,Pedestrian Collision(internal code),Clear,Daylight,Dry,Local,false,-79.40629092892324,43.64594421764175,1,,,1,NA,,Other Safety Equipment Used,,,,,,,,,,owner,NA,Spadina-Fort York (10),14 Division,West Queen West,true,true,false,false,false,false,true,false,false,false,"{""coordinates"": [[-79.40629092892324, 43.64594421764175]], ""type"": ""MultiPoint""}"
2714,2007:999776,2007-10-22T09:45:00,TECUMSETH ST,RICHMOND ST W,,3,Non-Fatal Injury,At Intersection,Stop Sign,Pedestrian Collision(internal code),Clear,Daylight,Dry,Local,false,-79.40629092892324,43.64594421764175,2,,North,2,27,Major,Other Safety Equipment Used,,,Crossing with right-of-way (intersection),Normal,,Driver turns left into pedestrian crossing with right-of-way (at intersection),,,,pedestrian,NA,Spadina-Fort York (10),14 Division,West Queen West,true,true,false,false,false,false,true,false,false,false,"{""coordinates"": [[-79.40629092892324, 43.64594421764175]], ""type"": ""MultiPoint""}"
2715,2007:999758,2007-10-22T10:20:00,STEELES Aven W,PETROLIA Road,,2,Non-Fatal Injury,At Intersection,Traffic Signal,Angle,Clear,Daylight,Dry,Major Arterial,false,-79.4900908642564,43.782544285907925,2,Automobile or Station Wagon,East,2,71,None,Lap and Shoulder Belt,Driving properly,Normal,,,Going Ahead,,,,,driver,NA,York Centre (6),31 Division,York University Heights,true,false,false,false,false,true,false,true,false,false,"{""coordinates"": [[-79.4900908642564, 43.782544285907925]], ""type"": ""MultiPoint""}"
2716,2007:999758,2007-10-22T10:20:00,STEELES Aven W,PETROLIA Road,,2,Non-Fatal Injury,At Intersection,Traffic Signal,Angle,Clear,Daylight,Dry,Major Arterial,false,-79.4900908642564,43.782544285907925,1,Automobile or Station Wagon,North,1,49,Major,Lap and Shoulder Belt,Disobeyed traffic control,Unknown,,,Going Ahead,,,,,driver,NA,York Centre (6),31 Division,York University Heights,true,false,false,false,false,true,false,true,false,false,"{""coordinates"": [[-79.4900908642564, 43.782544285907925]], ""type"": ""MultiPoint""}"
2717,2007:998025,2007-10-22T13:50:00,SIGNET Driv,FINCH Aven W,,2,Non-Fatal Injury,At Intersection,Traffic Signal,Approaching Head On,Clear,Daylight,Dry,Major Arterial,false,-79.53629096290433,43.75324434524653,2,Automobile or Station Wagon,North,2,48,Major,Other Safety Equipment Used,Lost control,Medical or Physical Disability,,,Going Ahead,,,,,driver,NA,Humber River-Black Creek (7),31 Division,Humbermede,false,false,false,false,false,false,false,false,false,false,"{""coordinates"": [[-79.53629096290433, 43.75324434524653]], ""type"": ""MultiPoint""}"
2718,2007:998025,2007-10-22T13:50:00,SIGNET Driv,FINCH Aven W,,2,Non-Fatal Injury,At Intersection,Traffic Signal,Approaching Head On,Clear,Daylight,Dry,Major Arterial,false,-79.53629096290433,43.75324434524653,1,Automobile or Station Wagon,South,1,64,None,Other Safety Equipment Used,Driving properly,Normal,,,Turning Left,,,,,driver,NA,Humber River-Black Creek (7),31 Division,Humbermede,false,false,false,false,false,false,false,false,false,false,"{""coordinates"": [[-79.53629096290433, 43.75324434524653]], ""type"": ""MultiPoint""}"
2719,2007:999852,2007-10-23T06:50:00,YONGE ST,AVONDALE AVE,,3,Non-Fatal Injury,At Intersection,Traffic Signal,Pedestrian Collision(internal code),Rain,Dark,Wet,Major Arterial,false,-79.41009076093694,43.75824419284291,1,Automobile or Station Wagon,North,1,24,None,Lap and Shoulder Belt,Failed to yield right-of-way,Normal,,,Turning Right,,,,,driver,NA,Willowdale (18),32 Division,Avondale,true,false,false,false,false,false,true,false,false,false,"{""coordinates"": [[-79.41009076093694, 43.75824419284291]], ""type"": ""MultiPoint""}"
2720,2007:999852,2007-10-23T06:50:00,YONGE ST,AVONDALE AVE,,3,Non-Fatal Injury,At Intersection,Traffic Signal,Pedestrian Collision(internal code),Rain,Dark,Wet,Major Arterial,false,-79.41009076093694,43.75824419284291,1,,,3,NA,,Other Safety Equipment Used,,,,,,,,,,owner,NA,Willowdale (18),32 Division,Avondale,true,false,false,false,false,false,true,false,false,false,"{""coordinates"": [[-79.41009076093694, 43.75824419284291]], ""type"": ""MultiPoint""}"
2721,2007:999852,2007-10-23T06:50:00,YONGE ST,AVONDALE AVE,,3,Non-Fatal Injury,At Intersection,Traffic Signal,Pedestrian Collision(internal code),Rain,Dark,Wet,Major Arterial,false,-79.41009076093694,43.75824419284291,2,,North,2,25,Major,Other Safety Equipment Used,,,Crossing with right-of-way (intersection),Normal,,Driver turns right into pedestrian crossing with right-of-way (at intersection),,,,pedestrian,NA,Willowdale (18),32 Division,Avondale,true,false,false,false,false,false,true,false,false,false,"{""coordinates"": [[-79.41009076093694, 43.75824419284291]], ""type"": ""MultiPoint""}"
2722,2007:1000055,2007-10-24T09:24:00,DUNDAS ST E,SHERBOURNE ST,,3,Non-Fatal Injury,,No Control,Pedestrian Collision(internal code),Clear,Daylight,Dry,Major Arterial,false,-79.3702908394671,43.658444161536565,2,,,3,31,Major,Other Safety Equipment Used,,,On sidewalk or shoulder,Normal,,Driver hits pedestrian on sidewalk or shoulder,,,,pedestrian,NA,Toronto Centre (13),51 Division,Moss Park,false,false,false,false,false,false,true,false,false,true,"{""coordinates"": [[-79.3702908394671, 43.658444161536565]], ""type"": ""MultiPoint""}"
2723,2007:1000055,2007-10-24T09:24:00,DUNDAS ST E,SHERBOURNE ST,,3,Non-Fatal Injury,,No Control,Pedestrian Collision(internal code),Clear,Daylight,Dry,Major Arterial,false,-79.3702908394671,43.658444161536565,1,Truck - Open (Flatbed),East,2,61,None,Other Safety Equipment Used,Driving properly,Normal,,,Going Ahead,,,,,driver,NA,Toronto Centre (13),51 Division,Moss Park,false,false,false,false,false,false,true,false,false,true,"{""coordinates"": [[-79.3702908394671, 43.658444161536565]], ""type"": ""MultiPoint""}"
2724,2007:1000055,2007-10-24T09:24:00,DUNDAS ST E,SHERBOURNE ST,,3,Non-Fatal Injury,,No Control,Pedestrian Collision(internal code),Clear,Daylight,Dry,Major Arterial,false,-79.3702908394671,43.658444161536565,1,,,1,NA,,Other Safety Equipment Used,,,,,,,,,,owner,NA,Toronto Centre (13),51 Division,Moss Park,false,false,false,false,false,false,true,false,false,true,"{""coordinates"": [[-79.3702908394671, 43.658444161536565]], ""type"": ""MultiPoint""}"
2725,2007:998724,2007-10-25T22:00:00,FINCH AVE W,DRIFTWOOD AVE,,1,Non-Fatal Injury,At Intersection,Traffic Signal,Turning Movement,Clear,Dark,Dry,Major Arterial,false,-79.51339092814524,43.7580443187103,2,Automobile or Station Wagon,West,3,22,Minimal,Other Safety Equipment Used,Failed to yield right-of-way,Normal,,,Turning Left,,,,,driver,NA,Humber River-Black Creek (7),31 Division,Glenfield-Jane Heights,true,false,false,false,false,false,false,false,false,false,"{""coordinates"": [[-79.51339092814524, 43.7580443187103]], ""type"": ""MultiPoint""}"
2726,2007:998724,2007-10-25T22:00:00,FINCH AVE W,DRIFTWOOD AVE,,1,Non-Fatal Injury,At Intersection,Traffic Signal,Turning Movement,Clear,Dark,Dry,Major Arterial,false,-79.51339092814524,43.7580443187103,1,Automobile or Station Wagon,East,2,35,Major,Other Safety Equipment Used,Driving properly,Normal,,,Going Ahead,,,,,driver,NA,Humber River-Black Creek (7),31 Division,Glenfield-Jane Heights,true,false,false,false,false,false,false,false,false,false,"{""coordinates"": [[-79.51339092814524, 43.7580443187103]], ""type"": ""MultiPoint""}"
2727,2007:998724,2007-10-25T22:00:00,FINCH AVE W,DRIFTWOOD AVE,,1,Non-Fatal Injury,At Intersection,Traffic Signal,Turning Movement,Clear,Dark,Dry,Major Arterial,false,-79.51339092814524,43.7580443187103,1,,,1,NA,,Other Safety Equipment Used,,,,,,,,,,owner,NA,Humber River-Black Creek (7),31 Division,Glenfield-Jane Heights,true,false,false,false,false,false,false,false,false,false,"{""coordinates"": [[-79.51339092814524, 43.7580443187103]], ""type"": ""MultiPoint""}"
2728,2007:1002027,2007-10-26T21:35:00,PHARMACY AVE,BOLSTER AVE,,2,Non-Fatal Injury,At Intersection,Pedestrian Crossover,Pedestrian Collision(internal code),Rain,Dark,Wet,Minor Arterial,false,-79.28949062197411,43.70654404314807,1,Automobile or Station Wagon,North,1,51,None,Lap and Shoulder Belt,Disobeyed traffic control,Inattentive,,,Going Ahead,,,,,driver,NA,Scarborough Southwest (20),41 Division,Clairlea-Birchmount,true,true,false,false,false,false,true,false,false,false,"{""coordinates"": [[-79.28949062197411, 43.70654404314807]], ""type"": ""MultiPoint""}"
2729,2007:1002027,2007-10-26T21:35:00,PHARMACY AVE,BOLSTER AVE,,2,Non-Fatal Injury,At Intersection,Pedestrian Crossover,Pedestrian Collision(internal code),Rain,Dark,Wet,Minor Arterial,false,-79.28949062197411,43.70654404314807,2,,West,2,48,Major,Other Safety Equipment Used,,,Crossing - pedestrian crossover,Normal,,Driver hits pedestrian at PXO/pedestrian midblock signal,,,,pedestrian,NA,Scarborough Southwest (20),41 Division,Clairlea-Birchmount,true,true,false,false,false,false,true,false,false,false,"{""coordinates"": [[-79.28949062197411, 43.70654404314807]], ""type"": ""MultiPoint""}"
2730,2007:999384,2007-10-29T11:40:00,DON VALLEY PARKWAY N,F G GARDINER XY W,,2,Non-Fatal Injury,At Intersection,No Control,SMV Other,Clear,Daylight,Dry,,false,-79.349090805225,43.65374413119488,1,Truck - Open (Flatbed),North,1,28,Major,Other Safety Equipment Used,Lost control,Inattentive,,,Merging,,,,,driver,NA,Toronto-Danforth (14),55 Division,South Riverdale,false,true,false,false,false,false,false,false,false,true,"{""coordinates"": [[-79.349090805225, 43.653744131194884]], ""type"": ""MultiPoint""}"
2731,2007:999384,2007-10-29T11:40:00,DON VALLEY PARKWAY N,F G GARDINER XY W,,2,Non-Fatal Injury,At Intersection,No Control,SMV Other,Clear,Daylight,Dry,,false,-79.349090805225,43.65374413119488,1,,,2,NA,,Other Safety Equipment Used,,,,,,,,,,owner,NA,Toronto-Danforth (14),55 Division,South Riverdale,false,true,false,false,false,false,false,false,false,true,"{""coordinates"": [[-79.349090805225, 43.653744131194884]], ""type"": ""MultiPoint""}"
2732,2007:1004974,2007-10-31T18:03:00,5810 SHEPPARD AVE E,,,6,Non-Fatal Injury,At Intersection,No Control,Pedestrian Collision(internal code),Clear,Dark,Dry,Major Arterial,false,-79.22979043651263,43.79564398138093,4,,,6,36,Major,Other Safety Equipment Used,,,On sidewalk or shoulder,Normal,,Driver hits pedestrian on sidewalk or shoulder,,,,pedestrian,NA,Scarborough North (23),42 Division,Malvern East,true,false,false,false,false,false,true,false,true,false,"{""coordinates"": [[-79.22979043651263, 43.79564398138093]], ""type"": ""MultiPoint""}"
2733,2007:1004974,2007-10-31T18:03:00,5810 SHEPPARD AVE E,,,6,Non-Fatal Injury,At Intersection,No Control,Pedestrian Collision(internal code),Clear,Dark,Dry,Major Arterial,false,-79.22979043651263,43.79564398138093,4,,,5,NA,,Other Safety Equipment Used,,,,,,,,,,owner,NA,Scarborough North (23),42 Division,Malvern East,true,false,false,false,false,false,true,false,true,false,"{""coordinates"": [[-79.22979043651263, 43.79564398138093]], ""type"": ""MultiPoint""}"
2734,2007:1004974,2007-10-31T18:03:00,5810 SHEPPARD AVE E,,,6,Non-Fatal Injury,At Intersection,No Control,Pedestrian Collision(internal code),Clear,Dark,Dry,Major Arterial,false,-79.22979043651263,43.79564398138093,1,Automobile or Station Wagon,West,2,46,None,Lap and Shoulder Belt,Driving properly,Normal,,,Slowing or Stopping,,,,,driver,NA,Scarborough North (23),42 Division,Malvern East,true,false,false,false,false,false,true,false,true,false,"{""coordinates"": [[-79.22979043651263, 43.79564398138093]], ""type"": ""MultiPoint""}"
2735,2007:1004974,2007-10-31T18:03:00,5810 SHEPPARD AVE E,,,6,Non-Fatal Injury,At Intersection,No Control,Pedestrian Collision(internal code),Clear,Dark,Dry,Major Arterial,false,-79.22979043651263,43.79564398138093,3,Automobile or Station Wagon,West,4,19,None,Lap and Shoulder Belt,Following too closely,Normal,,,Going Ahead,,,,,driver,NA,Scarborough North (23),42 Division,Malvern East,true,false,false,false,false,false,true,false,true,false,"{""coordinates"": [[-79.22979043651263, 43.79564398138093]], ""type"": ""MultiPoint""}"
2736,2007:1002690,2007-11-06T06:35:00,MARKHAM RD,FINCH AVE E,,5,Non-Fatal Injury,At Intersection,Traffic Signal,Rear End,Rain,Dark,Wet,Major Arterial,false,-79.24309044048174,43.812943997158264,2,,,3,22,Major,Lap and Shoulder Belt,,,,,,,,,,passenger,NA,Scarborough North (23),42 Division,Agincourt North,true,true,false,false,false,false,false,false,false,true,"{""coordinates"": [[-79.24309044048174, 43.812943997158264]], ""type"": ""MultiPoint""}"
2737,2007:1004974,2007-10-31T18:03:00,5810 SHEPPARD AVE E,,,6,Non-Fatal Injury,At Intersection,No Control,Pedestrian Collision(internal code),Clear,Dark,Dry,Major Arterial,false,-79.22979043651263,43.79564398138093,2,Automobile or Station Wagon,South,3,60,None,Other Safety Equipment Used,,,,,Parked,,,,,other,NA,Scarborough North (23),42 Division,Malvern East,true,false,false,false,false,false,true,false,true,false,"{""coordinates"": [[-79.22979043651263, 43.79564398138093]], ""type"": ""MultiPoint""}"
2738,2007:1004974,2007-10-31T18:03:00,5810 SHEPPARD AVE E,,,6,Non-Fatal Injury,At Intersection,No Control,Pedestrian Collision(internal code),Clear,Dark,Dry,Major Arterial,false,-79.22979043651263,43.79564398138093,1,,,1,NA,,Other Safety Equipment Used,,,,,,,,,,owner,NA,Scarborough North (23),42 Division,Malvern East,true,false,false,false,false,false,true,false,true,false,"{""coordinates"": [[-79.22979043651263, 43.79564398138093]], ""type"": ""MultiPoint""}"
2739,2007:1000028,2007-11-01T01:26:00,OAKWOOD AVE,ROSEMOUNT AVE,,5,Non-Fatal Injury,At Intersection,Stop Sign,Angle,Rain,Dark,Wet,Minor Arterial,false,-79.43529093262556,43.6779442499326,2,Municipal Transit Bus (TTC),North,5,43,None,Lap Belt Only,Driving properly,Normal,,,Going Ahead,,,,,driver,NA,Davenport (9),13 Division,Corso Italia-Davenport,true,false,false,false,false,false,false,false,false,true,"{""coordinates"": [[-79.43529093262556, 43.6779442499326]], ""type"": ""MultiPoint""}"
2740,2007:1000028,2007-11-01T01:26:00,OAKWOOD AVE,ROSEMOUNT AVE,,5,Non-Fatal Injury,At Intersection,Stop Sign,Angle,Rain,Dark,Wet,Minor Arterial,false,-79.43529093262556,43.6779442499326,1,,,1,20,Major,Lap and Shoulder Belt,,,,,,,,,,passenger,NA,Davenport (9),13 Division,Corso Italia-Davenport,true,false,false,false,false,false,false,false,false,true,"{""coordinates"": [[-79.43529093262556, 43.6779442499326]], ""type"": ""MultiPoint""}"
2741,2007:1000028,2007-11-01T01:26:00,OAKWOOD AVE,ROSEMOUNT AVE,,5,Non-Fatal Injury,At Intersection,Stop Sign,Angle,Rain,Dark,Wet,Minor Arterial,false,-79.43529093262556,43.6779442499326,1,Automobile or Station Wagon,East,3,23,Major,Lap and Shoulder Belt,Disobeyed traffic control,Normal,,,Going Ahead,,,,,driver,NA,Davenport (9),13 Division,Corso Italia-Davenport,true,false,false,false,false,false,false,false,false,true,"{""coordinates"": [[-79.43529093262556, 43.6779442499326]], ""type"": ""MultiPoint""}"
2742,2007:1000028,2007-11-01T01:26:00,OAKWOOD AVE,ROSEMOUNT AVE,,5,Non-Fatal Injury,At Intersection,Stop Sign,Angle,Rain,Dark,Wet,Minor Arterial,false,-79.43529093262556,43.6779442499326,1,,,2,NA,,Other Safety Equipment Used,,,,,,,,,,owner,NA,Davenport (9),13 Division,Corso Italia-Davenport,true,false,false,false,false,false,false,false,false,true,"{""coordinates"": [[-79.43529093262556, 43.6779442499326]], ""type"": ""MultiPoint""}"
2743,2007:1000028,2007-11-01T01:26:00,OAKWOOD AVE,ROSEMOUNT AVE,,5,Non-Fatal Injury,At Intersection,Stop Sign,Angle,Rain,Dark,Wet,Minor Arterial,false,-79.43529093262556,43.6779442499326,2,,,4,NA,,Other Safety Equipment Used,,,,,,,,,,owner,NA,Davenport (9),13 Division,Corso Italia-Davenport,true,false,false,false,false,false,false,false,false,true,"{""coordinates"": [[-79.43529093262556, 43.6779442499326]], ""type"": ""MultiPoint""}"
2744,2007:1002191,2007-11-02T16:42:00,PROGRESS AVE,BOROUGH DR,,2,Non-Fatal Injury,,No Control,Cyclist Collision,Clear,Daylight,Dry,Minor Arterial,false,-79.25449048570201,43.776944003333185,2,Bicycle,North,2,45,Major,No Equipment Available,,,,,Going Ahead,,Driver turns left into path of cyclist,,,cyclist,NA,Scarborough Centre (21),43 Division,Bendale-Glen Andrew,false,false,true,false,false,false,false,false,false,false,"{""coordinates"": [[-79.25449048570201, 43.776944003333185]], ""type"": ""MultiPoint""}"
2745,2007:1002191,2007-11-02T16:42:00,PROGRESS AVE,BOROUGH DR,,2,Non-Fatal Injury,,No Control,Cyclist Collision,Clear,Daylight,Dry,Minor Arterial,false,-79.25449048570201,43.776944003333185,1,Automobile or Station Wagon,East,1,55,None,Lap and Shoulder Belt,Other,Normal,,,Turning Left,,,,,driver,NA,Scarborough Centre (21),43 Division,Bendale-Glen Andrew,false,false,true,false,false,false,false,false,false,false,"{""coordinates"": [[-79.25449048570201, 43.776944003333185]], ""type"": ""MultiPoint""}"
2746,2007:1000312,2007-11-03T02:00:00,LAKE SHORE BLVD W,LONG BRANCH AVE,,2,Non-Fatal Injury,,Traffic Signal,SMV Other,Clear,Dark,Dry,Major Arterial,false,-79.5339912534179,43.59434442671001,2,,,2,NA,,Other Safety Equipment Used,,,,,,,,,,owner,NA,Etobicoke-Lakeshore (3),22 Division,Long Branch,true,false,false,false,false,false,false,false,false,false,"{""coordinates"": [[-79.5339912534179, 43.59434442671001]], ""type"": ""MultiPoint""}"
2747,2007:1000312,2007-11-03T02:00:00,LAKE SHORE BLVD W,LONG BRANCH AVE,,2,Non-Fatal Injury,,Traffic Signal,SMV Other,Clear,Dark,Dry,Major Arterial,false,-79.5339912534179,43.59434442671001,1,Automobile or Station Wagon,West,1,43,Major,Other Safety Equipment Used,Exceeding speed limit,Had Been Drinking,,,Going Ahead,,,,,driver,NA,Etobicoke-Lakeshore (3),22 Division,Long Branch,true,false,false,false,false,false,false,false,false,false,"{""coordinates"": [[-79.5339912534179, 43.59434442671001]], ""type"": ""MultiPoint""}"
2748,2007:1000339,2007-11-03T06:10:00,STEELES AVE W,NORTHWEST GT,,2,Non-Fatal Injury,At Intersection,No Control,Pedestrian Collision(internal code),Clear,Dark,Dry,Major Arterial,false,-79.51109090011873,43.777744310852555,1,Automobile or Station Wagon,West,1,56,None,Lap and Shoulder Belt,Driving properly,Normal,,,Going Ahead,,,,,driver,NA,,,,false,false,false,false,false,false,true,false,false,false,"{""coordinates"": [[-79.51109090011873, 43.777744310852555]], ""type"": ""MultiPoint""}"
2749,2007:1000339,2007-11-03T06:10:00,STEELES AVE W,NORTHWEST GT,,2,Non-Fatal Injury,At Intersection,No Control,Pedestrian Collision(internal code),Clear,Dark,Dry,Major Arterial,false,-79.51109090011873,43.777744310852555,2,,South,2,27,Major,Other Safety Equipment Used,,,Crossing - no traffic control,Had Been Drinking,,Driver hits pedestrian at midblock,,,,pedestrian,NA,,,,false,false,false,false,false,false,true,false,false,false,"{""coordinates"": [[-79.51109090011873, 43.777744310852555]], ""type"": ""MultiPoint""}"
2750,2007:1000380,2007-11-04T10:05:00,JAMESON AVE,KING ST W,,3,Non-Fatal Injury,At Intersection,Traffic Signal,Pedestrian Collision(internal code),Clear,Daylight,Dry,Major Arterial,false,-79.43599100202547,43.6371442649823,2,,West,3,78,Major,Other Safety Equipment Used,,,Crossing without right-of-way (intersection),Normal,,Driver turns right into pedestrian crossing without right-of-way (at intersection),,,,pedestrian,NA,Parkdale-High Park (4),14 Division,South Parkdale,false,false,false,false,false,true,true,false,false,false,"{""coordinates"": [[-79.43599100202547, 43.6371442649823]], ""type"": ""MultiPoint""}"
2751,2007:1000380,2007-11-04T10:05:00,JAMESON AVE,KING ST W,,3,Non-Fatal Injury,At Intersection,Traffic Signal,Pedestrian Collision(internal code),Clear,Daylight,Dry,Major Arterial,false,-79.43599100202547,43.6371442649823,1,Automobile or Station Wagon,West,2,59,None,Other Safety Equipment Used,Driving properly,Normal,,,Turning Right,,,,,driver,NA,Parkdale-High Park (4),14 Division,South Parkdale,false,false,false,false,false,true,true,false,false,false,"{""coordinates"": [[-79.43599100202547, 43.6371442649823]], ""type"": ""MultiPoint""}"
2752,2007:1000380,2007-11-04T10:05:00,JAMESON AVE,KING ST W,,3,Non-Fatal Injury,At Intersection,Traffic Signal,Pedestrian Collision(internal code),Clear,Daylight,Dry,Major Arterial,false,-79.43599100202547,43.6371442649823,1,,,1,NA,,Other Safety Equipment Used,,,,,,,,,,owner,NA,Parkdale-High Park (4),14 Division,South Parkdale,false,false,false,false,false,true,true,false,false,false,"{""coordinates"": [[-79.43599100202547, 43.6371442649823]], ""type"": ""MultiPoint""}"
2753,2026:6000945477,2026-05-08T04:45:00,GEORGE ST,DUNDAS ST E,6 m West of,2,Non-Fatal Injury,Intersection-Related,Traffic Signal,SMV Other,Clear,Dark,Wet,Major Arterial,false,-79.37488284922603,43.65785816837248,1,,,2,29,Major,No Equipment Available,,,,Unknown,,,,,,pedestrian,NA,Toronto Centre (13),51 Division,Downtown Yonge East,true,false,false,false,false,true,true,false,false,false,"{""coordinates"": [[-79.37488284922603, 43.65785816837248]], ""type"": ""MultiPoint""}"
2754,2007:1002316,2007-11-05T18:52:00,COXWELL AVE,EASTWOOD RD,,2,Non-Fatal Injury,At Intersection,Traffic Signal,Pedestrian Collision(internal code),Rain,Dark,Wet,Minor Arterial,false,-79.31929072123233,43.67294408587042,2,,East,2,71,Major,Other Safety Equipment Used,,,Crossing with right-of-way (intersection),Normal,,Driver turns left into pedestrian crossing with right-of-way (at intersection),,,,pedestrian,NA,Beaches-East York (19),55 Division,Woodbine Corridor,true,false,false,false,false,true,true,false,false,false,"{""coordinates"": [[-79.31929072123233, 43.67294408587042]], ""type"": ""MultiPoint""}"
2755,2007:1002316,2007-11-05T18:52:00,COXWELL AVE,EASTWOOD RD,,2,Non-Fatal Injury,At Intersection,Traffic Signal,Pedestrian Collision(internal code),Rain,Dark,Wet,Minor Arterial,false,-79.31929072123233,43.67294408587042,1,Automobile or Station Wagon,East,1,47,None,Lap and Shoulder Belt,Failed to yield right-of-way,Normal,,,Turning Left,,,,,driver,NA,Beaches-East York (19),55 Division,Woodbine Corridor,true,false,false,false,false,true,true,false,false,false,"{""coordinates"": [[-79.31929072123233, 43.67294408587042]], ""type"": ""MultiPoint""}"
2756,2007:1002690,2007-11-06T06:35:00,MARKHAM RD,FINCH AVE E,,5,Non-Fatal Injury,At Intersection,Traffic Signal,Rear End,Rain,Dark,Wet,Major Arterial,false,-79.24309044048174,43.812943997158264,2,Automobile or Station Wagon,South,5,27,Minor,Lap and Shoulder Belt,Driving properly,Normal,,,Stopped,,,,,driver,NA,Scarborough North (23),42 Division,Agincourt North,true,true,false,false,false,false,false,false,false,true,"{""coordinates"": [[-79.24309044048174, 43.812943997158264]], ""type"": ""MultiPoint""}"