X_id,collision_id,accdate,stname1,stname2,stname3,per_inv,acclass,accloc,traffictl,impactype,visible,light,rdsfcond,road_class,failtorem,longitude,latitude,veh_no,vehtype,initdir,per_no,invage,injury,safequip,drivact,drivcond,pedact,pedcond,manoeuvre,pedtype,cyclistype,cycact,cyccond,road_user,fatal_no,wardname,division,neighbourhood,aggressive,distracted,cyclist,motorcyclist,other_micromobility,older_adult,pedestrian,red_light,school_child,heavy_truck,geometry
3590,2008:1046411,2008-07-04T17:50:00,EGLINTON AVE W,GABIAN WAY,,2,Non-Fatal Injury,,No Control,Pedestrian Collision(internal code),Clear,Daylight,Dry,Major Arterial,false,-79.46579096567724,43.69184428741397,2,,,2,25,Major,Other Safety Equipment Used,,,On sidewalk or shoulder,Normal,,Driver hits pedestrian on sidewalk or shoulder,,,,pedestrian,NA,York South-Weston (5),12 Division,Keelesdale-Eglinton West,false,true,false,false,false,false,true,false,false,false,"{""coordinates"": [[-79.46579096567724, 43.691844287413964]], ""type"": ""MultiPoint""}"
3591,2008:1046554,2008-07-06T05:52:00,633 SILVER STAR BLVD,,,1,Non-Fatal Injury,,No Control,Pedestrian Collision(internal code),Clear,Daylight,Dry,Collector,false,-79.29879051858583,43.82124406020441,1,,,1,16,Major,Other Safety Equipment Used,,,Other,Had Been Drinking,,Driver hits pedestrian at midblock,,,,pedestrian,NA,Scarborough-Agincourt (22),42 Division,Milliken,false,false,false,false,false,false,true,false,true,false,"{""coordinates"": [[-79.29879051858583, 43.82124406020441]], ""type"": ""MultiPoint""}"
3592,2008:1050384,2008-07-07T04:37:00,DIXON Rd,ROYAL YORK Rd,,3,Non-Fatal Injury,At Intersection,Traffic Signal,SMV Other,Clear,Dark,Dry,Major Arterial,false,-79.5342910577947,43.6998443707893,2,,,3,NA,,Other Safety Equipment Used,,,,,,,,,,owner,NA,Etobicoke North (1),23 Division,Kingsview Village-The Westway,false,false,false,false,false,false,false,false,false,false,"{""coordinates"": [[-79.5342910577947, 43.6998443707893]], ""type"": ""MultiPoint""}"
3593,2008:1050384,2008-07-07T04:37:00,DIXON Rd,ROYAL YORK Rd,,3,Non-Fatal Injury,At Intersection,Traffic Signal,SMV Other,Clear,Dark,Dry,Major Arterial,false,-79.5342910577947,43.6998443707893,2,,,2,NA,,Other Safety Equipment Used,,,,,,,,,,owner,NA,Etobicoke North (1),23 Division,Kingsview Village-The Westway,false,false,false,false,false,false,false,false,false,false,"{""coordinates"": [[-79.5342910577947, 43.6998443707893]], ""type"": ""MultiPoint""}"
3594,2008:1050384,2008-07-07T04:37:00,DIXON Rd,ROYAL YORK Rd,,3,Non-Fatal Injury,At Intersection,Traffic Signal,SMV Other,Clear,Dark,Dry,Major Arterial,false,-79.5342910577947,43.6998443707893,1,Automobile or Station Wagon,West,1,23,Major,Lap and Shoulder Belt,Lost control,Fatigue/Fell Asleep,,,Pulling Onto Shoulder or Toward Curb,,,,,driver,NA,Etobicoke North (1),23 Division,Kingsview Village-The Westway,false,false,false,false,false,false,false,false,false,false,"{""coordinates"": [[-79.5342910577947, 43.6998443707893]], ""type"": ""MultiPoint""}"
3595,2008:1047410,2008-07-10T13:48:00,DON VALLEY PARKWAY N,GERRARD ST E,,3,Non-Fatal Injury,,No Control,Pedestrian Collision(internal code),Clear,Daylight,Dry,,false,-79.35709079836671,43.66914414050314,1,Automobile or Station Wagon,North,2,25,None,Other Safety Equipment Used,Driving properly,Normal,,,Going Ahead,,,,,driver,NA,Toronto-Danforth (14),55 Division,North Riverdale,false,false,false,false,false,false,true,false,false,false,"{""coordinates"": [[-79.35709079836671, 43.66914414050314]], ""type"": ""MultiPoint""}"
3596,2026:6000965171,2026-05-10T18:08:00,ORTON PARK RD,BOTANY HILL PARK RD,,3,Fatal Injury,Intersection-Related,,Same Direction,,,,,false,-79.21392042829319,43.77823896244525,2,Automobile or Station Wagon,North,2,47,None,,Driving properly,Normal,,,,,,,,driver,NA,Scarborough-Guildwood (24),43 Division,Morningside,true,true,false,true,false,false,false,false,false,false,"{""coordinates"": [[-79.21392042829319, 43.77823896244525]], ""type"": ""MultiPoint""}"
3597,2008:1047410,2008-07-10T13:48:00,DON VALLEY PARKWAY N,GERRARD ST E,,3,Non-Fatal Injury,,No Control,Pedestrian Collision(internal code),Clear,Daylight,Dry,,false,-79.35709079836671,43.66914414050314,2,,West,3,42,Major,Other Safety Equipment Used,,,Running onto roadway,Ability Impaired - Drugs,,Driver hits pedestrian at midblock,,,,pedestrian,NA,Toronto-Danforth (14),55 Division,North Riverdale,false,false,false,false,false,false,true,false,false,false,"{""coordinates"": [[-79.35709079836671, 43.66914414050314]], ""type"": ""MultiPoint""}"
3598,2008:1047410,2008-07-10T13:48:00,DON VALLEY PARKWAY N,GERRARD ST E,,3,Non-Fatal Injury,,No Control,Pedestrian Collision(internal code),Clear,Daylight,Dry,,false,-79.35709079836671,43.66914414050314,1,,,1,NA,,Other Safety Equipment Used,,,,,,,,,,owner,NA,Toronto-Danforth (14),55 Division,North Riverdale,false,false,false,false,false,false,true,false,false,false,"{""coordinates"": [[-79.35709079836671, 43.66914414050314]], ""type"": ""MultiPoint""}"
3599,2008:1047968,2008-07-11T21:55:00,STEELES AVE W,HIDDEN TRL,,7,Fatal Injury,,No Control,Approaching Head On,Clear,Dark,Dry,Major Arterial,false,-79.46399081472542,43.788444253538394,4,,,7,NA,,Other Safety Equipment Used,,,,,,,,,,owner,NA,York Centre (6),32 Division,Westminster-Branson,false,false,false,false,false,false,false,false,false,true,"{""coordinates"": [[-79.46399081472542, 43.788444253538394]], ""type"": ""MultiPoint""}"
3600,2008:1047968,2008-07-11T21:55:00,STEELES AVE W,HIDDEN TRL,,7,Fatal Injury,,No Control,Approaching Head On,Clear,Dark,Dry,Major Arterial,false,-79.46399081472542,43.788444253538394,1,Truck - Open (Flatbed),West,2,26,None,Lap and Shoulder Belt,Driving properly,Normal,,,Going Ahead,,,,,driver,NA,York Centre (6),32 Division,Westminster-Branson,false,false,false,false,false,false,false,false,false,true,"{""coordinates"": [[-79.46399081472542, 43.788444253538394]], ""type"": ""MultiPoint""}"
3601,2008:1047968,2008-07-11T21:55:00,STEELES AVE W,HIDDEN TRL,,7,Fatal Injury,,No Control,Approaching Head On,Clear,Dark,Dry,Major Arterial,false,-79.46399081472542,43.788444253538394,2,Automobile or Station Wagon,West,4,56,Minor,Lap and Shoulder Belt,Driving properly,Normal,,,Going Ahead,,,,,driver,NA,York Centre (6),32 Division,Westminster-Branson,false,false,false,false,false,false,false,false,false,true,"{""coordinates"": [[-79.46399081472542, 43.788444253538394]], ""type"": ""MultiPoint""}"
3602,2008:1047968,2008-07-11T21:55:00,STEELES AVE W,HIDDEN TRL,,7,Fatal Injury,,No Control,Approaching Head On,Clear,Dark,Dry,Major Arterial,false,-79.46399081472542,43.788444253538394,2,,,3,21,Minor,Lap and Shoulder Belt,,,,,,,,,,passenger,NA,York Centre (6),32 Division,Westminster-Branson,false,false,false,false,false,false,false,false,false,true,"{""coordinates"": [[-79.46399081472542, 43.788444253538394]], ""type"": ""MultiPoint""}"
3603,2008:1047968,2008-07-11T21:55:00,STEELES AVE W,HIDDEN TRL,,7,Fatal Injury,,No Control,Approaching Head On,Clear,Dark,Dry,Major Arterial,false,-79.46399081472542,43.788444253538394,1,,,1,NA,,Other Safety Equipment Used,,,,,,,,,,owner,NA,York Centre (6),32 Division,Westminster-Branson,false,false,false,false,false,false,false,false,false,true,"{""coordinates"": [[-79.46399081472542, 43.788444253538394]], ""type"": ""MultiPoint""}"
3604,2008:1047968,2008-07-11T21:55:00,STEELES AVE W,HIDDEN TRL,,7,Fatal Injury,,No Control,Approaching Head On,Clear,Dark,Dry,Major Arterial,false,-79.46399081472542,43.788444253538394,3,Automobile or Station Wagon,East,6,34,Fatal,Lap and Shoulder Belt,Lost control,Unknown,,,Going Ahead,,,,,driver,30,York Centre (6),32 Division,Westminster-Branson,false,false,false,false,false,false,false,false,false,true,"{""coordinates"": [[-79.46399081472542, 43.788444253538394]], ""type"": ""MultiPoint""}"
3605,2008:1047968,2008-07-11T21:55:00,STEELES AVE W,HIDDEN TRL,,7,Fatal Injury,,No Control,Approaching Head On,Clear,Dark,Dry,Major Arterial,false,-79.46399081472542,43.788444253538394,3,,,5,NA,,Other Safety Equipment Used,,,,,,,,,,owner,NA,York Centre (6),32 Division,Westminster-Branson,false,false,false,false,false,false,false,false,false,true,"{""coordinates"": [[-79.46399081472542, 43.788444253538394]], ""type"": ""MultiPoint""}"
3606,2008:1047657,2008-07-12T00:38:00,688 SCARLETT RD,,,4,Fatal Injury,,No Control,SMV Other,Clear,Dark,Dry,Major Arterial,false,-79.51949104833433,43.694744356185886,1,Automobile or Station Wagon,South,1,27,Fatal,Other Safety Equipment Used,Exceeding speed limit,Unknown,,,Overtaking,,,,,driver,31,Etobicoke Centre (2),23 Division,Humber Heights-Westmount,true,false,false,false,false,false,false,false,false,false,"{""coordinates"": [[-79.51949104833433, 43.694744356185886]], ""type"": ""MultiPoint""}"
3607,2008:1047657,2008-07-12T00:38:00,688 SCARLETT RD,,,4,Fatal Injury,,No Control,SMV Other,Clear,Dark,Dry,Major Arterial,false,-79.51949104833433,43.694744356185886,4,Automobile or Station Wagon,East,4,NA,None,Other Safety Equipment Used,,,,,Parked,,,,,other,NA,Etobicoke Centre (2),23 Division,Humber Heights-Westmount,true,false,false,false,false,false,false,false,false,false,"{""coordinates"": [[-79.51949104833433, 43.694744356185886]], ""type"": ""MultiPoint""}"
3608,2008:1047657,2008-07-12T00:38:00,688 SCARLETT RD,,,4,Fatal Injury,,No Control,SMV Other,Clear,Dark,Dry,Major Arterial,false,-79.51949104833433,43.694744356185886,3,Automobile or Station Wagon,West,3,NA,,Other Safety Equipment Used,,,,,Parked,,,,,other,NA,Etobicoke Centre (2),23 Division,Humber Heights-Westmount,true,false,false,false,false,false,false,false,false,false,"{""coordinates"": [[-79.51949104833433, 43.694744356185886]], ""type"": ""MultiPoint""}"
3609,2008:1050893,2008-07-13T12:20:00,BLOOR Stre W,KEELE Stre,,2,Non-Fatal Injury,,No Control,Cyclist Collision,Clear,Daylight,Dry,Major Arterial,false,-79.45949101814861,43.654844293456634,2,Bicycle,West,2,58,Major,Equipment Not Used But Available,,,,,Going Ahead,,Driver turns left into path of cyclist,Improper Passing,Normal,cyclist,NA,Parkdale-High Park (4),11 Division,High Park North,false,false,true,false,false,false,false,false,false,false,"{""coordinates"": [[-79.45949101814861, 43.654844293456634]], ""type"": ""MultiPoint""}"
3610,2008:1050893,2008-07-13T12:20:00,BLOOR Stre W,KEELE Stre,,2,Non-Fatal Injury,,No Control,Cyclist Collision,Clear,Daylight,Dry,Major Arterial,false,-79.45949101814861,43.654844293456634,1,Automobile or Station Wagon,East,1,30,None,Lap and Shoulder Belt,Driving properly,Normal,,,Turning Left,,,,,driver,NA,Parkdale-High Park (4),11 Division,High Park North,false,false,true,false,false,false,false,false,false,false,"{""coordinates"": [[-79.45949101814861, 43.654844293456634]], ""type"": ""MultiPoint""}"
3611,2008:1047683,2008-07-13T20:18:00,19 LYNDHURST CRT,,,2,Fatal Injury,,No Control,Pedestrian Collision(internal code),Clear,Dusk,Dry,Local,false,-79.41219088966196,43.6776442172754,1,Automobile or Station Wagon,South,1,64,None,Other Safety Equipment Used,Other,Inattentive,,,Reversing,,,,,driver,NA,Toronto-St. Paul's (12),13 Division,Casa Loma,false,true,false,false,false,true,true,false,false,false,"{""coordinates"": [[-79.41219088966196, 43.6776442172754]], ""type"": ""MultiPoint""}"
3612,2008:1047683,2008-07-13T20:18:00,19 LYNDHURST CRT,,,2,Fatal Injury,,No Control,Pedestrian Collision(internal code),Clear,Dusk,Dry,Local,false,-79.41219088966196,43.6776442172754,2,,Unknown,2,87,Fatal,Other Safety Equipment Used,,,Other,Unknown,,Driver reversing hits pedestrian,,,,pedestrian,32,Toronto-St. Paul's (12),13 Division,Casa Loma,false,true,false,false,false,true,true,false,false,false,"{""coordinates"": [[-79.41219088966196, 43.6776442172754]], ""type"": ""MultiPoint""}"
3613,2008:1047910,2008-07-14T13:37:00,DANFORTH AVE,COXWELL AVE,,10,Fatal Injury,At Intersection,Traffic Signal,Pedestrian Collision(internal code),Clear,Daylight,Dry,Major Arterial,false,-79.3235907151712,43.68334409114951,3,,,2,3,None,Lap and Shoulder Belt,,,,,,,,,,passenger,NA,Beaches-East York (19),55 Division,Woodbine Corridor,true,false,false,false,false,false,true,false,true,false,"{""coordinates"": [[-79.3235907151712, 43.68334409114951]], ""type"": ""MultiPoint""}"
3614,2008:1047910,2008-07-14T13:37:00,DANFORTH AVE,COXWELL AVE,,10,Fatal Injury,At Intersection,Traffic Signal,Pedestrian Collision(internal code),Clear,Daylight,Dry,Major Arterial,false,-79.3235907151712,43.68334409114951,3,,,4,1,None,Child Safety Seat Used Correctly,,,,,,,,,,passenger,NA,Beaches-East York (19),55 Division,Woodbine Corridor,true,false,false,false,false,false,true,false,true,false,"{""coordinates"": [[-79.3235907151712, 43.68334409114951]], ""type"": ""MultiPoint""}"
3615,2008:1047910,2008-07-14T13:37:00,DANFORTH AVE,COXWELL AVE,,10,Fatal Injury,At Intersection,Traffic Signal,Pedestrian Collision(internal code),Clear,Daylight,Dry,Major Arterial,false,-79.3235907151712,43.68334409114951,3,Automobile or Station Wagon,West,7,51,None,Lap and Shoulder Belt,Driving properly,Normal,,,Stopped,,,,,driver,NA,Beaches-East York (19),55 Division,Woodbine Corridor,true,false,false,false,false,false,true,false,true,false,"{""coordinates"": [[-79.3235907151712, 43.68334409114951]], ""type"": ""MultiPoint""}"
3616,2008:1047910,2008-07-14T13:37:00,DANFORTH AVE,COXWELL AVE,,10,Fatal Injury,At Intersection,Traffic Signal,Pedestrian Collision(internal code),Clear,Daylight,Dry,Major Arterial,false,-79.3235907151712,43.68334409114951,2,Automobile or Station Wagon,West,1,60,Major,Lap and Shoulder Belt,Exceeding speed limit,Medical or Physical Disability,,,Going Ahead,,,,,driver,NA,Beaches-East York (19),55 Division,Woodbine Corridor,true,false,false,false,false,false,true,false,true,false,"{""coordinates"": [[-79.3235907151712, 43.68334409114951]], ""type"": ""MultiPoint""}"
3617,2008:1047910,2008-07-14T13:37:00,DANFORTH AVE,COXWELL AVE,,10,Fatal Injury,At Intersection,Traffic Signal,Pedestrian Collision(internal code),Clear,Daylight,Dry,Major Arterial,false,-79.3235907151712,43.68334409114951,4,,North,8,50,Fatal,Other Safety Equipment Used,,,Crossing with right-of-way (intersection),Normal,,Driver going straight hits pedestrian crossing with right-of-way (at intersection),,,,pedestrian,33,Beaches-East York (19),55 Division,Woodbine Corridor,true,false,false,false,false,false,true,false,true,false,"{""coordinates"": [[-79.3235907151712, 43.68334409114951]], ""type"": ""MultiPoint""}"
3618,2008:1047910,2008-07-14T13:37:00,DANFORTH AVE,COXWELL AVE,,10,Fatal Injury,At Intersection,Traffic Signal,Pedestrian Collision(internal code),Clear,Daylight,Dry,Major Arterial,false,-79.3235907151712,43.68334409114951,1,Automobile or Station Wagon,North,10,33,None,Lap and Shoulder Belt,Driving properly,Normal,,,Going Ahead,,,,,driver,NA,Beaches-East York (19),55 Division,Woodbine Corridor,true,false,false,false,false,false,true,false,true,false,"{""coordinates"": [[-79.3235907151712, 43.68334409114951]], ""type"": ""MultiPoint""}"
3619,2008:1047910,2008-07-14T13:37:00,DANFORTH AVE,COXWELL AVE,,10,Fatal Injury,At Intersection,Traffic Signal,Pedestrian Collision(internal code),Clear,Daylight,Dry,Major Arterial,false,-79.3235907151712,43.68334409114951,3,,,5,15,None,Lap and Shoulder Belt,,,,,,,,,,passenger,NA,Beaches-East York (19),55 Division,Woodbine Corridor,true,false,false,false,false,false,true,false,true,false,"{""coordinates"": [[-79.3235907151712, 43.68334409114951]], ""type"": ""MultiPoint""}"
3620,2008:1047910,2008-07-14T13:37:00,DANFORTH AVE,COXWELL AVE,,10,Fatal Injury,At Intersection,Traffic Signal,Pedestrian Collision(internal code),Clear,Daylight,Dry,Major Arterial,false,-79.3235907151712,43.68334409114951,3,,,6,NA,,Other Safety Equipment Used,,,,,,,,,,owner,NA,Beaches-East York (19),55 Division,Woodbine Corridor,true,false,false,false,false,false,true,false,true,false,"{""coordinates"": [[-79.3235907151712, 43.68334409114951]], ""type"": ""MultiPoint""}"
3621,2008:1047910,2008-07-14T13:37:00,DANFORTH AVE,COXWELL AVE,,10,Fatal Injury,At Intersection,Traffic Signal,Pedestrian Collision(internal code),Clear,Daylight,Dry,Major Arterial,false,-79.3235907151712,43.68334409114951,1,,,9,NA,,Other Safety Equipment Used,,,,,,,,,,owner,NA,Beaches-East York (19),55 Division,Woodbine Corridor,true,false,false,false,false,false,true,false,true,false,"{""coordinates"": [[-79.3235907151712, 43.68334409114951]], ""type"": ""MultiPoint""}"
3622,2008:1047910,2008-07-14T13:37:00,DANFORTH AVE,COXWELL AVE,,10,Fatal Injury,At Intersection,Traffic Signal,Pedestrian Collision(internal code),Clear,Daylight,Dry,Major Arterial,false,-79.3235907151712,43.68334409114951,3,,,3,11,None,Lap and Shoulder Belt,,,,,,,,,,passenger,NA,Beaches-East York (19),55 Division,Woodbine Corridor,true,false,false,false,false,false,true,false,true,false,"{""coordinates"": [[-79.3235907151712, 43.68334409114951]], ""type"": ""MultiPoint""}"
3623,2008:1051205,2008-07-15T19:35:00,DON MILLS RD,GEORGE HENRY BLVD,,2,Non-Fatal Injury,At Intersection,Stop Sign,Pedestrian Collision(internal code),Clear,Dusk,Dry,Major Arterial,false,-79.34649063969957,43.77344411420447,2,,South,2,35,Major,No Equipment Available,,,Crossing with right-of-way (intersection),Normal,,Driver going straight hits pedestrian crossing with right-of-way (at intersection),,,,pedestrian,NA,Don Valley North (17),33 Division,Henry Farm,true,false,false,false,false,false,true,false,false,false,"{""coordinates"": [[-79.34649063969957, 43.77344411420447]], ""type"": ""MultiPoint""}"
3624,2008:1051205,2008-07-15T19:35:00,DON MILLS RD,GEORGE HENRY BLVD,,2,Non-Fatal Injury,At Intersection,Stop Sign,Pedestrian Collision(internal code),Clear,Dusk,Dry,Major Arterial,false,-79.34649063969957,43.77344411420447,1,Automobile or Station Wagon,West,1,26,None,Lap and Shoulder Belt,Failed to yield right-of-way,Normal,,,Going Ahead,,,,,driver,NA,Don Valley North (17),33 Division,Henry Farm,true,false,false,false,false,false,true,false,false,false,"{""coordinates"": [[-79.34649063969957, 43.77344411420447]], ""type"": ""MultiPoint""}"
3625,2008:1051188,2008-07-15T20:00:00,JANE ST,TRETHEWEY DR,,2,Non-Fatal Injury,At Intersection,Traffic Signal,Turning Movement,Clear,Daylight,Dry,Major Arterial,false,-79.50239102129677,43.69754433477883,1,Automobile or Station Wagon,South,1,50,Major,Lap and Shoulder Belt,Driving properly,Normal,,,Turning Left,,,,,driver,NA,York South-Weston (5),12 Division,Weston,true,true,false,false,false,false,false,true,false,false,"{""coordinates"": [[-79.50239102129677, 43.69754433477883]], ""type"": ""MultiPoint""}"
3626,2008:1051188,2008-07-15T20:00:00,JANE ST,TRETHEWEY DR,,2,Non-Fatal Injury,At Intersection,Traffic Signal,Turning Movement,Clear,Daylight,Dry,Major Arterial,false,-79.50239102129677,43.69754433477883,2,Automobile or Station Wagon,North,2,21,Minor,Lap and Shoulder Belt,Disobeyed traffic control,Inattentive,,,Going Ahead,,,,,driver,NA,York South-Weston (5),12 Division,Weston,true,true,false,false,false,false,false,true,false,false,"{""coordinates"": [[-79.50239102129677, 43.69754433477883]], ""type"": ""MultiPoint""}"
3627,2008:1052487,2008-07-16T11:10:00,WARDEN AVE,CASS AVE,,3,Non-Fatal Injury,At Intersection,Stop Sign,Turning Movement,Clear,Daylight,Dry,Major Arterial,false,-79.30659057187182,43.77594406605278,2,,,2,NA,,Other Safety Equipment Used,,,,,,,,,,owner,NA,Scarborough-Agincourt (22),42 Division,Tam O'Shanter-Sullivan,true,true,false,false,false,false,false,false,true,false,"{""coordinates"": [[-79.30659057187182, 43.77594406605278]], ""type"": ""MultiPoint""}"
3628,2008:1052487,2008-07-16T11:10:00,WARDEN AVE,CASS AVE,,3,Non-Fatal Injury,At Intersection,Stop Sign,Turning Movement,Clear,Daylight,Dry,Major Arterial,false,-79.30659057187182,43.77594406605278,1,Automobile or Station Wagon,West,1,57,Major,Lap and Shoulder Belt,Driving properly,Normal,,,Turning Left,,,,,driver,NA,Scarborough-Agincourt (22),42 Division,Tam O'Shanter-Sullivan,true,true,false,false,false,false,false,false,true,false,"{""coordinates"": [[-79.30659057187182, 43.77594406605278]], ""type"": ""MultiPoint""}"
3629,2008:1052487,2008-07-16T11:10:00,WARDEN AVE,CASS AVE,,3,Non-Fatal Injury,At Intersection,Stop Sign,Turning Movement,Clear,Daylight,Dry,Major Arterial,false,-79.30659057187182,43.77594406605278,2,Automobile or Station Wagon,North,3,19,None,Air Bag Deployed,Speed too fast for conditions,Inattentive,,,Going Ahead,,,,,driver,NA,Scarborough-Agincourt (22),42 Division,Tam O'Shanter-Sullivan,true,true,false,false,false,false,false,false,true,false,"{""coordinates"": [[-79.30659057187182, 43.77594406605278]], ""type"": ""MultiPoint""}"
3630,2008:1048465,2008-07-16T16:55:00,YONGE Stre,KEMPFORD Boul,,2,Non-Fatal Injury,At Intersection,Traffic Signal,Rear End,Clear,Daylight,Dry,Major Arterial,false,-79.41489074819486,43.77694419662988,1,Automobile or Station Wagon,North,1,64,Major,Other Safety Equipment Used,Disobeyed traffic control,Medical or Physical Disability,,,Going Ahead,,,,,driver,NA,Willowdale (18),32 Division,Willowdale West,true,false,false,false,false,false,false,true,false,false,"{""coordinates"": [[-79.41489074819486, 43.77694419662988]], ""type"": ""MultiPoint""}"
3631,2008:1048465,2008-07-16T16:55:00,YONGE Stre,KEMPFORD Boul,,2,Non-Fatal Injury,At Intersection,Traffic Signal,Rear End,Clear,Daylight,Dry,Major Arterial,false,-79.41489074819486,43.77694419662988,2,Automobile or Station Wagon,North,2,55,None,Other Safety Equipment Used,Driving properly,Normal,,,Stopped,,,,,driver,NA,Willowdale (18),32 Division,Willowdale West,true,false,false,false,false,false,false,true,false,false,"{""coordinates"": [[-79.41489074819486, 43.77694419662988]], ""type"": ""MultiPoint""}"
3632,2008:1052865,2008-07-18T07:51:00,RICHMOND ST W,DUNCAN ST,,3,Non-Fatal Injury,,No Control,Turning Movement,Clear,Daylight,Dry,Major Arterial,false,-79.38799088707874,43.64974418945524,2,Automobile or Station Wagon,West,2,67,Major,Lap and Shoulder Belt,Improper turn,Inattentive,,,Turning Left,,,,,driver,NA,Spadina-Fort York (10),52 Division,Wellington Place,false,true,false,false,false,true,false,false,false,false,"{""coordinates"": [[-79.38799088707874, 43.64974418945524]], ""type"": ""MultiPoint""}"
3633,2008:1052865,2008-07-18T07:51:00,RICHMOND ST W,DUNCAN ST,,3,Non-Fatal Injury,,No Control,Turning Movement,Clear,Daylight,Dry,Major Arterial,false,-79.38799088707874,43.64974418945524,1,Automobile or Station Wagon,West,1,40,None,Lap and Shoulder Belt,Driving properly,Normal,,,Going Ahead,,,,,driver,NA,Spadina-Fort York (10),52 Division,Wellington Place,false,true,false,false,false,true,false,false,false,false,"{""coordinates"": [[-79.38799088707874, 43.64974418945524]], ""type"": ""MultiPoint""}"
3634,2008:1052865,2008-07-18T07:51:00,RICHMOND ST W,DUNCAN ST,,3,Non-Fatal Injury,,No Control,Turning Movement,Clear,Daylight,Dry,Major Arterial,false,-79.38799088707874,43.64974418945524,3,,,3,NA,,Other Safety Equipment Used,,,,,,,,,,owner,NA,Spadina-Fort York (10),52 Division,Wellington Place,false,true,false,false,false,true,false,false,false,false,"{""coordinates"": [[-79.38799088707874, 43.64974418945524]], ""type"": ""MultiPoint""}"
3635,2008:1052983,2008-07-18T08:00:00,RIVERDALE Ave,PAPE Ave,,2,Non-Fatal Injury,,No Control,Cyclist Collision,Clear,Daylight,Dry,Local,false,-79.34119076497674,43.67134411736664,1,Automobile or Station Wagon,North,1,30,None,Lap and Shoulder Belt,Failed to yield right-of-way,Normal,,,Turning Left,,,,,driver,NA,Toronto-Danforth (14),55 Division,Blake-Jones,true,false,true,false,false,false,false,false,false,false,"{""coordinates"": [[-79.34119076497674, 43.67134411736664]], ""type"": ""MultiPoint""}"
3636,2008:1052983,2008-07-18T08:00:00,RIVERDALE Ave,PAPE Ave,,2,Non-Fatal Injury,,No Control,Cyclist Collision,Clear,Daylight,Dry,Local,false,-79.34119076497674,43.67134411736664,2,Bicycle,East,2,57,Major,Equipment Not Used But Available,,,,,Going Ahead,,Driver turns left into path of cyclist,Driving Properly,Normal,cyclist,NA,Toronto-Danforth (14),55 Division,Blake-Jones,true,false,true,false,false,false,false,false,false,false,"{""coordinates"": [[-79.34119076497674, 43.67134411736664]], ""type"": ""MultiPoint""}"
3637,2008:1053246,2008-07-19T17:44:00,BATHURST ST,DUNDAS ST W,,2,Non-Fatal Injury,At Intersection,Traffic Signal,Turning Movement,Clear,Daylight,Dry,Major Arterial,false,-79.405990918170545,43.65234421543539,1,Motorcycle,South,1,45,Major,Helmet,Driving properly,Normal,,,Going Ahead,,,,,motorcyclist,NA,University-Rosedale (11),14 Division,Kensington-Chinatown,false,false,false,true,false,false,false,false,false,false,"{""coordinates"": [[-79.40599091817055, 43.65234421543539]], ""type"": ""MultiPoint""}"
3638,2008:1053246,2008-07-19T17:44:00,BATHURST ST,DUNDAS ST W,,2,Non-Fatal Injury,At Intersection,Traffic Signal,Turning Movement,Clear,Daylight,Dry,Major Arterial,false,-79.405990918170545,43.65234421543539,2,Automobile or Station Wagon,North,2,27,None,Lap and Shoulder Belt,Improper turn,Ability Impaired - Alcohol,,,Turning Left,,,,,driver,NA,University-Rosedale (11),14 Division,Kensington-Chinatown,false,false,false,true,false,false,false,false,false,false,"{""coordinates"": [[-79.40599091817055, 43.65234421543539]], ""type"": ""MultiPoint""}"
3639,2008:1049080,2008-07-20T03:00:00,WESTON RD,ROGERS RD,,6,Non-Fatal Injury,At Intersection,Traffic Signal,Turning Movement,Rain,Dark,Wet,Major Arterial,false,-79.47679100409523,43.68164430713263,1,,,1,27,None,Lap and Shoulder Belt,,,,,,,,,,passenger,NA,York South-Weston (5),12 Division,Rockcliffe-Smythe,false,false,false,false,false,true,false,false,true,false,"{""coordinates"": [[-79.47679100409523, 43.68164430713263]], ""type"": ""MultiPoint""}"
3640,2008:1049080,2008-07-20T03:00:00,WESTON RD,ROGERS RD,,6,Non-Fatal Injury,At Intersection,Traffic Signal,Turning Movement,Rain,Dark,Wet,Major Arterial,false,-79.47679100409523,43.68164430713263,1,Automobile or Station Wagon,North,5,34,Minimal,Lap and Shoulder Belt,Driving properly,Normal,,,Going Ahead,,,,,driver,NA,York South-Weston (5),12 Division,Rockcliffe-Smythe,false,false,false,false,false,true,false,false,true,false,"{""coordinates"": [[-79.47679100409523, 43.68164430713263]], ""type"": ""MultiPoint""}"
3641,2008:1049080,2008-07-20T03:00:00,WESTON RD,ROGERS RD,,6,Non-Fatal Injury,At Intersection,Traffic Signal,Turning Movement,Rain,Dark,Wet,Major Arterial,false,-79.47679100409523,43.68164430713263,1,,,2,37,Minor,Lap and Shoulder Belt,,,,,,,,,,passenger,NA,York South-Weston (5),12 Division,Rockcliffe-Smythe,false,false,false,false,false,true,false,false,true,false,"{""coordinates"": [[-79.47679100409523, 43.68164430713263]], ""type"": ""MultiPoint""}"
3642,2008:1049080,2008-07-20T03:00:00,WESTON RD,ROGERS RD,,6,Non-Fatal Injury,At Intersection,Traffic Signal,Turning Movement,Rain,Dark,Wet,Major Arterial,false,-79.47679100409523,43.68164430713263,1,,,4,NA,,Other Safety Equipment Used,,,,,,,,,,owner,NA,York South-Weston (5),12 Division,Rockcliffe-Smythe,false,false,false,false,false,true,false,false,true,false,"{""coordinates"": [[-79.47679100409523, 43.68164430713263]], ""type"": ""MultiPoint""}"