X_id,collision_id,accdate,stname1,stname2,stname3,per_inv,acclass,accloc,traffictl,impactype,visible,light,rdsfcond,road_class,failtorem,longitude,latitude,veh_no,vehtype,initdir,per_no,invage,injury,safequip,drivact,drivcond,pedact,pedcond,manoeuvre,pedtype,cyclistype,cycact,cyccond,road_user,fatal_no,wardname,division,neighbourhood,aggressive,distracted,cyclist,motorcyclist,other_micromobility,older_adult,pedestrian,red_light,school_child,heavy_truck,geometry
3695,2008:1051391,2008-08-01T21:10:00,KINGSTON RD,ORCHARD PARK DR,,4,Non-Fatal Injury,,Stop Sign,Pedestrian Collision(internal code),Clear,Dark,Dry,Major Arterial,true,-79.1792903836685,43.77464392729111,2,,,3,17,None,Other Safety Equipment Used,,,,,,,,,,passenger,NA,Scarborough-Rouge Park (25),43 Division,West Hill,true,false,false,false,false,false,true,false,true,false,"{""coordinates"": [[-79.1792903836685, 43.77464392729111]], ""type"": ""MultiPoint""}"
3696,2008:1055774,2008-08-01T23:07:00,LAKE SHORE W BLVD E,YONGE ST,,5,Non-Fatal Injury,At Intersection,Traffic Signal,Pedestrian Collision(internal code),Clear,Dark,Dry,Major Arterial,false,-79.37579087179465,43.64404417252848,1,Automobile or Station Wagon,West,2,20,Minor,Lap and Shoulder Belt,Driving properly,Normal,,,Turning Left,,,,,driver,NA,Spadina-Fort York (10),52 Division,St Lawrence-East Bayfront-The Islands,true,false,false,false,false,false,true,false,true,false,"{""coordinates"": [[-79.37579087179465, 43.64404417252848]], ""type"": ""MultiPoint""}"
3697,2008:1055774,2008-08-01T23:07:00,LAKE SHORE W BLVD E,YONGE ST,,5,Non-Fatal Injury,At Intersection,Traffic Signal,Pedestrian Collision(internal code),Clear,Dark,Dry,Major Arterial,false,-79.37579087179465,43.64404417252848,3,,Unknown,5,25,Major,Other Safety Equipment Used,,,On sidewalk or shoulder,Normal,,Driver hits pedestrian on sidewalk or shoulder,,,,pedestrian,NA,Spadina-Fort York (10),52 Division,St Lawrence-East Bayfront-The Islands,true,false,false,false,false,false,true,false,true,false,"{""coordinates"": [[-79.37579087179465, 43.64404417252848]], ""type"": ""MultiPoint""}"
3698,2008:1055774,2008-08-01T23:07:00,LAKE SHORE W BLVD E,YONGE ST,,5,Non-Fatal Injury,At Intersection,Traffic Signal,Pedestrian Collision(internal code),Clear,Dark,Dry,Major Arterial,false,-79.37579087179465,43.64404417252848,2,Automobile or Station Wagon,West,4,19,None,Lap and Shoulder Belt,Following too closely,Ability Impaired - Alcohol Over .08,,,Going Ahead,,,,,driver,NA,Spadina-Fort York (10),52 Division,St Lawrence-East Bayfront-The Islands,true,false,false,false,false,false,true,false,true,false,"{""coordinates"": [[-79.37579087179465, 43.64404417252848]], ""type"": ""MultiPoint""}"
3699,2008:1055774,2008-08-01T23:07:00,LAKE SHORE W BLVD E,YONGE ST,,5,Non-Fatal Injury,At Intersection,Traffic Signal,Pedestrian Collision(internal code),Clear,Dark,Dry,Major Arterial,false,-79.37579087179465,43.64404417252848,1,,,1,19,Minor,Lap and Shoulder Belt,,,,,,,,,,passenger,NA,Spadina-Fort York (10),52 Division,St Lawrence-East Bayfront-The Islands,true,false,false,false,false,false,true,false,true,false,"{""coordinates"": [[-79.37579087179465, 43.64404417252848]], ""type"": ""MultiPoint""}"
3700,2008:1055774,2008-08-01T23:07:00,LAKE SHORE W BLVD E,YONGE ST,,5,Non-Fatal Injury,At Intersection,Traffic Signal,Pedestrian Collision(internal code),Clear,Dark,Dry,Major Arterial,false,-79.37579087179465,43.64404417252848,2,,,3,NA,,Other Safety Equipment Used,,,,,,,,,,owner,NA,Spadina-Fort York (10),52 Division,St Lawrence-East Bayfront-The Islands,true,false,false,false,false,false,true,false,true,false,"{""coordinates"": [[-79.37579087179465, 43.64404417252848]], ""type"": ""MultiPoint""}"
3701,2008:1056289,2008-08-02T20:07:00,CALEDONIA Road,JOYCE Park,,3,Non-Fatal Injury,At Intersection,Stop Sign,Turning Movement,Clear,Daylight,Dry,Minor Arterial,false,-79.46609093560909,43.70934428057557,1,Motorcycle,North,2,38,Major,Helmet,Driving properly,Normal,,,Going Ahead,,,,,motorcyclist,NA,Eglinton-Lawrence (8),13 Division,Yorkdale-Glen Park,true,false,false,true,false,false,false,false,false,false,"{""coordinates"": [[-79.46609093560909, 43.70934428057557]], ""type"": ""MultiPoint""}"
3702,2008:1056289,2008-08-02T20:07:00,CALEDONIA Road,JOYCE Park,,3,Non-Fatal Injury,At Intersection,Stop Sign,Turning Movement,Clear,Daylight,Dry,Minor Arterial,false,-79.46609093560909,43.70934428057557,2,Automobile or Station Wagon,West,3,37,None,Lap and Shoulder Belt,Failed to yield right-of-way,Normal,,,Turning Left,,,,,driver,NA,Eglinton-Lawrence (8),13 Division,Yorkdale-Glen Park,true,false,false,true,false,false,false,false,false,false,"{""coordinates"": [[-79.46609093560909, 43.70934428057557]], ""type"": ""MultiPoint""}"
3703,2008:1056442,2008-08-03T15:40:00,68 NORSEMAN ST,,,2,Non-Fatal Injury,,No Control,Cyclist Collision,Clear,Daylight,Dry,Collector,false,-79.51369115030694,43.635544379556066,1,Bicycle,West,1,21,Major,Equipment Not Used But Available,,,,,Going Ahead,,Cyclist hits parked vehicle,Other,Inattentive,cyclist,NA,Etobicoke-Lakeshore (3),22 Division,Stonegate-Queensway,false,true,true,false,false,false,false,false,false,false,"{""coordinates"": [[-79.51369115030694, 43.635544379556066]], ""type"": ""MultiPoint""}"
3704,2008:1057170,2008-08-04T17:37:00,DANFORTH Road,DANFORTH Aven,,6,Non-Fatal Injury,At Intersection,Traffic Signal,Rear End,Clear,Daylight,Dry,Major Arterial,false,-79.27729061598141,43.69364402635173,1,,,1,39,Minor,Lap and Shoulder Belt,,,,,,,,,,passenger,NA,Scarborough Southwest (20),41 Division,Oakridge,true,false,false,false,false,false,false,false,true,false,"{""coordinates"": [[-79.27729061598141, 43.69364402635173]], ""type"": ""MultiPoint""}"
3705,2008:1057170,2008-08-04T17:37:00,DANFORTH Road,DANFORTH Aven,,6,Non-Fatal Injury,At Intersection,Traffic Signal,Rear End,Clear,Daylight,Dry,Major Arterial,false,-79.27729061598141,43.69364402635173,2,,,5,NA,,Other Safety Equipment Used,,,,,,,,,,owner,NA,Scarborough Southwest (20),41 Division,Oakridge,true,false,false,false,false,false,false,false,true,false,"{""coordinates"": [[-79.27729061598141, 43.69364402635173]], ""type"": ""MultiPoint""}"
3706,2008:1057170,2008-08-04T17:37:00,DANFORTH Road,DANFORTH Aven,,6,Non-Fatal Injury,At Intersection,Traffic Signal,Rear End,Clear,Daylight,Dry,Major Arterial,false,-79.27729061598141,43.69364402635173,2,,,3,15,Minor,Lap and Shoulder Belt,,,,,Other,,,,,passenger,NA,Scarborough Southwest (20),41 Division,Oakridge,true,false,false,false,false,false,false,false,true,false,"{""coordinates"": [[-79.27729061598141, 43.69364402635173]], ""type"": ""MultiPoint""}"
3707,2008:1057170,2008-08-04T17:37:00,DANFORTH Road,DANFORTH Aven,,6,Non-Fatal Injury,At Intersection,Traffic Signal,Rear End,Clear,Daylight,Dry,Major Arterial,false,-79.27729061598141,43.69364402635173,1,Automobile or Station Wagon,South,2,50,Minor,Lap and Shoulder Belt,Driving properly,Normal,,,Stopped,,,,,driver,NA,Scarborough Southwest (20),41 Division,Oakridge,true,false,false,false,false,false,false,false,true,false,"{""coordinates"": [[-79.27729061598141, 43.69364402635173]], ""type"": ""MultiPoint""}"
3708,2008:1057170,2008-08-04T17:37:00,DANFORTH Road,DANFORTH Aven,,6,Non-Fatal Injury,At Intersection,Traffic Signal,Rear End,Clear,Daylight,Dry,Major Arterial,false,-79.27729061598141,43.69364402635173,2,Automobile or Station Wagon,South,6,32,Major,Lap and Shoulder Belt,Following too closely,Medical or Physical Disability,,,Going Ahead,,,,,driver,NA,Scarborough Southwest (20),41 Division,Oakridge,true,false,false,false,false,false,false,false,true,false,"{""coordinates"": [[-79.27729061598141, 43.69364402635173]], ""type"": ""MultiPoint""}"
3709,2008:1057170,2008-08-04T17:37:00,DANFORTH Road,DANFORTH Aven,,6,Non-Fatal Injury,At Intersection,Traffic Signal,Rear End,Clear,Daylight,Dry,Major Arterial,false,-79.27729061598141,43.69364402635173,2,,,4,14,Minor,Lap and Shoulder Belt,,,,,,,,,,passenger,NA,Scarborough Southwest (20),41 Division,Oakridge,true,false,false,false,false,false,false,false,true,false,"{""coordinates"": [[-79.27729061598141, 43.69364402635173]], ""type"": ""MultiPoint""}"
3710,2008:1053740,2008-08-06T22:10:00,ANCONA ST,FINCH AVE W,,2,Non-Fatal Injury,At Intersection,Stop Sign,Cyclist Collision,Clear,Dark,Dry,Major Arterial,true,-79.4387907900787,43.774544225802735,1,Bicycle,West,2,41,Major,No Equipment Available,,,,,Going Ahead,,Driver turns left into path of cyclist,Driving Properly,Normal,cyclist,NA,Willowdale (18),32 Division,Willowdale West,false,true,true,false,false,false,false,false,false,false,"{""coordinates"": [[-79.4387907900787, 43.774544225802735]], ""type"": ""MultiPoint""}"
3711,2008:1053740,2008-08-06T22:10:00,ANCONA ST,FINCH AVE W,,2,Non-Fatal Injury,At Intersection,Stop Sign,Cyclist Collision,Clear,Dark,Dry,Major Arterial,true,-79.4387907900787,43.774544225802735,1,Automobile or Station Wagon,North,1,NA,None,Other Safety Equipment Used,Improper turn,Inattentive,,,Turning Left,,,,,driver,NA,Willowdale (18),32 Division,Willowdale West,false,true,true,false,false,false,false,false,false,false,"{""coordinates"": [[-79.4387907900787, 43.774544225802735]], ""type"": ""MultiPoint""}"
3712,2008:1059312,2008-08-07T01:51:00,DANFORTH Aven,BASTEDO Aven,,4,Non-Fatal Injury,,No Control,Sideswipe,Clear,Dark,Dry,Major Arterial,false,-79.31919070560583,43.68434408489474,1,Motorcycle,West,2,48,Major,Helmet,Lost control,Ability Impaired - Alcohol Over .08,,,Pulling Away from Shoulder or Curb,,,,,motorcyclist,NA,Beaches-East York (19),55 Division,Danforth,false,false,false,true,false,false,false,false,false,false,"{""coordinates"": [[-79.31919070560583, 43.68434408489474]], ""type"": ""MultiPoint""}"
3713,2008:1059312,2008-08-07T01:51:00,DANFORTH Aven,BASTEDO Aven,,4,Non-Fatal Injury,,No Control,Sideswipe,Clear,Dark,Dry,Major Arterial,false,-79.31919070560583,43.68434408489474,2,Automobile or Station Wagon,East,4,39,None,Lap and Shoulder Belt,Driving properly,Normal,,,Going Ahead,,,,,driver,NA,Beaches-East York (19),55 Division,Danforth,false,false,false,true,false,false,false,false,false,false,"{""coordinates"": [[-79.31919070560583, 43.68434408489474]], ""type"": ""MultiPoint""}"
3714,2008:1059312,2008-08-07T01:51:00,DANFORTH Aven,BASTEDO Aven,,4,Non-Fatal Injury,,No Control,Sideswipe,Clear,Dark,Dry,Major Arterial,false,-79.31919070560583,43.68434408489474,2,Automobile or Station Wagon,,3,NA,,Other Safety Equipment Used,,,,,,,,,,owner,NA,Beaches-East York (19),55 Division,Danforth,false,false,false,true,false,false,false,false,false,false,"{""coordinates"": [[-79.31919070560583, 43.68434408489474]], ""type"": ""MultiPoint""}"
3715,2008:1059312,2008-08-07T01:51:00,DANFORTH Aven,BASTEDO Aven,,4,Non-Fatal Injury,,No Control,Sideswipe,Clear,Dark,Dry,Major Arterial,false,-79.31919070560583,43.68434408489474,1,,,1,NA,,Other Safety Equipment Used,,,,,,,,,,owner,NA,Beaches-East York (19),55 Division,Danforth,false,false,false,true,false,false,false,false,false,false,"{""coordinates"": [[-79.31919070560583, 43.68434408489474]], ""type"": ""MultiPoint""}"
3716,2008:1052679,2008-08-07T03:16:00,ST CLARENS Aven,BLOOR Stre W,,6,Non-Fatal Injury,,Stop Sign,SMV Other,Clear,Dark,Dry,Major Arterial,true,-79.44169097733308,43.658544265945736,2,,,2,NA,Minor,Equipment Not Used But Available,,,,,Other,,,,,passenger,NA,Davenport (9),11 Division,Dufferin Grove,false,false,false,false,false,false,false,false,false,false,"{""coordinates"": [[-79.44169097733308, 43.658544265945736]], ""type"": ""MultiPoint""}"
3717,2008:1052679,2008-08-07T03:16:00,ST CLARENS Aven,BLOOR Stre W,,6,Non-Fatal Injury,,Stop Sign,SMV Other,Clear,Dark,Dry,Major Arterial,true,-79.44169097733308,43.658544265945736,3,Automobile or Station Wagon,North,6,NA,None,Other Safety Equipment Used,,,,,Going Ahead,,,,,driver,NA,Davenport (9),11 Division,Dufferin Grove,false,false,false,false,false,false,false,false,false,false,"{""coordinates"": [[-79.44169097733308, 43.658544265945736]], ""type"": ""MultiPoint""}"
3718,2008:1052679,2008-08-07T03:16:00,ST CLARENS Aven,BLOOR Stre W,,6,Non-Fatal Injury,,Stop Sign,SMV Other,Clear,Dark,Dry,Major Arterial,true,-79.44169097733308,43.658544265945736,3,,,4,NA,Major,Equipment Not Used But Available,,,,,Other,,,,,passenger,NA,Davenport (9),11 Division,Dufferin Grove,false,false,false,false,false,false,false,false,false,false,"{""coordinates"": [[-79.44169097733308, 43.658544265945736]], ""type"": ""MultiPoint""}"
3719,2008:1052679,2008-08-07T03:16:00,ST CLARENS Aven,BLOOR Stre W,,6,Non-Fatal Injury,,Stop Sign,SMV Other,Clear,Dark,Dry,Major Arterial,true,-79.44169097733308,43.658544265945736,1,,,1,NA,None,Other Safety Equipment Used,,,,,Parked,,,,,owner,NA,Davenport (9),11 Division,Dufferin Grove,false,false,false,false,false,false,false,false,false,false,"{""coordinates"": [[-79.44169097733308, 43.658544265945736]], ""type"": ""MultiPoint""}"
3720,2008:1052679,2008-08-07T03:16:00,ST CLARENS Aven,BLOOR Stre W,,6,Non-Fatal Injury,,Stop Sign,SMV Other,Clear,Dark,Dry,Major Arterial,true,-79.44169097733308,43.658544265945736,3,,,5,NA,Minor,Equipment Not Used But Available,,,,,Other,,,,,passenger,NA,Davenport (9),11 Division,Dufferin Grove,false,false,false,false,false,false,false,false,false,false,"{""coordinates"": [[-79.44169097733308, 43.658544265945736]], ""type"": ""MultiPoint""}"
3721,2008:1052679,2008-08-07T03:16:00,ST CLARENS Aven,BLOOR Stre W,,6,Non-Fatal Injury,,Stop Sign,SMV Other,Clear,Dark,Dry,Major Arterial,true,-79.44169097733308,43.658544265945736,2,,,3,NA,None,Other Safety Equipment Used,,,,,Unknown,,,,,owner,NA,Davenport (9),11 Division,Dufferin Grove,false,false,false,false,false,false,false,false,false,false,"{""coordinates"": [[-79.44169097733308, 43.658544265945736]], ""type"": ""MultiPoint""}"
3722,2008:1052382,2008-08-09T10:35:00,BALLIOL ST,MOUNT PLEASANT RD,,5,Fatal Injury,At Intersection,Stop Sign,Pedestrian Collision(internal code),Clear,Daylight,Dry,Major Arterial,false,-79.38669080850654,43.699244176144745,1,,,3,NA,,Other Safety Equipment Used,,,,,,,,,,owner,NA,Don Valley West (15),53 Division,Mount Pleasant East,true,true,false,false,false,true,true,false,false,true,"{""coordinates"": [[-79.38669080850654, 43.699244176144745]], ""type"": ""MultiPoint""}"
3723,2008:1052382,2008-08-09T10:35:00,BALLIOL ST,MOUNT PLEASANT RD,,5,Fatal Injury,At Intersection,Stop Sign,Pedestrian Collision(internal code),Clear,Daylight,Dry,Major Arterial,false,-79.38669080850654,43.699244176144745,1,Truck - Open (Flatbed),East,4,64,None,Other Safety Equipment Used,Failed to yield right-of-way,Inattentive,,,Turning Left,,,,,driver,NA,Don Valley West (15),53 Division,Mount Pleasant East,true,true,false,false,false,true,true,false,false,true,"{""coordinates"": [[-79.38669080850654, 43.699244176144745]], ""type"": ""MultiPoint""}"
3724,2008:1052382,2008-08-09T10:35:00,BALLIOL ST,MOUNT PLEASANT RD,,5,Fatal Injury,At Intersection,Stop Sign,Pedestrian Collision(internal code),Clear,Daylight,Dry,Major Arterial,false,-79.38669080850654,43.699244176144745,1,Automobile or Station Wagon,,1,22,None,Other Safety Equipment Used,,,,,,,,,,passenger,NA,Don Valley West (15),53 Division,Mount Pleasant East,true,true,false,false,false,true,true,false,false,true,"{""coordinates"": [[-79.38669080850654, 43.699244176144745]], ""type"": ""MultiPoint""}"
3725,2008:1052382,2008-08-09T10:35:00,BALLIOL ST,MOUNT PLEASANT RD,,5,Fatal Injury,At Intersection,Stop Sign,Pedestrian Collision(internal code),Clear,Daylight,Dry,Major Arterial,false,-79.38669080850654,43.699244176144745,2,,North,5,82,Fatal,Other Safety Equipment Used,,,Crossing with right-of-way (intersection),Normal,,Driver turns left into pedestrian crossing with right-of-way (at intersection),,,,pedestrian,35,Don Valley West (15),53 Division,Mount Pleasant East,true,true,false,false,false,true,true,false,false,true,"{""coordinates"": [[-79.38669080850654, 43.699244176144745]], ""type"": ""MultiPoint""}"
3726,2008:1052382,2008-08-09T10:35:00,BALLIOL ST,MOUNT PLEASANT RD,,5,Fatal Injury,At Intersection,Stop Sign,Pedestrian Collision(internal code),Clear,Daylight,Dry,Major Arterial,false,-79.38669080850654,43.699244176144745,1,,,2,31,None,Other Safety Equipment Used,,,,,,,,,,passenger,NA,Don Valley West (15),53 Division,Mount Pleasant East,true,true,false,false,false,true,true,false,false,true,"{""coordinates"": [[-79.38669080850654, 43.699244176144745]], ""type"": ""MultiPoint""}"
3727,2008:1053153,2008-08-14T16:59:00,AMHERST AVE,GLENHOLME AVE,,5,Non-Fatal Injury,,No Control,Pedestrian Collision(internal code),Clear,Daylight,Dry,Local,true,-79.44099092097278,43.69124425327525,4,Automobile or Station Wagon,South,3,NA,None,Other Safety Equipment Used,Lost control,Unknown,,,Reversing,,,,,driver,NA,Toronto-St. Paul's (12),13 Division,Oakwood Village,false,false,false,false,false,false,true,false,true,false,"{""coordinates"": [[-79.44099092097278, 43.69124425327525]], ""type"": ""MultiPoint""}"
3728,2008:1053153,2008-08-14T16:59:00,AMHERST AVE,GLENHOLME AVE,,5,Non-Fatal Injury,,No Control,Pedestrian Collision(internal code),Clear,Daylight,Dry,Local,true,-79.44099092097278,43.69124425327525,3,,,2,NA,,Other Safety Equipment Used,,,,,,,,,,owner,NA,Toronto-St. Paul's (12),13 Division,Oakwood Village,false,false,false,false,false,false,true,false,true,false,"{""coordinates"": [[-79.44099092097278, 43.69124425327525]], ""type"": ""MultiPoint""}"
3729,2008:1053153,2008-08-14T16:59:00,AMHERST AVE,GLENHOLME AVE,,5,Non-Fatal Injury,,No Control,Pedestrian Collision(internal code),Clear,Daylight,Dry,Local,true,-79.44099092097278,43.69124425327525,2,,East,1,NA,,Other Safety Equipment Used,,,,,Parked,,,,,other,NA,Toronto-St. Paul's (12),13 Division,Oakwood Village,false,false,false,false,false,false,true,false,true,false,"{""coordinates"": [[-79.44099092097278, 43.69124425327525]], ""type"": ""MultiPoint""}"
3730,2008:1053153,2008-08-14T16:59:00,AMHERST AVE,GLENHOLME AVE,,5,Non-Fatal Injury,,No Control,Pedestrian Collision(internal code),Clear,Daylight,Dry,Local,true,-79.44099092097278,43.69124425327525,1,Automobile or Station Wagon,East,4,NA,,Other Safety Equipment Used,,,,,Parked,,,,,other,NA,Toronto-St. Paul's (12),13 Division,Oakwood Village,false,false,false,false,false,false,true,false,true,false,"{""coordinates"": [[-79.44099092097278, 43.69124425327525]], ""type"": ""MultiPoint""}"
3731,2008:1053153,2008-08-14T16:59:00,AMHERST AVE,GLENHOLME AVE,,5,Non-Fatal Injury,,No Control,Pedestrian Collision(internal code),Clear,Daylight,Dry,Local,true,-79.44099092097278,43.69124425327525,5,,East,5,8,Major,Other Safety Equipment Used,,,On sidewalk or shoulder,Normal,,Driver reversing hits pedestrian,,,,pedestrian,NA,Toronto-St. Paul's (12),13 Division,Oakwood Village,false,false,false,false,false,false,true,false,true,false,"{""coordinates"": [[-79.44099092097278, 43.69124425327525]], ""type"": ""MultiPoint""}"
3732,2008:1053906,2008-08-14T20:45:00,ST CLAIR Aven W,FORD Stre,,2,Non-Fatal Injury,At Intersection,No Control,Sideswipe,Clear,Dark,Dry,Major Arterial,true,-79.4624909912639,43.67364429023469,1,Motorcycle,East,1,25,Major,Helmet,Driving properly,Normal,,,Going Ahead,,,,,motorcyclist,NA,Davenport (9),11 Division,Weston-Pelham Park,false,false,false,true,false,false,false,false,false,false,"{""coordinates"": [[-79.4624909912639, 43.673644290234684]], ""type"": ""MultiPoint""}"
3733,2008:1053906,2008-08-14T20:45:00,ST CLAIR Aven W,FORD Stre,,2,Non-Fatal Injury,At Intersection,No Control,Sideswipe,Clear,Dark,Dry,Major Arterial,true,-79.4624909912639,43.67364429023469,2,Automobile or Station Wagon,East,2,NA,None,Other Safety Equipment Used,Improper lane change,Unknown,,,Changing Lanes,,,,,driver,NA,Davenport (9),11 Division,Weston-Pelham Park,false,false,false,true,false,false,false,false,false,false,"{""coordinates"": [[-79.4624909912639, 43.673644290234684]], ""type"": ""MultiPoint""}"
3734,2008:1062414,2008-08-15T06:30:00,LAWRENCE AVE W,CALEDONIA RD,,2,Non-Fatal Injury,,No Control,Sideswipe,Clear,Daylight,Dry,Major Arterial,false,-79.46719093407937,43.711344281220384,2,Automobile or Station Wagon,East,2,86,Major,Use Unknown,Lost control,Medical or Physical Disability,,,Going Ahead,,,,,driver,NA,Eglinton-Lawrence (8),13 Division,Yorkdale-Glen Park,false,false,false,false,false,true,false,false,false,false,"{""coordinates"": [[-79.46719093407937, 43.711344281220384]], ""type"": ""MultiPoint""}"
3735,2008:1062414,2008-08-15T06:30:00,LAWRENCE AVE W,CALEDONIA RD,,2,Non-Fatal Injury,,No Control,Sideswipe,Clear,Daylight,Dry,Major Arterial,false,-79.46719093407937,43.711344281220384,1,Automobile or Station Wagon,East,1,41,None,Other Safety Equipment Used,Driving properly,Normal,,,Going Ahead,,,,,driver,NA,Eglinton-Lawrence (8),13 Division,Yorkdale-Glen Park,false,false,false,false,false,true,false,false,false,false,"{""coordinates"": [[-79.46719093407937, 43.711344281220384]], ""type"": ""MultiPoint""}"
3736,2008:1053515,2008-08-15T07:00:00,EGLINTON AVE W,AVENUE RD,,3,Non-Fatal Injury,,No Control,Rear End,Clear,Daylight,Dry,Major Arterial,false,-79.40829083928311,43.7046442041802,3,,,3,NA,,Other Safety Equipment Used,,,,,,,,,,owner,NA,Toronto-St. Paul's (12),53 Division,Yonge-Eglinton,true,false,false,false,false,true,false,false,false,false,"{""coordinates"": [[-79.40829083928311, 43.7046442041802]], ""type"": ""MultiPoint""}"
3737,2008:1053515,2008-08-15T07:00:00,EGLINTON AVE W,AVENUE RD,,3,Non-Fatal Injury,,No Control,Rear End,Clear,Daylight,Dry,Major Arterial,false,-79.40829083928311,43.7046442041802,1,Automobile or Station Wagon,East,1,33,None,Use Unknown,Driving properly,Normal,,,Turning Right,,,,,driver,NA,Toronto-St. Paul's (12),53 Division,Yonge-Eglinton,true,false,false,false,false,true,false,false,false,false,"{""coordinates"": [[-79.40829083928311, 43.7046442041802]], ""type"": ""MultiPoint""}"
3738,2008:1053515,2008-08-15T07:00:00,EGLINTON AVE W,AVENUE RD,,3,Non-Fatal Injury,,No Control,Rear End,Clear,Daylight,Dry,Major Arterial,false,-79.40829083928311,43.7046442041802,2,Automobile or Station Wagon,East,2,86,Major,Other Safety Equipment Used,Following too closely,Medical or Physical Disability,,,Going Ahead,,,,,driver,NA,Toronto-St. Paul's (12),53 Division,Yonge-Eglinton,true,false,false,false,false,true,false,false,false,false,"{""coordinates"": [[-79.40829083928311, 43.7046442041802]], ""type"": ""MultiPoint""}"
3739,2008:1053428,2008-08-15T18:31:00,HORSHAM AVE,YONGE ST,,6,Non-Fatal Injury,,No Control,Pedestrian Collision(internal code),Clear,Daylight,Wet,Major Arterial,false,-79.41439074937365,43.775144196232496,1,,,2,3,None,Other Safety Equipment Used,,,,,,,,,,passenger,NA,Willowdale (18),32 Division,Willowdale West,false,true,false,false,false,false,true,false,true,false,"{""coordinates"": [[-79.41439074937365, 43.775144196232496]], ""type"": ""MultiPoint""}"
3740,2008:1053428,2008-08-15T18:31:00,HORSHAM AVE,YONGE ST,,6,Non-Fatal Injury,,No Control,Pedestrian Collision(internal code),Clear,Daylight,Wet,Major Arterial,false,-79.41439074937365,43.775144196232496,1,,,1,NA,,Other Safety Equipment Used,,,,,,,,,,owner,NA,Willowdale (18),32 Division,Willowdale West,false,true,false,false,false,false,true,false,true,false,"{""coordinates"": [[-79.41439074937365, 43.775144196232496]], ""type"": ""MultiPoint""}"
3741,2008:1053428,2008-08-15T18:31:00,HORSHAM AVE,YONGE ST,,6,Non-Fatal Injury,,No Control,Pedestrian Collision(internal code),Clear,Daylight,Wet,Major Arterial,false,-79.41439074937365,43.775144196232496,2,,North,6,8,Major,Other Safety Equipment Used,,,Running onto roadway,Inattentive,,Driver going straight hits pedestrian crossing without right-of-way (at intersection),,,,pedestrian,NA,Willowdale (18),32 Division,Willowdale West,false,true,false,false,false,false,true,false,true,false,"{""coordinates"": [[-79.41439074937365, 43.775144196232496]], ""type"": ""MultiPoint""}"
3742,2008:1053428,2008-08-15T18:31:00,HORSHAM AVE,YONGE ST,,6,Non-Fatal Injury,,No Control,Pedestrian Collision(internal code),Clear,Daylight,Wet,Major Arterial,false,-79.41439074937365,43.775144196232496,1,,,3,1,None,Other Safety Equipment Used,,,,,,,,,,passenger,NA,Willowdale (18),32 Division,Willowdale West,false,true,false,false,false,false,true,false,true,false,"{""coordinates"": [[-79.41439074937365, 43.775144196232496]], ""type"": ""MultiPoint""}"
3743,2008:1053428,2008-08-15T18:31:00,HORSHAM AVE,YONGE ST,,6,Non-Fatal Injury,,No Control,Pedestrian Collision(internal code),Clear,Daylight,Wet,Major Arterial,false,-79.41439074937365,43.775144196232496,1,,,4,32,None,Other Safety Equipment Used,,,,,,,,,,passenger,NA,Willowdale (18),32 Division,Willowdale West,false,true,false,false,false,false,true,false,true,false,"{""coordinates"": [[-79.41439074937365, 43.775144196232496]], ""type"": ""MultiPoint""}"
3744,2008:1053428,2008-08-15T18:31:00,HORSHAM AVE,YONGE ST,,6,Non-Fatal Injury,,No Control,Pedestrian Collision(internal code),Clear,Daylight,Wet,Major Arterial,false,-79.41439074937365,43.775144196232496,1,Automobile or Station Wagon,East,5,33,None,Other Safety Equipment Used,Driving properly,Normal,,,Going Ahead,,,,,driver,NA,Willowdale (18),32 Division,Willowdale West,false,true,false,false,false,false,true,false,true,false,"{""coordinates"": [[-79.41439074937365, 43.775144196232496]], ""type"": ""MultiPoint""}"
3745,2008:1057611,2008-08-15T19:58:00,DUPONT Stre,CHRISTIE Stre,,8,Non-Fatal Injury,,No Control,Sideswipe,Rain,Daylight,Wet,Major Arterial,false,-79.42089091563683,43.67174423143935,7,Automobile or Station Wagon,West,8,30,Minimal,Lap and Shoulder Belt,Driving properly,Normal,,,Stopped,,,,,driver,NA,University-Rosedale (11),14 Division,Annex,false,false,false,false,false,false,false,false,true,false,"{""coordinates"": [[-79.42089091563683, 43.67174423143935]], ""type"": ""MultiPoint""}"
3746,2008:1057611,2008-08-15T19:58:00,DUPONT Stre,CHRISTIE Stre,,8,Non-Fatal Injury,,No Control,Sideswipe,Rain,Daylight,Wet,Major Arterial,false,-79.42089091563683,43.67174423143935,4,,,4,NA,,Other Safety Equipment Used,,,,,,,,,,owner,NA,University-Rosedale (11),14 Division,Annex,false,false,false,false,false,false,false,false,true,false,"{""coordinates"": [[-79.42089091563683, 43.67174423143935]], ""type"": ""MultiPoint""}"
3747,2008:1057611,2008-08-15T19:58:00,DUPONT Stre,CHRISTIE Stre,,8,Non-Fatal Injury,,No Control,Sideswipe,Rain,Daylight,Wet,Major Arterial,false,-79.42089091563683,43.67174423143935,3,Automobile or Station Wagon,West,3,42,None,Lap and Shoulder Belt,Driving properly,Normal,,,Going Ahead,,,,,driver,NA,University-Rosedale (11),14 Division,Annex,false,false,false,false,false,false,false,false,true,false,"{""coordinates"": [[-79.42089091563683, 43.67174423143935]], ""type"": ""MultiPoint""}"
3748,2008:1057611,2008-08-15T19:58:00,DUPONT Stre,CHRISTIE Stre,,8,Non-Fatal Injury,,No Control,Sideswipe,Rain,Daylight,Wet,Major Arterial,false,-79.42089091563683,43.67174423143935,2,Automobile or Station Wagon,West,2,60,None,Lap and Shoulder Belt,Driving properly,Normal,,,Stopped,,,,,driver,NA,University-Rosedale (11),14 Division,Annex,false,false,false,false,false,false,false,false,true,false,"{""coordinates"": [[-79.42089091563683, 43.67174423143935]], ""type"": ""MultiPoint""}"