X_id,collision_id,accdate,stname1,stname2,stname3,per_inv,acclass,accloc,traffictl,impactype,visible,light,rdsfcond,road_class,failtorem,longitude,latitude,veh_no,vehtype,initdir,per_no,invage,injury,safequip,drivact,drivcond,pedact,pedcond,manoeuvre,pedtype,cyclistype,cycact,cyccond,road_user,fatal_no,wardname,division,neighbourhood,aggressive,distracted,cyclist,motorcyclist,other_micromobility,older_adult,pedestrian,red_light,school_child,heavy_truck,geometry
3905,2008:1063404,2008-09-28T01:28:00,YONGE ST,RANLEIGH AVE,,2,Non-Fatal Injury,At Intersection,Traffic Signal,Pedestrian Collision(internal code),"Airborne Matter (Fog, Mist, Smoke, Dust)",Dark,Wet,Major Arterial,true,-79.40289079286963,43.72784419065244,1,Automobile or Station Wagon,South,1,NA,None,Other Safety Equipment Used,Driving properly,Unknown,,,Going Ahead,,,,,driver,NA,Don Valley West (15),32 Division,Lawrence Park North,false,false,false,false,false,false,true,false,false,false,"{""coordinates"": [[-79.40289079286963, 43.72784419065244]], ""type"": ""MultiPoint""}"
3906,2008:1063404,2008-09-28T01:28:00,YONGE ST,RANLEIGH AVE,,2,Non-Fatal Injury,At Intersection,Traffic Signal,Pedestrian Collision(internal code),"Airborne Matter (Fog, Mist, Smoke, Dust)",Dark,Wet,Major Arterial,true,-79.40289079286963,43.72784419065244,1,,East,2,53,Major,Other Safety Equipment Used,,,Crossing with right-of-way (intersection),Unknown,,Driver going straight hits pedestrian crossing with right-of-way (at intersection),,,,pedestrian,NA,Don Valley West (15),32 Division,Lawrence Park North,false,false,false,false,false,false,true,false,false,false,"{""coordinates"": [[-79.40289079286963, 43.72784419065244]], ""type"": ""MultiPoint""}"
3907,2008:1061341,2008-09-28T05:45:00,WILSON AVE,HIGHWAY 400 S,,1,Fatal Injury,At Intersection,No Control,SMV Other,Clear,Dark,Wet,Major Arterial,false,-79.52109100705603,43.718144345933666,1,Automobile or Station Wagon,East,1,56,Fatal,Other Safety Equipment Used,Exceeding speed limit,Had Been Drinking,,,Going Ahead,,,,,driver,42,Humber River-Black Creek (7),31 Division,Oakdale-Beverley Heights,true,false,false,false,false,false,false,false,false,false,"{""coordinates"": [[-79.52109100705603, 43.718144345933666]], ""type"": ""MultiPoint""}"
3908,2008:1064784,2008-09-28T15:17:00,EASTERN AVE,CARLAW AVE,,2,Non-Fatal Injury,At Intersection,Traffic Signal,SMV Other,Clear,Daylight,Dry,Major Arterial,false,-79.33899077909699,43.658344115762375,1,Motorcycle,East,2,36,Major,Helmet,Lost control,Normal,,,Slowing or Stopping,,,,,motorcyclist,NA,Toronto-Danforth (14),55 Division,South Riverdale,false,false,false,true,false,false,false,false,false,false,"{""coordinates"": [[-79.33899077909699, 43.658344115762375]], ""type"": ""MultiPoint""}"
3909,2008:1064784,2008-09-28T15:17:00,EASTERN AVE,CARLAW AVE,,2,Non-Fatal Injury,At Intersection,Traffic Signal,SMV Other,Clear,Daylight,Dry,Major Arterial,false,-79.33899077909699,43.658344115762375,1,,,1,31,Minor,Helmet,,,,,,,,,,motorcyclist,NA,Toronto-Danforth (14),55 Division,South Riverdale,false,false,false,true,false,false,false,false,false,false,"{""coordinates"": [[-79.33899077909699, 43.658344115762375]], ""type"": ""MultiPoint""}"
3910,2008:1061541,2008-09-29T04:12:00,DON VALLEY PARKWAY S,BEECHWOOD DR,,6,Non-Fatal Injury,,No Control,Approaching Head On,Clear,Dark,Dry,,false,-79.3529907505275,43.6968441304078,1,,,1,51,Major,Lap and Shoulder Belt,,,,,,,,,,passenger,NA,Toronto-Danforth (14),55 Division,Broadview North,false,false,false,false,false,false,false,false,false,false,"{""coordinates"": [[-79.3529907505275, 43.6968441304078]], ""type"": ""MultiPoint""}"
3911,2008:1061541,2008-09-29T04:12:00,DON VALLEY PARKWAY S,BEECHWOOD DR,,6,Non-Fatal Injury,,No Control,Approaching Head On,Clear,Dark,Dry,,false,-79.3529907505275,43.6968441304078,3,Automobile or Station Wagon,South,6,29,Minimal,Lap and Shoulder Belt,Driving properly,Normal,,,Going Ahead,,,,,driver,NA,Toronto-Danforth (14),55 Division,Broadview North,false,false,false,false,false,false,false,false,false,false,"{""coordinates"": [[-79.3529907505275, 43.6968441304078]], ""type"": ""MultiPoint""}"
3912,2008:1061541,2008-09-29T04:12:00,DON VALLEY PARKWAY S,BEECHWOOD DR,,6,Non-Fatal Injury,,No Control,Approaching Head On,Clear,Dark,Dry,,false,-79.3529907505275,43.6968441304078,2,,,3,NA,,Other Safety Equipment Used,,,,,,,,,,owner,NA,Toronto-Danforth (14),55 Division,Broadview North,false,false,false,false,false,false,false,false,false,false,"{""coordinates"": [[-79.3529907505275, 43.6968441304078]], ""type"": ""MultiPoint""}"
3913,2008:1061541,2008-09-29T04:12:00,DON VALLEY PARKWAY S,BEECHWOOD DR,,6,Non-Fatal Injury,,No Control,Approaching Head On,Clear,Dark,Dry,,false,-79.3529907505275,43.6968441304078,1,Automobile or Station Wagon,South,2,54,Minor,Lap and Shoulder Belt,Driving properly,Normal,,,Going Ahead,,,,,driver,NA,Toronto-Danforth (14),55 Division,Broadview North,false,false,false,false,false,false,false,false,false,false,"{""coordinates"": [[-79.3529907505275, 43.6968441304078]], ""type"": ""MultiPoint""}"
3914,2008:1061541,2008-09-29T04:12:00,DON VALLEY PARKWAY S,BEECHWOOD DR,,6,Non-Fatal Injury,,No Control,Approaching Head On,Clear,Dark,Dry,,false,-79.3529907505275,43.6968441304078,2,Automobile or Station Wagon,North,4,23,Minor,Lap and Shoulder Belt,Wrong way on one-way road,Ability Impaired - Alcohol Over .08,,,Going Ahead,,,,,driver,NA,Toronto-Danforth (14),55 Division,Broadview North,false,false,false,false,false,false,false,false,false,false,"{""coordinates"": [[-79.3529907505275, 43.6968441304078]], ""type"": ""MultiPoint""}"
3915,2008:1061921,2008-09-30T07:07:00,SHEPPARD AVE W,HAMMELL ST,,3,Non-Fatal Injury,,No Control,Pedestrian Collision(internal code),Rain,Daylight,Wet,Major Arterial,false,-79.44049081533485,43.755144230913366,1,,North,2,44,Major,Other Safety Equipment Used,,,Running onto roadway,Inattentive,,Driver going straight hits pedestrian crossing without right-of-way (at intersection),,,,pedestrian,NA,York Centre (6),32 Division,Bathurst Manor,false,true,false,false,false,false,true,false,false,false,"{""coordinates"": [[-79.44049081533485, 43.755144230913366]], ""type"": ""MultiPoint""}"
3916,2008:1061921,2008-09-30T07:07:00,SHEPPARD AVE W,HAMMELL ST,,3,Non-Fatal Injury,,No Control,Pedestrian Collision(internal code),Rain,Daylight,Wet,Major Arterial,false,-79.44049081533485,43.755144230913366,1,Automobile or Station Wagon,East,3,59,None,Lap and Shoulder Belt,Driving properly,Normal,,,Going Ahead,,,,,driver,NA,York Centre (6),32 Division,Bathurst Manor,false,true,false,false,false,false,true,false,false,false,"{""coordinates"": [[-79.44049081533485, 43.755144230913366]], ""type"": ""MultiPoint""}"
3917,2008:1061921,2008-09-30T07:07:00,SHEPPARD AVE W,HAMMELL ST,,3,Non-Fatal Injury,,No Control,Pedestrian Collision(internal code),Rain,Daylight,Wet,Major Arterial,false,-79.44049081533485,43.755144230913366,1,,,1,NA,,Other Safety Equipment Used,,,,,,,,,,owner,NA,York Centre (6),32 Division,Bathurst Manor,false,true,false,false,false,false,true,false,false,false,"{""coordinates"": [[-79.44049081533485, 43.755144230913366]], ""type"": ""MultiPoint""}"
3918,2008:1064720,2008-09-30T11:50:00,BLOOR ST W,OLD MILL DR,,3,Non-Fatal Injury,,No Control,Rear End,Rain,Daylight,Wet,Major Arterial,false,-79.48659108325705,43.64794433651459,1,Automobile or Station Wagon,West,1,62,Major,Lap and Shoulder Belt,Driving properly,Normal,,,Stopped,,,,,driver,NA,Parkdale-High Park (4),11 Division,High Park-Swansea,true,false,false,false,false,false,false,false,true,false,"{""coordinates"": [[-79.48659108325705, 43.64794433651459]], ""type"": ""MultiPoint""}"
3919,2008:1064720,2008-09-30T11:50:00,BLOOR ST W,OLD MILL DR,,3,Non-Fatal Injury,,No Control,Rear End,Rain,Daylight,Wet,Major Arterial,false,-79.48659108325705,43.64794433651459,2,Automobile or Station Wagon,West,3,19,Major,Lap and Shoulder Belt,Following too closely,Normal,,,Going Ahead,,,,,driver,NA,Parkdale-High Park (4),11 Division,High Park-Swansea,true,false,false,false,false,false,false,false,true,false,"{""coordinates"": [[-79.48659108325705, 43.64794433651459]], ""type"": ""MultiPoint""}"
3920,2008:1064720,2008-09-30T11:50:00,BLOOR ST W,OLD MILL DR,,3,Non-Fatal Injury,,No Control,Rear End,Rain,Daylight,Wet,Major Arterial,false,-79.48659108325705,43.64794433651459,2,,,2,NA,,Other Safety Equipment Used,,,,,,,,,,owner,NA,Parkdale-High Park (4),11 Division,High Park-Swansea,true,false,false,false,false,false,false,false,true,false,"{""coordinates"": [[-79.48659108325705, 43.64794433651459]], ""type"": ""MultiPoint""}"
3921,2008:1062415,2008-10-02T10:25:00,YONGE ST,BISHOP AVE,,3,Fatal Injury,,No Control,Pedestrian Collision(internal code),Clear,Daylight,Dry,Major Arterial,false,-79.4163907436365,43.783244197698416,2,,West,3,86,Fatal,Lap and Shoulder Belt,,,Crossing - no traffic control,Inattentive,,Driver hits pedestrian at midblock,,,,pedestrian,43,Willowdale (18),32 Division,Newtonbrook East,false,true,false,false,false,true,true,false,false,false,"{""coordinates"": [[-79.4163907436365, 43.783244197698416]], ""type"": ""MultiPoint""}"
3922,2008:1062415,2008-10-02T10:25:00,YONGE ST,BISHOP AVE,,3,Fatal Injury,,No Control,Pedestrian Collision(internal code),Clear,Daylight,Dry,Major Arterial,false,-79.4163907436365,43.783244197698416,1,,,1,NA,,Other Safety Equipment Used,,,,,,,,,,owner,NA,Willowdale (18),32 Division,Newtonbrook East,false,true,false,false,false,true,true,false,false,false,"{""coordinates"": [[-79.4163907436365, 43.783244197698416]], ""type"": ""MultiPoint""}"
3923,2008:1062415,2008-10-02T10:25:00,YONGE ST,BISHOP AVE,,3,Fatal Injury,,No Control,Pedestrian Collision(internal code),Clear,Daylight,Dry,Major Arterial,false,-79.4163907436365,43.783244197698416,1,Automobile or Station Wagon,North,2,49,None,Other Safety Equipment Used,Driving properly,Normal,,,Going Ahead,,,,,driver,NA,Willowdale (18),32 Division,Newtonbrook East,false,true,false,false,false,true,true,false,false,false,"{""coordinates"": [[-79.4163907436365, 43.783244197698416]], ""type"": ""MultiPoint""}"
3924,2008:1062444,2008-10-02T20:38:00,FINCH Ave W,DUFFERIN St,,4,Non-Fatal Injury,,No Control,Pedestrian Collision(internal code),Rain,Dark,Wet,Major Arterial,false,-79.46989084887454,43.76814426472697,1,,,3,NA,,Other Safety Equipment Used,,,,,,,,,,owner,NA,York Centre (6),32 Division,York University Heights,false,false,false,false,false,true,true,false,true,false,"{""coordinates"": [[-79.46989084887454, 43.76814426472697]], ""type"": ""MultiPoint""}"
3925,2008:1062444,2008-10-02T20:38:00,FINCH Ave W,DUFFERIN St,,4,Non-Fatal Injury,,No Control,Pedestrian Collision(internal code),Rain,Dark,Wet,Major Arterial,false,-79.46989084887454,43.76814426472697,1,,North,1,69,Major,Other Safety Equipment Used,,,Crossing - no traffic control,Normal,,Driver hits pedestrian at midblock,,,,pedestrian,NA,York Centre (6),32 Division,York University Heights,false,false,false,false,false,true,true,false,true,false,"{""coordinates"": [[-79.46989084887454, 43.76814426472697]], ""type"": ""MultiPoint""}"
3926,2008:1062444,2008-10-02T20:38:00,FINCH Ave W,DUFFERIN St,,4,Non-Fatal Injury,,No Control,Pedestrian Collision(internal code),Rain,Dark,Wet,Major Arterial,false,-79.46989084887454,43.76814426472697,1,Automobile or Station Wagon,West,4,18,None,Other Safety Equipment Used,Driving properly,Normal,,,Going Ahead,,,,,driver,NA,York Centre (6),32 Division,York University Heights,false,false,false,false,false,true,true,false,true,false,"{""coordinates"": [[-79.46989084887454, 43.76814426472697]], ""type"": ""MultiPoint""}"
3927,2008:1062444,2008-10-02T20:38:00,FINCH Ave W,DUFFERIN St,,4,Non-Fatal Injury,,No Control,Pedestrian Collision(internal code),Rain,Dark,Wet,Major Arterial,false,-79.46989084887454,43.76814426472697,1,,,2,18,None,Other Safety Equipment Used,,,,,,,,,,passenger,NA,York Centre (6),32 Division,York University Heights,false,false,false,false,false,true,true,false,true,false,"{""coordinates"": [[-79.46989084887454, 43.76814426472697]], ""type"": ""MultiPoint""}"
3928,2008:1065860,2008-10-03T06:41:00,BLOOR ST W,WINDERMERE AVE,,2,Non-Fatal Injury,At Intersection,Traffic Signal,Pedestrian Collision(internal code),Clear,Dawn,Dry,Major Arterial,false,-79.480491067178,43.650244326412185,2,,,2,58,Major,No Equipment Available,,,Crossing without right-of-way (intersection),Normal,,Driver turns right into pedestrian crossing without right-of-way (at intersection),,,,pedestrian,NA,Parkdale-High Park (4),11 Division,Runnymede-Bloor West Village,false,false,false,false,false,false,true,false,false,false,"{""coordinates"": [[-79.480491067178, 43.650244326412185]], ""type"": ""MultiPoint""}"
3929,2008:1065860,2008-10-03T06:41:00,BLOOR ST W,WINDERMERE AVE,,2,Non-Fatal Injury,At Intersection,Traffic Signal,Pedestrian Collision(internal code),Clear,Dawn,Dry,Major Arterial,false,-79.480491067178,43.650244326412185,1,Automobile or Station Wagon,North,1,43,None,Other Safety Equipment Used,Driving properly,Normal,,,Turning Right,,,,,driver,NA,Parkdale-High Park (4),11 Division,Runnymede-Bloor West Village,false,false,false,false,false,false,true,false,false,false,"{""coordinates"": [[-79.480491067178, 43.650244326412185]], ""type"": ""MultiPoint""}"
3930,2008:1062626,2008-10-03T23:27:00,F G GARDINER XY E,ELLIS AVE,,6,Fatal Injury,,No Control,Rear End,Clear,Dark,Dry,,false,-79.466893064943,43.63634331204969,3,,,6,30,None,Lap and Shoulder Belt,,,,,,,,,,passenger,NA,Parkdale-High Park (4),11 Division,South Parkdale,true,false,false,true,false,false,false,false,false,true,"{""coordinates"": [[-79.466893064943, 43.63634331204969]], ""type"": ""MultiPoint""}"
3931,2008:1062626,2008-10-03T23:27:00,F G GARDINER XY E,ELLIS AVE,,6,Fatal Injury,,No Control,Rear End,Clear,Dark,Dry,,false,-79.466893064943,43.63634331204969,1,Motorcycle,East,1,39,Fatal,Helmet,Exceeding speed limit,Had Been Drinking,,,Merging,,,,,motorcyclist,44,Parkdale-High Park (4),11 Division,South Parkdale,true,false,false,true,false,false,false,false,false,true,"{""coordinates"": [[-79.466893064943, 43.63634331204969]], ""type"": ""MultiPoint""}"
3932,2008:1062626,2008-10-03T23:27:00,F G GARDINER XY E,ELLIS AVE,,6,Fatal Injury,,No Control,Rear End,Clear,Dark,Dry,,false,-79.466893064943,43.63634331204969,3,Automobile or Station Wagon,East,5,31,None,Lap and Shoulder Belt,Driving properly,Normal,,,Going Ahead,,,,,driver,NA,Parkdale-High Park (4),11 Division,South Parkdale,true,false,false,true,false,false,false,false,false,true,"{""coordinates"": [[-79.466893064943, 43.63634331204969]], ""type"": ""MultiPoint""}"
3933,2008:1062626,2008-10-03T23:27:00,F G GARDINER XY E,ELLIS AVE,,6,Fatal Injury,,No Control,Rear End,Clear,Dark,Dry,,false,-79.466893064943,43.63634331204969,3,,,3,NA,,Other Safety Equipment Used,,,,,,,,,,other,NA,Parkdale-High Park (4),11 Division,South Parkdale,true,false,false,true,false,false,false,false,false,true,"{""coordinates"": [[-79.466893064943, 43.63634331204969]], ""type"": ""MultiPoint""}"
3934,2008:1062626,2008-10-03T23:27:00,F G GARDINER XY E,ELLIS AVE,,6,Fatal Injury,,No Control,Rear End,Clear,Dark,Dry,,false,-79.466893064943,43.63634331204969,3,,,4,32,None,Lap and Shoulder Belt,,,,,,,,,,passenger,NA,Parkdale-High Park (4),11 Division,South Parkdale,true,false,false,true,false,false,false,false,false,true,"{""coordinates"": [[-79.466893064943, 43.63634331204969]], ""type"": ""MultiPoint""}"
3935,2008:1062738,2008-10-05T03:38:00,SPADINA AVE,OXFORD ST,,4,Non-Fatal Injury,,No Control,Pedestrian Collision(internal code),Clear,Dark,Dry,Major Arterial,false,-79.39959089878161,43.656744204838915,1,Automobile or Station Wagon,South,2,45,None,Other Safety Equipment Used,Driving properly,Normal,,,Going Ahead,,,,,driver,NA,University-Rosedale (11),14 Division,Kensington-Chinatown,false,false,false,false,false,false,true,false,false,false,"{""coordinates"": [[-79.39959089878161, 43.656744204838915]], ""type"": ""MultiPoint""}"
3936,2008:1062738,2008-10-05T03:38:00,SPADINA AVE,OXFORD ST,,4,Non-Fatal Injury,,No Control,Pedestrian Collision(internal code),Clear,Dark,Dry,Major Arterial,false,-79.39959089878161,43.656744204838915,2,,West,4,24,Major,Other Safety Equipment Used,,,Crossing - no traffic control,Had Been Drinking,,Transit vehicle driver hits pedestrian anywhere along roadway,,,,pedestrian,NA,University-Rosedale (11),14 Division,Kensington-Chinatown,false,false,false,false,false,false,true,false,false,false,"{""coordinates"": [[-79.39959089878161, 43.656744204838915]], ""type"": ""MultiPoint""}"
3937,2008:1062738,2008-10-05T03:38:00,SPADINA AVE,OXFORD ST,,4,Non-Fatal Injury,,No Control,Pedestrian Collision(internal code),Clear,Dark,Dry,Major Arterial,false,-79.39959089878161,43.656744204838915,2,,West,3,24,Minor,Other Safety Equipment Used,,,Crossing - no traffic control,Had Been Drinking,,Transit vehicle driver hits pedestrian anywhere along roadway,,,,pedestrian,NA,University-Rosedale (11),14 Division,Kensington-Chinatown,false,false,false,false,false,false,true,false,false,false,"{""coordinates"": [[-79.39959089878161, 43.656744204838915]], ""type"": ""MultiPoint""}"
3938,2008:1062738,2008-10-05T03:38:00,SPADINA AVE,OXFORD ST,,4,Non-Fatal Injury,,No Control,Pedestrian Collision(internal code),Clear,Dark,Dry,Major Arterial,false,-79.39959089878161,43.656744204838915,1,,,1,NA,,Other Safety Equipment Used,,,,,,,,,,owner,NA,University-Rosedale (11),14 Division,Kensington-Chinatown,false,false,false,false,false,false,true,false,false,false,"{""coordinates"": [[-79.39959089878161, 43.656744204838915]], ""type"": ""MultiPoint""}"
3939,2008:1062955,2008-10-06T14:28:00,MARTIN GROVE RD,ALBION RD,,1,Non-Fatal Injury,Non-Intersection,No Control,SMV Other,Clear,Daylight,Dry,Minor Arterial,false,-79.59441805430271,43.74236841510755,1,Passenger Van,South,1,79,Major,Other Safety Equipment Used,Other,Other Condition,,,Going Ahead,,,,,driver,NA,Etobicoke North (1),23 Division,Mount Olive-Silverstone-Jamestown,false,false,false,false,false,true,false,false,false,false,"{""coordinates"": [[-79.59441805430271, 43.742368415107556]], ""type"": ""MultiPoint""}"
3940,2008:1070741,2008-10-07T07:00:00,71 MAYBROOK Dr,,,2,Non-Fatal Injury,,No Control,Turning Movement,Clear,Daylight,Dry,Collector,false,-79.26099045687921,43.82484401795292,1,Automobile or Station Wagon,North,1,30,None,Lap and Shoulder Belt,Improper turn,Inattentive,,,Turning Left,,,,,driver,NA,Scarborough North (23),42 Division,Milliken,false,true,false,true,false,false,false,false,false,false,"{""coordinates"": [[-79.26099045687921, 43.82484401795292]], ""type"": ""MultiPoint""}"
3941,2008:1070741,2008-10-07T07:00:00,71 MAYBROOK Dr,,,2,Non-Fatal Injury,,No Control,Turning Movement,Clear,Daylight,Dry,Collector,false,-79.26099045687921,43.82484401795292,2,Motorcycle,South,2,26,Major,Helmet,Driving properly,Normal,,,Going Ahead,,,,,motorcyclist,NA,Scarborough North (23),42 Division,Milliken,false,true,false,true,false,false,false,false,false,false,"{""coordinates"": [[-79.26099045687921, 43.82484401795292]], ""type"": ""MultiPoint""}"
3942,2008:1063149,2008-10-07T22:30:00,MARKHAM RD,TUXEDO CRT,,2,Non-Fatal Injury,,No Control,Turning Movement,Clear,Dark,Dry,Major Arterial,false,-79.2335924529293,43.78094298239151,1,Motorcycle,South,1,38,Major,No Equipment Available,Driving properly,Normal,,,Going Ahead,,,,,motorcyclist,NA,Scarborough-Guildwood (24),43 Division,Woburn North,true,false,false,true,false,false,false,false,false,false,"{""coordinates"": [[-79.2335924529293, 43.78094298239151]], ""type"": ""MultiPoint""}"
3943,2008:1063149,2008-10-07T22:30:00,MARKHAM RD,TUXEDO CRT,,2,Non-Fatal Injury,,No Control,Turning Movement,Clear,Dark,Dry,Major Arterial,false,-79.2335924529293,43.78094298239151,2,Pickup Truck,East,2,25,None,Lap and Shoulder Belt,Failed to yield right-of-way,Normal,,,Turning Left,,,,,driver,NA,Scarborough-Guildwood (24),43 Division,Woburn North,true,false,false,true,false,false,false,false,false,false,"{""coordinates"": [[-79.2335924529293, 43.78094298239151]], ""type"": ""MultiPoint""}"
3944,2008:1064016,2008-10-08T16:00:00,ELIZABETH Stre,GERRARD Stre W,,1,Non-Fatal Injury,,No Control,Approaching Head On,Rain,Daylight,Wet,Minor Arterial,false,-79.38639087105304,43.65814418515666,1,Automobile or Station Wagon,North,2,29,None,Other Safety Equipment Used,,,,,Reversing,,,,,driver,NA,University-Rosedale (11),52 Division,Yonge-Bay Corridor,false,false,false,false,false,false,false,false,false,false,"{""coordinates"": [[-79.38639087105304, 43.65814418515666]], ""type"": ""MultiPoint""}"
3945,2008:1064016,2008-10-08T16:00:00,ELIZABETH Stre,GERRARD Stre W,,1,Non-Fatal Injury,,No Control,Approaching Head On,Rain,Daylight,Wet,Minor Arterial,false,-79.38639087105304,43.65814418515666,2,,,3,NA,None,Other Safety Equipment Used,,,,,Parked,,,,,owner,NA,University-Rosedale (11),52 Division,Yonge-Bay Corridor,false,false,false,false,false,false,false,false,false,false,"{""coordinates"": [[-79.38639087105304, 43.65814418515666]], ""type"": ""MultiPoint""}"
3946,2008:1064016,2008-10-08T16:00:00,ELIZABETH Stre,GERRARD Stre W,,1,Non-Fatal Injury,,No Control,Approaching Head On,Rain,Daylight,Wet,Minor Arterial,false,-79.38639087105304,43.65814418515666,1,,,1,NA,Major,Other Safety Equipment Used,,,,,Unknown,,,,,driver,NA,University-Rosedale (11),52 Division,Yonge-Bay Corridor,false,false,false,false,false,false,false,false,false,false,"{""coordinates"": [[-79.38639087105304, 43.65814418515666]], ""type"": ""MultiPoint""}"
3947,2008:1066823,2008-10-10T10:13:00,DIXON RD,KIPLING AVE,,3,Non-Fatal Injury,,Traffic Signal,Turning Movement,Clear,Daylight,Dry,Major Arterial,false,-79.55859109929708,43.69424440223883,2,,,2,NA,,Other Safety Equipment Used,,,,,,,,,,owner,NA,Etobicoke Centre (2),23 Division,Kingsview Village-The Westway,true,false,false,false,false,false,false,false,false,false,"{""coordinates"": [[-79.55859109929708, 43.69424440223883]], ""type"": ""MultiPoint""}"
3948,2008:1066823,2008-10-10T10:13:00,DIXON RD,KIPLING AVE,,3,Non-Fatal Injury,,Traffic Signal,Turning Movement,Clear,Daylight,Dry,Major Arterial,false,-79.55859109929708,43.69424440223883,1,Automobile or Station Wagon,North,1,61,Major,Lap and Shoulder Belt,Improper turn,Normal,,,Turning Left,,,,,driver,NA,Etobicoke Centre (2),23 Division,Kingsview Village-The Westway,true,false,false,false,false,false,false,false,false,false,"{""coordinates"": [[-79.55859109929708, 43.69424440223883]], ""type"": ""MultiPoint""}"
3949,2008:1066823,2008-10-10T10:13:00,DIXON RD,KIPLING AVE,,3,Non-Fatal Injury,,Traffic Signal,Turning Movement,Clear,Daylight,Dry,Major Arterial,false,-79.55859109929708,43.69424440223883,2,Pickup Truck,West,3,52,None,Lap and Shoulder Belt,Failed to yield right-of-way,Normal,,,Going Ahead,,,,,driver,NA,Etobicoke Centre (2),23 Division,Kingsview Village-The Westway,true,false,false,false,false,false,false,false,false,false,"{""coordinates"": [[-79.55859109929708, 43.69424440223883]], ""type"": ""MultiPoint""}"
3950,2008:1063951,2008-10-13T01:45:00,EGLINTON Ave E,MIDLAND Ave,,4,Non-Fatal Injury,At Intersection,Traffic Signal,Angle,Clear,Dark,Dry,Major Arterial,false,-79.2580905320299,43.734544002657636,1,,,1,NA,,Other Safety Equipment Used,,,,,,,,,,owner,NA,Scarborough Centre (21),41 Division,Eglinton East,true,false,false,false,false,false,false,true,false,false,"{""coordinates"": [[-79.2580905320299, 43.734544002657636]], ""type"": ""MultiPoint""}"
3951,2008:1063951,2008-10-13T01:45:00,EGLINTON Ave E,MIDLAND Ave,,4,Non-Fatal Injury,At Intersection,Traffic Signal,Angle,Clear,Dark,Dry,Major Arterial,false,-79.2580905320299,43.734544002657636,2,,,3,NA,,Other Safety Equipment Used,,,,,,,,,,owner,NA,Scarborough Centre (21),41 Division,Eglinton East,true,false,false,false,false,false,false,true,false,false,"{""coordinates"": [[-79.2580905320299, 43.734544002657636]], ""type"": ""MultiPoint""}"
3952,2008:1063951,2008-10-13T01:45:00,EGLINTON Ave E,MIDLAND Ave,,4,Non-Fatal Injury,At Intersection,Traffic Signal,Angle,Clear,Dark,Dry,Major Arterial,false,-79.2580905320299,43.734544002657636,1,Automobile or Station Wagon,West,2,34,None,Other Safety Equipment Used,Driving properly,Normal,,,Going Ahead,,,,,driver,NA,Scarborough Centre (21),41 Division,Eglinton East,true,false,false,false,false,false,false,true,false,false,"{""coordinates"": [[-79.2580905320299, 43.734544002657636]], ""type"": ""MultiPoint""}"
3953,2008:1063951,2008-10-13T01:45:00,EGLINTON Ave E,MIDLAND Ave,,4,Non-Fatal Injury,At Intersection,Traffic Signal,Angle,Clear,Dark,Dry,Major Arterial,false,-79.2580905320299,43.734544002657636,2,Automobile or Station Wagon,South,4,38,Major,Other Safety Equipment Used,Disobeyed traffic control,Unknown,,,Going Ahead,,,,,driver,NA,Scarborough Centre (21),41 Division,Eglinton East,true,false,false,false,false,false,false,true,false,false,"{""coordinates"": [[-79.2580905320299, 43.734544002657636]], ""type"": ""MultiPoint""}"
3954,2008:1072541,2008-11-26T17:14:00,WARDEN AVE,FINCH AVE E,,4,Fatal Injury,,No Control,Pedestrian Collision(internal code),Rain,Dark,Wet,Major Arterial,false,-79.3149905681636,43.79484407716636,1,,,1,66,None,Other Safety Equipment Used,,,,,,,,,,passenger,NA,Scarborough-Agincourt (22),42 Division,East L'Amoreaux,false,true,false,false,false,true,true,false,false,false,"{""coordinates"": [[-79.3149905681636, 43.79484407716636]], ""type"": ""MultiPoint""}"
3955,2008:1065334,2008-10-14T22:07:00,KIPLING AVE,BURNHAMTHORPE RD,,2,Non-Fatal Injury,At Intersection,Traffic Signal,Pedestrian Collision(internal code),Clear,Dark,Dry,Major Arterial,true,-79.53939115528779,43.65094440312149,1,Automobile or Station Wagon,East,1,NA,None,Other Safety Equipment Used,Failed to yield right-of-way,Unknown,,,Turning Right,,,,,driver,NA,Etobicoke Centre (2),22 Division,Islington,true,false,false,false,false,true,true,false,false,false,"{""coordinates"": [[-79.53939115528779, 43.65094440312149]], ""type"": ""MultiPoint""}"
3956,2008:1065334,2008-10-14T22:07:00,KIPLING AVE,BURNHAMTHORPE RD,,2,Non-Fatal Injury,At Intersection,Traffic Signal,Pedestrian Collision(internal code),Clear,Dark,Dry,Major Arterial,true,-79.53939115528779,43.65094440312149,1,,East,2,84,Major,Other Safety Equipment Used,,,Crossing with right-of-way (intersection),Normal,,Driver turns right into pedestrian crossing with right-of-way (at intersection),,,,pedestrian,NA,Etobicoke Centre (2),22 Division,Islington,true,false,false,false,false,true,true,false,false,false,"{""coordinates"": [[-79.53939115528779, 43.65094440312149]], ""type"": ""MultiPoint""}"
3957,2026:6001121140,2026-05-31T01:19:00,EGLINTON AVE W,OLD PARK RD,47.3 M E,2,Fatal Injury,Non-Intersection,,SMV Other,,,,,false,-79.43102888838425,43.69982823660364,1,Automobile or Station Wagon,West,1,23,None,,Driving properly,Normal,,,,,,,,driver,NA,Eglinton-Lawrence (8),13 Division,Forest Hill North,false,false,false,false,false,false,true,false,false,false,"{""coordinates"": [[-79.43102888838425, 43.69982823660364]], ""type"": ""MultiPoint""}"