X_id,collision_id,accdate,stname1,stname2,stname3,per_inv,acclass,accloc,traffictl,impactype,visible,light,rdsfcond,road_class,failtorem,longitude,latitude,veh_no,vehtype,initdir,per_no,invage,injury,safequip,drivact,drivcond,pedact,pedcond,manoeuvre,pedtype,cyclistype,cycact,cyccond,road_user,fatal_no,wardname,division,neighbourhood,aggressive,distracted,cyclist,motorcyclist,other_micromobility,older_adult,pedestrian,red_light,school_child,heavy_truck,geometry
4217,2009:1086335,2009-01-05T08:31:00,380 CARLINGVIEW DR,,,3,Non-Fatal Injury,,No Control,Turning Movement,Clear,Daylight,Dry,Major Arterial,false,-79.59939114943082,43.69534444935328,2,Automobile or Station Wagon,South,3,57,Major,Lap and Shoulder Belt,Driving properly,Normal,,,Going Ahead,,,,,driver,NA,Etobicoke North (1),23 Division,West Humber-Clairville,false,true,false,false,false,false,false,false,false,false,"{""coordinates"": [[-79.59939114943082, 43.69534444935328]], ""type"": ""MultiPoint""}"
4218,2009:1086335,2009-01-05T08:31:00,380 CARLINGVIEW DR,,,3,Non-Fatal Injury,,No Control,Turning Movement,Clear,Daylight,Dry,Major Arterial,false,-79.59939114943082,43.69534444935328,1,,,1,NA,,Other Safety Equipment Used,,,,,,,,,,owner,NA,Etobicoke North (1),23 Division,West Humber-Clairville,false,true,false,false,false,false,false,false,false,false,"{""coordinates"": [[-79.59939114943082, 43.69534444935328]], ""type"": ""MultiPoint""}"
4219,2009:1079383,2009-01-05T12:47:00,VICTORIA PARK AVE,CONSUMERS RD,,6,Non-Fatal Injury,,Traffic Signal,Pedestrian Collision(internal code),Clear,Daylight,Dry,Major Arterial,false,-79.32149060002911,43.771944083870075,1,Automobile or Station Wagon,South,1,72,None,Other Safety Equipment Used,Lost control,Normal,,,Changing Lanes,,,,,driver,NA,Scarborough-Agincourt (22),42 Division,Tam O'Shanter-Sullivan,false,false,false,false,false,true,true,false,false,false,"{""coordinates"": [[-79.32149060002911, 43.771944083870075]], ""type"": ""MultiPoint""}"
4220,2009:1079383,2009-01-05T12:47:00,VICTORIA PARK AVE,CONSUMERS RD,,6,Non-Fatal Injury,,Traffic Signal,Pedestrian Collision(internal code),Clear,Daylight,Dry,Major Arterial,false,-79.32149060002911,43.771944083870075,2,,,5,44,Minimal,Other Safety Equipment Used,,,Other,Normal,,Other,,,,pedestrian,NA,Scarborough-Agincourt (22),42 Division,Tam O'Shanter-Sullivan,false,false,false,false,false,true,true,false,false,false,"{""coordinates"": [[-79.32149060002911, 43.771944083870075]], ""type"": ""MultiPoint""}"
4221,2009:1079383,2009-01-05T12:47:00,VICTORIA PARK AVE,CONSUMERS RD,,6,Non-Fatal Injury,,Traffic Signal,Pedestrian Collision(internal code),Clear,Daylight,Dry,Major Arterial,false,-79.32149060002911,43.771944083870075,2,,,4,NA,,Other Safety Equipment Used,,,,,,,,,,owner,NA,Scarborough-Agincourt (22),42 Division,Tam O'Shanter-Sullivan,false,false,false,false,false,true,true,false,false,false,"{""coordinates"": [[-79.32149060002911, 43.771944083870075]], ""type"": ""MultiPoint""}"
4222,2009:1079383,2009-01-05T12:47:00,VICTORIA PARK AVE,CONSUMERS RD,,6,Non-Fatal Injury,,Traffic Signal,Pedestrian Collision(internal code),Clear,Daylight,Dry,Major Arterial,false,-79.32149060002911,43.771944083870075,2,,,2,NA,,Other Safety Equipment Used,,,,,,,,,,owner,NA,Scarborough-Agincourt (22),42 Division,Tam O'Shanter-Sullivan,false,false,false,false,false,true,true,false,false,false,"{""coordinates"": [[-79.32149060002911, 43.771944083870075]], ""type"": ""MultiPoint""}"
4223,2009:1079383,2009-01-05T12:47:00,VICTORIA PARK AVE,CONSUMERS RD,,6,Non-Fatal Injury,,Traffic Signal,Pedestrian Collision(internal code),Clear,Daylight,Dry,Major Arterial,false,-79.32149060002911,43.771944083870075,2,,,6,25,Major,Other Safety Equipment Used,,,Other,Normal,,Other,,,,pedestrian,NA,Scarborough-Agincourt (22),42 Division,Tam O'Shanter-Sullivan,false,false,false,false,false,true,true,false,false,false,"{""coordinates"": [[-79.32149060002911, 43.771944083870075]], ""type"": ""MultiPoint""}"
4224,2009:1079383,2009-01-05T12:47:00,VICTORIA PARK AVE,CONSUMERS RD,,6,Non-Fatal Injury,,Traffic Signal,Pedestrian Collision(internal code),Clear,Daylight,Dry,Major Arterial,false,-79.32149060002911,43.771944083870075,2,,,3,NA,,Other Safety Equipment Used,,,,,,,,,,owner,NA,Scarborough-Agincourt (22),42 Division,Tam O'Shanter-Sullivan,false,false,false,false,false,true,true,false,false,false,"{""coordinates"": [[-79.32149060002911, 43.771944083870075]], ""type"": ""MultiPoint""}"
4225,2009:1086605,2009-01-06T07:15:00,MIDDLEFIELD RD,COMPASS CRT,,3,Non-Fatal Injury,At Intersection,No Control,Angle,Clear,Daylight,Wet,Minor Arterial,false,-79.2551904627015,43.806644008671846,2,Automobile or Station Wagon,South,3,38,Minor,Lap and Shoulder Belt,Lost control,Normal,,,Going Ahead,,,,,driver,NA,Scarborough North (23),42 Division,Agincourt North,false,false,false,false,false,false,false,false,false,false,"{""coordinates"": [[-79.2551904627015, 43.806644008671846]], ""type"": ""MultiPoint""}"
4226,2009:1086605,2009-01-06T07:15:00,MIDDLEFIELD RD,COMPASS CRT,,3,Non-Fatal Injury,At Intersection,No Control,Angle,Clear,Daylight,Wet,Minor Arterial,false,-79.2551904627015,43.806644008671846,1,Automobile or Station Wagon,East,2,61,Minor,Lap and Shoulder Belt,Driving properly,Normal,,,Going Ahead,,,,,driver,NA,Scarborough North (23),42 Division,Agincourt North,false,false,false,false,false,false,false,false,false,false,"{""coordinates"": [[-79.2551904627015, 43.806644008671846]], ""type"": ""MultiPoint""}"
4227,2009:1086605,2009-01-06T07:15:00,MIDDLEFIELD RD,COMPASS CRT,,3,Non-Fatal Injury,At Intersection,No Control,Angle,Clear,Daylight,Wet,Minor Arterial,false,-79.2551904627015,43.806644008671846,1,Automobile or Station Wagon,,1,49,Major,Lap and Shoulder Belt,,,,,,,,,,passenger,NA,Scarborough North (23),42 Division,Agincourt North,false,false,false,false,false,false,false,false,false,false,"{""coordinates"": [[-79.2551904627015, 43.806644008671846]], ""type"": ""MultiPoint""}"
4228,2009:1079671,2009-01-06T13:49:00,SHEPPARD AVE E,REAN DR,,2,Fatal Injury,At Intersection,Traffic Signal,Pedestrian Collision(internal code),Clear,Daylight,Dry,Major Arterial,false,-79.38309070582534,43.767744158876674,2,,North,2,65,Fatal,Other Safety Equipment Used,,,Crossing with right-of-way (intersection),Unknown,,Driver turns left into pedestrian crossing with right-of-way (at intersection),,,,pedestrian,2,Don Valley North (17),33 Division,Bayview Village,true,true,false,false,false,true,true,false,false,false,"{""coordinates"": [[-79.38309070582534, 43.767744158876674]], ""type"": ""MultiPoint""}"
4229,2009:1079671,2009-01-06T13:49:00,SHEPPARD AVE E,REAN DR,,2,Fatal Injury,At Intersection,Traffic Signal,Pedestrian Collision(internal code),Clear,Daylight,Dry,Major Arterial,false,-79.38309070582534,43.767744158876674,1,Automobile or Station Wagon,North,1,54,None,Other Safety Equipment Used,Failed to yield right-of-way,Inattentive,,,Turning Left,,,,,driver,NA,Don Valley North (17),33 Division,Bayview Village,true,true,false,false,false,true,true,false,false,false,"{""coordinates"": [[-79.38309070582534, 43.767744158876674]], ""type"": ""MultiPoint""}"
4230,2009:1079931,2009-01-07T16:40:00,2160 EGLINTON AVE W,CALEDONIA Road,,3,Non-Fatal Injury,,No Control,Pedestrian Collision(internal code),Snow,Daylight,Slush,Major Arterial,false,-79.46029095276447,43.69344427915383,2,,,3,59,Major,Other Safety Equipment Used,,,Crossing - no traffic control,Medical or Physical Disability,,Transit vehicle driver hits pedestrian anywhere along roadway,,,,pedestrian,NA,Davenport (9),13 Division,Caledonia-Fairbank,false,false,false,false,false,false,true,false,false,true,"{""coordinates"": [[-79.46029095276447, 43.69344427915383]], ""type"": ""MultiPoint""}"
4231,2009:1079931,2009-01-07T16:40:00,2160 EGLINTON AVE W,CALEDONIA Road,,3,Non-Fatal Injury,,No Control,Pedestrian Collision(internal code),Snow,Daylight,Slush,Major Arterial,false,-79.46029095276447,43.69344427915383,1,Municipal Transit Bus (TTC),West,2,52,None,Other Safety Equipment Used,Driving properly,Normal,,,Going Ahead,,,,,driver,NA,Davenport (9),13 Division,Caledonia-Fairbank,false,false,false,false,false,false,true,false,false,true,"{""coordinates"": [[-79.46029095276447, 43.69344427915383]], ""type"": ""MultiPoint""}"
4232,2009:1079931,2009-01-07T16:40:00,2160 EGLINTON AVE W,CALEDONIA Road,,3,Non-Fatal Injury,,No Control,Pedestrian Collision(internal code),Snow,Daylight,Slush,Major Arterial,false,-79.46029095276447,43.69344427915383,1,,,1,NA,,Other Safety Equipment Used,,,,,,,,,,owner,NA,Davenport (9),13 Division,Caledonia-Fairbank,false,false,false,false,false,false,true,false,false,true,"{""coordinates"": [[-79.46029095276447, 43.69344427915383]], ""type"": ""MultiPoint""}"
4233,2009:1080314,2009-01-08T14:30:00,BATHURST ST,COLLEGE ST,,3,Non-Fatal Injury,,Traffic Signal,Rear End,Clear,Daylight,Slush,Major Arterial,false,-79.4076909149558,43.65644421680335,2,Automobile or Station Wagon,South,2,29,None,Other Safety Equipment Used,Following too closely,Normal,,,Going Ahead,,,,,driver,NA,University-Rosedale (11),14 Division,Kensington-Chinatown,true,false,false,false,false,false,false,false,false,false,"{""coordinates"": [[-79.4076909149558, 43.65644421680335]], ""type"": ""MultiPoint""}"
4234,2009:1080314,2009-01-08T14:30:00,BATHURST ST,COLLEGE ST,,3,Non-Fatal Injury,,Traffic Signal,Rear End,Clear,Daylight,Slush,Major Arterial,false,-79.4076909149558,43.65644421680335,1,,,1,NA,Minimal,Other Safety Equipment Used,,,,,,,,,,passenger,NA,University-Rosedale (11),14 Division,Kensington-Chinatown,true,false,false,false,false,false,false,false,false,false,"{""coordinates"": [[-79.4076909149558, 43.65644421680335]], ""type"": ""MultiPoint""}"
4235,2009:1080314,2009-01-08T14:30:00,BATHURST ST,COLLEGE ST,,3,Non-Fatal Injury,,Traffic Signal,Rear End,Clear,Daylight,Slush,Major Arterial,false,-79.4076909149558,43.65644421680335,1,Automobile or Station Wagon,South,3,48,Major,Other Safety Equipment Used,Driving properly,Normal,,,Stopped,,,,,driver,NA,University-Rosedale (11),14 Division,Kensington-Chinatown,true,false,false,false,false,false,false,false,false,false,"{""coordinates"": [[-79.4076909149558, 43.65644421680335]], ""type"": ""MultiPoint""}"
4236,2009:1080448,2009-01-08T14:45:00,STEELES AVE W,TANGREEN CRT,,4,Non-Fatal Injury,,Stop Sign,Pedestrian Collision(internal code),Clear,Daylight,Slush,Major Arterial,false,-79.42636474471131,43.79661320782263,1,Automobile or Station Wagon,North,2,23,None,Other Safety Equipment Used,Improper turn,Normal,,,Turning Left,,,,,driver,NA,Willowdale (18),32 Division,Newtonbrook West,false,false,false,false,false,true,true,false,false,false,"{""coordinates"": [[-79.42636474471131, 43.79661320782263]], ""type"": ""MultiPoint""}"
4237,2009:1080448,2009-01-08T14:45:00,STEELES AVE W,TANGREEN CRT,,4,Non-Fatal Injury,,Stop Sign,Pedestrian Collision(internal code),Clear,Daylight,Slush,Major Arterial,false,-79.42636474471131,43.79661320782263,2,,South,3,74,Minor,Other Safety Equipment Used,,,Crossing - no traffic control,Normal,,Driver turns left into pedestrian crossing without right-of-way (at intersection),,,,pedestrian,NA,Willowdale (18),32 Division,Newtonbrook West,false,false,false,false,false,true,true,false,false,false,"{""coordinates"": [[-79.42636474471131, 43.79661320782263]], ""type"": ""MultiPoint""}"
4238,2009:1080448,2009-01-08T14:45:00,STEELES AVE W,TANGREEN CRT,,4,Non-Fatal Injury,,Stop Sign,Pedestrian Collision(internal code),Clear,Daylight,Slush,Major Arterial,false,-79.42636474471131,43.79661320782263,2,,South,4,73,Major,Other Safety Equipment Used,,,Crossing - no traffic control,Normal,,Driver turns left into pedestrian crossing without right-of-way (at intersection),,,,pedestrian,NA,Willowdale (18),32 Division,Newtonbrook West,false,false,false,false,false,true,true,false,false,false,"{""coordinates"": [[-79.42636474471131, 43.79661320782263]], ""type"": ""MultiPoint""}"
4239,2009:1087632,2009-01-09T16:40:00,GERRARD ST E,PAPE AVE,,2,Non-Fatal Injury,At Intersection,Traffic Signal,Pedestrian Collision(internal code),Clear,Daylight,Wet,Minor Arterial,false,-79.34039076797387,43.668144116611835,1,Automobile or Station Wagon,West,1,65,None,Lap and Shoulder Belt,Failed to yield right-of-way,Normal,,,Turning Left,,,,,driver,NA,Toronto-Danforth (14),55 Division,South Riverdale,true,false,false,false,false,true,true,false,false,false,"{""coordinates"": [[-79.34039076797387, 43.668144116611835]], ""type"": ""MultiPoint""}"
4240,2009:1087632,2009-01-09T16:40:00,GERRARD ST E,PAPE AVE,,2,Non-Fatal Injury,At Intersection,Traffic Signal,Pedestrian Collision(internal code),Clear,Daylight,Wet,Minor Arterial,false,-79.34039076797387,43.668144116611835,2,,East,2,51,Major,Other Safety Equipment Used,,,Crossing with right-of-way (intersection),Normal,,Driver turns left into pedestrian crossing with right-of-way (at intersection),,,,pedestrian,NA,Toronto-Danforth (14),55 Division,South Riverdale,true,false,false,false,false,true,true,false,false,false,"{""coordinates"": [[-79.34039076797387, 43.668144116611835]], ""type"": ""MultiPoint""}"
4241,2009:1080485,2009-01-10T18:48:00,KEELE ST,NASHVILLE AVE,,3,Non-Fatal Injury,At Intersection,No Control,Sideswipe,Clear,Dark,Dry,Major Arterial,false,-79.47229099196716,43.6837442998919,1,Automobile or Station Wagon,South,2,24,None,Other Safety Equipment Used,Driving properly,Normal,,,Going Ahead,,,,,driver,NA,York South-Weston (5),12 Division,Keelesdale-Eglinton West,false,false,false,false,false,true,false,false,false,false,"{""coordinates"": [[-79.47229099196716, 43.6837442998919]], ""type"": ""MultiPoint""}"
4242,2009:1080485,2009-01-10T18:48:00,KEELE ST,NASHVILLE AVE,,3,Non-Fatal Injury,At Intersection,No Control,Sideswipe,Clear,Dark,Dry,Major Arterial,false,-79.47229099196716,43.6837442998919,2,Automobile or Station Wagon,South,3,68,Major,Other Safety Equipment Used,Lost control,Medical or Physical Disability,,,Going Ahead,,,,,driver,NA,York South-Weston (5),12 Division,Keelesdale-Eglinton West,false,false,false,false,false,true,false,false,false,false,"{""coordinates"": [[-79.47229099196716, 43.6837442998919]], ""type"": ""MultiPoint""}"
4243,2009:1080485,2009-01-10T18:48:00,KEELE ST,NASHVILLE AVE,,3,Non-Fatal Injury,At Intersection,No Control,Sideswipe,Clear,Dark,Dry,Major Arterial,false,-79.47229099196716,43.6837442998919,1,,,1,NA,,Other Safety Equipment Used,,,,,,,,,,owner,NA,York South-Weston (5),12 Division,Keelesdale-Eglinton West,false,false,false,false,false,true,false,false,false,false,"{""coordinates"": [[-79.47229099196716, 43.6837442998919]], ""type"": ""MultiPoint""}"
4244,2009:1088236,2009-01-12T08:50:00,MILNER AVE,CINEMART DR,,3,Non-Fatal Injury,,Stop Sign,Turning Movement,Clear,Daylight,Dry,Minor Arterial,false,-79.20479040203887,43.79744395761114,2,Automobile or Station Wagon,East,3,19,None,Lap and Shoulder Belt,Driving properly,Normal,,,Going Ahead,,,,,driver,NA,Scarborough-Rouge Park (25),42 Division,Malvern East,false,false,false,false,false,false,false,false,true,false,"{""coordinates"": [[-79.20479040203887, 43.79744395761114]], ""type"": ""MultiPoint""}"
4245,2009:1088236,2009-01-12T08:50:00,MILNER AVE,CINEMART DR,,3,Non-Fatal Injury,,Stop Sign,Turning Movement,Clear,Daylight,Dry,Minor Arterial,false,-79.20479040203887,43.79744395761114,1,Automobile or Station Wagon,North,1,45,Major,Lap and Shoulder Belt,Improper turn,Normal,,,Turning Left,,,,,driver,NA,Scarborough-Rouge Park (25),42 Division,Malvern East,false,false,false,false,false,false,false,false,true,false,"{""coordinates"": [[-79.20479040203887, 43.79744395761114]], ""type"": ""MultiPoint""}"
4246,2009:1088236,2009-01-12T08:50:00,MILNER AVE,CINEMART DR,,3,Non-Fatal Injury,,Stop Sign,Turning Movement,Clear,Daylight,Dry,Minor Arterial,false,-79.20479040203887,43.79744395761114,2,,,2,NA,Minor,Lap and Shoulder Belt,,,,,,,,,,passenger,NA,Scarborough-Rouge Park (25),42 Division,Malvern East,false,false,false,false,false,false,false,false,true,false,"{""coordinates"": [[-79.20479040203887, 43.79744395761114]], ""type"": ""MultiPoint""}"
4247,2009:1088222,2009-01-12T11:16:00,EGLINTON AVE E,SLOANE AVE,,2,Non-Fatal Injury,,Traffic Signal,Pedestrian Collision(internal code),Clear,Daylight,Dry,Major Arterial,false,-79.31349063915687,43.726044074406154,2,,North,2,41,Major,Other Safety Equipment Used,,,Crossing with right-of-way (intersection),Normal,,Driver turns left into pedestrian crossing with right-of-way (at intersection),,,,pedestrian,NA,Don Valley East (16),33 Division,Victoria Village,true,true,false,false,false,false,true,false,false,false,"{""coordinates"": [[-79.31349063915687, 43.726044074406154]], ""type"": ""MultiPoint""}"
4248,2009:1088222,2009-01-12T11:16:00,EGLINTON AVE E,SLOANE AVE,,2,Non-Fatal Injury,,Traffic Signal,Pedestrian Collision(internal code),Clear,Daylight,Dry,Major Arterial,false,-79.31349063915687,43.726044074406154,1,Automobile or Station Wagon,South,1,52,None,Lap and Shoulder Belt,Failed to yield right-of-way,Inattentive,,,Turning Left,,,,,driver,NA,Don Valley East (16),33 Division,Victoria Village,true,true,false,false,false,false,true,false,false,false,"{""coordinates"": [[-79.31349063915687, 43.726044074406154]], ""type"": ""MultiPoint""}"
4249,2009:1089553,2009-01-13T09:38:00,LAWRENCE Aven E,MOSSBANK Driv,,2,Non-Fatal Injury,At Intersection,No Control,Pedestrian Collision(internal code),Snow,Daylight,Loose Snow,Major Arterial,false,-79.21169043670533,43.76264395697182,2,,,2,12,Major,No Equipment Available,,,Running onto roadway,Inattentive,Other,Driver hits pedestrian at midblock,,,,pedestrian,NA,Scarborough-Guildwood (24),43 Division,Golfdale-Cedarbrae-Woburn,false,true,false,false,false,true,true,false,true,false,"{""coordinates"": [[-79.21169043670533, 43.76264395697182]], ""type"": ""MultiPoint""}"
4250,2009:1089553,2009-01-13T09:38:00,LAWRENCE Aven E,MOSSBANK Driv,,2,Non-Fatal Injury,At Intersection,No Control,Pedestrian Collision(internal code),Snow,Daylight,Loose Snow,Major Arterial,false,-79.21169043670533,43.76264395697182,1,Automobile or Station Wagon,West,1,80,None,Other Safety Equipment Used,Driving properly,Normal,,,Going Ahead,,,,,driver,NA,Scarborough-Guildwood (24),43 Division,Golfdale-Cedarbrae-Woburn,false,true,false,false,false,true,true,false,true,false,"{""coordinates"": [[-79.21169043670533, 43.76264395697182]], ""type"": ""MultiPoint""}"
4251,2009:1081545,2009-01-14T11:08:00,PASSMORE AVE,MIDLAND AVE,,1,Non-Fatal Injury,At Intersection,Traffic Signal,SMV Other,Clear,Daylight,Dry,Major Arterial,false,-79.29489051296872,43.82074405574991,1,Automobile or Station Wagon,East,1,82,Major,Other Safety Equipment Used,Lost control,Medical or Physical Disability,,,Going Ahead,,,,,driver,NA,Scarborough North (23),42 Division,Milliken,false,false,false,false,false,true,false,false,false,false,"{""coordinates"": [[-79.29489051296872, 43.82074405574991]], ""type"": ""MultiPoint""}"
4252,2009:1088275,2009-01-14T13:15:00,ISLINGTON Aven,SUMMITCREST Driv,,2,Non-Fatal Injury,At Intersection,Traffic Signal,Pedestrian Collision(internal code),Clear,Daylight,Dry,Major Arterial,false,-79.54049109679204,43.68314438704505,2,,West,2,19,Major,Other Safety Equipment Used,,,Crossing with right-of-way (intersection),Normal,,Driver turns left into pedestrian crossing with right-of-way (at intersection),,,,pedestrian,NA,Etobicoke Centre (2),23 Division,Willowridge-Martingrove-Richview,true,true,false,false,false,false,true,false,true,false,"{""coordinates"": [[-79.54049109679204, 43.68314438704505]], ""type"": ""MultiPoint""}"
4253,2009:1092886,2009-03-04T21:41:00,DANFORTH Aven,MAIN Stre,,7,Non-Fatal Injury,,,Other,Other,Dark,Other,Major Arterial,false,-79.30179066821337,43.6881440603654,3,,,7,NA,None,Other Safety Equipment Used,,,,,Other,,,,,owner,NA,Beaches-East York (19),55 Division,East End-Danforth,false,false,false,false,false,false,false,false,false,false,"{""coordinates"": [[-79.30179066821337, 43.6881440603654]], ""type"": ""MultiPoint""}"
4254,2009:1088275,2009-01-14T13:15:00,ISLINGTON Aven,SUMMITCREST Driv,,2,Non-Fatal Injury,At Intersection,Traffic Signal,Pedestrian Collision(internal code),Clear,Daylight,Dry,Major Arterial,false,-79.54049109679204,43.68314438704505,1,Automobile or Station Wagon,East,1,44,None,Lap and Shoulder Belt,Failed to yield right-of-way,Inattentive,,,Turning Left,,,,,driver,NA,Etobicoke Centre (2),23 Division,Willowridge-Martingrove-Richview,true,true,false,false,false,false,true,false,true,false,"{""coordinates"": [[-79.54049109679204, 43.68314438704505]], ""type"": ""MultiPoint""}"
4255,2009:1081583,2009-01-14T13:55:00,TAPSCOTT RD,FINCH AVE E,,3,Non-Fatal Injury,At Intersection,Traffic Signal,Pedestrian Collision(internal code),Snow,Daylight,Wet,Minor Arterial,false,-79.23709043169444,43.814243991723096,1,,,1,NA,,Other Safety Equipment Used,,,,,,,,,,owner,NA,Scarborough North (23),42 Division,Morningside Heights,true,false,false,false,false,false,true,false,false,false,"{""coordinates"": [[-79.23709043169444, 43.814243991723096]], ""type"": ""MultiPoint""}"
4256,2009:1081583,2009-01-14T13:55:00,TAPSCOTT RD,FINCH AVE E,,3,Non-Fatal Injury,At Intersection,Traffic Signal,Pedestrian Collision(internal code),Snow,Daylight,Wet,Minor Arterial,false,-79.23709043169444,43.814243991723096,2,,,3,60,Major,Other Safety Equipment Used,,,Crossing with right-of-way (intersection),Normal,,Driver turns left into pedestrian crossing with right-of-way (at intersection),,,,pedestrian,NA,Scarborough North (23),42 Division,Morningside Heights,true,false,false,false,false,false,true,false,false,false,"{""coordinates"": [[-79.23709043169444, 43.814243991723096]], ""type"": ""MultiPoint""}"
4257,2009:1081583,2009-01-14T13:55:00,TAPSCOTT RD,FINCH AVE E,,3,Non-Fatal Injury,At Intersection,Traffic Signal,Pedestrian Collision(internal code),Snow,Daylight,Wet,Minor Arterial,false,-79.23709043169444,43.814243991723096,1,Automobile or Station Wagon,North,2,37,None,Other Safety Equipment Used,Failed to yield right-of-way,Normal,,,Turning Left,,,,,driver,NA,Scarborough North (23),42 Division,Morningside Heights,true,false,false,false,false,false,true,false,false,false,"{""coordinates"": [[-79.23709043169444, 43.814243991723096]], ""type"": ""MultiPoint""}"
4258,2009:1090872,2009-01-18T15:28:00,DUFFERIN ST,WINGOLD AVE,,3,Non-Fatal Injury,,Traffic Signal,Angle,Snow,Daylight,Slush,Major Arterial,false,-79.45249092060357,43.70384426439631,1,Municipal Transit Bus (TTC),South,2,47,None,Other Safety Equipment Used,Driving properly,Normal,,,Going Ahead,,,,,driver,NA,Eglinton-Lawrence (8),13 Division,Yorkdale-Glen Park,true,true,false,false,false,false,false,true,false,true,"{""coordinates"": [[-79.45249092060357, 43.70384426439631]], ""type"": ""MultiPoint""}"
4259,2009:1090872,2009-01-18T15:28:00,DUFFERIN ST,WINGOLD AVE,,3,Non-Fatal Injury,,Traffic Signal,Angle,Snow,Daylight,Slush,Major Arterial,false,-79.45249092060357,43.70384426439631,1,,,1,NA,,Other Safety Equipment Used,,,,,,,,,,owner,NA,Eglinton-Lawrence (8),13 Division,Yorkdale-Glen Park,true,true,false,false,false,false,false,true,false,true,"{""coordinates"": [[-79.45249092060357, 43.70384426439631]], ""type"": ""MultiPoint""}"
4260,2009:1090872,2009-01-18T15:28:00,DUFFERIN ST,WINGOLD AVE,,3,Non-Fatal Injury,,Traffic Signal,Angle,Snow,Daylight,Slush,Major Arterial,false,-79.45249092060357,43.70384426439631,2,Automobile or Station Wagon,East,3,49,Major,Lap and Shoulder Belt,Disobeyed traffic control,Inattentive,,,Going Ahead,,,,,driver,NA,Eglinton-Lawrence (8),13 Division,Yorkdale-Glen Park,true,true,false,false,false,false,false,true,false,true,"{""coordinates"": [[-79.45249092060357, 43.70384426439631]], ""type"": ""MultiPoint""}"
4261,2009:1094623,2009-01-19T18:05:00,EGLINTON AVE E,RUMSEY RD,,3,Non-Fatal Injury,At Intersection,Traffic Signal,Turning Movement,Snow,Dark,Ice,Major Arterial,false,-79.36969075769042,43.71254415035635,1,,,1,69,Major,Air Bag Deployed,,,,,,,,,,passenger,NA,Don Valley West (15),53 Division,Leaside-Bennington,false,true,false,false,false,true,false,false,false,false,"{""coordinates"": [[-79.36969075769042, 43.71254415035635]], ""type"": ""MultiPoint""}"
4262,2009:1094623,2009-01-19T18:05:00,EGLINTON AVE E,RUMSEY RD,,3,Non-Fatal Injury,At Intersection,Traffic Signal,Turning Movement,Snow,Dark,Ice,Major Arterial,false,-79.36969075769042,43.71254415035635,1,Automobile or Station Wagon,East,2,58,None,Air Bag Deployed,Driving properly,Normal,,,Going Ahead,,,,,driver,NA,Don Valley West (15),53 Division,Leaside-Bennington,false,true,false,false,false,true,false,false,false,false,"{""coordinates"": [[-79.36969075769042, 43.71254415035635]], ""type"": ""MultiPoint""}"
4263,2009:1094623,2009-01-19T18:05:00,EGLINTON AVE E,RUMSEY RD,,3,Non-Fatal Injury,At Intersection,Traffic Signal,Turning Movement,Snow,Dark,Ice,Major Arterial,false,-79.36969075769042,43.71254415035635,2,Automobile or Station Wagon,West,3,36,Minor,Lap and Shoulder Belt,Improper turn,Inattentive,,,Turning Left,,,,,driver,NA,Don Valley West (15),53 Division,Leaside-Bennington,false,true,false,false,false,true,false,false,false,false,"{""coordinates"": [[-79.36969075769042, 43.71254415035635]], ""type"": ""MultiPoint""}"
4264,2009:1090599,2009-01-20T13:20:00,LAKE SHORE Boul E,LOWER SHERBOURNE Stre,,4,Non-Fatal Injury,At Intersection,Traffic Signal,Sideswipe,Clear,Daylight,Wet,Major Arterial,false,-79.36609084940888,43.64624415761397,1,,,1,34,Minimal,Lap and Shoulder Belt,,,,,,,,,,passenger,NA,Spadina-Fort York (10),51 Division,St Lawrence-East Bayfront-The Islands,false,false,false,false,false,false,false,false,false,true,"{""coordinates"": [[-79.36609084940888, 43.646244157613964]], ""type"": ""MultiPoint""}"
4265,2009:1090599,2009-01-20T13:20:00,LAKE SHORE Boul E,LOWER SHERBOURNE Stre,,4,Non-Fatal Injury,At Intersection,Traffic Signal,Sideswipe,Clear,Daylight,Wet,Major Arterial,false,-79.36609084940888,43.64624415761397,2,Automobile or Station Wagon,West,4,29,Major,Lap and Shoulder Belt,Improper turn,Normal,,,Turning Left,,,,,driver,NA,Spadina-Fort York (10),51 Division,St Lawrence-East Bayfront-The Islands,false,false,false,false,false,false,false,false,false,true,"{""coordinates"": [[-79.36609084940888, 43.646244157613964]], ""type"": ""MultiPoint""}"
4266,2009:1090599,2009-01-20T13:20:00,LAKE SHORE Boul E,LOWER SHERBOURNE Stre,,4,Non-Fatal Injury,At Intersection,Traffic Signal,Sideswipe,Clear,Daylight,Wet,Major Arterial,false,-79.36609084940888,43.64624415761397,1,Truck - Open (Flatbed),West,3,51,Minor,Lap and Shoulder Belt,Driving properly,Normal,,,Going Ahead,,,,,driver,NA,Spadina-Fort York (10),51 Division,St Lawrence-East Bayfront-The Islands,false,false,false,false,false,false,false,false,false,true,"{""coordinates"": [[-79.36609084940888, 43.646244157613964]], ""type"": ""MultiPoint""}"
4267,2009:1090599,2009-01-20T13:20:00,LAKE SHORE Boul E,LOWER SHERBOURNE Stre,,4,Non-Fatal Injury,At Intersection,Traffic Signal,Sideswipe,Clear,Daylight,Wet,Major Arterial,false,-79.36609084940888,43.64624415761397,1,,,2,NA,,Other Safety Equipment Used,,,,,,,,,,owner,NA,Spadina-Fort York (10),51 Division,St Lawrence-East Bayfront-The Islands,false,false,false,false,false,false,false,false,false,true,"{""coordinates"": [[-79.36609084940888, 43.646244157613964]], ""type"": ""MultiPoint""}"