X_id,collision_id,accdate,stname1,stname2,stname3,per_inv,acclass,accloc,traffictl,impactype,visible,light,rdsfcond,road_class,failtorem,longitude,latitude,veh_no,vehtype,initdir,per_no,invage,injury,safequip,drivact,drivcond,pedact,pedcond,manoeuvre,pedtype,cyclistype,cycact,cyccond,road_user,fatal_no,wardname,division,neighbourhood,aggressive,distracted,cyclist,motorcyclist,other_micromobility,older_adult,pedestrian,red_light,school_child,heavy_truck,geometry
4268,2009:1083196,2009-01-21T15:32:00,1317 PAPE Ave,,,3,Non-Fatal Injury,,No Control,Approaching Head On,Clear,Dusk,Loose Snow,Major Arterial,false,-79.35103274913621,43.69532212794221,2,Automobile or Station Wagon,South,3,71,Minor,Lap and Shoulder Belt,Lost control,Normal,,,Going Ahead,,,,,driver,NA,Toronto-Danforth (14),55 Division,Old East York,false,false,false,false,false,true,false,false,false,false,"{""coordinates"": [[-79.35103274913621, 43.69532212794221]], ""type"": ""MultiPoint""}"
4269,2009:1083196,2009-01-21T15:32:00,1317 PAPE Ave,,,3,Non-Fatal Injury,,No Control,Approaching Head On,Clear,Dusk,Loose Snow,Major Arterial,false,-79.35103274913621,43.69532212794221,1,,,1,52,Major,Lap and Shoulder Belt,,,,,,,,,,passenger,NA,Toronto-Danforth (14),55 Division,Old East York,false,false,false,false,false,true,false,false,false,false,"{""coordinates"": [[-79.35103274913621, 43.69532212794221]], ""type"": ""MultiPoint""}"
4270,2009:1083196,2009-01-21T15:32:00,1317 PAPE Ave,,,3,Non-Fatal Injury,,No Control,Approaching Head On,Clear,Dusk,Loose Snow,Major Arterial,false,-79.35103274913621,43.69532212794221,1,Automobile or Station Wagon,North,2,69,Minor,Lap and Shoulder Belt,Driving properly,Normal,,,Going Ahead,,,,,driver,NA,Toronto-Danforth (14),55 Division,Old East York,false,false,false,false,false,true,false,false,false,false,"{""coordinates"": [[-79.35103274913621, 43.69532212794221]], ""type"": ""MultiPoint""}"
4271,2009:1083896,2009-01-24T14:20:00,COMMISSIONERS Stre,DON ROADWAY,,1,Non-Fatal Injury,,No Control,SMV Other,Clear,Daylight,Dry,Collector,false,-79.34499080464958,43.64854412584426,1,,,2,25,Major,Other Safety Equipment Used,,,,,Other,,,,,passenger,NA,Toronto-Danforth (14),55 Division,South Riverdale,false,false,false,false,false,false,false,false,false,false,"{""coordinates"": [[-79.34499080464958, 43.64854412584426]], ""type"": ""MultiPoint""}"
4272,2009:1083896,2009-01-24T14:20:00,COMMISSIONERS Stre,DON ROADWAY,,1,Non-Fatal Injury,,No Control,SMV Other,Clear,Daylight,Dry,Collector,false,-79.34499080464958,43.64854412584426,1,Automobile or Station Wagon,West,1,26,None,Other Safety Equipment Used,,,,,Going Ahead,,,,,driver,NA,Toronto-Danforth (14),55 Division,South Riverdale,false,false,false,false,false,false,false,false,false,false,"{""coordinates"": [[-79.34499080464958, 43.64854412584426]], ""type"": ""MultiPoint""}"
4273,2009:1094875,2009-01-26T00:17:00,LAKE SHORE Boul E,CARLAW Aven,,2,Non-Fatal Injury,At Intersection,Traffic Signal,Turning Movement,Clear,Dark,Dry,Major Arterial,false,-79.33739078077404,43.654944113813706,1,Automobile or Station Wagon,West,1,58,Major,Lap and Shoulder Belt,Driving properly,Normal,,,Going Ahead,,,,,driver,NA,Toronto-Danforth (14),55 Division,South Riverdale,true,true,false,false,false,false,false,false,false,false,"{""coordinates"": [[-79.33739078077404, 43.654944113813706]], ""type"": ""MultiPoint""}"
4274,2009:1094875,2009-01-26T00:17:00,LAKE SHORE Boul E,CARLAW Aven,,2,Non-Fatal Injury,At Intersection,Traffic Signal,Turning Movement,Clear,Dark,Dry,Major Arterial,false,-79.33739078077404,43.654944113813706,2,Automobile or Station Wagon,East,2,21,Minimal,Lap and Shoulder Belt,Failed to yield right-of-way,Inattentive,,,Turning Left,,,,,driver,NA,Toronto-Danforth (14),55 Division,South Riverdale,true,true,false,false,false,false,false,false,false,false,"{""coordinates"": [[-79.33739078077404, 43.654944113813706]], ""type"": ""MultiPoint""}"
4275,2009:1092716,2009-01-28T13:52:00,GERRARD St E,YONGE St,,4,Non-Fatal Injury,,No Control,Rear End,Snow,Daylight,Packed Snow,Major Arterial,false,-79.38209086136538,43.65904417866623,1,,,1,NA,,Other Safety Equipment Used,,,,,,,,,,owner,NA,Toronto Centre (13),51 Division,Downtown Yonge East,false,false,false,false,false,false,false,false,false,false,"{""coordinates"": [[-79.38209086136538, 43.65904417866623]], ""type"": ""MultiPoint""}"
4276,2009:1092716,2009-01-28T13:52:00,GERRARD St E,YONGE St,,4,Non-Fatal Injury,,No Control,Rear End,Snow,Daylight,Packed Snow,Major Arterial,false,-79.38209086136538,43.65904417866623,1,,,2,NA,,Other Safety Equipment Used,,,,,,,,,,owner,NA,Toronto Centre (13),51 Division,Downtown Yonge East,false,false,false,false,false,false,false,false,false,false,"{""coordinates"": [[-79.38209086136538, 43.65904417866623]], ""type"": ""MultiPoint""}"
4277,2009:1092716,2009-01-28T13:52:00,GERRARD St E,YONGE St,,4,Non-Fatal Injury,,No Control,Rear End,Snow,Daylight,Packed Snow,Major Arterial,false,-79.38209086136538,43.65904417866623,2,Automobile or Station Wagon,East,4,21,Major,Lap and Shoulder Belt,Lost control,Normal,,,Slowing or Stopping,,,,,driver,NA,Toronto Centre (13),51 Division,Downtown Yonge East,false,false,false,false,false,false,false,false,false,false,"{""coordinates"": [[-79.38209086136538, 43.65904417866623]], ""type"": ""MultiPoint""}"
4278,2009:1092716,2009-01-28T13:52:00,GERRARD St E,YONGE St,,4,Non-Fatal Injury,,No Control,Rear End,Snow,Daylight,Packed Snow,Major Arterial,false,-79.38209086136538,43.65904417866623,1,Automobile or Station Wagon,East,3,48,None,Lap and Shoulder Belt,Driving properly,Normal,,,Stopped,,,,,driver,NA,Toronto Centre (13),51 Division,Downtown Yonge East,false,false,false,false,false,false,false,false,false,false,"{""coordinates"": [[-79.38209086136538, 43.65904417866623]], ""type"": ""MultiPoint""}"
4279,2009:1092227,2009-01-31T17:00:00,BLACK CREEK DR,EGLINTON AVE W,,3,Non-Fatal Injury,At Intersection,Traffic Signal,Rear End,Clear,Dusk,Dry,Major Arterial,false,-79.48289100348022,43.688344312687974,2,Automobile or Station Wagon,North,3,37,None,Lap and Shoulder Belt,Failed to yield right-of-way,Inattentive,,,Going Ahead,,,,,driver,NA,York South-Weston (5),12 Division,Keelesdale-Eglinton West,true,true,false,false,false,false,false,false,false,false,"{""coordinates"": [[-79.48289100348022, 43.688344312687974]], ""type"": ""MultiPoint""}"
4280,2009:1092227,2009-01-31T17:00:00,BLACK CREEK DR,EGLINTON AVE W,,3,Non-Fatal Injury,At Intersection,Traffic Signal,Rear End,Clear,Dusk,Dry,Major Arterial,false,-79.48289100348022,43.688344312687974,1,Automobile or Station Wagon,North,1,40,Major,Lap and Shoulder Belt,Driving properly,Normal,,,Stopped,,,,,driver,NA,York South-Weston (5),12 Division,Keelesdale-Eglinton West,true,true,false,false,false,false,false,false,false,false,"{""coordinates"": [[-79.48289100348022, 43.688344312687974]], ""type"": ""MultiPoint""}"
4281,2009:1092227,2009-01-31T17:00:00,BLACK CREEK DR,EGLINTON AVE W,,3,Non-Fatal Injury,At Intersection,Traffic Signal,Rear End,Clear,Dusk,Dry,Major Arterial,false,-79.48289100348022,43.688344312687974,2,,,2,NA,,Other Safety Equipment Used,,,,,,,,,,owner,NA,York South-Weston (5),12 Division,Keelesdale-Eglinton West,true,true,false,false,false,false,false,false,false,false,"{""coordinates"": [[-79.48289100348022, 43.688344312687974]], ""type"": ""MultiPoint""}"
4282,2009:1092784,2009-02-02T09:30:00,GREENWOOD Aven,DUNDAS Stre E,,2,Non-Fatal Injury,At Intersection,Traffic Signal,Pedestrian Collision(internal code),Clear,Daylight,Dry,Minor Arterial,true,-79.32659074247994,43.66754409679029,2,,,2,38,Major,Other Safety Equipment Used,,,Crossing with right-of-way (intersection),Normal,,Driver turns left into pedestrian crossing with right-of-way (at intersection),,,,pedestrian,NA,Toronto-Danforth (14),55 Division,Greenwood-Coxwell,true,false,false,false,false,false,true,false,false,false,"{""coordinates"": [[-79.32659074247994, 43.66754409679029]], ""type"": ""MultiPoint""}"
4283,2009:1092784,2009-02-02T09:30:00,GREENWOOD Aven,DUNDAS Stre E,,2,Non-Fatal Injury,At Intersection,Traffic Signal,Pedestrian Collision(internal code),Clear,Daylight,Dry,Minor Arterial,true,-79.32659074247994,43.66754409679029,1,Automobile or Station Wagon,South,1,52,None,Lap and Shoulder Belt,Failed to yield right-of-way,Normal,,,Turning Left,,,,,driver,NA,Toronto-Danforth (14),55 Division,Greenwood-Coxwell,true,false,false,false,false,false,true,false,false,false,"{""coordinates"": [[-79.32659074247994, 43.66754409679029]], ""type"": ""MultiPoint""}"
4284,2009:1092795,2009-02-02T13:45:00,3372 KEELE ST,,,8,Non-Fatal Injury,,No Control,Turning Movement,Clear,Daylight,Dry,Major Arterial,false,-79.48709090432635,43.74754429111107,1,,,1,NA,,Other Safety Equipment Used,,,,,,,,,,owner,NA,York Centre (6),31 Division,York University Heights,false,false,false,false,false,false,false,false,false,false,"{""coordinates"": [[-79.48709090432635, 43.74754429111107]], ""type"": ""MultiPoint""}"
4285,2009:1092795,2009-02-02T13:45:00,3372 KEELE ST,,,8,Non-Fatal Injury,,No Control,Turning Movement,Clear,Daylight,Dry,Major Arterial,false,-79.48709090432635,43.74754429111107,3,,,7,48,Minor,Lap and Shoulder Belt,,,,,,,,,,passenger,NA,York Centre (6),31 Division,York University Heights,false,false,false,false,false,false,false,false,false,false,"{""coordinates"": [[-79.48709090432635, 43.74754429111107]], ""type"": ""MultiPoint""}"
4286,2009:1092795,2009-02-02T13:45:00,3372 KEELE ST,,,8,Non-Fatal Injury,,No Control,Turning Movement,Clear,Daylight,Dry,Major Arterial,false,-79.48709090432635,43.74754429111107,3,Automobile or Station Wagon,North,8,33,None,Lap and Shoulder Belt,Improper turn,Normal,,,Turning Left,,,,,driver,NA,York Centre (6),31 Division,York University Heights,false,false,false,false,false,false,false,false,false,false,"{""coordinates"": [[-79.48709090432635, 43.74754429111107]], ""type"": ""MultiPoint""}"
4287,2009:1092795,2009-02-02T13:45:00,3372 KEELE ST,,,8,Non-Fatal Injury,,No Control,Turning Movement,Clear,Daylight,Dry,Major Arterial,false,-79.48709090432635,43.74754429111107,2,,,3,NA,Major,Lap and Shoulder Belt,,,,,,,,,,passenger,NA,York Centre (6),31 Division,York University Heights,false,false,false,false,false,false,false,false,false,false,"{""coordinates"": [[-79.48709090432635, 43.74754429111107]], ""type"": ""MultiPoint""}"
4288,2009:1092795,2009-02-02T13:45:00,3372 KEELE ST,,,8,Non-Fatal Injury,,No Control,Turning Movement,Clear,Daylight,Dry,Major Arterial,false,-79.48709090432635,43.74754429111107,3,,,5,1,Minor,Child Safety Seat Used Correctly,,,,,,,,,,passenger,NA,York Centre (6),31 Division,York University Heights,false,false,false,false,false,false,false,false,false,false,"{""coordinates"": [[-79.48709090432635, 43.74754429111107]], ""type"": ""MultiPoint""}"
4289,2009:1092795,2009-02-02T13:45:00,3372 KEELE ST,,,8,Non-Fatal Injury,,No Control,Turning Movement,Clear,Daylight,Dry,Major Arterial,false,-79.48709090432635,43.74754429111107,2,Automobile or Station Wagon,East,4,23,None,Lap and Shoulder Belt,Driving properly,Normal,,,Stopped,,,,,driver,NA,York Centre (6),31 Division,York University Heights,false,false,false,false,false,false,false,false,false,false,"{""coordinates"": [[-79.48709090432635, 43.74754429111107]], ""type"": ""MultiPoint""}"
4290,2009:1092795,2009-02-02T13:45:00,3372 KEELE ST,,,8,Non-Fatal Injury,,No Control,Turning Movement,Clear,Daylight,Dry,Major Arterial,false,-79.48709090432635,43.74754429111107,3,,,6,NA,Minor,Lap and Shoulder Belt,,,,,,,,,,passenger,NA,York Centre (6),31 Division,York University Heights,false,false,false,false,false,false,false,false,false,false,"{""coordinates"": [[-79.48709090432635, 43.74754429111107]], ""type"": ""MultiPoint""}"
4291,2009:1092795,2009-02-02T13:45:00,3372 KEELE ST,,,8,Non-Fatal Injury,,No Control,Turning Movement,Clear,Daylight,Dry,Major Arterial,false,-79.48709090432635,43.74754429111107,1,Automobile or Station Wagon,South,2,22,Minor,Lap and Shoulder Belt,Driving properly,Normal,,,Going Ahead,,,,,driver,NA,York Centre (6),31 Division,York University Heights,false,false,false,false,false,false,false,false,false,false,"{""coordinates"": [[-79.48709090432635, 43.74754429111107]], ""type"": ""MultiPoint""}"
4292,2009:1085958,2009-02-02T14:30:00,KINGSTON Road,SHARPE Stre,,2,Non-Fatal Injury,At Intersection,Traffic Signal,Pedestrian Collision(internal code),Clear,Daylight,Dry,Major Arterial,false,-79.2512905533068,43.70634399152257,1,Automobile or Station Wagon,South,1,50,None,Other Safety Equipment Used,Failed to yield right-of-way,Inattentive,,,Turning Left,,,,,driver,NA,Scarborough Southwest (20),41 Division,Birchcliffe-Cliffside,true,true,false,false,false,true,true,false,false,false,"{""coordinates"": [[-79.2512905533068, 43.70634399152257]], ""type"": ""MultiPoint""}"
4293,2009:1085958,2009-02-02T14:30:00,KINGSTON Road,SHARPE Stre,,2,Non-Fatal Injury,At Intersection,Traffic Signal,Pedestrian Collision(internal code),Clear,Daylight,Dry,Major Arterial,false,-79.2512905533068,43.70634399152257,2,,North,2,81,Major,Other Safety Equipment Used,,,Crossing with right-of-way (intersection),Normal,,Driver turns left into pedestrian crossing with right-of-way (at intersection),,,,pedestrian,NA,Scarborough Southwest (20),41 Division,Birchcliffe-Cliffside,true,true,false,false,false,true,true,false,false,false,"{""coordinates"": [[-79.2512905533068, 43.70634399152257]], ""type"": ""MultiPoint""}"
4294,2009:1085959,2009-02-02T16:10:00,FINCH AVE W,WESTON RD,,3,Fatal Injury,At Intersection,Traffic Signal,Pedestrian Collision(internal code),Clear,Daylight,Dry,Major Arterial,false,-79.54239097208874,43.75204435233861,1,,,1,NA,,Other Safety Equipment Used,,,,,,,,,,owner,NA,Humber River-Black Creek (7),31 Division,Humbermede,true,false,false,false,false,true,true,false,false,true,"{""coordinates"": [[-79.54239097208874, 43.75204435233861]], ""type"": ""MultiPoint""}"
4295,2009:1085959,2009-02-02T16:10:00,FINCH AVE W,WESTON RD,,3,Fatal Injury,At Intersection,Traffic Signal,Pedestrian Collision(internal code),Clear,Daylight,Dry,Major Arterial,false,-79.54239097208874,43.75204435233861,2,,North,3,92,Fatal,Other Safety Equipment Used,,,Crossing with right-of-way (intersection),Medical or Physical Disability,,Driver turns left into pedestrian crossing with right-of-way (at intersection),,,,pedestrian,3,Humber River-Black Creek (7),31 Division,Humbermede,true,false,false,false,false,true,true,false,false,true,"{""coordinates"": [[-79.54239097208874, 43.75204435233861]], ""type"": ""MultiPoint""}"
4296,2009:1085959,2009-02-02T16:10:00,FINCH AVE W,WESTON RD,,3,Fatal Injury,At Intersection,Traffic Signal,Pedestrian Collision(internal code),Clear,Daylight,Dry,Major Arterial,false,-79.54239097208874,43.75204435233861,1,Truck - Open (Flatbed),South,2,57,None,Other Safety Equipment Used,Failed to yield right-of-way,Normal,,,Turning Left,,,,,driver,NA,Humber River-Black Creek (7),31 Division,Humbermede,true,false,false,false,false,true,true,false,false,true,"{""coordinates"": [[-79.54239097208874, 43.75204435233861]], ""type"": ""MultiPoint""}"
4297,2009:1092879,2009-02-05T09:05:00,YORK MILLS RD,HARRISON RD,,3,Non-Fatal Injury,At Intersection,Traffic Signal,Pedestrian Collision(internal code),Clear,Daylight,Dry,Major Arterial,false,-79.37879071761202,43.74974415465257,1,Automobile or Station Wagon,South,2,39,None,Other Safety Equipment Used,Improper turn,Normal,,,Turning Left,,,,,driver,NA,Don Valley West (15),33 Division,St.Andrew-Windfields,false,false,false,false,false,false,true,false,false,false,"{""coordinates"": [[-79.37879071761202, 43.74974415465257]], ""type"": ""MultiPoint""}"
4298,2009:1092879,2009-02-05T09:05:00,YORK MILLS RD,HARRISON RD,,3,Non-Fatal Injury,At Intersection,Traffic Signal,Pedestrian Collision(internal code),Clear,Daylight,Dry,Major Arterial,false,-79.37879071761202,43.74974415465257,1,,,1,NA,,Other Safety Equipment Used,,,,,,,,,,owner,NA,Don Valley West (15),33 Division,St.Andrew-Windfields,false,false,false,false,false,false,true,false,false,false,"{""coordinates"": [[-79.37879071761202, 43.74974415465257]], ""type"": ""MultiPoint""}"
4299,2009:1092879,2009-02-05T09:05:00,YORK MILLS RD,HARRISON RD,,3,Non-Fatal Injury,At Intersection,Traffic Signal,Pedestrian Collision(internal code),Clear,Daylight,Dry,Major Arterial,false,-79.37879071761202,43.74974415465257,2,,North,3,21,Major,No Equipment Available,,,Crossing with right-of-way (intersection),Normal,,Driver turns left into pedestrian crossing with right-of-way (at intersection),,,,pedestrian,NA,Don Valley West (15),33 Division,St.Andrew-Windfields,false,false,false,false,false,false,true,false,false,false,"{""coordinates"": [[-79.37879071761202, 43.74974415465257]], ""type"": ""MultiPoint""}"
4300,2009:1093260,2009-02-08T18:56:00,DUNDAS ST W,BERESFORD AVE,,2,Non-Fatal Injury,,No Control,Cyclist Collision,Clear,Dark,Dry,Major Arterial,false,-79.48289104440687,43.66554432302919,2,Bicycle,East,2,48,Major,No Equipment Available,,,,,Changing Lanes,,Insufficient information to describe collision,Failed to Yield Right of Way,Had Been Drinking,cyclist,NA,Parkdale-High Park (4),11 Division,Runnymede-Bloor West Village,false,false,true,false,false,false,false,false,false,false,"{""coordinates"": [[-79.48289104440687, 43.66554432302919]], ""type"": ""MultiPoint""}"
4301,2009:1093260,2009-02-08T18:56:00,DUNDAS ST W,BERESFORD AVE,,2,Non-Fatal Injury,,No Control,Cyclist Collision,Clear,Dark,Dry,Major Arterial,false,-79.48289104440687,43.66554432302919,1,Automobile or Station Wagon,West,1,50,None,Lap and Shoulder Belt,Driving properly,Normal,,,Going Ahead,,,,,driver,NA,Parkdale-High Park (4),11 Division,Runnymede-Bloor West Village,false,false,true,false,false,false,false,false,false,false,"{""coordinates"": [[-79.48289104440687, 43.66554432302919]], ""type"": ""MultiPoint""}"
4302,2009:1087565,2009-02-09T00:02:00,PAPE Aven,LIPTON Aven,,2,Non-Fatal Injury,,No Control,Pedestrian Collision(internal code),Clear,Dark,Dry,Major Arterial,false,-79.3452907605106,43.679944122091264,2,,West,2,73,Major,Other Safety Equipment Used,,,Crossing - no traffic control,Unknown,,Driver hits pedestrian at midblock,,,,pedestrian,NA,Toronto-Danforth (14),55 Division,Playter Estates-Danforth,false,false,false,false,false,true,true,false,false,false,"{""coordinates"": [[-79.3452907605106, 43.679944122091264]], ""type"": ""MultiPoint""}"
4303,2009:1087565,2009-02-09T00:02:00,PAPE Aven,LIPTON Aven,,2,Non-Fatal Injury,,No Control,Pedestrian Collision(internal code),Clear,Dark,Dry,Major Arterial,false,-79.3452907605106,43.679944122091264,1,Automobile or Station Wagon,North,1,38,None,Other Safety Equipment Used,Driving properly,Normal,,,Going Ahead,,,,,driver,NA,Toronto-Danforth (14),55 Division,Playter Estates-Danforth,false,false,false,false,false,true,true,false,false,false,"{""coordinates"": [[-79.3452907605106, 43.679944122091264]], ""type"": ""MultiPoint""}"
4304,2009:1093891,2009-02-12T00:01:00,MIDDLEFIELD Road,PASSMORE Aven,,2,Non-Fatal Injury,,No Control,SMV Other,Rain,Dark,Wet,Minor Arterial,false,-79.26519046129879,43.8273440230157,1,,South,1,0,Major,Air Bag Deployed,Lost control,Normal,,,Going Ahead,,,,,driver,NA,Scarborough North (23),42 Division,Milliken,false,false,false,false,false,false,false,false,false,false,"{""coordinates"": [[-79.26519046129879, 43.8273440230157]], ""type"": ""MultiPoint""}"
4305,2009:1093891,2009-02-12T00:01:00,MIDDLEFIELD Road,PASSMORE Aven,,2,Non-Fatal Injury,,No Control,SMV Other,Rain,Dark,Wet,Minor Arterial,false,-79.26519046129879,43.8273440230157,2,,,2,NA,,Other Safety Equipment Used,,,,,,,,,,owner,NA,Scarborough North (23),42 Division,Milliken,false,false,false,false,false,false,false,false,false,false,"{""coordinates"": [[-79.26519046129879, 43.8273440230157]], ""type"": ""MultiPoint""}"
4306,2009:1093852,2009-02-12T14:44:00,DUFFERIN ST,BANK ST,,3,Non-Fatal Injury,,No Control,Approaching Head On,Clear,Daylight,Dry,Minor Arterial,false,-79.43069097393814,43.64774425344538,1,Automobile or Station Wagon,North,1,39,Major,Lap and Shoulder Belt,Lost control,Inattentive,,,Going Ahead,,,,,driver,NA,Davenport (9),14 Division,Little Portugal,false,true,false,false,false,false,false,false,false,true,"{""coordinates"": [[-79.43069097393814, 43.64774425344538]], ""type"": ""MultiPoint""}"
4307,2009:1093852,2009-02-12T14:44:00,DUFFERIN ST,BANK ST,,3,Non-Fatal Injury,,No Control,Approaching Head On,Clear,Daylight,Dry,Minor Arterial,false,-79.43069097393814,43.64774425344538,2,,,2,NA,,Other Safety Equipment Used,,,,,,,,,,owner,NA,Davenport (9),14 Division,Little Portugal,false,true,false,false,false,false,false,false,false,true,"{""coordinates"": [[-79.43069097393814, 43.64774425344538]], ""type"": ""MultiPoint""}"
4308,2009:1093852,2009-02-12T14:44:00,DUFFERIN ST,BANK ST,,3,Non-Fatal Injury,,No Control,Approaching Head On,Clear,Daylight,Dry,Minor Arterial,false,-79.43069097393814,43.64774425344538,3,Municipal Transit Bus (TTC),South,3,49,None,Other Safety Equipment Used,Driving properly,Normal,,,Going Ahead,,,,,driver,NA,Davenport (9),14 Division,Little Portugal,false,true,false,false,false,false,false,false,false,true,"{""coordinates"": [[-79.43069097393814, 43.64774425344538]], ""type"": ""MultiPoint""}"
4309,2009:1088989,2009-02-13T01:25:00,423 BRIMORTON DR,,,2,Fatal Injury,,No Control,SMV Other,Clear,Dark,Dry,Collector,false,-79.23769046784768,43.76894398431936,1,,,1,22,Fatal,Other Safety Equipment Used,,,,,,,,,,passenger,4,Scarborough-Guildwood (24),43 Division,Woburn North,false,false,false,false,false,false,false,false,false,false,"{""coordinates"": [[-79.23769046784768, 43.76894398431936]], ""type"": ""MultiPoint""}"
4310,2009:1088989,2009-02-13T01:25:00,423 BRIMORTON DR,,,2,Fatal Injury,,No Control,SMV Other,Clear,Dark,Dry,Collector,false,-79.23769046784768,43.76894398431936,1,Automobile or Station Wagon,West,2,22,Minor,Other Safety Equipment Used,Lost control,Ability Impaired - Alcohol,,,Going Ahead,,,,,driver,NA,Scarborough-Guildwood (24),43 Division,Woburn North,false,false,false,false,false,false,false,false,false,false,"{""coordinates"": [[-79.23769046784768, 43.76894398431936]], ""type"": ""MultiPoint""}"
4311,2009:1092886,2009-03-04T21:41:00,DANFORTH Aven,MAIN Stre,,7,Non-Fatal Injury,,,Other,Other,Dark,Other,Major Arterial,false,-79.30179066821337,43.6881440603654,2,,,5,NA,None,Other Safety Equipment Used,,,,,Other,,,,,owner,NA,Beaches-East York (19),55 Division,East End-Danforth,false,false,false,false,false,false,false,false,false,false,"{""coordinates"": [[-79.30179066821337, 43.6881440603654]], ""type"": ""MultiPoint""}"
4312,2009:1094001,2009-02-13T17:25:00,YONGE ST,HARLANDALE AVE W,,2,Non-Fatal Injury,,No Control,Pedestrian Collision(internal code),Clear,Daylight,Dry,Major Arterial,false,-79.41119075825101,43.76234419375733,1,Automobile or Station Wagon,North,1,31,None,Lap and Shoulder Belt,Driving properly,Normal,,,Going Ahead,,,,,driver,NA,Willowdale (18),32 Division,Lansing-Westgate,false,false,false,false,false,false,true,false,false,false,"{""coordinates"": [[-79.41119075825101, 43.76234419375733]], ""type"": ""MultiPoint""}"
4313,2009:1094001,2009-02-13T17:25:00,YONGE ST,HARLANDALE AVE W,,2,Non-Fatal Injury,,No Control,Pedestrian Collision(internal code),Clear,Daylight,Dry,Major Arterial,false,-79.41119075825101,43.76234419375733,2,,East,2,25,Major,Other Safety Equipment Used,,,Running onto roadway,Normal,,Driver going straight hits pedestrian crossing without right-of-way (at intersection),,,,pedestrian,NA,Willowdale (18),32 Division,Lansing-Westgate,false,false,false,false,false,false,true,false,false,false,"{""coordinates"": [[-79.41119075825101, 43.76234419375733]], ""type"": ""MultiPoint""}"
4314,2009:1089504,2009-02-16T16:21:00,HOVE St,SHEPPARD Ave W,,2,Non-Fatal Injury,,No Control,Pedestrian Collision(internal code),Clear,Daylight,Dry,Local,false,-79.44149081689595,43.75524423213887,2,,North,2,86,Major,Other Safety Equipment Used,,,Other,Normal,,Driver hits pedestrian at private driveway,,,,pedestrian,NA,York Centre (6),32 Division,Bathurst Manor,false,false,false,false,false,true,true,false,false,false,"{""coordinates"": [[-79.44149081689595, 43.75524423213887]], ""type"": ""MultiPoint""}"
4315,2009:1089504,2009-02-16T16:21:00,HOVE St,SHEPPARD Ave W,,2,Non-Fatal Injury,,No Control,Pedestrian Collision(internal code),Clear,Daylight,Dry,Local,false,-79.44149081689595,43.75524423213887,1,Automobile or Station Wagon,East,1,56,None,Other Safety Equipment Used,Other,Normal,,,Reversing,,,,,driver,NA,York Centre (6),32 Division,Bathurst Manor,false,false,false,false,false,true,true,false,false,false,"{""coordinates"": [[-79.44149081689595, 43.75524423213887]], ""type"": ""MultiPoint""}"
4316,2009:1089526,2009-02-17T06:13:00,MCNICOLL Aven,MIDLAND Aven,,2,Non-Fatal Injury,At Intersection,Traffic Controller,Pedestrian Collision(internal code),Clear,Dark,Dry,Major Arterial,false,-79.29219051415002,43.81464405214619,2,Automobile or Station Wagon,,2,NA,None,Other Safety Equipment Used,,,,,Going Ahead,,,,,driver,NA,Scarborough North (23),42 Division,Milliken,false,false,false,false,false,false,true,false,false,false,"{""coordinates"": [[-79.29219051415002, 43.81464405214619]], ""type"": ""MultiPoint""}"
4317,2009:1089526,2009-02-17T06:13:00,MCNICOLL Aven,MIDLAND Aven,,2,Non-Fatal Injury,At Intersection,Traffic Controller,Pedestrian Collision(internal code),Clear,Dark,Dry,Major Arterial,false,-79.29219051415002,43.81464405214619,1,,,1,53,Major,Other Safety Equipment Used,,,,,Other,,,,,pedestrian,NA,Scarborough North (23),42 Division,Milliken,false,false,false,false,false,false,true,false,false,false,"{""coordinates"": [[-79.29219051415002, 43.81464405214619]], ""type"": ""MultiPoint""}"
4318,2009:1089527,2009-02-17T06:13:00,MCNICOLL AVE,MIDLAND AVE,,2,Non-Fatal Injury,At Intersection,Traffic Signal,Pedestrian Collision(internal code),Clear,Dark,Dry,Major Arterial,false,-79.29219051423821,43.81454405213723,1,Automobile or Station Wagon,West,2,55,None,Other Safety Equipment Used,Failed to yield right-of-way,Unknown,,,Turning Left,,,,,driver,NA,Scarborough North (23),42 Division,Milliken,true,false,false,false,false,false,true,false,false,false,"{""coordinates"": [[-79.29219051423821, 43.81454405213723]], ""type"": ""MultiPoint""}"
4319,2009:1089527,2009-02-17T06:13:00,MCNICOLL AVE,MIDLAND AVE,,2,Non-Fatal Injury,At Intersection,Traffic Signal,Pedestrian Collision(internal code),Clear,Dark,Dry,Major Arterial,false,-79.29219051423821,43.81454405213723,2,,Unknown,1,59,Major,No Equipment Available,,,Crossing with right-of-way (intersection),Unknown,,Driver turns left into pedestrian crossing with right-of-way (at intersection),,,,pedestrian,NA,Scarborough North (23),42 Division,Milliken,true,false,false,false,false,false,true,false,false,false,"{""coordinates"": [[-79.29219051423821, 43.81454405213723]], ""type"": ""MultiPoint""}"