X_id,collision_id,accdate,stname1,stname2,stname3,per_inv,acclass,accloc,traffictl,impactype,visible,light,rdsfcond,road_class,failtorem,longitude,latitude,veh_no,vehtype,initdir,per_no,invage,injury,safequip,drivact,drivcond,pedact,pedcond,manoeuvre,pedtype,cyclistype,cycact,cyccond,road_user,fatal_no,wardname,division,neighbourhood,aggressive,distracted,cyclist,motorcyclist,other_micromobility,older_adult,pedestrian,red_light,school_child,heavy_truck,geometry
4372,2009:1093205,2009-03-07T04:20:00,F G GARDINER XY Expr W,PARKSIDE DR,,11,Non-Fatal Injury,,No Control,Rear End,Clear,Dark,Dry,,false,-79.44239101611421,43.63634427494871,4,Automobile or Station Wagon,West,11,45,None,Lap and Shoulder Belt,Following too closely,Normal,,,Going Ahead,,,,,driver,NA,Parkdale-High Park (4),14 Division,South Parkdale,true,false,false,false,false,false,false,false,false,false,"{""coordinates"": [[-79.44239101611421, 43.63634427494871]], ""type"": ""MultiPoint""}"
4373,2009:1093205,2009-03-07T04:20:00,F G GARDINER XY Expr W,PARKSIDE DR,,11,Non-Fatal Injury,,No Control,Rear End,Clear,Dark,Dry,,false,-79.44239101611421,43.63634427494871,1,,,1,NA,,Other Safety Equipment Used,,,,,,,,,,owner,NA,Parkdale-High Park (4),14 Division,South Parkdale,true,false,false,false,false,false,false,false,false,false,"{""coordinates"": [[-79.44239101611421, 43.63634427494871]], ""type"": ""MultiPoint""}"
4374,2009:1093205,2009-03-07T04:20:00,F G GARDINER XY Expr W,PARKSIDE DR,,11,Non-Fatal Injury,,No Control,Rear End,Clear,Dark,Dry,,false,-79.44239101611421,43.63634427494871,1,,,4,31,Minimal,Lap and Shoulder Belt,,,,,,,,,,passenger,NA,Parkdale-High Park (4),14 Division,South Parkdale,true,false,false,false,false,false,false,false,false,false,"{""coordinates"": [[-79.44239101611421, 43.63634427494871]], ""type"": ""MultiPoint""}"
4375,2009:1093205,2009-03-07T04:20:00,F G GARDINER XY Expr W,PARKSIDE DR,,11,Non-Fatal Injury,,No Control,Rear End,Clear,Dark,Dry,,false,-79.44239101611421,43.63634427494871,2,,,7,27,Minor,Lap and Shoulder Belt,,,,,,,,,,passenger,NA,Parkdale-High Park (4),14 Division,South Parkdale,true,false,false,false,false,false,false,false,false,false,"{""coordinates"": [[-79.44239101611421, 43.63634427494871]], ""type"": ""MultiPoint""}"
4376,2009:1093205,2009-03-07T04:20:00,F G GARDINER XY Expr W,PARKSIDE DR,,11,Non-Fatal Injury,,No Control,Rear End,Clear,Dark,Dry,,false,-79.44239101611421,43.63634427494871,1,,,3,26,Minimal,Lap and Shoulder Belt,,,,,,,,,,passenger,NA,Parkdale-High Park (4),14 Division,South Parkdale,true,false,false,false,false,false,false,false,false,false,"{""coordinates"": [[-79.44239101611421, 43.63634427494871]], ""type"": ""MultiPoint""}"
4377,2009:1093205,2009-03-07T04:20:00,F G GARDINER XY Expr W,PARKSIDE DR,,11,Non-Fatal Injury,,No Control,Rear End,Clear,Dark,Dry,,false,-79.44239101611421,43.63634427494871,2,,,6,27,None,Lap and Shoulder Belt,,,,,,,,,,passenger,NA,Parkdale-High Park (4),14 Division,South Parkdale,true,false,false,false,false,false,false,false,false,false,"{""coordinates"": [[-79.44239101611421, 43.63634427494871]], ""type"": ""MultiPoint""}"
4378,2009:1093205,2009-03-07T04:20:00,F G GARDINER XY Expr W,PARKSIDE DR,,11,Non-Fatal Injury,,No Control,Rear End,Clear,Dark,Dry,,false,-79.44239101611421,43.63634427494871,1,Automobile or Station Wagon,West,5,33,None,Lap and Shoulder Belt,Driving properly,Normal,,,Stopped,,,,,driver,NA,Parkdale-High Park (4),14 Division,South Parkdale,true,false,false,false,false,false,false,false,false,false,"{""coordinates"": [[-79.44239101611421, 43.63634427494871]], ""type"": ""MultiPoint""}"
4379,2009:1093205,2009-03-07T04:20:00,F G GARDINER XY Expr W,PARKSIDE DR,,11,Non-Fatal Injury,,No Control,Rear End,Clear,Dark,Dry,,false,-79.44239101611421,43.63634427494871,4,,,10,NA,,Other Safety Equipment Used,,,,,,,,,,owner,NA,Parkdale-High Park (4),14 Division,South Parkdale,true,false,false,false,false,false,false,false,false,false,"{""coordinates"": [[-79.44239101611421, 43.63634427494871]], ""type"": ""MultiPoint""}"
4380,2009:1093205,2009-03-07T04:20:00,F G GARDINER XY Expr W,PARKSIDE DR,,11,Non-Fatal Injury,,No Control,Rear End,Clear,Dark,Dry,,false,-79.44239101611421,43.63634427494871,1,,,2,30,Minimal,Lap and Shoulder Belt,,,,,,,,,,passenger,NA,Parkdale-High Park (4),14 Division,South Parkdale,true,false,false,false,false,false,false,false,false,false,"{""coordinates"": [[-79.44239101611421, 43.63634427494871]], ""type"": ""MultiPoint""}"
4381,2009:1093141,2009-03-07T04:40:00,WILLIAM R ALLEN RD,TRANSIT RD,,2,Fatal Injury,At Intersection,Traffic Signal,SMV Other,Clear,Dark,Wet,Major Arterial,false,-79.45429085857938,43.74184425213027,1,Automobile or Station Wagon,North,2,23,Fatal,Lap and Shoulder Belt,Lost control,Unknown,,,Going Ahead,,,,,driver,5,York Centre (6),32 Division,Clanton Park,false,false,false,false,false,false,false,false,false,false,"{""coordinates"": [[-79.45429085857938, 43.74184425213027]], ""type"": ""MultiPoint""}"
4382,2009:1093141,2009-03-07T04:40:00,WILLIAM R ALLEN RD,TRANSIT RD,,2,Fatal Injury,At Intersection,Traffic Signal,SMV Other,Clear,Dark,Wet,Major Arterial,false,-79.45429085857938,43.74184425213027,1,,,1,NA,,Other Safety Equipment Used,,,,,,,,,,owner,NA,York Centre (6),32 Division,Clanton Park,false,false,false,false,false,false,false,false,false,false,"{""coordinates"": [[-79.45429085857938, 43.74184425213027]], ""type"": ""MultiPoint""}"
4383,2009:1096493,2009-03-07T13:18:00,ROGERS RD,NORTHCLIFFE BLVD,,2,Non-Fatal Injury,,No Control,Pedestrian Collision(internal code),Rain,Daylight,Wet,Minor Arterial,false,-79.44329093382677,43.68614425830808,1,Automobile or Station Wagon,East,1,30,None,Lap and Shoulder Belt,Driving properly,Normal,,,Going Ahead,,,,,driver,NA,Davenport (9),13 Division,Oakwood Village,false,true,false,false,false,false,true,false,true,false,"{""coordinates"": [[-79.44329093382677, 43.68614425830808]], ""type"": ""MultiPoint""}"
4384,2009:1096493,2009-03-07T13:18:00,ROGERS RD,NORTHCLIFFE BLVD,,2,Non-Fatal Injury,,No Control,Pedestrian Collision(internal code),Rain,Daylight,Wet,Minor Arterial,false,-79.44329093382677,43.68614425830808,2,,,2,13,Major,Other Safety Equipment Used,,,Coming from behind parked vehicle or object,Inattentive,Other,Driver hits pedestrian walking or running out from between parked vehicles (at midblock),,,,pedestrian,NA,Davenport (9),13 Division,Oakwood Village,false,true,false,false,false,false,true,false,true,false,"{""coordinates"": [[-79.44329093382677, 43.68614425830808]], ""type"": ""MultiPoint""}"
4385,2009:1093202,2009-03-08T00:12:00,BROWNS LINE Line,HORNER AVE,,5,Non-Fatal Injury,,Traffic Signal,Rear End,Rain,Dark,Wet,Major Arterial,false,-79.54519125469999,43.60164443715563,2,,,2,NA,,Other Safety Equipment Used,,,,,,,,,,owner,NA,Etobicoke-Lakeshore (3),22 Division,Alderwood,true,false,false,false,false,false,false,false,false,true,"{""coordinates"": [[-79.54519125469999, 43.60164443715563]], ""type"": ""MultiPoint""}"
4386,2009:1093202,2009-03-08T00:12:00,BROWNS LINE Line,HORNER AVE,,5,Non-Fatal Injury,,Traffic Signal,Rear End,Rain,Dark,Wet,Major Arterial,false,-79.54519125469999,43.60164443715563,3,,,3,NA,Minimal,Other Safety Equipment Used,,,,,,,,,,passenger,NA,Etobicoke-Lakeshore (3),22 Division,Alderwood,true,false,false,false,false,false,false,false,false,true,"{""coordinates"": [[-79.54519125469999, 43.60164443715563]], ""type"": ""MultiPoint""}"
4387,2009:1093202,2009-03-08T00:12:00,BROWNS LINE Line,HORNER AVE,,5,Non-Fatal Injury,,Traffic Signal,Rear End,Rain,Dark,Wet,Major Arterial,false,-79.54519125469999,43.60164443715563,3,,,4,NA,,Other Safety Equipment Used,,,,,,,,,,owner,NA,Etobicoke-Lakeshore (3),22 Division,Alderwood,true,false,false,false,false,false,false,false,false,true,"{""coordinates"": [[-79.54519125469999, 43.60164443715563]], ""type"": ""MultiPoint""}"
4388,2009:1093202,2009-03-08T00:12:00,BROWNS LINE Line,HORNER AVE,,5,Non-Fatal Injury,,Traffic Signal,Rear End,Rain,Dark,Wet,Major Arterial,false,-79.54519125469999,43.60164443715563,1,Automobile or Station Wagon,South,1,51,Major,Equipment Not Used But Available,Following too closely,Ability Impaired - Alcohol,,,Going Ahead,,,,,driver,NA,Etobicoke-Lakeshore (3),22 Division,Alderwood,true,false,false,false,false,false,false,false,false,true,"{""coordinates"": [[-79.54519125469999, 43.60164443715563]], ""type"": ""MultiPoint""}"
4389,2009:1137499,2009-10-25T01:16:00,DUFFERIN ST,ASCOT AVE,,9,Non-Fatal Injury,,Stop Sign,Approaching Head On,Clear,Dark,Dry,Major Arterial,false,-79.44419094479895,43.680644261566506,3,,,4,16,Minor,Lap and Shoulder Belt,,,,,,,,,,passenger,NA,Davenport (9),13 Division,Corso Italia-Davenport,true,false,false,false,false,false,false,false,true,false,"{""coordinates"": [[-79.44419094479895, 43.680644261566506]], ""type"": ""MultiPoint""}"
4390,2009:1093202,2009-03-08T00:12:00,BROWNS LINE Line,HORNER AVE,,5,Non-Fatal Injury,,Traffic Signal,Rear End,Rain,Dark,Wet,Major Arterial,false,-79.54519125469999,43.60164443715563,3,Municipal Transit Bus (TTC),South,5,39,None,Lap and Shoulder Belt,Driving properly,Normal,,,Stopped,,,,,driver,NA,Etobicoke-Lakeshore (3),22 Division,Alderwood,true,false,false,false,false,false,false,false,false,true,"{""coordinates"": [[-79.54519125469999, 43.60164443715563]], ""type"": ""MultiPoint""}"
4391,2009:1105663,2009-03-08T00:15:00,DUNDAS ST W,MC CAUL ST,,4,Non-Fatal Injury,At Intersection,Traffic Signal,Rear End,Clear,Dark,Wet,Major Arterial,false,-79.39149088680242,43.65434419353677,1,Automobile or Station Wagon,West,2,24,Minimal,Lap and Shoulder Belt,Driving properly,Normal,,,Stopped,,,,,driver,NA,University-Rosedale (11),52 Division,Kensington-Chinatown,true,true,false,false,false,false,false,false,false,false,"{""coordinates"": [[-79.39149088680242, 43.65434419353677]], ""type"": ""MultiPoint""}"
4392,2009:1105663,2009-03-08T00:15:00,DUNDAS ST W,MC CAUL ST,,4,Non-Fatal Injury,At Intersection,Traffic Signal,Rear End,Clear,Dark,Wet,Major Arterial,false,-79.39149088680242,43.65434419353677,1,,,1,23,Minimal,Lap and Shoulder Belt,,,,,,,,,,passenger,NA,University-Rosedale (11),52 Division,Kensington-Chinatown,true,true,false,false,false,false,false,false,false,false,"{""coordinates"": [[-79.39149088680242, 43.65434419353677]], ""type"": ""MultiPoint""}"
4393,2009:1105663,2009-03-08T00:15:00,DUNDAS ST W,MC CAUL ST,,4,Non-Fatal Injury,At Intersection,Traffic Signal,Rear End,Clear,Dark,Wet,Major Arterial,false,-79.39149088680242,43.65434419353677,2,Automobile or Station Wagon,West,4,58,Major,Lap and Shoulder Belt,Following too closely,Inattentive,,,Slowing or Stopping,,,,,driver,NA,University-Rosedale (11),52 Division,Kensington-Chinatown,true,true,false,false,false,false,false,false,false,false,"{""coordinates"": [[-79.39149088680242, 43.65434419353677]], ""type"": ""MultiPoint""}"
4394,2009:1105663,2009-03-08T00:15:00,DUNDAS ST W,MC CAUL ST,,4,Non-Fatal Injury,At Intersection,Traffic Signal,Rear End,Clear,Dark,Wet,Major Arterial,false,-79.39149088680242,43.65434419353677,2,,,3,NA,,Other Safety Equipment Used,,,,,,,,,,owner,NA,University-Rosedale (11),52 Division,Kensington-Chinatown,true,true,false,false,false,false,false,false,false,false,"{""coordinates"": [[-79.39149088680242, 43.65434419353677]], ""type"": ""MultiPoint""}"
4395,2009:1093203,2009-03-08T03:50:00,HILL CRES,HEATHFIELD DR,,3,Fatal Injury,,No Control,SMV Other,Rain,Dark,Wet,Collector,false,-79.21059045711678,43.73784395100717,2,,,2,23,Fatal,Other Safety Equipment Used,,,,,,,,,,passenger,6,Scarborough-Guildwood (24),43 Division,Scarborough Village,true,false,false,false,false,false,false,false,false,false,"{""coordinates"": [[-79.21059045711678, 43.73784395100717]], ""type"": ""MultiPoint""}"
4396,2009:1093203,2009-03-08T03:50:00,HILL CRES,HEATHFIELD DR,,3,Fatal Injury,,No Control,SMV Other,Rain,Dark,Wet,Collector,false,-79.21059045711678,43.73784395100717,2,Automobile or Station Wagon,East,3,22,Major,Other Safety Equipment Used,Exceeding speed limit,Ability Impaired - Alcohol Over .08,,,Going Ahead,,,,,driver,NA,Scarborough-Guildwood (24),43 Division,Scarborough Village,true,false,false,false,false,false,false,false,false,false,"{""coordinates"": [[-79.21059045711678, 43.73784395100717]], ""type"": ""MultiPoint""}"
4397,2009:1093203,2009-03-08T03:50:00,HILL CRES,HEATHFIELD DR,,3,Fatal Injury,,No Control,SMV Other,Rain,Dark,Wet,Collector,false,-79.21059045711678,43.73784395100717,1,,North,1,NA,None,Other Safety Equipment Used,,,,,Parked,,,,,other,NA,Scarborough-Guildwood (24),43 Division,Scarborough Village,true,false,false,false,false,false,false,false,false,false,"{""coordinates"": [[-79.21059045711678, 43.73784395100717]], ""type"": ""MultiPoint""}"
4398,2009:1097106,2009-03-10T11:56:00,GERRARD St E,CARLAW Ave,,2,Non-Fatal Injury,,No Control,Cyclist Collision,Clear,Daylight,Dry,Minor Arterial,false,-79.34338777468305,43.66744412101881,1,Automobile or Station Wagon,West,1,52,None,Lap and Shoulder Belt,Other,Inattentive,,,Parked,,,,,driver,NA,Toronto-Danforth (14),55 Division,South Riverdale,false,true,true,false,false,false,false,false,false,false,"{""coordinates"": [[-79.34338777468305, 43.66744412101881]], ""type"": ""MultiPoint""}"
4399,2009:1097106,2009-03-10T11:56:00,GERRARD St E,CARLAW Ave,,2,Non-Fatal Injury,,No Control,Cyclist Collision,Clear,Daylight,Dry,Minor Arterial,false,-79.34338777468305,43.66744412101881,2,Bicycle,West,2,49,Major,Child Safety Seat Used Correctly,,,,,Going Ahead,,Dooring,Driving Properly,Normal,cyclist,NA,Toronto-Danforth (14),55 Division,South Riverdale,false,true,true,false,false,false,false,false,false,false,"{""coordinates"": [[-79.34338777468305, 43.66744412101881]], ""type"": ""MultiPoint""}"
4400,2009:1097142,2009-03-10T20:51:00,SHEPPARD Aven E,PROGRESS Aven,,2,Non-Fatal Injury,At Intersection,Traffic Signal,Pedestrian Collision(internal code),Rain,Dark,Wet,Major Arterial,false,-79.23489044405633,43.79464398613064,1,Automobile or Station Wagon,North,1,18,None,Other Safety Equipment Used,Failed to yield right-of-way,Inattentive,,,Turning Left,,,,,driver,NA,Scarborough North (23),42 Division,Malvern East,true,true,false,false,false,false,true,false,true,false,"{""coordinates"": [[-79.23489044405633, 43.79464398613064]], ""type"": ""MultiPoint""}"
4401,2009:1097142,2009-03-10T20:51:00,SHEPPARD Aven E,PROGRESS Aven,,2,Non-Fatal Injury,At Intersection,Traffic Signal,Pedestrian Collision(internal code),Rain,Dark,Wet,Major Arterial,false,-79.23489044405633,43.79464398613064,2,,South,2,47,Major,Other Safety Equipment Used,,,Crossing with right-of-way (intersection),Normal,,Driver turns left into pedestrian crossing with right-of-way (at intersection),,,,pedestrian,NA,Scarborough North (23),42 Division,Malvern East,true,true,false,false,false,false,true,false,true,false,"{""coordinates"": [[-79.23489044405633, 43.79464398613064]], ""type"": ""MultiPoint""}"
4402,2009:1093819,2009-03-11T06:52:00,STEELES AVE W,PINE VALLEY DR,,3,Fatal Injury,At Intersection,Traffic Signal,Pedestrian Collision(internal code),Rain,Dark,Wet,Major Arterial,false,-79.56476998099112,43.76653437208775,1,,,1,NA,,Other Safety Equipment Used,,,,,,,,,,owner,NA,Humber River-Black Creek (7),31 Division,Humber Summit,false,true,false,false,false,false,true,false,false,true,"{""coordinates"": [[-79.56476998099112, 43.76653437208775]], ""type"": ""MultiPoint""}"
4403,2009:1093819,2009-03-11T06:52:00,STEELES AVE W,PINE VALLEY DR,,3,Fatal Injury,At Intersection,Traffic Signal,Pedestrian Collision(internal code),Rain,Dark,Wet,Major Arterial,false,-79.56476998099112,43.76653437208775,2,,South,3,58,Fatal,Other Safety Equipment Used,,,Crossing - no traffic control,Inattentive,,Driver hits pedestrian at midblock,,,,pedestrian,7,Humber River-Black Creek (7),31 Division,Humber Summit,false,true,false,false,false,false,true,false,false,true,"{""coordinates"": [[-79.56476998099112, 43.76653437208775]], ""type"": ""MultiPoint""}"
4404,2009:1093819,2009-03-11T06:52:00,STEELES AVE W,PINE VALLEY DR,,3,Fatal Injury,At Intersection,Traffic Signal,Pedestrian Collision(internal code),Rain,Dark,Wet,Major Arterial,false,-79.56476998099112,43.76653437208775,1,Truck - Open (Flatbed),South,2,49,None,Other Safety Equipment Used,Driving properly,Inattentive,,,Turning Left,,,,,driver,NA,Humber River-Black Creek (7),31 Division,Humber Summit,false,true,false,false,false,false,true,false,false,true,"{""coordinates"": [[-79.56476998099112, 43.76653437208775]], ""type"": ""MultiPoint""}"
4405,2009:1094026,2009-03-11T08:28:00,LESMILL Road,DUNCAN MILL Road,,3,Non-Fatal Injury,At Intersection,No Control,Pedestrian Collision(internal code),Clear,Daylight,Dry,Collector,false,-79.35849067228433,43.760644129002024,3,Municipal Transit Bus (TTC),North,1,49,None,Other Safety Equipment Used,Failed to yield right-of-way,Normal,,,Turning Right,,,,,driver,NA,Don Valley East (16),33 Division,St.Andrew-Windfields,true,false,false,false,false,false,true,false,false,true,"{""coordinates"": [[-79.35849067228433, 43.760644129002024]], ""type"": ""MultiPoint""}"
4406,2009:1094026,2009-03-11T08:28:00,LESMILL Road,DUNCAN MILL Road,,3,Non-Fatal Injury,At Intersection,No Control,Pedestrian Collision(internal code),Clear,Daylight,Dry,Collector,false,-79.35849067228433,43.760644129002024,1,,,2,NA,,Other Safety Equipment Used,,,,,,,,,,owner,NA,Don Valley East (16),33 Division,St.Andrew-Windfields,true,false,false,false,false,false,true,false,false,true,"{""coordinates"": [[-79.35849067228433, 43.760644129002024]], ""type"": ""MultiPoint""}"
4407,2009:1094026,2009-03-11T08:28:00,LESMILL Road,DUNCAN MILL Road,,3,Non-Fatal Injury,At Intersection,No Control,Pedestrian Collision(internal code),Clear,Daylight,Dry,Collector,false,-79.35849067228433,43.760644129002024,2,,North,3,22,Major,Other Safety Equipment Used,,,Crossing with right-of-way (intersection),Normal,,Transit vehicle driver hits pedestrian anywhere along roadway,,,,pedestrian,NA,Don Valley East (16),33 Division,St.Andrew-Windfields,true,false,false,false,false,false,true,false,false,true,"{""coordinates"": [[-79.35849067228433, 43.760644129002024]], ""type"": ""MultiPoint""}"
4408,2009:1097174,2009-03-11T21:28:00,DUNDAS ST W,BLOOR ST W,,2,Non-Fatal Injury,,No Control,Pedestrian Collision(internal code),Clear,Dark,Dry,Major Arterial,false,-79.45249100197823,43.656344282584,1,,,1,42,Major,Other Safety Equipment Used,,,Running onto roadway,Ability Impaired - Alcohol Over .08,,Transit vehicle driver hits pedestrian anywhere along roadway,,,,pedestrian,NA,Parkdale-High Park (4),11 Division,High Park North,false,false,false,false,false,false,true,false,false,true,"{""coordinates"": [[-79.45249100197823, 43.656344282584]], ""type"": ""MultiPoint""}"
4409,2009:1097174,2009-03-11T21:28:00,DUNDAS ST W,BLOOR ST W,,2,Non-Fatal Injury,,No Control,Pedestrian Collision(internal code),Clear,Dark,Dry,Major Arterial,false,-79.45249100197823,43.656344282584,1,Municipal Transit Bus (TTC),North,2,43,None,Lap and Shoulder Belt,Driving properly,Normal,,,Going Ahead,,,,,driver,NA,Parkdale-High Park (4),11 Division,High Park North,false,false,false,false,false,false,true,false,false,true,"{""coordinates"": [[-79.45249100197823, 43.656344282584]], ""type"": ""MultiPoint""}"
4410,2009:1094123,2009-03-12T15:35:00,FIRGROVE CRES,NEEDLE FIRWAY,,2,Non-Fatal Injury,,No Control,Pedestrian Collision(internal code),Clear,Daylight,Dry,Local,false,-79.51859094014148,43.753744325612125,2,,North,2,9,Major,Other Safety Equipment Used,,,Running onto roadway,Inattentive,,Driver hits pedestrian at midblock,,,,pedestrian,NA,Humber River-Black Creek (7),31 Division,Glenfield-Jane Heights,false,true,false,false,false,true,true,false,true,false,"{""coordinates"": [[-79.51859094014148, 43.753744325612125]], ""type"": ""MultiPoint""}"
4411,2009:1094123,2009-03-12T15:35:00,FIRGROVE CRES,NEEDLE FIRWAY,,2,Non-Fatal Injury,,No Control,Pedestrian Collision(internal code),Clear,Daylight,Dry,Local,false,-79.51859094014148,43.753744325612125,1,Automobile or Station Wagon,West,1,81,None,Lap and Shoulder Belt,Driving properly,Medical or Physical Disability,,,Going Ahead,,,,,driver,NA,Humber River-Black Creek (7),31 Division,Glenfield-Jane Heights,false,true,false,false,false,true,true,false,true,false,"{""coordinates"": [[-79.51859094014148, 43.753744325612125]], ""type"": ""MultiPoint""}"
4412,2009:1097622,2009-03-13T05:00:00,ATTWELL DR,CARLSON CRT,,3,Non-Fatal Injury,At Intersection,Stop Sign,Turning Movement,Clear,Dark,Dry,Collector,false,-79.58729114488088,43.689544438654785,1,Truck - Open (Flatbed),West,2,52,Minimal,Lap and Shoulder Belt,Improper turn,Normal,,,Turning Left,,,,,driver,NA,Etobicoke North (1),23 Division,West Humber-Clairville,false,false,false,false,false,false,false,false,false,true,"{""coordinates"": [[-79.58729114488088, 43.689544438654785]], ""type"": ""MultiPoint""}"
4413,2009:1097622,2009-03-13T05:00:00,ATTWELL DR,CARLSON CRT,,3,Non-Fatal Injury,At Intersection,Stop Sign,Turning Movement,Clear,Dark,Dry,Collector,false,-79.58729114488088,43.689544438654785,1,,,1,NA,,Other Safety Equipment Used,,,,,,,,,,owner,NA,Etobicoke North (1),23 Division,West Humber-Clairville,false,false,false,false,false,false,false,false,false,true,"{""coordinates"": [[-79.58729114488088, 43.689544438654785]], ""type"": ""MultiPoint""}"
4414,2009:1097622,2009-03-13T05:00:00,ATTWELL DR,CARLSON CRT,,3,Non-Fatal Injury,At Intersection,Stop Sign,Turning Movement,Clear,Dark,Dry,Collector,false,-79.58729114488088,43.689544438654785,2,Automobile or Station Wagon,North,3,46,Major,Use Unknown,Driving properly,Normal,,,Going Ahead,,,,,driver,NA,Etobicoke North (1),23 Division,West Humber-Clairville,false,false,false,false,false,false,false,false,false,true,"{""coordinates"": [[-79.58729114488088, 43.689544438654785]], ""type"": ""MultiPoint""}"
4415,2009:1094299,2009-03-13T09:14:00,GERRARD ST E,DE GRASSI ST,,2,Fatal Injury,At Intersection,Pedestrian Crossover,Pedestrian Collision(internal code),Other,Daylight,Other,Minor Arterial,false,-79.34849178600159,43.66634512853337,1,,South,2,85,Fatal,Other Safety Equipment Used,,,Crossing - pedestrian crossover,Normal,,Transit vehicle driver hits pedestrian anywhere along roadway,,,,pedestrian,8,Toronto-Danforth (14),55 Division,South Riverdale,true,false,false,false,false,true,true,false,false,true,"{""coordinates"": [[-79.34849178600159, 43.66634512853337]], ""type"": ""MultiPoint""}"
4416,2009:1094299,2009-03-13T09:14:00,GERRARD ST E,DE GRASSI ST,,2,Fatal Injury,At Intersection,Pedestrian Crossover,Pedestrian Collision(internal code),Other,Daylight,Other,Minor Arterial,false,-79.34849178600159,43.66634512853337,1,Municipal Transit Bus (TTC),West,1,44,None,Other Safety Equipment Used,Failed to yield right-of-way,Normal,,,Going Ahead,,,,,driver,NA,Toronto-Danforth (14),55 Division,South Riverdale,true,false,false,false,false,true,true,false,false,true,"{""coordinates"": [[-79.34849178600159, 43.66634512853337]], ""type"": ""MultiPoint""}"
4417,2009:1098055,2009-03-14T17:07:00,BAY ST,WELLINGTON ST W,,2,Non-Fatal Injury,,No Control,Pedestrian Collision(internal code),Clear,Daylight,Dry,Major Arterial,false,-79.37999087400567,43.64804417795539,1,Automobile or Station Wagon,South,1,50,None,Lap and Shoulder Belt,Driving properly,Normal,,,Going Ahead,,,,,driver,NA,Toronto Centre (13),52 Division,Yonge-Bay Corridor,false,false,false,false,false,false,true,false,true,false,"{""coordinates"": [[-79.37999087400567, 43.64804417795539]], ""type"": ""MultiPoint""}"
4418,2009:1098055,2009-03-14T17:07:00,BAY ST,WELLINGTON ST W,,2,Non-Fatal Injury,,No Control,Pedestrian Collision(internal code),Clear,Daylight,Dry,Major Arterial,false,-79.37999087400567,43.64804417795539,2,,East,2,16,Major,Other Safety Equipment Used,,,Crossing - no traffic control,Normal,,Driver hits pedestrian at midblock,,,,pedestrian,NA,Toronto Centre (13),52 Division,Yonge-Bay Corridor,false,false,false,false,false,false,true,false,true,false,"{""coordinates"": [[-79.37999087400567, 43.64804417795539]], ""type"": ""MultiPoint""}"
4419,2009:1098588,2009-03-17T18:40:00,BLACK CREEK DR,EGLINTON AVE W,,3,Non-Fatal Injury,At Intersection,No Control,Rear End,Clear,Daylight,Dry,Major Arterial,false,-79.48349100117824,43.690244312659544,1,Automobile or Station Wagon,South,1,65,None,Lap and Shoulder Belt,Driving properly,Normal,,,Stopped,,,,,driver,NA,York South-Weston (5),12 Division,Beechborough-Greenbrook,true,true,false,false,false,true,false,false,false,false,"{""coordinates"": [[-79.48349100117824, 43.690244312659544]], ""type"": ""MultiPoint""}"
4420,2009:1098588,2009-03-17T18:40:00,BLACK CREEK DR,EGLINTON AVE W,,3,Non-Fatal Injury,At Intersection,No Control,Rear End,Clear,Daylight,Dry,Major Arterial,false,-79.48349100117824,43.690244312659544,2,,,2,NA,,Other Safety Equipment Used,,,,,,,,,,owner,NA,York South-Weston (5),12 Division,Beechborough-Greenbrook,true,true,false,false,false,true,false,false,false,false,"{""coordinates"": [[-79.48349100117824, 43.690244312659544]], ""type"": ""MultiPoint""}"
4421,2009:1098588,2009-03-17T18:40:00,BLACK CREEK DR,EGLINTON AVE W,,3,Non-Fatal Injury,At Intersection,No Control,Rear End,Clear,Daylight,Dry,Major Arterial,false,-79.48349100117824,43.690244312659544,2,Automobile or Station Wagon,South,3,21,Major,Lap and Shoulder Belt,Following too closely,Inattentive,,,Going Ahead,,,,,driver,NA,York South-Weston (5),12 Division,Beechborough-Greenbrook,true,true,false,false,false,true,false,false,false,false,"{""coordinates"": [[-79.48349100117824, 43.690244312659544]], ""type"": ""MultiPoint""}"
4422,2009:1095732,2009-03-19T23:20:00,KINGSTON Road,MIDLAND Aven,,2,Non-Fatal Injury,,Traffic Signal,Pedestrian Collision(internal code),Clear,Dark,Dry,Major Arterial,false,-79.2481905426003,43.71114398817985,1,Automobile or Station Wagon,East,1,40,None,Lap and Shoulder Belt,Driving properly,Normal,,,Going Ahead,,,,,driver,NA,Scarborough Southwest (20),41 Division,Cliffcrest,false,false,false,false,false,false,true,false,true,false,"{""coordinates"": [[-79.2481905426003, 43.71114398817985]], ""type"": ""MultiPoint""}"
4423,2009:1095732,2009-03-19T23:20:00,KINGSTON Road,MIDLAND Aven,,2,Non-Fatal Injury,,Traffic Signal,Pedestrian Collision(internal code),Clear,Dark,Dry,Major Arterial,false,-79.2481905426003,43.71114398817985,2,,North,2,17,Major,Other Safety Equipment Used,,,Crossing without right-of-way (intersection),Normal,,Driver going straight hits pedestrian crossing without right-of-way (at intersection),,,,pedestrian,NA,Scarborough Southwest (20),41 Division,Cliffcrest,false,false,false,false,false,false,true,false,true,false,"{""coordinates"": [[-79.2481905426003, 43.71114398817985]], ""type"": ""MultiPoint""}"
4424,2009:1095501,2009-03-20T08:52:00,LAWRENCE AVE W,GOOD SHEPHERD CRT,,3,Non-Fatal Injury,,No Control,Pedestrian Collision(internal code),Clear,Daylight,Other,Major Arterial,false,-79.45619091024535,43.713744265542424,1,Automobile or Station Wagon,West,2,34,None,Other Safety Equipment Used,Driving properly,Normal,,,Going Ahead,,,,,driver,NA,Eglinton-Lawrence (8),13 Division,Yorkdale-Glen Park,false,false,false,false,false,true,true,false,false,false,"{""coordinates"": [[-79.45619091024535, 43.713744265542424]], ""type"": ""MultiPoint""}"