X_id,collision_id,accdate,stname1,stname2,stname3,per_inv,acclass,accloc,traffictl,impactype,visible,light,rdsfcond,road_class,failtorem,longitude,latitude,veh_no,vehtype,initdir,per_no,invage,injury,safequip,drivact,drivcond,pedact,pedcond,manoeuvre,pedtype,cyclistype,cycact,cyccond,road_user,fatal_no,wardname,division,neighbourhood,aggressive,distracted,cyclist,motorcyclist,other_micromobility,older_adult,pedestrian,red_light,school_child,heavy_truck,geometry
4530,2009:1106309,2009-04-30T15:40:00,MCINTOSH ST,NATAL AVE,,2,Non-Fatal Injury,At Intersection,Stop Sign,Cyclist Collision,Clear,Daylight,Dry,Collector,false,-79.25189055251276,43.70794399246688,2,Bicycle,South,2,19,Major,No Equipment Available,,,,,Turning Left,,"Driver without right-of-way drives into path of cyclist (at intersection, laneway, or driveway)",Driving Properly,Normal,cyclist,NA,Scarborough Southwest (20),41 Division,Birchcliffe-Cliffside,true,false,true,false,false,false,false,false,true,false,"{""coordinates"": [[-79.25189055251276, 43.70794399246688]], ""type"": ""MultiPoint""}"
4531,2009:1106309,2009-04-30T15:40:00,MCINTOSH ST,NATAL AVE,,2,Non-Fatal Injury,At Intersection,Stop Sign,Cyclist Collision,Clear,Daylight,Dry,Collector,false,-79.25189055251276,43.70794399246688,1,Automobile or Station Wagon,West,1,18,None,Lap and Shoulder Belt,Exceeding speed limit,Normal,,,Going Ahead,,,,,driver,NA,Scarborough Southwest (20),41 Division,Birchcliffe-Cliffside,true,false,true,false,false,false,false,false,true,false,"{""coordinates"": [[-79.25189055251276, 43.70794399246688]], ""type"": ""MultiPoint""}"
4532,2009:1102324,2009-05-01T12:36:00,ST CLAIR AVE W,ORIOLE RD,,8,Fatal Injury,,No Control,SMV Unattended Vehicle,Clear,Daylight,Dry,Major Arterial,false,-79.39979085171856,43.68694419726818,2,Automobile or Station Wagon,East,4,39,Minor,Lap and Shoulder Belt,Lost control,Unknown,,,Going Ahead,,,,,driver,NA,Toronto-St. Paul's (12),53 Division,Yonge-St.Clair,false,false,false,false,false,true,false,false,false,false,"{""coordinates"": [[-79.39979085171856, 43.68694419726818]], ""type"": ""MultiPoint""}"
4533,2009:1102324,2009-05-01T12:36:00,ST CLAIR AVE W,ORIOLE RD,,8,Fatal Injury,,No Control,SMV Unattended Vehicle,Clear,Daylight,Dry,Major Arterial,false,-79.39979085171856,43.68694419726818,4,,East,7,NA,None,Other Safety Equipment Used,,,,,Parked,,,,,other,NA,Toronto-St. Paul's (12),53 Division,Yonge-St.Clair,false,false,false,false,false,true,false,false,false,false,"{""coordinates"": [[-79.39979085171856, 43.68694419726818]], ""type"": ""MultiPoint""}"
4534,2009:1102324,2009-05-01T12:36:00,ST CLAIR AVE W,ORIOLE RD,,8,Fatal Injury,,No Control,SMV Unattended Vehicle,Clear,Daylight,Dry,Major Arterial,false,-79.39979085171856,43.68694419726818,5,,East,8,NA,None,Other Safety Equipment Used,,,,,Parked,,,,,other,NA,Toronto-St. Paul's (12),53 Division,Yonge-St.Clair,false,false,false,false,false,true,false,false,false,false,"{""coordinates"": [[-79.39979085171856, 43.68694419726818]], ""type"": ""MultiPoint""}"
4535,2009:1102324,2009-05-01T12:36:00,ST CLAIR AVE W,ORIOLE RD,,8,Fatal Injury,,No Control,SMV Unattended Vehicle,Clear,Daylight,Dry,Major Arterial,false,-79.39979085171856,43.68694419726818,3,,East,6,NA,None,Other Safety Equipment Used,,,,,Parked,,,,,other,NA,Toronto-St. Paul's (12),53 Division,Yonge-St.Clair,false,false,false,false,false,true,false,false,false,false,"{""coordinates"": [[-79.39979085171856, 43.68694419726818]], ""type"": ""MultiPoint""}"
4536,2009:1102324,2009-05-01T12:36:00,ST CLAIR AVE W,ORIOLE RD,,8,Fatal Injury,,No Control,SMV Unattended Vehicle,Clear,Daylight,Dry,Major Arterial,false,-79.39979085171856,43.68694419726818,2,,,5,91,Fatal,Lap Belt Only,,,,,,,,,,passenger,14,Toronto-St. Paul's (12),53 Division,Yonge-St.Clair,false,false,false,false,false,true,false,false,false,false,"{""coordinates"": [[-79.39979085171856, 43.68694419726818]], ""type"": ""MultiPoint""}"
4537,2009:1102324,2009-05-01T12:36:00,ST CLAIR AVE W,ORIOLE RD,,8,Fatal Injury,,No Control,SMV Unattended Vehicle,Clear,Daylight,Dry,Major Arterial,false,-79.39979085171856,43.68694419726818,2,,,3,34,Minor,Lap Belt Only,,,,,,,,,,passenger,NA,Toronto-St. Paul's (12),53 Division,Yonge-St.Clair,false,false,false,false,false,true,false,false,false,false,"{""coordinates"": [[-79.39979085171856, 43.68694419726818]], ""type"": ""MultiPoint""}"
4538,2009:1102324,2009-05-01T12:36:00,ST CLAIR AVE W,ORIOLE RD,,8,Fatal Injury,,No Control,SMV Unattended Vehicle,Clear,Daylight,Dry,Major Arterial,false,-79.39979085171856,43.68694419726818,2,,,2,80,Minor,Lap and Shoulder Belt,,,,,,,,,,passenger,NA,Toronto-St. Paul's (12),53 Division,Yonge-St.Clair,false,false,false,false,false,true,false,false,false,false,"{""coordinates"": [[-79.39979085171856, 43.68694419726818]], ""type"": ""MultiPoint""}"
4539,2009:1102324,2009-05-01T12:36:00,ST CLAIR AVE W,ORIOLE RD,,8,Fatal Injury,,No Control,SMV Unattended Vehicle,Clear,Daylight,Dry,Major Arterial,false,-79.39979085171856,43.68694419726818,1,,East,1,NA,None,Other Safety Equipment Used,,,,,Parked,,,,,other,NA,Toronto-St. Paul's (12),53 Division,Yonge-St.Clair,false,false,false,false,false,true,false,false,false,false,"{""coordinates"": [[-79.39979085171856, 43.68694419726818]], ""type"": ""MultiPoint""}"
4540,2009:1106355,2009-05-02T10:52:00,JAMESON AVE,GARDINER JAMESON AV RAMP,,4,Non-Fatal Injury,At Intersection,No Control,Turning Movement,Clear,Daylight,Dry,Minor Arterial,false,-79.43429100646283,43.632444264012136,1,Truck - Open (Flatbed),South,3,38,None,Lap and Shoulder Belt,Driving properly,Normal,,,Going Ahead,,,,,driver,NA,Parkdale-High Park (4),14 Division,South Parkdale,true,false,false,false,false,false,false,false,false,true,"{""coordinates"": [[-79.43429100646283, 43.632444264012136]], ""type"": ""MultiPoint""}"
4541,2009:1108205,2009-06-04T21:28:00,PARKSIDE DR,CONSTANCE ST,,5,Non-Fatal Injury,,No Control,Pedestrian Collision(internal code),Clear,Dark,Dry,Major Arterial,false,-79.45769102605055,43.64824429341541,2,,,3,33,Minimal,Lap and Shoulder Belt,,,,,,,,,,passenger,NA,Parkdale-High Park (4),11 Division,High Park-Swansea,false,false,false,false,false,false,true,false,true,false,"{""coordinates"": [[-79.45769102605055, 43.64824429341541]], ""type"": ""MultiPoint""}"
4542,2009:1106355,2009-05-02T10:52:00,JAMESON AVE,GARDINER JAMESON AV RAMP,,4,Non-Fatal Injury,At Intersection,No Control,Turning Movement,Clear,Daylight,Dry,Minor Arterial,false,-79.43429100646283,43.632444264012136,2,Automobile or Station Wagon,East,4,22,Major,Air Bag Deployed,Failed to yield right-of-way,Normal,,,Turning Left,,,,,driver,NA,Parkdale-High Park (4),14 Division,South Parkdale,true,false,false,false,false,false,false,false,false,true,"{""coordinates"": [[-79.43429100646283, 43.632444264012136]], ""type"": ""MultiPoint""}"
4543,2009:1106355,2009-05-02T10:52:00,JAMESON AVE,GARDINER JAMESON AV RAMP,,4,Non-Fatal Injury,At Intersection,No Control,Turning Movement,Clear,Daylight,Dry,Minor Arterial,false,-79.43429100646283,43.632444264012136,1,,,2,NA,,Other Safety Equipment Used,,,,,,,,,,owner,NA,Parkdale-High Park (4),14 Division,South Parkdale,true,false,false,false,false,false,false,false,false,true,"{""coordinates"": [[-79.43429100646283, 43.632444264012136]], ""type"": ""MultiPoint""}"
4544,2009:1106355,2009-05-02T10:52:00,JAMESON AVE,GARDINER JAMESON AV RAMP,,4,Non-Fatal Injury,At Intersection,No Control,Turning Movement,Clear,Daylight,Dry,Minor Arterial,false,-79.43429100646283,43.632444264012136,3,,,1,NA,None,Other Safety Equipment Used,,,,,,,,,,other,NA,Parkdale-High Park (4),14 Division,South Parkdale,true,false,false,false,false,false,false,false,false,true,"{""coordinates"": [[-79.43429100646283, 43.632444264012136]], ""type"": ""MultiPoint""}"
4545,2009:1106578,2009-05-04T11:00:00,TRETHEWEY DR,BROOKHAVEN DR,,5,Non-Fatal Injury,At Intersection,No Control,Turning Movement,Clear,Daylight,Dry,Minor Arterial,false,-79.49389100816816,43.696944323893895,1,Automobile or Station Wagon,East,2,47,Major,Lap and Shoulder Belt,Improper turn,Inattentive,,,Turning Left,,,,,driver,NA,York South-Weston (5),12 Division,Brookhaven-Amesbury,false,true,false,false,false,false,false,false,false,false,"{""coordinates"": [[-79.49389100816816, 43.696944323893895]], ""type"": ""MultiPoint""}"
4546,2009:1106578,2009-05-04T11:00:00,TRETHEWEY DR,BROOKHAVEN DR,,5,Non-Fatal Injury,At Intersection,No Control,Turning Movement,Clear,Daylight,Dry,Minor Arterial,false,-79.49389100816816,43.696944323893895,2,,,4,NA,,Other Safety Equipment Used,,,,,,,,,,owner,NA,York South-Weston (5),12 Division,Brookhaven-Amesbury,false,true,false,false,false,false,false,false,false,false,"{""coordinates"": [[-79.49389100816816, 43.696944323893895]], ""type"": ""MultiPoint""}"
4547,2009:1106578,2009-05-04T11:00:00,TRETHEWEY DR,BROOKHAVEN DR,,5,Non-Fatal Injury,At Intersection,No Control,Turning Movement,Clear,Daylight,Dry,Minor Arterial,false,-79.49389100816816,43.696944323893895,1,,,1,NA,,Other Safety Equipment Used,,,,,,,,,,owner,NA,York South-Weston (5),12 Division,Brookhaven-Amesbury,false,true,false,false,false,false,false,false,false,false,"{""coordinates"": [[-79.49389100816816, 43.696944323893895]], ""type"": ""MultiPoint""}"
4548,2009:1106578,2009-05-04T11:00:00,TRETHEWEY DR,BROOKHAVEN DR,,5,Non-Fatal Injury,At Intersection,No Control,Turning Movement,Clear,Daylight,Dry,Minor Arterial,false,-79.49389100816816,43.696944323893895,2,Automobile or Station Wagon,East,5,55,None,Lap and Shoulder Belt,Driving properly,Normal,,,Going Ahead,,,,,driver,NA,York South-Weston (5),12 Division,Brookhaven-Amesbury,false,true,false,false,false,false,false,false,false,false,"{""coordinates"": [[-79.49389100816816, 43.696944323893895]], ""type"": ""MultiPoint""}"
4549,2009:1106578,2009-05-04T11:00:00,TRETHEWEY DR,BROOKHAVEN DR,,5,Non-Fatal Injury,At Intersection,No Control,Turning Movement,Clear,Daylight,Dry,Minor Arterial,false,-79.49389100816816,43.696944323893895,2,,,3,54,Major,Lap and Shoulder Belt,,,,,,,,,,passenger,NA,York South-Weston (5),12 Division,Brookhaven-Amesbury,false,true,false,false,false,false,false,false,false,false,"{""coordinates"": [[-79.49389100816816, 43.696944323893895]], ""type"": ""MultiPoint""}"
4550,2009:1106823,2009-05-06T19:09:00,1472 AVENUE RD,,,3,Non-Fatal Injury,,No Control,Pedestrian Collision(internal code),Clear,Daylight,Dry,Major Arterial,false,-79.41509082610686,43.72044420872085,1,Automobile or Station Wagon,South,2,41,None,Other Safety Equipment Used,Driving properly,Normal,,,Going Ahead,,,,,driver,NA,Eglinton-Lawrence (8),53 Division,Bedford Park-Nortown,false,false,false,false,false,false,true,false,false,false,"{""coordinates"": [[-79.41509082610686, 43.72044420872085]], ""type"": ""MultiPoint""}"
4551,2009:1106823,2009-05-06T19:09:00,1472 AVENUE RD,,,3,Non-Fatal Injury,,No Control,Pedestrian Collision(internal code),Clear,Daylight,Dry,Major Arterial,false,-79.41509082610686,43.72044420872085,1,,,1,NA,,Other Safety Equipment Used,,,,,,,,,,owner,NA,Eglinton-Lawrence (8),53 Division,Bedford Park-Nortown,false,false,false,false,false,false,true,false,false,false,"{""coordinates"": [[-79.41509082610686, 43.72044420872085]], ""type"": ""MultiPoint""}"
4552,2009:1106823,2009-05-06T19:09:00,1472 AVENUE RD,,,3,Non-Fatal Injury,,No Control,Pedestrian Collision(internal code),Clear,Daylight,Dry,Major Arterial,false,-79.41509082610686,43.72044420872085,2,,,3,28,Major,Other Safety Equipment Used,,,Running onto roadway,Had Been Drinking,,Driver hits pedestrian at midblock,,,,pedestrian,NA,Eglinton-Lawrence (8),53 Division,Bedford Park-Nortown,false,false,false,false,false,false,true,false,false,false,"{""coordinates"": [[-79.41509082610686, 43.72044420872085]], ""type"": ""MultiPoint""}"
4553,2009:1107097,2009-05-07T05:53:00,ANNETTE ST,KEELE ST,,4,Non-Fatal Injury,At Intersection,Traffic Signal,Angle,Rain,Dawn,Wet,Major Arterial,false,-79.46379101115976,43.66364429618206,2,,,2,NA,,Other Safety Equipment Used,,,,,,,,,,owner,NA,Parkdale-High Park (4),11 Division,Junction Area,true,false,false,false,false,false,false,true,false,false,"{""coordinates"": [[-79.46379101115976, 43.66364429618206]], ""type"": ""MultiPoint""}"
4554,2009:1107097,2009-05-07T05:53:00,ANNETTE ST,KEELE ST,,4,Non-Fatal Injury,At Intersection,Traffic Signal,Angle,Rain,Dawn,Wet,Major Arterial,false,-79.46379101115976,43.66364429618206,2,Automobile or Station Wagon,West,3,28,None,Lap and Shoulder Belt,Disobeyed traffic control,Ability Impaired - Alcohol Over .08,,,Going Ahead,,,,,driver,NA,Parkdale-High Park (4),11 Division,Junction Area,true,false,false,false,false,false,false,true,false,false,"{""coordinates"": [[-79.46379101115976, 43.66364429618206]], ""type"": ""MultiPoint""}"
4555,2009:1107097,2009-05-07T05:53:00,ANNETTE ST,KEELE ST,,4,Non-Fatal Injury,At Intersection,Traffic Signal,Angle,Rain,Dawn,Wet,Major Arterial,false,-79.46379101115976,43.66364429618206,3,,,4,NA,,No Equipment Available,,,,,,,,,,owner,NA,Parkdale-High Park (4),11 Division,Junction Area,true,false,false,false,false,false,false,true,false,false,"{""coordinates"": [[-79.46379101115976, 43.66364429618206]], ""type"": ""MultiPoint""}"
4556,2009:1107097,2009-05-07T05:53:00,ANNETTE ST,KEELE ST,,4,Non-Fatal Injury,At Intersection,Traffic Signal,Angle,Rain,Dawn,Wet,Major Arterial,false,-79.46379101115976,43.66364429618206,1,Automobile or Station Wagon,South,1,48,Major,Lap and Shoulder Belt,Driving properly,Normal,,,Going Ahead,,,,,driver,NA,Parkdale-High Park (4),11 Division,Junction Area,true,false,false,false,false,false,false,true,false,false,"{""coordinates"": [[-79.46379101115976, 43.66364429618206]], ""type"": ""MultiPoint""}"
4557,2009:1103248,2009-05-07T23:07:00,COXWELL AVE,CASCI AVE,,2,Non-Fatal Injury,,No Control,Cyclist Collision,Clear,Dark,Dry,Minor Arterial,false,-79.32078971918409,43.67654208773646,2,Bicycle,North,2,19,Major,Other Safety Equipment Used,,,,,Changing Lanes,,Sideswipe with cyclist and driver travelling in same direction,Improper Lane Change,,cyclist,NA,Beaches-East York (19),55 Division,Woodbine Corridor,false,false,true,false,false,false,false,false,true,false,"{""coordinates"": [[-79.32078971918409, 43.67654208773646]], ""type"": ""MultiPoint""}"
4558,2009:1103248,2009-05-07T23:07:00,COXWELL AVE,CASCI AVE,,2,Non-Fatal Injury,,No Control,Cyclist Collision,Clear,Dark,Dry,Minor Arterial,false,-79.32078971918409,43.67654208773646,1,Passenger Van,North,1,18,None,Other Safety Equipment Used,Driving properly,Normal,,,Going Ahead,,,,,driver,NA,Beaches-East York (19),55 Division,Woodbine Corridor,false,false,true,false,false,false,false,false,true,false,"{""coordinates"": [[-79.32078971918409, 43.67654208773646]], ""type"": ""MultiPoint""}"
4559,2009:1107567,2009-05-08T17:43:00,WOODBINE AVE,DANFORTH AVE,,3,Non-Fatal Injury,At Intersection,Traffic Signal,SMV Other,Clear,Daylight,Dry,Major Arterial,false,-79.3127906919415,43.6856440758424,1,Automobile or Station Wagon,West,2,22,Minor,Lap and Shoulder Belt,Lost control,Normal,,,Going Ahead,,,,,driver,NA,Beaches-East York (19),55 Division,Woodbine Corridor,false,false,false,false,false,false,false,false,true,false,"{""coordinates"": [[-79.3127906919415, 43.685644075842404]], ""type"": ""MultiPoint""}"
4560,2009:1107567,2009-05-08T17:43:00,WOODBINE AVE,DANFORTH AVE,,3,Non-Fatal Injury,At Intersection,Traffic Signal,SMV Other,Clear,Daylight,Dry,Major Arterial,false,-79.3127906919415,43.6856440758424,1,,,1,18,Major,Lap and Shoulder Belt,,,,,Other,,,,,passenger,NA,Beaches-East York (19),55 Division,Woodbine Corridor,false,false,false,false,false,false,false,false,true,false,"{""coordinates"": [[-79.3127906919415, 43.685644075842404]], ""type"": ""MultiPoint""}"
4561,2009:1107567,2009-05-08T17:43:00,WOODBINE AVE,DANFORTH AVE,,3,Non-Fatal Injury,At Intersection,Traffic Signal,SMV Other,Clear,Daylight,Dry,Major Arterial,false,-79.3127906919415,43.6856440758424,2,,,3,NA,,Other Safety Equipment Used,,,,,,,,,,owner,NA,Beaches-East York (19),55 Division,Woodbine Corridor,false,false,false,false,false,false,false,false,true,false,"{""coordinates"": [[-79.3127906919415, 43.685644075842404]], ""type"": ""MultiPoint""}"
4562,2009:1107143,2009-05-09T13:40:00,QUEEN ST W,BAY ST,,2,Non-Fatal Injury,At Intersection,Traffic Signal,Pedestrian Collision(internal code),Rain,Daylight,Wet,Major Arterial,false,-79.38169087155447,43.651844179653615,1,Automobile or Station Wagon,East,1,61,None,Lap and Shoulder Belt,Driving properly,Normal,,,Going Ahead,,,,,driver,NA,Spadina-Fort York (10),52 Division,Yonge-Bay Corridor,false,true,false,false,false,false,true,false,false,false,"{""coordinates"": [[-79.38169087155447, 43.651844179653615]], ""type"": ""MultiPoint""}"
4563,2009:1107143,2009-05-09T13:40:00,QUEEN ST W,BAY ST,,2,Non-Fatal Injury,At Intersection,Traffic Signal,Pedestrian Collision(internal code),Rain,Daylight,Wet,Major Arterial,false,-79.38169087155447,43.651844179653615,2,,South,2,64,Major,Other Safety Equipment Used,,,Crossing without right-of-way (intersection),Inattentive,,Driver going straight hits pedestrian crossing without right-of-way (at intersection),,,,pedestrian,NA,Spadina-Fort York (10),52 Division,Yonge-Bay Corridor,false,true,false,false,false,false,true,false,false,false,"{""coordinates"": [[-79.38169087155447, 43.651844179653615]], ""type"": ""MultiPoint""}"
4564,2009:1109447,2009-05-11T07:22:00,FRONT ST W,SPADINA AVE,,3,Non-Fatal Injury,,No Control,Pedestrian Collision(internal code),Clear,Daylight,Dry,Minor Arterial,false,-79.39569091384652,43.64224420275616,1,,,1,NA,,Other Safety Equipment Used,,,,,,,,,,owner,NA,Spadina-Fort York (10),14 Division,Harbourfront-CityPlace,false,false,false,false,false,false,true,false,false,true,"{""coordinates"": [[-79.39569091384652, 43.64224420275616]], ""type"": ""MultiPoint""}"
4565,2009:1109447,2009-05-11T07:22:00,FRONT ST W,SPADINA AVE,,3,Non-Fatal Injury,,No Control,Pedestrian Collision(internal code),Clear,Daylight,Dry,Minor Arterial,false,-79.39569091384652,43.64224420275616,1,Truck - Open (Flatbed),West,2,52,None,Lap and Shoulder Belt,Driving properly,Normal,,,Going Ahead,,,,,driver,NA,Spadina-Fort York (10),14 Division,Harbourfront-CityPlace,false,false,false,false,false,false,true,false,false,true,"{""coordinates"": [[-79.39569091384652, 43.64224420275616]], ""type"": ""MultiPoint""}"
4566,2009:1109447,2009-05-11T07:22:00,FRONT ST W,SPADINA AVE,,3,Non-Fatal Injury,,No Control,Pedestrian Collision(internal code),Clear,Daylight,Dry,Minor Arterial,false,-79.39569091384652,43.64224420275616,2,,,3,32,Major,No Equipment Available,,,Running onto roadway,Other Condition,,Driver hits pedestrian at midblock,,,,pedestrian,NA,Spadina-Fort York (10),14 Division,Harbourfront-CityPlace,false,false,false,false,false,false,true,false,false,true,"{""coordinates"": [[-79.39569091384652, 43.64224420275616]], ""type"": ""MultiPoint""}"
4567,2009:1103903,2009-05-12T15:40:00,MIDLAND AVE,SOUTH SHIELDS AVE,,2,Non-Fatal Injury,At Intersection,Traffic Signal,Pedestrian Collision(internal code),Clear,Daylight,Dry,Major Arterial,false,-79.28879051547896,43.807044047537865,1,Automobile or Station Wagon,South,2,60,None,Other Safety Equipment Used,Failed to yield right-of-way,Inattentive,,,Turning Left,,,,,driver,NA,Scarborough North (23),42 Division,Agincourt North,true,true,false,false,false,false,true,false,false,false,"{""coordinates"": [[-79.28879051547896, 43.807044047537865]], ""type"": ""MultiPoint""}"
4568,2009:1103903,2009-05-12T15:40:00,MIDLAND AVE,SOUTH SHIELDS AVE,,2,Non-Fatal Injury,At Intersection,Traffic Signal,Pedestrian Collision(internal code),Clear,Daylight,Dry,Major Arterial,false,-79.28879051547896,43.807044047537865,1,,North,1,20,Major,Other Safety Equipment Used,,,Crossing with right-of-way (intersection),Normal,Other,Driver turns left into pedestrian crossing with right-of-way (at intersection),,,,pedestrian,NA,Scarborough North (23),42 Division,Agincourt North,true,true,false,false,false,false,true,false,false,false,"{""coordinates"": [[-79.28879051547896, 43.807044047537865]], ""type"": ""MultiPoint""}"
4569,2009:1107709,2009-05-13T17:29:00,610 VAUGHAN RD,,,3,Non-Fatal Injury,,No Control,Pedestrian Collision(internal code),Clear,Daylight,Dry,Minor Arterial,false,-79.43949091719854,43.691844250983785,1,,,1,NA,,Other Safety Equipment Used,,,,,,,,,,owner,NA,Toronto-St. Paul's (12),13 Division,Oakwood Village,false,false,false,false,false,false,true,false,false,false,"{""coordinates"": [[-79.43949091719854, 43.691844250983785]], ""type"": ""MultiPoint""}"
4570,2009:1107709,2009-05-13T17:29:00,610 VAUGHAN RD,,,3,Non-Fatal Injury,,No Control,Pedestrian Collision(internal code),Clear,Daylight,Dry,Minor Arterial,false,-79.43949091719854,43.691844250983785,2,,North,3,38,Major,Other Safety Equipment Used,,,Crossing - no traffic control,Had Been Drinking,,Driver hits pedestrian at midblock,,,,pedestrian,NA,Toronto-St. Paul's (12),13 Division,Oakwood Village,false,false,false,false,false,false,true,false,false,false,"{""coordinates"": [[-79.43949091719854, 43.691844250983785]], ""type"": ""MultiPoint""}"
4571,2009:1107709,2009-05-13T17:29:00,610 VAUGHAN RD,,,3,Non-Fatal Injury,,No Control,Pedestrian Collision(internal code),Clear,Daylight,Dry,Minor Arterial,false,-79.43949091719854,43.691844250983785,1,Automobile or Station Wagon,West,2,35,None,Lap and Shoulder Belt,Driving properly,Normal,,,Going Ahead,,,,,driver,NA,Toronto-St. Paul's (12),13 Division,Oakwood Village,false,false,false,false,false,false,true,false,false,false,"{""coordinates"": [[-79.43949091719854, 43.691844250983785]], ""type"": ""MultiPoint""}"
4572,2009:1106370,2009-05-15T02:39:00,DIXON RD,CARLINGVIEW DR,,2,Non-Fatal Injury,,No Control,Pedestrian Collision(internal code),Clear,Dark,Dry,Major Arterial,true,-79.59799116407821,43.68664445301145,1,Automobile or Station Wagon,West,1,NA,None,Other Safety Equipment Used,Exceeding speed limit,Unknown,,,Going Ahead,,,,,driver,NA,Etobicoke North (1),23 Division,West Humber-Clairville,true,false,false,false,false,false,true,false,false,false,"{""coordinates"": [[-79.59799116407821, 43.68664445301145]], ""type"": ""MultiPoint""}"
4573,2009:1106370,2009-05-15T02:39:00,DIXON RD,CARLINGVIEW DR,,2,Non-Fatal Injury,,No Control,Pedestrian Collision(internal code),Clear,Dark,Dry,Major Arterial,true,-79.59799116407821,43.68664445301145,1,,North,2,37,Major,Other Safety Equipment Used,,,Crossing - no traffic control,Ability Impaired - Alcohol Over .08,,Driver hits pedestrian at midblock,,,,pedestrian,NA,Etobicoke North (1),23 Division,West Humber-Clairville,true,false,false,false,false,false,true,false,false,false,"{""coordinates"": [[-79.59799116407821, 43.68664445301145]], ""type"": ""MultiPoint""}"
4574,2009:1108048,2009-05-15T11:00:00,4175 LAWRENCE AVE E,,,2,Non-Fatal Injury,,No Control,Pedestrian Collision(internal code),Clear,Daylight,Dry,Major Arterial,false,-79.18769039969062,43.76804393405015,2,Automobile or Station Wagon,West,2,80,None,Lap and Shoulder Belt,Driving properly,Normal,,,Going Ahead,,,,,driver,NA,Scarborough-Guildwood (24),43 Division,West Hill,false,false,false,false,false,true,true,false,false,false,"{""coordinates"": [[-79.18769039969062, 43.76804393405015]], ""type"": ""MultiPoint""}"
4575,2009:1108048,2009-05-15T11:00:00,4175 LAWRENCE AVE E,,,2,Non-Fatal Injury,,No Control,Pedestrian Collision(internal code),Clear,Daylight,Dry,Major Arterial,false,-79.18769039969062,43.76804393405015,1,,South,1,61,Major,Other Safety Equipment Used,,,Crossing - no traffic control,Had Been Drinking,,Driver hits pedestrian at midblock,,,,pedestrian,NA,Scarborough-Guildwood (24),43 Division,West Hill,false,false,false,false,false,true,true,false,false,false,"{""coordinates"": [[-79.18769039969062, 43.76804393405015]], ""type"": ""MultiPoint""}"
4576,2009:1111047,2009-05-15T12:05:00,KENNEDY RD,ANTRIM CRES,,2,Non-Fatal Injury,At Intersection,Traffic Signal,Pedestrian Collision(internal code),Clear,Daylight,Dry,Major Arterial,false,-79.2832905373326,43.77174403749634,2,,East,2,23,Major,Other Safety Equipment Used,,,Crossing with right-of-way (intersection),Normal,,Driver turns left into pedestrian crossing with right-of-way (at intersection),,,,pedestrian,NA,Scarborough Centre (21),41 Division,Dorset Park,true,true,false,false,false,false,true,false,false,false,"{""coordinates"": [[-79.2832905373326, 43.77174403749634]], ""type"": ""MultiPoint""}"
4577,2009:1111047,2009-05-15T12:05:00,KENNEDY RD,ANTRIM CRES,,2,Non-Fatal Injury,At Intersection,Traffic Signal,Pedestrian Collision(internal code),Clear,Daylight,Dry,Major Arterial,false,-79.2832905373326,43.77174403749634,1,Automobile or Station Wagon,East,1,58,None,Lap and Shoulder Belt,Failed to yield right-of-way,Inattentive,,,Turning Left,,,,,driver,NA,Scarborough Centre (21),41 Division,Dorset Park,true,true,false,false,false,false,true,false,false,false,"{""coordinates"": [[-79.2832905373326, 43.77174403749634]], ""type"": ""MultiPoint""}"
4578,2009:1104513,2009-05-16T09:28:00,DAWES RD,BETH ST,,4,Non-Fatal Injury,,No Control,Approaching Head On,Clear,Daylight,Wet,Minor Arterial,false,-79.29589063506747,43.70534405181719,1,,,1,NA,,Other Safety Equipment Used,,,,,,,,,,owner,NA,Beaches-East York (19),55 Division,O'Connor-Parkview,false,false,false,false,false,true,false,false,false,false,"{""coordinates"": [[-79.29589063506747, 43.70534405181719]], ""type"": ""MultiPoint""}"
4579,2009:1104513,2009-05-16T09:28:00,DAWES RD,BETH ST,,4,Non-Fatal Injury,,No Control,Approaching Head On,Clear,Daylight,Wet,Minor Arterial,false,-79.29589063506747,43.70534405181719,2,,,3,NA,,Other Safety Equipment Used,,,,,,,,,,owner,NA,Beaches-East York (19),55 Division,O'Connor-Parkview,false,false,false,false,false,true,false,false,false,false,"{""coordinates"": [[-79.29589063506747, 43.70534405181719]], ""type"": ""MultiPoint""}"
4580,2009:1104513,2009-05-16T09:28:00,DAWES RD,BETH ST,,4,Non-Fatal Injury,,No Control,Approaching Head On,Clear,Daylight,Wet,Minor Arterial,false,-79.29589063506747,43.70534405181719,2,Automobile or Station Wagon,South,4,24,Major,Other Safety Equipment Used,Lost control,Normal,,,Going Ahead,,,,,driver,NA,Beaches-East York (19),55 Division,O'Connor-Parkview,false,false,false,false,false,true,false,false,false,false,"{""coordinates"": [[-79.29589063506747, 43.70534405181719]], ""type"": ""MultiPoint""}"
4581,2009:1104513,2009-05-16T09:28:00,DAWES RD,BETH ST,,4,Non-Fatal Injury,,No Control,Approaching Head On,Clear,Daylight,Wet,Minor Arterial,false,-79.29589063506747,43.70534405181719,1,Automobile or Station Wagon,North,2,75,Major,Other Safety Equipment Used,Driving properly,Normal,,,Going Ahead,,,,,driver,NA,Beaches-East York (19),55 Division,O'Connor-Parkview,false,false,false,false,false,true,false,false,false,false,"{""coordinates"": [[-79.29589063506747, 43.70534405181719]], ""type"": ""MultiPoint""}"