X_id,collision_id,accdate,stname1,stname2,stname3,per_inv,acclass,accloc,traffictl,impactype,visible,light,rdsfcond,road_class,failtorem,longitude,latitude,veh_no,vehtype,initdir,per_no,invage,injury,safequip,drivact,drivcond,pedact,pedcond,manoeuvre,pedtype,cyclistype,cycact,cyccond,road_user,fatal_no,wardname,division,neighbourhood,aggressive,distracted,cyclist,motorcyclist,other_micromobility,older_adult,pedestrian,red_light,school_child,heavy_truck,geometry
4636,2009:1112065,2009-05-28T15:00:00,EGLINTON Aven E,BERMONDSEY Road,,3,Non-Fatal Injury,At Intersection,Traffic Signal,Rear End,Rain,Daylight,Wet,Major Arterial,false,-79.31349063915687,43.726044074406154,2,Automobile or Station Wagon,East,2,52,Major,Lap and Shoulder Belt,Driving properly,Normal,,,Stopped,,,,,driver,NA,Don Valley East (16),33 Division,Victoria Village,true,true,false,false,false,false,false,false,false,false,"{""coordinates"": [[-79.31349063915687, 43.726044074406154]], ""type"": ""MultiPoint""}"
4637,2009:1112065,2009-05-28T15:00:00,EGLINTON Aven E,BERMONDSEY Road,,3,Non-Fatal Injury,At Intersection,Traffic Signal,Rear End,Rain,Daylight,Wet,Major Arterial,false,-79.31349063915687,43.726044074406154,1,Automobile or Station Wagon,East,1,43,None,Lap and Shoulder Belt,Following too closely,Inattentive,,,Going Ahead,,,,,driver,NA,Don Valley East (16),33 Division,Victoria Village,true,true,false,false,false,false,false,false,false,false,"{""coordinates"": [[-79.31349063915687, 43.726044074406154]], ""type"": ""MultiPoint""}"
4638,2009:1112065,2009-05-28T15:00:00,EGLINTON Aven E,BERMONDSEY Road,,3,Non-Fatal Injury,At Intersection,Traffic Signal,Rear End,Rain,Daylight,Wet,Major Arterial,false,-79.31349063915687,43.726044074406154,3,Automobile or Station Wagon,East,3,33,None,Lap and Shoulder Belt,Driving properly,Normal,,,Stopped,,,,,driver,NA,Don Valley East (16),33 Division,Victoria Village,true,true,false,false,false,false,false,false,false,false,"{""coordinates"": [[-79.31349063915687, 43.726044074406154]], ""type"": ""MultiPoint""}"
4639,2009:1108321,2009-05-29T21:10:00,DANFORTH Road,ST CLAIR Aven E,,2,Non-Fatal Injury,At Intersection,Traffic Signal,Pedestrian Collision(internal code),Rain,Dark,Wet,Major Arterial,false,-79.25989055628196,43.716844003825535,2,,North,2,56,Major,No Equipment Available,,,Crossing with right-of-way (intersection),Had Been Drinking,,Driver turns left into pedestrian crossing with right-of-way (at intersection),,,,pedestrian,NA,Scarborough Southwest (20),41 Division,Clairlea-Birchmount,true,false,false,false,false,false,true,false,false,false,"{""coordinates"": [[-79.25989055628196, 43.716844003825535]], ""type"": ""MultiPoint""}"
4640,2009:1108321,2009-05-29T21:10:00,DANFORTH Road,ST CLAIR Aven E,,2,Non-Fatal Injury,At Intersection,Traffic Signal,Pedestrian Collision(internal code),Rain,Dark,Wet,Major Arterial,false,-79.25989055628196,43.716844003825535,1,Automobile or Station Wagon,South,1,48,None,Lap and Shoulder Belt,Failed to yield right-of-way,Normal,,,Turning Left,,,,,driver,NA,Scarborough Southwest (20),41 Division,Clairlea-Birchmount,true,false,false,false,false,false,true,false,false,false,"{""coordinates"": [[-79.25989055628196, 43.716844003825535]], ""type"": ""MultiPoint""}"
4641,2009:1107035,2009-05-31T04:23:00,WESTON RD,EGLINTON AVE W,,2,Non-Fatal Injury,At Intersection,Traffic Signal,SMV Other,Clear,Dark,Dry,Major Arterial,false,-79.48949101824614,43.68694432254031,1,,,1,NA,Minor,Lap and Shoulder Belt,,,,,Other,,,,,passenger,NA,York South-Weston (5),12 Division,Mount Dennis,false,false,false,false,false,false,false,false,false,false,"{""coordinates"": [[-79.48949101824614, 43.68694432254031]], ""type"": ""MultiPoint""}"
4642,2009:1107035,2009-05-31T04:23:00,WESTON RD,EGLINTON AVE W,,2,Non-Fatal Injury,At Intersection,Traffic Signal,SMV Other,Clear,Dark,Dry,Major Arterial,false,-79.48949101824614,43.68694432254031,1,Automobile or Station Wagon,,2,20,Major,Other Safety Equipment Used,,Ability Impaired - Alcohol Over .08,,,Going Ahead,,,,,driver,NA,York South-Weston (5),12 Division,Mount Dennis,false,false,false,false,false,false,false,false,false,false,"{""coordinates"": [[-79.48949101824614, 43.68694432254031]], ""type"": ""MultiPoint""}"
4643,2009:1112907,2009-06-01T16:41:00,EASTERN AVE,QUEEN ST E,,2,Non-Fatal Injury,At Intersection,Stop Sign,Pedestrian Collision(internal code),Clear,Daylight,Dry,Minor Arterial,false,-79.31479072103055,43.66674407982893,2,,West,1,39,Major,No Equipment Available,,,Crossing with right-of-way (intersection),Normal,,Driver turns right into pedestrian crossing with right-of-way (at intersection),,,,pedestrian,NA,Beaches-East York (19),55 Division,The Beaches,true,true,false,false,false,false,true,false,false,false,"{""coordinates"": [[-79.31479072103055, 43.66674407982893]], ""type"": ""MultiPoint""}"
4644,2009:1112907,2009-06-01T16:41:00,EASTERN AVE,QUEEN ST E,,2,Non-Fatal Injury,At Intersection,Stop Sign,Pedestrian Collision(internal code),Clear,Daylight,Dry,Minor Arterial,false,-79.31479072103055,43.66674407982893,1,Automobile or Station Wagon,North,2,39,Minor,Lap and Shoulder Belt,Failed to yield right-of-way,Inattentive,,,Turning Right,,,,,driver,NA,Beaches-East York (19),55 Division,The Beaches,true,true,false,false,false,false,true,false,false,false,"{""coordinates"": [[-79.31479072103055, 43.66674407982893]], ""type"": ""MultiPoint""}"
4645,2009:1154355,2009-06-02T08:20:00,MANOR RD E,MOUNT PLEASANT RD,,2,Non-Fatal Injury,,Traffic Signal,Cyclist Collision,Clear,Daylight,Dry,Major Arterial,false,-79.38859080426572,43.70424417757207,1,Automobile or Station Wagon,West,1,48,None,Lap and Shoulder Belt,Driving properly,Inattentive,,,Stopped,,,,,driver,NA,Toronto-St. Paul's (12),53 Division,South Eglinton-Davisville,false,true,true,false,false,false,false,false,false,false,"{""coordinates"": [[-79.38859080426572, 43.70424417757207]], ""type"": ""MultiPoint""}"
4646,2009:1154355,2009-06-02T08:20:00,MANOR RD E,MOUNT PLEASANT RD,,2,Non-Fatal Injury,,Traffic Signal,Cyclist Collision,Clear,Daylight,Dry,Major Arterial,false,-79.38859080426572,43.70424417757207,2,Bicycle,West,2,21,Major,Helmet,,,,,Going Ahead,,Dooring,Driving Properly,Normal,cyclist,NA,Toronto-St. Paul's (12),53 Division,South Eglinton-Davisville,false,true,true,false,false,false,false,false,false,false,"{""coordinates"": [[-79.38859080426572, 43.70424417757207]], ""type"": ""MultiPoint""}"
4647,2009:1113047,2009-06-02T12:56:00,PRITCHARD Aven,MOULD Aven,,1,Non-Fatal Injury,At Intersection,Stop Sign,Pedestrian Collision(internal code),Clear,Daylight,Dry,Local,false,-79.48809104531519,43.67054432822176,1,,West,1,16,Major,No Equipment Available,,,Crossing with right-of-way (intersection),Normal,Going Ahead,Other,,,,pedestrian,NA,York South-Weston (5),12 Division,Rockcliffe-Smythe,false,false,false,false,false,false,true,false,true,false,"{""coordinates"": [[-79.48809104531519, 43.67054432822176]], ""type"": ""MultiPoint""}"
4648,2009:1107544,2009-06-02T20:13:00,QUEEN St W,UNIVERSITY Ave,,9,Non-Fatal Injury,At Intersection,Traffic Signal,Pedestrian Collision(internal code),Clear,Dark,Dry,Major Arterial,false,-79.38659088265017,43.65084418712629,1,Automobile or Station Wagon,South,1,59,Minimal,No Equipment Available,Driving properly,Normal,,,Slowing or Stopping,,,,,driver,NA,Spadina-Fort York (10),52 Division,Yonge-Bay Corridor,true,false,false,false,false,false,true,true,true,false,"{""coordinates"": [[-79.38659088265017, 43.65084418712629]], ""type"": ""MultiPoint""}"
4649,2009:1107544,2009-06-02T20:13:00,QUEEN St W,UNIVERSITY Ave,,9,Non-Fatal Injury,At Intersection,Traffic Signal,Pedestrian Collision(internal code),Clear,Dark,Dry,Major Arterial,false,-79.38659088265017,43.65084418712629,2,Automobile or Station Wagon,South,2,63,Minor,Other Safety Equipment Used,Driving properly,Normal,,,Going Ahead,,,,,driver,NA,Spadina-Fort York (10),52 Division,Yonge-Bay Corridor,true,false,false,false,false,false,true,true,true,false,"{""coordinates"": [[-79.38659088265017, 43.65084418712629]], ""type"": ""MultiPoint""}"
4650,2009:1107544,2009-06-02T20:13:00,QUEEN St W,UNIVERSITY Ave,,9,Non-Fatal Injury,At Intersection,Traffic Signal,Pedestrian Collision(internal code),Clear,Dark,Dry,Major Arterial,false,-79.38659088265017,43.65084418712629,3,Automobile or Station Wagon,West,6,20,Minimal,Other Safety Equipment Used,Disobeyed traffic control,Unknown,,,Going Ahead,,,,,driver,NA,Spadina-Fort York (10),52 Division,Yonge-Bay Corridor,true,false,false,false,false,false,true,true,true,false,"{""coordinates"": [[-79.38659088265017, 43.65084418712629]], ""type"": ""MultiPoint""}"
4651,2009:1107544,2009-06-02T20:13:00,QUEEN St W,UNIVERSITY Ave,,9,Non-Fatal Injury,At Intersection,Traffic Signal,Pedestrian Collision(internal code),Clear,Dark,Dry,Major Arterial,false,-79.38659088265017,43.65084418712629,4,,,7,21,Minimal,Other Safety Equipment Used,,,On sidewalk or shoulder,Normal,,Driver hits pedestrian on sidewalk or shoulder,,,,pedestrian,NA,Spadina-Fort York (10),52 Division,Yonge-Bay Corridor,true,false,false,false,false,false,true,true,true,false,"{""coordinates"": [[-79.38659088265017, 43.65084418712629]], ""type"": ""MultiPoint""}"
4652,2009:1107544,2009-06-02T20:13:00,QUEEN St W,UNIVERSITY Ave,,9,Non-Fatal Injury,At Intersection,Traffic Signal,Pedestrian Collision(internal code),Clear,Dark,Dry,Major Arterial,false,-79.38659088265017,43.65084418712629,4,,,8,34,Major,Other Safety Equipment Used,,,On sidewalk or shoulder,Normal,,Driver hits pedestrian on sidewalk or shoulder,,,,pedestrian,NA,Spadina-Fort York (10),52 Division,Yonge-Bay Corridor,true,false,false,false,false,false,true,true,true,false,"{""coordinates"": [[-79.38659088265017, 43.65084418712629]], ""type"": ""MultiPoint""}"
4653,2009:1107544,2009-06-02T20:13:00,QUEEN St W,UNIVERSITY Ave,,9,Non-Fatal Injury,At Intersection,Traffic Signal,Pedestrian Collision(internal code),Clear,Dark,Dry,Major Arterial,false,-79.38659088265017,43.65084418712629,3,,,5,NA,,Other Safety Equipment Used,,,,,,,,,,owner,NA,Spadina-Fort York (10),52 Division,Yonge-Bay Corridor,true,false,false,false,false,false,true,true,true,false,"{""coordinates"": [[-79.38659088265017, 43.65084418712629]], ""type"": ""MultiPoint""}"
4654,2009:1107544,2009-06-02T20:13:00,QUEEN St W,UNIVERSITY Ave,,9,Non-Fatal Injury,At Intersection,Traffic Signal,Pedestrian Collision(internal code),Clear,Dark,Dry,Major Arterial,false,-79.38659088265017,43.65084418712629,3,,,3,17,None,Other Safety Equipment Used,,,,,,,,,,passenger,NA,Spadina-Fort York (10),52 Division,Yonge-Bay Corridor,true,false,false,false,false,false,true,true,true,false,"{""coordinates"": [[-79.38659088265017, 43.65084418712629]], ""type"": ""MultiPoint""}"
4655,2009:1107544,2009-06-02T20:13:00,QUEEN St W,UNIVERSITY Ave,,9,Non-Fatal Injury,At Intersection,Traffic Signal,Pedestrian Collision(internal code),Clear,Dark,Dry,Major Arterial,false,-79.38659088265017,43.65084418712629,4,,,9,25,Major,Other Safety Equipment Used,,,On sidewalk or shoulder,Normal,,Driver hits pedestrian on sidewalk or shoulder,,,,pedestrian,NA,Spadina-Fort York (10),52 Division,Yonge-Bay Corridor,true,false,false,false,false,false,true,true,true,false,"{""coordinates"": [[-79.38659088265017, 43.65084418712629]], ""type"": ""MultiPoint""}"
4656,2009:1107544,2009-06-02T20:13:00,QUEEN St W,UNIVERSITY Ave,,9,Non-Fatal Injury,At Intersection,Traffic Signal,Pedestrian Collision(internal code),Clear,Dark,Dry,Major Arterial,false,-79.38659088265017,43.65084418712629,3,,,4,18,Minimal,Other Safety Equipment Used,,,,,,,,,,passenger,NA,Spadina-Fort York (10),52 Division,Yonge-Bay Corridor,true,false,false,false,false,false,true,true,true,false,"{""coordinates"": [[-79.38659088265017, 43.65084418712629]], ""type"": ""MultiPoint""}"
4657,2009:1107752,2009-06-03T16:46:00,WILLIAM R ALLEN RD N,LAWRENCE W ALLEN X N RAMP W,,3,Non-Fatal Injury,,No Control,Rear End,Clear,Daylight,Dry,,false,-79.44519088316655,43.71814424925533,2,Automobile or Station Wagon,,2,60,Major,Lap and Shoulder Belt,,,,,,,,,,passenger,NA,Eglinton-Lawrence (8),32 Division,Yorkdale-Glen Park,true,false,false,false,false,true,false,false,false,false,"{""coordinates"": [[-79.44519088316655, 43.71814424925533]], ""type"": ""MultiPoint""}"
4658,2009:1107752,2009-06-03T16:46:00,WILLIAM R ALLEN RD N,LAWRENCE W ALLEN X N RAMP W,,3,Non-Fatal Injury,,No Control,Rear End,Clear,Daylight,Dry,,false,-79.44519088316655,43.71814424925533,3,Automobile or Station Wagon,South,3,67,Minimal,Lap and Shoulder Belt,Driving properly,Normal,,,Stopped,,,,,driver,NA,Eglinton-Lawrence (8),32 Division,Yorkdale-Glen Park,true,false,false,false,false,true,false,false,false,false,"{""coordinates"": [[-79.44519088316655, 43.71814424925533]], ""type"": ""MultiPoint""}"
4659,2009:1107752,2009-06-03T16:46:00,WILLIAM R ALLEN RD N,LAWRENCE W ALLEN X N RAMP W,,3,Non-Fatal Injury,,No Control,Rear End,Clear,Daylight,Dry,,false,-79.44519088316655,43.71814424925533,1,Automobile or Station Wagon,South,1,31,Minimal,Lap and Shoulder Belt,Following too closely,Normal,,,Slowing or Stopping,,,,,driver,NA,Eglinton-Lawrence (8),32 Division,Yorkdale-Glen Park,true,false,false,false,false,true,false,false,false,false,"{""coordinates"": [[-79.44519088316655, 43.71814424925533]], ""type"": ""MultiPoint""}"
4660,2009:1108100,2009-06-03T17:50:00,EVANS Ave,ISLINGTON Ave,,1,Non-Fatal Injury,At Intersection,Traffic Signal,Angle,Clear,Daylight,Dry,Major Arterial,false,-79.51129117892899,43.61834438529325,1,Automobile or Station Wagon,East,2,33,None,Other Safety Equipment Used,Disobeyed traffic control,Unknown,,,Going Ahead,,,,,driver,NA,Etobicoke-Lakeshore (3),22 Division,Mimico-Queensway,true,false,false,false,false,false,false,true,false,false,"{""coordinates"": [[-79.51129117892899, 43.61834438529325]], ""type"": ""MultiPoint""}"
4661,2009:1108100,2009-06-03T17:50:00,EVANS Ave,ISLINGTON Ave,,1,Non-Fatal Injury,At Intersection,Traffic Signal,Angle,Clear,Daylight,Dry,Major Arterial,false,-79.51129117892899,43.61834438529325,2,,,4,36,Minor,Other Safety Equipment Used,,,,,,,,,,passenger,NA,Etobicoke-Lakeshore (3),22 Division,Mimico-Queensway,true,false,false,false,false,false,false,true,false,false,"{""coordinates"": [[-79.51129117892899, 43.61834438529325]], ""type"": ""MultiPoint""}"
4662,2009:1108100,2009-06-03T17:50:00,EVANS Ave,ISLINGTON Ave,,1,Non-Fatal Injury,At Intersection,Traffic Signal,Angle,Clear,Daylight,Dry,Major Arterial,false,-79.51129117892899,43.61834438529325,1,,,1,NA,,Other Safety Equipment Used,,,,,,,,,,owner,NA,Etobicoke-Lakeshore (3),22 Division,Mimico-Queensway,true,false,false,false,false,false,false,true,false,false,"{""coordinates"": [[-79.51129117892899, 43.61834438529325]], ""type"": ""MultiPoint""}"
4663,2009:1108100,2009-06-03T17:50:00,EVANS Ave,ISLINGTON Ave,,1,Non-Fatal Injury,At Intersection,Traffic Signal,Angle,Clear,Daylight,Dry,Major Arterial,false,-79.51129117892899,43.61834438529325,2,,,3,1,Minor,Other Safety Equipment Used,,,,,,,,,,passenger,NA,Etobicoke-Lakeshore (3),22 Division,Mimico-Queensway,true,false,false,false,false,false,false,true,false,false,"{""coordinates"": [[-79.51129117892899, 43.61834438529325]], ""type"": ""MultiPoint""}"
4664,2009:1108100,2009-06-03T17:50:00,EVANS Ave,ISLINGTON Ave,,1,Non-Fatal Injury,At Intersection,Traffic Signal,Angle,Clear,Daylight,Dry,Major Arterial,false,-79.51129117892899,43.61834438529325,2,Automobile or Station Wagon,North,6,40,Major,Lap and Shoulder Belt,Driving properly,Normal,,,Going Ahead,,,,,driver,NA,Etobicoke-Lakeshore (3),22 Division,Mimico-Queensway,true,false,false,false,false,false,false,true,false,false,"{""coordinates"": [[-79.51129117892899, 43.61834438529325]], ""type"": ""MultiPoint""}"
4665,2009:1108100,2009-06-03T17:50:00,EVANS Ave,ISLINGTON Ave,,1,Non-Fatal Injury,At Intersection,Traffic Signal,Angle,Clear,Daylight,Dry,Major Arterial,false,-79.51129117892899,43.61834438529325,2,,,5,NA,,Other Safety Equipment Used,,,,,,,,,,owner,NA,Etobicoke-Lakeshore (3),22 Division,Mimico-Queensway,true,false,false,false,false,false,false,true,false,false,"{""coordinates"": [[-79.51129117892899, 43.61834438529325]], ""type"": ""MultiPoint""}"
4666,2009:1113420,2009-06-04T12:58:00,FINCH Aven W,CLARKHILL Stre,,3,Non-Fatal Injury,At Intersection,Stop Sign,Turning Movement,Clear,Daylight,Dry,Major Arterial,false,-79.43499078281002,43.775444221074686,1,Motorcycle,West,1,46,Major,Helmet,Driving properly,Normal,,,Going Ahead,,,,,motorcyclist,NA,Willowdale (18),32 Division,Willowdale West,false,false,false,true,false,true,false,false,false,false,"{""coordinates"": [[-79.43499078281002, 43.775444221074686]], ""type"": ""MultiPoint""}"
4667,2009:1113420,2009-06-04T12:58:00,FINCH Aven W,CLARKHILL Stre,,3,Non-Fatal Injury,At Intersection,Stop Sign,Turning Movement,Clear,Daylight,Dry,Major Arterial,false,-79.43499078281002,43.775444221074686,3,Automobile or Station Wagon,East,3,67,None,Other Safety Equipment Used,Improper turn,Normal,,,Making U-Turn,,,,,driver,NA,Willowdale (18),32 Division,Willowdale West,false,false,false,true,false,true,false,false,false,false,"{""coordinates"": [[-79.43499078281002, 43.775444221074686]], ""type"": ""MultiPoint""}"
4668,2009:1113420,2009-06-04T12:58:00,FINCH Aven W,CLARKHILL Stre,,3,Non-Fatal Injury,At Intersection,Stop Sign,Turning Movement,Clear,Daylight,Dry,Major Arterial,false,-79.43499078281002,43.775444221074686,2,,,2,NA,,Other Safety Equipment Used,,,,,,,,,,owner,NA,Willowdale (18),32 Division,Willowdale West,false,false,false,true,false,true,false,false,false,false,"{""coordinates"": [[-79.43499078281002, 43.775444221074686]], ""type"": ""MultiPoint""}"
4669,2009:1107892,2009-06-04T14:00:00,DON VALLEY PARKWAY S,BEECHWOOD DR,,3,Non-Fatal Injury,Non-Intersection,No Control,SMV Other,Clear,Daylight,Dry,Local,false,-79.35405375369908,43.6959971319984,1,Automobile or Station Wagon,South,2,30,Major,Other Safety Equipment Used,Lost control,Inattentive,,,Slowing or Stopping,,,,,driver,NA,Toronto-Danforth (14),55 Division,Broadview North,false,true,false,false,false,false,false,false,false,false,"{""coordinates"": [[-79.35405375369908, 43.6959971319984]], ""type"": ""MultiPoint""}"
4670,2009:1107892,2009-06-04T14:00:00,DON VALLEY PARKWAY S,BEECHWOOD DR,,3,Non-Fatal Injury,Non-Intersection,No Control,SMV Other,Clear,Daylight,Dry,Local,false,-79.35405375369908,43.6959971319984,2,Automobile or Station Wagon,South,1,41,None,Other Safety Equipment Used,Driving properly,Normal,,,Slowing or Stopping,,,,,driver,NA,Toronto-Danforth (14),55 Division,Broadview North,false,true,false,false,false,false,false,false,false,false,"{""coordinates"": [[-79.35405375369908, 43.6959971319984]], ""type"": ""MultiPoint""}"
4671,2009:1107892,2009-06-04T14:00:00,DON VALLEY PARKWAY S,BEECHWOOD DR,,3,Non-Fatal Injury,Non-Intersection,No Control,SMV Other,Clear,Daylight,Dry,Local,false,-79.35405375369908,43.6959971319984,1,,,3,29,Minimal,Lap and Shoulder Belt,,,,,,,,,,passenger,NA,Toronto-Danforth (14),55 Division,Broadview North,false,true,false,false,false,false,false,false,false,false,"{""coordinates"": [[-79.35405375369908, 43.6959971319984]], ""type"": ""MultiPoint""}"
4672,2009:1108205,2009-06-04T21:28:00,PARKSIDE DR,CONSTANCE ST,,5,Non-Fatal Injury,,No Control,Pedestrian Collision(internal code),Clear,Dark,Dry,Major Arterial,false,-79.45769102605055,43.64824429341541,2,Automobile or Station Wagon,South,4,30,None,Lap and Shoulder Belt,Lost control,Normal,,,Turning Left,,,,,driver,NA,Parkdale-High Park (4),11 Division,High Park-Swansea,false,false,false,false,false,false,true,false,true,false,"{""coordinates"": [[-79.45769102605055, 43.64824429341541]], ""type"": ""MultiPoint""}"
4673,2009:1108205,2009-06-04T21:28:00,PARKSIDE DR,CONSTANCE ST,,5,Non-Fatal Injury,,No Control,Pedestrian Collision(internal code),Clear,Dark,Dry,Major Arterial,false,-79.45769102605055,43.64824429341541,3,,Unknown,5,26,Major,No Equipment Available,,,On sidewalk or shoulder,Normal,,Driver hits pedestrian on sidewalk or shoulder,,,,pedestrian,NA,Parkdale-High Park (4),11 Division,High Park-Swansea,false,false,false,false,false,false,true,false,true,false,"{""coordinates"": [[-79.45769102605055, 43.64824429341541]], ""type"": ""MultiPoint""}"
4674,2009:1108205,2009-06-04T21:28:00,PARKSIDE DR,CONSTANCE ST,,5,Non-Fatal Injury,,No Control,Pedestrian Collision(internal code),Clear,Dark,Dry,Major Arterial,false,-79.45769102605055,43.64824429341541,1,Automobile or Station Wagon,North,2,38,Minimal,Lap and Shoulder Belt,Driving properly,Normal,,,Slowing or Stopping,,,,,driver,NA,Parkdale-High Park (4),11 Division,High Park-Swansea,false,false,false,false,false,false,true,false,true,false,"{""coordinates"": [[-79.45769102605055, 43.64824429341541]], ""type"": ""MultiPoint""}"
4675,2009:1108205,2009-06-04T21:28:00,PARKSIDE DR,CONSTANCE ST,,5,Non-Fatal Injury,,No Control,Pedestrian Collision(internal code),Clear,Dark,Dry,Major Arterial,false,-79.45769102605055,43.64824429341541,1,,,1,7,Minimal,Lap and Shoulder Belt,,,,,,,,,,passenger,NA,Parkdale-High Park (4),11 Division,High Park-Swansea,false,false,false,false,false,false,true,false,true,false,"{""coordinates"": [[-79.45769102605055, 43.64824429341541]], ""type"": ""MultiPoint""}"
4676,2009:1113455,2009-06-05T12:06:00,THE QUEENSWAY,CHARTWELL Road,,2,Non-Fatal Injury,At Intersection,No Control,Turning Movement,Clear,Daylight,Dry,Major Arterial,false,-79.51049116642827,43.62454438114949,1,Automobile or Station Wagon,East,1,81,None,Lap and Shoulder Belt,Improper turn,Normal,,,Turning Left,,,,,driver,NA,Etobicoke-Lakeshore (3),22 Division,Stonegate-Queensway,false,false,false,true,false,true,false,false,false,false,"{""coordinates"": [[-79.51049116642827, 43.624544381149484]], ""type"": ""MultiPoint""}"
4677,2009:1113455,2009-06-05T12:06:00,THE QUEENSWAY,CHARTWELL Road,,2,Non-Fatal Injury,At Intersection,No Control,Turning Movement,Clear,Daylight,Dry,Major Arterial,false,-79.51049116642827,43.62454438114949,2,Motorcycle,West,2,22,Major,Helmet,Driving properly,Normal,,,Going Ahead,,,,,motorcyclist,NA,Etobicoke-Lakeshore (3),22 Division,Stonegate-Queensway,false,false,false,true,false,true,false,false,false,false,"{""coordinates"": [[-79.51049116642827, 43.624544381149484]], ""type"": ""MultiPoint""}"
4678,2009:1108193,2009-06-05T15:47:00,FINCH AVE W,HALESIA DR,,2,Fatal Injury,At Intersection,Traffic Signal,Turning Movement,Clear,Daylight,Dry,Major Arterial,false,-79.60669108604907,43.73374443412452,1,Motorcycle,East,1,38,Fatal,Other Safety Equipment Used,Lost control,Unknown,,,Slowing or Stopping,,,,,motorcyclist,15,Etobicoke North (1),23 Division,West Humber-Clairville,true,true,false,true,false,false,false,false,false,false,"{""coordinates"": [[-79.60669108604907, 43.73374443412452]], ""type"": ""MultiPoint""}"
4679,2009:1108193,2009-06-05T15:47:00,FINCH AVE W,HALESIA DR,,2,Fatal Injury,At Intersection,Traffic Signal,Turning Movement,Clear,Daylight,Dry,Major Arterial,false,-79.60669108604907,43.73374443412452,2,Automobile or Station Wagon,West,2,36,None,Other Safety Equipment Used,Failed to yield right-of-way,Inattentive,,,Turning Left,,,,,driver,NA,Etobicoke North (1),23 Division,West Humber-Clairville,true,true,false,true,false,false,false,false,false,false,"{""coordinates"": [[-79.60669108604907, 43.73374443412452]], ""type"": ""MultiPoint""}"
4680,2009:1113423,2009-06-05T18:30:00,1183 FINCH Ave W,,,3,Non-Fatal Injury,,Traffic Signal,Rear End,Clear,Daylight,Dry,Major Arterial,false,-79.4828908739493,43.765244281245465,1,,,1,NA,,Other Safety Equipment Used,,,,,,,,,,owner,NA,York Centre (6),31 Division,York University Heights,true,false,false,false,false,true,false,false,false,false,"{""coordinates"": [[-79.4828908739493, 43.765244281245465]], ""type"": ""MultiPoint""}"
4681,2009:1113423,2009-06-05T18:30:00,1183 FINCH Ave W,,,3,Non-Fatal Injury,,Traffic Signal,Rear End,Clear,Daylight,Dry,Major Arterial,false,-79.4828908739493,43.765244281245465,2,,East,3,68,Major,Lap and Shoulder Belt,Driving properly,Normal,,,Stopped,,,,,driver,NA,York Centre (6),31 Division,York University Heights,true,false,false,false,false,true,false,false,false,false,"{""coordinates"": [[-79.4828908739493, 43.765244281245465]], ""type"": ""MultiPoint""}"
4682,2009:1113423,2009-06-05T18:30:00,1183 FINCH Ave W,,,3,Non-Fatal Injury,,Traffic Signal,Rear End,Clear,Daylight,Dry,Major Arterial,false,-79.4828908739493,43.765244281245465,1,Automobile or Station Wagon,East,2,21,Minimal,Air Bag Deployed,Following too closely,Normal,,,Going Ahead,,,,,driver,NA,York Centre (6),31 Division,York University Heights,true,false,false,false,false,true,false,false,false,false,"{""coordinates"": [[-79.4828908739493, 43.765244281245465]], ""type"": ""MultiPoint""}"
4683,2009:1113770,2009-06-06T20:09:00,COXWELL Ave,ROBBINS Ave,,2,Non-Fatal Injury,,No Control,Cyclist Collision,Clear,Daylight,Dry,Minor Arterial,false,-79.31829072244706,43.67064408460452,1,Automobile or Station Wagon,South,1,41,None,Other Safety Equipment Used,Other,Inattentive,,,Parked,,,,,driver,NA,Beaches-East York (19),55 Division,Woodbine Corridor,false,true,true,false,false,false,false,false,false,false,"{""coordinates"": [[-79.31829072244706, 43.67064408460452]], ""type"": ""MultiPoint""}"
4684,2009:1113770,2009-06-06T20:09:00,COXWELL Ave,ROBBINS Ave,,2,Non-Fatal Injury,,No Control,Cyclist Collision,Clear,Daylight,Dry,Minor Arterial,false,-79.31829072244706,43.67064408460452,2,Bicycle,South,2,51,Major,Other Safety Equipment Used,,,,,Going Ahead,,Dooring,Driving Properly,Normal,cyclist,NA,Beaches-East York (19),55 Division,Woodbine Corridor,false,true,true,false,false,false,false,false,false,false,"{""coordinates"": [[-79.31829072244706, 43.67064408460452]], ""type"": ""MultiPoint""}"
4685,2009:1113980,2009-06-07T16:31:00,ISLINGTON Ave,ABERLADY Rd,,1,Non-Fatal Injury,,No Control,SMV Other,Clear,Daylight,Dry,Major Arterial,false,-79.51739116532238,43.63004438697138,1,Motorcycle,North,1,39,Major,Helmet,Lost control,Normal,,,Going Ahead,,,,,motorcyclist,NA,Etobicoke-Lakeshore (3),22 Division,Stonegate-Queensway,false,false,false,true,false,false,false,false,false,false,"{""coordinates"": [[-79.51739116532238, 43.63004438697138]], ""type"": ""MultiPoint""}"
4686,2009:1109235,2009-06-09T16:13:00,CUMMER Aven,BAYVIEW Aven,,3,Non-Fatal Injury,At Intersection,Traffic Signal,Pedestrian Collision(internal code),Clear,Daylight,Dry,Major Arterial,false,-79.39359069695547,43.79224416974788,1,,North,1,62,Major,Other Safety Equipment Used,,,Crossing without right-of-way (intersection),Inattentive,,Driver going straight hits pedestrian crossing without right-of-way (at intersection),,,,pedestrian,NA,Willowdale (18),32 Division,Newtonbrook East,false,true,false,false,false,false,true,false,false,false,"{""coordinates"": [[-79.39359069695547, 43.79224416974788]], ""type"": ""MultiPoint""}"
4687,2009:1109235,2009-06-09T16:13:00,CUMMER Aven,BAYVIEW Aven,,3,Non-Fatal Injury,At Intersection,Traffic Signal,Pedestrian Collision(internal code),Clear,Daylight,Dry,Major Arterial,false,-79.39359069695547,43.79224416974788,2,Automobile or Station Wagon,West,3,24,None,Lap and Shoulder Belt,Driving properly,Normal,,,Going Ahead,,,,,driver,NA,Willowdale (18),32 Division,Newtonbrook East,false,true,false,false,false,false,true,false,false,false,"{""coordinates"": [[-79.39359069695547, 43.79224416974788]], ""type"": ""MultiPoint""}"