X_id,collision_id,accdate,stname1,stname2,stname3,per_inv,acclass,accloc,traffictl,impactype,visible,light,rdsfcond,road_class,failtorem,longitude,latitude,veh_no,vehtype,initdir,per_no,invage,injury,safequip,drivact,drivcond,pedact,pedcond,manoeuvre,pedtype,cyclistype,cycact,cyccond,road_user,fatal_no,wardname,division,neighbourhood,aggressive,distracted,cyclist,motorcyclist,other_micromobility,older_adult,pedestrian,red_light,school_child,heavy_truck,geometry
5102,2009:1133411,2009-10-03T17:10:00,MCNICOLL Ave,BIRCHMOUNT Rd,,3,Non-Fatal Injury,At Intersection,Traffic Signal,Turning Movement,Clear,Daylight,Dry,Major Arterial,false,-79.31116054938227,43.80862607346539,3,Automobile or Station Wagon,East,3,36,Minimal,Lap and Shoulder Belt,Driving properly,Normal,,,Going Ahead,,,,,driver,NA,Scarborough-Agincourt (22),42 Division,Steeles,false,false,false,false,false,false,false,false,false,false,"{""coordinates"": [[-79.31116054938227, 43.80862607346539]], ""type"": ""MultiPoint""}"
5103,2009:1133411,2009-10-03T17:10:00,MCNICOLL Ave,BIRCHMOUNT Rd,,3,Non-Fatal Injury,At Intersection,Traffic Signal,Turning Movement,Clear,Daylight,Dry,Major Arterial,false,-79.31116054938227,43.80862607346539,1,Automobile or Station Wagon,West,1,41,None,Lap and Shoulder Belt,Driving properly,Normal,,,Stopped,,,,,driver,NA,Scarborough-Agincourt (22),42 Division,Steeles,false,false,false,false,false,false,false,false,false,false,"{""coordinates"": [[-79.31116054938227, 43.80862607346539]], ""type"": ""MultiPoint""}"
5104,2009:1133515,2009-10-04T03:48:00,LAWRENCE Aven E,MOUNT PLEASANT Road,,5,Non-Fatal Injury,,Traffic Signal,Rear End,Clear,Dark,Dry,Major Arterial,false,-79.39719078557467,43.72614418366631,2,,,4,NA,,Other Safety Equipment Used,,,,,,,,,,owner,NA,Don Valley West (15),53 Division,Lawrence Park South,true,true,false,false,false,false,false,false,false,false,"{""coordinates"": [[-79.39719078557467, 43.72614418366631]], ""type"": ""MultiPoint""}"
5105,2009:1133515,2009-10-04T03:48:00,LAWRENCE Aven E,MOUNT PLEASANT Road,,5,Non-Fatal Injury,,Traffic Signal,Rear End,Clear,Dark,Dry,Major Arterial,false,-79.39719078557467,43.72614418366631,2,,,3,24,Minimal,Lap and Shoulder Belt,,,,,,,,,,passenger,NA,Don Valley West (15),53 Division,Lawrence Park South,true,true,false,false,false,false,false,false,false,false,"{""coordinates"": [[-79.39719078557467, 43.72614418366631]], ""type"": ""MultiPoint""}"
5106,2009:1133515,2009-10-04T03:48:00,LAWRENCE Aven E,MOUNT PLEASANT Road,,5,Non-Fatal Injury,,Traffic Signal,Rear End,Clear,Dark,Dry,Major Arterial,false,-79.39719078557467,43.72614418366631,2,,East,5,21,None,Lap and Shoulder Belt,Driving properly,Normal,,,Stopped,,,,,driver,NA,Don Valley West (15),53 Division,Lawrence Park South,true,true,false,false,false,false,false,false,false,false,"{""coordinates"": [[-79.39719078557467, 43.72614418366631]], ""type"": ""MultiPoint""}"
5107,2009:1133515,2009-10-04T03:48:00,LAWRENCE Aven E,MOUNT PLEASANT Road,,5,Non-Fatal Injury,,Traffic Signal,Rear End,Clear,Dark,Dry,Major Arterial,false,-79.39719078557467,43.72614418366631,1,Automobile or Station Wagon,East,2,27,Major,Air Bag Deployed,Following too closely,Inattentive,,,Going Ahead,,,,,driver,NA,Don Valley West (15),53 Division,Lawrence Park South,true,true,false,false,false,false,false,false,false,false,"{""coordinates"": [[-79.39719078557467, 43.72614418366631]], ""type"": ""MultiPoint""}"
5108,2009:1133583,2009-10-04T14:00:00,UNIVERSITY Ave,RICHMOND St W,,4,Non-Fatal Injury,At Intersection,Traffic Signal,Angle,Rain,Daylight,Wet,Major Arterial,false,-79.38629088329193,43.65004418686537,2,Automobile or Station Wagon,West,4,39,None,Lap and Shoulder Belt,Driving properly,Normal,,,Going Ahead,,,,,driver,NA,Spadina-Fort York (10),52 Division,Yonge-Bay Corridor,true,true,false,false,false,false,false,true,false,false,"{""coordinates"": [[-79.38629088329193, 43.65004418686537]], ""type"": ""MultiPoint""}"
5109,2009:1133583,2009-10-04T14:00:00,UNIVERSITY Ave,RICHMOND St W,,4,Non-Fatal Injury,At Intersection,Traffic Signal,Angle,Rain,Daylight,Wet,Major Arterial,false,-79.38629088329193,43.65004418686537,2,,,2,36,Major,Use Unknown,,,,,,,,,,passenger,NA,Spadina-Fort York (10),52 Division,Yonge-Bay Corridor,true,true,false,false,false,false,false,true,false,false,"{""coordinates"": [[-79.38629088329193, 43.65004418686537]], ""type"": ""MultiPoint""}"
5110,2009:1133583,2009-10-04T14:00:00,UNIVERSITY Ave,RICHMOND St W,,4,Non-Fatal Injury,At Intersection,Traffic Signal,Angle,Rain,Daylight,Wet,Major Arterial,false,-79.38629088329193,43.65004418686537,2,,,3,NA,,Other Safety Equipment Used,,,,,,,,,,owner,NA,Spadina-Fort York (10),52 Division,Yonge-Bay Corridor,true,true,false,false,false,false,false,true,false,false,"{""coordinates"": [[-79.38629088329193, 43.65004418686537]], ""type"": ""MultiPoint""}"
5111,2009:1133583,2009-10-04T14:00:00,UNIVERSITY Ave,RICHMOND St W,,4,Non-Fatal Injury,At Intersection,Traffic Signal,Angle,Rain,Daylight,Wet,Major Arterial,false,-79.38629088329193,43.65004418686537,1,Automobile or Station Wagon,North,1,55,None,Lap and Shoulder Belt,Disobeyed traffic control,Inattentive,,,Going Ahead,,,,,driver,NA,Spadina-Fort York (10),52 Division,Yonge-Bay Corridor,true,true,false,false,false,false,false,true,false,false,"{""coordinates"": [[-79.38629088329193, 43.65004418686537]], ""type"": ""MultiPoint""}"
5112,2009:1133576,2009-10-04T15:20:00,OAKWOOD AVE,EGLINTON AVE W,,3,Non-Fatal Injury,,Traffic Signal,Turning Movement,Clear,Daylight,Wet,Major Arterial,false,-79.44278391408106,43.697290253582786,2,Automobile or Station Wagon,North,3,36,Minimal,Lap Belt Only of Combined Assembly,Driving properly,Normal,,,Going Ahead,,,,,driver,NA,Toronto-St. Paul's (12),13 Division,Oakwood Village,false,true,false,false,false,false,false,false,false,false,"{""coordinates"": [[-79.44278391408106, 43.697290253582786]], ""type"": ""MultiPoint""}"
5113,2009:1133576,2009-10-04T15:20:00,OAKWOOD AVE,EGLINTON AVE W,,3,Non-Fatal Injury,,Traffic Signal,Turning Movement,Clear,Daylight,Wet,Major Arterial,false,-79.44278391408106,43.697290253582786,1,Automobile or Station Wagon,West,1,53,None,Lap Belt Only of Combined Assembly,Lost control,Inattentive,,,Turning Left,,,,,driver,NA,Toronto-St. Paul's (12),13 Division,Oakwood Village,false,true,false,false,false,false,false,false,false,false,"{""coordinates"": [[-79.44278391408106, 43.697290253582786]], ""type"": ""MultiPoint""}"
5114,2009:1133576,2009-10-04T15:20:00,OAKWOOD AVE,EGLINTON AVE W,,3,Non-Fatal Injury,,Traffic Signal,Turning Movement,Clear,Daylight,Wet,Major Arterial,false,-79.44278391408106,43.697290253582786,2,,,2,25,Major,Lap Belt Only of Combined Assembly,,,,,,,,,,passenger,NA,Toronto-St. Paul's (12),13 Division,Oakwood Village,false,true,false,false,false,false,false,false,false,false,"{""coordinates"": [[-79.44278391408106, 43.697290253582786]], ""type"": ""MultiPoint""}"
5115,2009:1131878,2009-10-05T12:03:00,WILLIAM R ALLEN RD,SHEPPARD AVE W,,6,Non-Fatal Injury,,Traffic Signal,Turning Movement,Clear,Daylight,Dry,Major Arterial,false,-79.46339085962359,43.75024426030067,3,Automobile or Station Wagon,,4,34,None,Other Safety Equipment Used,,,,,,,,,,passenger,NA,York Centre (6),32 Division,Downsview,true,false,false,false,false,true,false,false,false,false,"{""coordinates"": [[-79.46339085962359, 43.750244260300676]], ""type"": ""MultiPoint""}"
5116,2009:1131878,2009-10-05T12:03:00,WILLIAM R ALLEN RD,SHEPPARD AVE W,,6,Non-Fatal Injury,,Traffic Signal,Turning Movement,Clear,Daylight,Dry,Major Arterial,false,-79.46339085962359,43.75024426030067,1,Automobile or Station Wagon,West,1,73,Major,Other Safety Equipment Used,Failed to yield right-of-way,Normal,,,Turning Left,,,,,driver,NA,York Centre (6),32 Division,Downsview,true,false,false,false,false,true,false,false,false,false,"{""coordinates"": [[-79.46339085962359, 43.750244260300676]], ""type"": ""MultiPoint""}"
5117,2009:1131878,2009-10-05T12:03:00,WILLIAM R ALLEN RD,SHEPPARD AVE W,,6,Non-Fatal Injury,,Traffic Signal,Turning Movement,Clear,Daylight,Dry,Major Arterial,false,-79.46339085962359,43.75024426030067,3,,,5,NA,,Other Safety Equipment Used,,,,,,,,,,owner,NA,York Centre (6),32 Division,Downsview,true,false,false,false,false,true,false,false,false,false,"{""coordinates"": [[-79.46339085962359, 43.750244260300676]], ""type"": ""MultiPoint""}"
5118,2009:1131878,2009-10-05T12:03:00,WILLIAM R ALLEN RD,SHEPPARD AVE W,,6,Non-Fatal Injury,,Traffic Signal,Turning Movement,Clear,Daylight,Dry,Major Arterial,false,-79.46339085962359,43.75024426030067,3,Automobile or Station Wagon,,3,45,None,Other Safety Equipment Used,,,,,,,,,,passenger,NA,York Centre (6),32 Division,Downsview,true,false,false,false,false,true,false,false,false,false,"{""coordinates"": [[-79.46339085962359, 43.750244260300676]], ""type"": ""MultiPoint""}"
5119,2009:1131878,2009-10-05T12:03:00,WILLIAM R ALLEN RD,SHEPPARD AVE W,,6,Non-Fatal Injury,,Traffic Signal,Turning Movement,Clear,Daylight,Dry,Major Arterial,false,-79.46339085962359,43.75024426030067,2,Automobile or Station Wagon,East,2,26,Minimal,Other Safety Equipment Used,Driving properly,Normal,,,Stopped,,,,,driver,NA,York Centre (6),32 Division,Downsview,true,false,false,false,false,true,false,false,false,false,"{""coordinates"": [[-79.46339085962359, 43.750244260300676]], ""type"": ""MultiPoint""}"
5120,2009:1131878,2009-10-05T12:03:00,WILLIAM R ALLEN RD,SHEPPARD AVE W,,6,Non-Fatal Injury,,Traffic Signal,Turning Movement,Clear,Daylight,Dry,Major Arterial,false,-79.46339085962359,43.75024426030067,3,Automobile or Station Wagon,East,6,44,Minimal,Other Safety Equipment Used,Driving properly,Normal,,,Going Ahead,,,,,driver,NA,York Centre (6),32 Division,Downsview,true,false,false,false,false,true,false,false,false,false,"{""coordinates"": [[-79.46339085962359, 43.750244260300676]], ""type"": ""MultiPoint""}"
5121,2009:1134547,2009-10-05T12:34:00,KINGSTON RD,LAWRENCE AVE E,,2,Non-Fatal Injury,At Intersection,Traffic Signal,Pedestrian Collision(internal code),Clear,Daylight,Dry,Major Arterial,false,-79.18959040258471,43.76764393585911,1,,East,1,89,None,Lap and Shoulder Belt,Driving properly,Normal,,,Going Ahead,,,,,driver,NA,Scarborough-Guildwood (24),43 Division,West Hill,false,true,false,false,false,true,true,false,true,false,"{""coordinates"": [[-79.18959040258471, 43.76764393585911]], ""type"": ""MultiPoint""}"
5122,2009:1134547,2009-10-05T12:34:00,KINGSTON RD,LAWRENCE AVE E,,2,Non-Fatal Injury,At Intersection,Traffic Signal,Pedestrian Collision(internal code),Clear,Daylight,Dry,Major Arterial,false,-79.18959040258471,43.76764393585911,2,,South,2,16,Major,Other Safety Equipment Used,,,Crossing - marked crosswalk without right-of-way,Inattentive,,Driver going straight hits pedestrian crossing without right-of-way (at intersection),,,,pedestrian,NA,Scarborough-Guildwood (24),43 Division,West Hill,false,true,false,false,false,true,true,false,true,false,"{""coordinates"": [[-79.18959040258471, 43.76764393585911]], ""type"": ""MultiPoint""}"
5123,2009:1133727,2009-10-05T16:54:00,LESLIE Stre,LESMILL Road,,4,Non-Fatal Injury,At Intersection,No Control,Rear End,Clear,Daylight,Dry,Major Arterial,false,-79.36189067623172,43.76234413314669,3,Automobile or Station Wagon,North,4,40,Major,Lap and Shoulder Belt,Driving properly,Normal,,,Stopped,,,,,driver,NA,Don Valley East (16),33 Division,St.Andrew-Windfields,true,false,false,false,false,false,false,false,false,false,"{""coordinates"": [[-79.36189067623172, 43.762344133146684]], ""type"": ""MultiPoint""}"
5124,2009:1133727,2009-10-05T16:54:00,LESLIE Stre,LESMILL Road,,4,Non-Fatal Injury,At Intersection,No Control,Rear End,Clear,Daylight,Dry,Major Arterial,false,-79.36189067623172,43.76234413314669,2,Automobile or Station Wagon,North,3,33,None,Lap and Shoulder Belt,Following too closely,Normal,,,Going Ahead,,,,,driver,NA,Don Valley East (16),33 Division,St.Andrew-Windfields,true,false,false,false,false,false,false,false,false,false,"{""coordinates"": [[-79.36189067623172, 43.762344133146684]], ""type"": ""MultiPoint""}"
5125,2009:1133727,2009-10-05T16:54:00,LESLIE Stre,LESMILL Road,,4,Non-Fatal Injury,At Intersection,No Control,Rear End,Clear,Daylight,Dry,Major Arterial,false,-79.36189067623172,43.76234413314669,1,Automobile or Station Wagon,North,1,25,Minimal,Lap and Shoulder Belt,Driving properly,Normal,,,Stopped,,,,,driver,NA,Don Valley East (16),33 Division,St.Andrew-Windfields,true,false,false,false,false,false,false,false,false,false,"{""coordinates"": [[-79.36189067623172, 43.762344133146684]], ""type"": ""MultiPoint""}"
5126,2009:1133727,2009-10-05T16:54:00,LESLIE Stre,LESMILL Road,,4,Non-Fatal Injury,At Intersection,No Control,Rear End,Clear,Daylight,Dry,Major Arterial,false,-79.36189067623172,43.76234413314669,2,,,2,NA,,Other Safety Equipment Used,,,,,,,,,,owner,NA,Don Valley East (16),33 Division,St.Andrew-Windfields,true,false,false,false,false,false,false,false,false,false,"{""coordinates"": [[-79.36189067623172, 43.762344133146684]], ""type"": ""MultiPoint""}"
5127,2009:1133805,2009-10-06T07:01:00,OLD WESTON RD,ST CLAIR AVE W,,3,Non-Fatal Injury,,No Control,Pedestrian Collision(internal code),Clear,Daylight,Dry,Major Arterial,false,-79.46309099222512,43.67374429105042,2,,Unknown,3,65,Major,Other Safety Equipment Used,,,Running onto roadway,Inattentive,,Transit vehicle driver hits pedestrian anywhere along roadway,,,,pedestrian,NA,Davenport (9),12 Division,Weston-Pelham Park,false,true,false,false,false,true,true,false,false,true,"{""coordinates"": [[-79.46309099222512, 43.67374429105042]], ""type"": ""MultiPoint""}"
5128,2009:1133805,2009-10-06T07:01:00,OLD WESTON RD,ST CLAIR AVE W,,3,Non-Fatal Injury,,No Control,Pedestrian Collision(internal code),Clear,Daylight,Dry,Major Arterial,false,-79.46309099222512,43.67374429105042,1,,,1,NA,,Other Safety Equipment Used,,,,,,,,,,owner,NA,Davenport (9),12 Division,Weston-Pelham Park,false,true,false,false,false,true,true,false,false,true,"{""coordinates"": [[-79.46309099222512, 43.67374429105042]], ""type"": ""MultiPoint""}"
5129,2009:1133805,2009-10-06T07:01:00,OLD WESTON RD,ST CLAIR AVE W,,3,Non-Fatal Injury,,No Control,Pedestrian Collision(internal code),Clear,Daylight,Dry,Major Arterial,false,-79.46309099222512,43.67374429105042,1,Municipal Transit Bus (TTC),North,2,24,None,Lap and Shoulder Belt,Driving properly,Normal,,,Pulling Away from Shoulder or Curb,,,,,driver,NA,Davenport (9),12 Division,Weston-Pelham Park,false,true,false,false,false,true,true,false,false,true,"{""coordinates"": [[-79.46309099222512, 43.67374429105042]], ""type"": ""MultiPoint""}"
5130,2009:1129154,2009-10-06T09:35:00,CENTRE AVE,WILLOWDALE AVE,,2,Non-Fatal Injury,At Intersection,Stop Sign,Pedestrian Collision(internal code),Clear,Daylight,Dry,Minor Arterial,false,-79.41189072549797,43.79304419124655,1,Automobile or Station Wagon,South,1,58,None,Other Safety Equipment Used,Failed to yield right-of-way,Normal,,,Turning Left,,,,,driver,NA,Willowdale (18),32 Division,Newtonbrook East,true,false,false,false,false,true,true,false,false,false,"{""coordinates"": [[-79.41189072549797, 43.79304419124655]], ""type"": ""MultiPoint""}"
5131,2009:1129154,2009-10-06T09:35:00,CENTRE AVE,WILLOWDALE AVE,,2,Non-Fatal Injury,At Intersection,Stop Sign,Pedestrian Collision(internal code),Clear,Daylight,Dry,Minor Arterial,false,-79.41189072549797,43.79304419124655,2,,East,2,85,Major,Other Safety Equipment Used,,,Crossing with right-of-way (intersection),Normal,,Driver turns left into pedestrian crossing with right-of-way (at intersection),,,,pedestrian,NA,Willowdale (18),32 Division,Newtonbrook East,true,false,false,false,false,true,true,false,false,false,"{""coordinates"": [[-79.41189072549797, 43.79304419124655]], ""type"": ""MultiPoint""}"
5132,2009:1133909,2009-10-08T19:15:00,EGLINTON Aven E,MIDLAND Aven,,6,Non-Fatal Injury,At Intersection,Traffic Signal,Turning Movement,Clear,Dark,Dry,Major Arterial,false,-79.2580905320299,43.734544002657636,2,Automobile or Station Wagon,West,6,40,Minor,Lap and Shoulder Belt,Other,Normal,,,Going Ahead,,,,,driver,NA,Scarborough Centre (21),41 Division,Eglinton East,true,false,false,false,false,false,false,false,true,false,"{""coordinates"": [[-79.2580905320299, 43.734544002657636]], ""type"": ""MultiPoint""}"
5133,2009:1133909,2009-10-08T19:15:00,EGLINTON Aven E,MIDLAND Aven,,6,Non-Fatal Injury,At Intersection,Traffic Signal,Turning Movement,Clear,Dark,Dry,Major Arterial,false,-79.2580905320299,43.734544002657636,2,,,3,1,Major,Other Safety Equipment Used,,,,,,,,,,passenger,NA,Scarborough Centre (21),41 Division,Eglinton East,true,false,false,false,false,false,false,false,true,false,"{""coordinates"": [[-79.2580905320299, 43.734544002657636]], ""type"": ""MultiPoint""}"
5134,2009:1133909,2009-10-08T19:15:00,EGLINTON Aven E,MIDLAND Aven,,6,Non-Fatal Injury,At Intersection,Traffic Signal,Turning Movement,Clear,Dark,Dry,Major Arterial,false,-79.2580905320299,43.734544002657636,1,Automobile or Station Wagon,East,1,23,None,Lap and Shoulder Belt,Failed to yield right-of-way,Normal,,,Turning Left,,,,,driver,NA,Scarborough Centre (21),41 Division,Eglinton East,true,false,false,false,false,false,false,false,true,false,"{""coordinates"": [[-79.2580905320299, 43.734544002657636]], ""type"": ""MultiPoint""}"
5135,2009:1133909,2009-10-08T19:15:00,EGLINTON Aven E,MIDLAND Aven,,6,Non-Fatal Injury,At Intersection,Traffic Signal,Turning Movement,Clear,Dark,Dry,Major Arterial,false,-79.2580905320299,43.734544002657636,2,,,5,38,Minor,Equipment Not Used But Available,,,,,,,,,,passenger,NA,Scarborough Centre (21),41 Division,Eglinton East,true,false,false,false,false,false,false,false,true,false,"{""coordinates"": [[-79.2580905320299, 43.734544002657636]], ""type"": ""MultiPoint""}"
5136,2009:1133909,2009-10-08T19:15:00,EGLINTON Aven E,MIDLAND Aven,,6,Non-Fatal Injury,At Intersection,Traffic Signal,Turning Movement,Clear,Dark,Dry,Major Arterial,false,-79.2580905320299,43.734544002657636,2,,,2,5,Major,No Equipment Available,,,,,,,,,,passenger,NA,Scarborough Centre (21),41 Division,Eglinton East,true,false,false,false,false,false,false,false,true,false,"{""coordinates"": [[-79.2580905320299, 43.734544002657636]], ""type"": ""MultiPoint""}"
5137,2009:1133909,2009-10-08T19:15:00,EGLINTON Aven E,MIDLAND Aven,,6,Non-Fatal Injury,At Intersection,Traffic Signal,Turning Movement,Clear,Dark,Dry,Major Arterial,false,-79.2580905320299,43.734544002657636,2,,,4,2,Minor,Other Safety Equipment Used,,,,,,,,,,passenger,NA,Scarborough Centre (21),41 Division,Eglinton East,true,false,false,false,false,false,false,false,true,false,"{""coordinates"": [[-79.2580905320299, 43.734544002657636]], ""type"": ""MultiPoint""}"
5138,2009:1134719,2009-10-09T08:15:00,REDCLIFF BLVD,COOLHURST DR,,2,Non-Fatal Injury,At Intersection,No Control,Pedestrian Collision(internal code),Rain,Daylight,Wet,Local,false,-79.56899106629012,43.718944400227215,2,,North,2,76,Major,No Equipment Available,,,Crossing with right-of-way (intersection),Normal,,Driver turns left into pedestrian crossing with right-of-way (at intersection),,,,pedestrian,NA,Etobicoke North (1),23 Division,Rexdale-Kipling,true,false,false,false,false,true,true,false,false,false,"{""coordinates"": [[-79.56899106629012, 43.718944400227215]], ""type"": ""MultiPoint""}"
5139,2009:1134719,2009-10-09T08:15:00,REDCLIFF BLVD,COOLHURST DR,,2,Non-Fatal Injury,At Intersection,No Control,Pedestrian Collision(internal code),Rain,Daylight,Wet,Local,false,-79.56899106629012,43.718944400227215,1,Automobile or Station Wagon,South,1,39,None,Lap and Shoulder Belt,Failed to yield right-of-way,Normal,,,Turning Left,,,,,driver,NA,Etobicoke North (1),23 Division,Rexdale-Kipling,true,false,false,false,false,true,true,false,false,false,"{""coordinates"": [[-79.56899106629012, 43.718944400227215]], ""type"": ""MultiPoint""}"
5140,2009:1130539,2009-10-09T21:45:00,ISLINGTON AVE,ALBION RD,,2,Non-Fatal Injury,,Traffic Signal,Pedestrian Collision(internal code),Rain,Dark with Artificial Lighting,Wet,Major Arterial,true,-79.56529102731845,43.73724438556612,1,Automobile or Station Wagon,South,2,NA,None,Other Safety Equipment Used,Failed to yield right-of-way,Unknown,,,Turning Left,,,,,driver,NA,Etobicoke North (1),23 Division,Thistletown-Beaumond Heights,true,false,false,false,false,false,true,false,false,false,"{""coordinates"": [[-79.56529102731845, 43.73724438556612]], ""type"": ""MultiPoint""}"
5141,2009:1130539,2009-10-09T21:45:00,ISLINGTON AVE,ALBION RD,,2,Non-Fatal Injury,,Traffic Signal,Pedestrian Collision(internal code),Rain,Dark with Artificial Lighting,Wet,Major Arterial,true,-79.56529102731845,43.73724438556612,1,,North,1,21,Major,Other Safety Equipment Used,,,Crossing with right-of-way (intersection),Normal,,Driver turns left into pedestrian crossing with right-of-way (at intersection),,,,pedestrian,NA,Etobicoke North (1),23 Division,Thistletown-Beaumond Heights,true,false,false,false,false,false,true,false,false,false,"{""coordinates"": [[-79.56529102731845, 43.73724438556612]], ""type"": ""MultiPoint""}"
5142,2009:1130393,2009-10-13T06:56:00,KENNEDY RD,ELLESMERE RD,,4,Fatal Injury,,Traffic Signal,SMV Other,Rain,Dawn,Wet,Major Arterial,false,-79.28109053887839,43.76574403417697,2,Automobile or Station Wagon,South,3,27,Major,Equipment Not Used But Available,Lost control,Unknown,,,Going Ahead,,,,,driver,NA,Scarborough Centre (21),41 Division,Dorset Park,false,false,false,false,false,false,false,false,false,false,"{""coordinates"": [[-79.28109053887839, 43.76574403417697]], ""type"": ""MultiPoint""}"
5143,2009:1130393,2009-10-13T06:56:00,KENNEDY RD,ELLESMERE RD,,4,Fatal Injury,,Traffic Signal,SMV Other,Rain,Dawn,Wet,Major Arterial,false,-79.28109053887839,43.76574403417697,3,,,4,NA,,Other Safety Equipment Used,,,,,,,,,,owner,NA,Scarborough Centre (21),41 Division,Dorset Park,false,false,false,false,false,false,false,false,false,false,"{""coordinates"": [[-79.28109053887839, 43.76574403417697]], ""type"": ""MultiPoint""}"
5144,2009:1130393,2009-10-13T06:56:00,KENNEDY RD,ELLESMERE RD,,4,Fatal Injury,,Traffic Signal,SMV Other,Rain,Dawn,Wet,Major Arterial,false,-79.28109053887839,43.76574403417697,1,,,2,NA,,Other Safety Equipment Used,,,,,,,,,,owner,NA,Scarborough Centre (21),41 Division,Dorset Park,false,false,false,false,false,false,false,false,false,false,"{""coordinates"": [[-79.28109053887839, 43.76574403417697]], ""type"": ""MultiPoint""}"
5145,2009:1130393,2009-10-13T06:56:00,KENNEDY RD,ELLESMERE RD,,4,Fatal Injury,,Traffic Signal,SMV Other,Rain,Dawn,Wet,Major Arterial,false,-79.28109053887839,43.76574403417697,1,,,1,39,Fatal,Equipment Not Used But Available,,,,,,,,,,passenger,29,Scarborough Centre (21),41 Division,Dorset Park,false,false,false,false,false,false,false,false,false,false,"{""coordinates"": [[-79.28109053887839, 43.76574403417697]], ""type"": ""MultiPoint""}"
5146,2009:1134906,2009-10-14T10:47:00,JARVIS ST,ISABELLA ST,,2,Non-Fatal Injury,At Intersection,Traffic Signal,Turning Movement,Clear,Daylight,Dry,Major Arterial,false,-79.37949084148104,43.66884417277703,1,Automobile or Station Wagon,North,1,35,Major,Helmet,Driving properly,Normal,,,Going Ahead,,,,,motorcyclist,NA,Toronto Centre (13),51 Division,Church-Wellesley,false,true,false,true,false,false,false,false,false,false,"{""coordinates"": [[-79.37949084148104, 43.66884417277703]], ""type"": ""MultiPoint""}"
5147,2009:1134906,2009-10-14T10:47:00,JARVIS ST,ISABELLA ST,,2,Non-Fatal Injury,At Intersection,Traffic Signal,Turning Movement,Clear,Daylight,Dry,Major Arterial,false,-79.37949084148104,43.66884417277703,2,Automobile or Station Wagon,South,2,40,None,Lap and Shoulder Belt,Improper turn,Inattentive,,,Turning Left,,,,,driver,NA,Toronto Centre (13),51 Division,Church-Wellesley,false,true,false,true,false,false,false,false,false,false,"{""coordinates"": [[-79.37949084148104, 43.66884417277703]], ""type"": ""MultiPoint""}"
5148,2009:1131025,2009-10-16T02:20:00,225 QUEEN ST W,QUEEN Stre W,,5,Non-Fatal Injury,At Intersection,No Control,Pedestrian Collision(internal code),Clear,Dark,Dry,Major Arterial,false,-79.38799088584722,43.650544189268864,1,Automobile or Station Wagon,,1,NA,,Other Safety Equipment Used,,,,,,,,,,owner,NA,Spadina-Fort York (10),52 Division,Wellington Place,true,false,false,false,false,false,true,false,true,false,"{""coordinates"": [[-79.38799088584722, 43.650544189268864]], ""type"": ""MultiPoint""}"
5149,2009:1131025,2009-10-16T02:20:00,225 QUEEN ST W,QUEEN Stre W,,5,Non-Fatal Injury,At Intersection,No Control,Pedestrian Collision(internal code),Clear,Dark,Dry,Major Arterial,false,-79.38799088584722,43.650544189268864,2,Automobile or Station Wagon,East,4,39,None,Other Safety Equipment Used,Driving properly,Normal,,,Stopped,,,,,driver,NA,Spadina-Fort York (10),52 Division,Wellington Place,true,false,false,false,false,false,true,false,true,false,"{""coordinates"": [[-79.38799088584722, 43.650544189268864]], ""type"": ""MultiPoint""}"
5150,2009:1131025,2009-10-16T02:20:00,225 QUEEN ST W,QUEEN Stre W,,5,Non-Fatal Injury,At Intersection,No Control,Pedestrian Collision(internal code),Clear,Dark,Dry,Major Arterial,false,-79.38799088584722,43.650544189268864,1,Automobile or Station Wagon,East,2,19,None,Other Safety Equipment Used,Exceeding speed limit,Ability Impaired - Alcohol Over .08,,,Going Ahead,,,,,driver,NA,Spadina-Fort York (10),52 Division,Wellington Place,true,false,false,false,false,false,true,false,true,false,"{""coordinates"": [[-79.38799088584722, 43.650544189268864]], ""type"": ""MultiPoint""}"
5151,2009:1131025,2009-10-16T02:20:00,225 QUEEN ST W,QUEEN Stre W,,5,Non-Fatal Injury,At Intersection,No Control,Pedestrian Collision(internal code),Clear,Dark,Dry,Major Arterial,false,-79.38799088584722,43.650544189268864,3,,,5,47,Major,Other Safety Equipment Used,,,Person getting on/off vehicle,Had Been Drinking,,Driver hits pedestrian at midblock,,,,pedestrian,NA,Spadina-Fort York (10),52 Division,Wellington Place,true,false,false,false,false,false,true,false,true,false,"{""coordinates"": [[-79.38799088584722, 43.650544189268864]], ""type"": ""MultiPoint""}"
5152,2009:1131025,2009-10-16T02:20:00,225 QUEEN ST W,QUEEN Stre W,,5,Non-Fatal Injury,At Intersection,No Control,Pedestrian Collision(internal code),Clear,Dark,Dry,Major Arterial,false,-79.38799088584722,43.650544189268864,2,,,3,NA,,Other Safety Equipment Used,,,,,,,,,,owner,NA,Spadina-Fort York (10),52 Division,Wellington Place,true,false,false,false,false,false,true,false,true,false,"{""coordinates"": [[-79.38799088584722, 43.650544189268864]], ""type"": ""MultiPoint""}"
5153,2009:1131172,2009-10-16T13:01:00,STEELES AVE W,TANGREEN CRT,,3,Fatal Injury,,No Control,Pedestrian Collision(internal code),Clear,Daylight,Dry,Major Arterial,false,-79.42629074455783,43.79664420773173,2,,South,3,80,Fatal,Other Safety Equipment Used,,,Crossing - no traffic control,Inattentive,,Driver going straight hits pedestrian crossing without right-of-way (at intersection),,,,pedestrian,41,Willowdale (18),32 Division,,false,true,false,false,false,true,true,false,false,false,"{""coordinates"": [[-79.42629074455783, 43.79664420773173]], ""type"": ""MultiPoint""}"
5154,2009:1131172,2009-10-16T13:01:00,STEELES AVE W,TANGREEN CRT,,3,Fatal Injury,,No Control,Pedestrian Collision(internal code),Clear,Daylight,Dry,Major Arterial,false,-79.42629074455783,43.79664420773173,1,,,1,NA,,Other Safety Equipment Used,,,,,,,,,,owner,NA,Willowdale (18),32 Division,,false,true,false,false,false,true,true,false,false,false,"{""coordinates"": [[-79.42629074455783, 43.79664420773173]], ""type"": ""MultiPoint""}"