X_id,collision_id,accdate,stname1,stname2,stname3,per_inv,acclass,accloc,traffictl,impactype,visible,light,rdsfcond,road_class,failtorem,longitude,latitude,veh_no,vehtype,initdir,per_no,invage,injury,safequip,drivact,drivcond,pedact,pedcond,manoeuvre,pedtype,cyclistype,cycact,cyccond,road_user,fatal_no,wardname,division,neighbourhood,aggressive,distracted,cyclist,motorcyclist,other_micromobility,older_adult,pedestrian,red_light,school_child,heavy_truck,geometry
5155,2009:1131172,2009-10-16T13:01:00,STEELES AVE W,TANGREEN CRT,,3,Fatal Injury,,No Control,Pedestrian Collision(internal code),Clear,Daylight,Dry,Major Arterial,false,-79.42629074455783,43.79664420773173,1,Automobile or Station Wagon,West,2,50,None,Other Safety Equipment Used,Driving properly,Normal,,,Going Ahead,,,,,driver,NA,Willowdale (18),32 Division,,false,true,false,false,false,true,true,false,false,false,"{""coordinates"": [[-79.42629074455783, 43.79664420773173]], ""type"": ""MultiPoint""}"
5156,2009:1131255,2009-10-17T02:07:00,BATHURST ST,DUPONT ST,,2,Non-Fatal Injury,At Intersection,Traffic Signal,Pedestrian Collision(internal code),Clear,Dark,Dry,Major Arterial,false,-79.41439090104876,43.67314422171992,1,Automobile or Station Wagon,South,1,33,None,Other Safety Equipment Used,Driving properly,Normal,,,Going Ahead,,,,,driver,NA,University-Rosedale (11),14 Division,Annex,false,false,false,false,false,false,true,false,false,false,"{""coordinates"": [[-79.41439090104876, 43.67314422171992]], ""type"": ""MultiPoint""}"
5157,2009:1131255,2009-10-17T02:07:00,BATHURST ST,DUPONT ST,,2,Non-Fatal Injury,At Intersection,Traffic Signal,Pedestrian Collision(internal code),Clear,Dark,Dry,Major Arterial,false,-79.41439090104876,43.67314422171992,2,,West,2,29,Major,Other Safety Equipment Used,,,Crossing without right-of-way (intersection),Normal,,Driver going straight hits pedestrian crossing without right-of-way (at intersection),,,,pedestrian,NA,University-Rosedale (11),14 Division,Annex,false,false,false,false,false,false,true,false,false,false,"{""coordinates"": [[-79.41439090104876, 43.67314422171992]], ""type"": ""MultiPoint""}"
5158,2026:6001055451,2026-05-22T14:05:00,1150 DUFFERIN ST,SHANLY ST,25 m North of,5,Non-Fatal Injury,Non-Intersection,,Same Direction,Clear,Daylight,Dry,,false,-79.4369859595973,43.66371425727103,2,,,5,33,Major,Helmet,,,,,,,,,,motorcyclist,NA,Davenport (9),14 Division,Dovercourt Village,true,false,false,true,false,false,false,false,false,true,"{""coordinates"": [[-79.4369859595973, 43.66371425727103]], ""type"": ""MultiPoint""}"
5159,2009:1131264,2009-10-17T23:52:00,FINCH AVE W,TOBERMORY DR,,6,Fatal Injury,At Intersection,Traffic Signal,Turning Movement,Clear,Dark,Dry,Major Arterial,false,-79.50789091976134,43.75924431236672,1,,,4,24,Fatal,Other Safety Equipment Used,,,,,,,,,,passenger,32,Humber River-Black Creek (7),31 Division,Glenfield-Jane Heights,true,false,false,false,false,false,false,false,false,false,"{""coordinates"": [[-79.50789091976134, 43.75924431236672]], ""type"": ""MultiPoint""}"
5160,2009:1131264,2009-10-17T23:52:00,FINCH AVE W,TOBERMORY DR,,6,Fatal Injury,At Intersection,Traffic Signal,Turning Movement,Clear,Dark,Dry,Major Arterial,false,-79.50789091976134,43.75924431236672,1,,,3,44,Fatal,Other Safety Equipment Used,,,,,,,,,,passenger,33,Humber River-Black Creek (7),31 Division,Glenfield-Jane Heights,true,false,false,false,false,false,false,false,false,false,"{""coordinates"": [[-79.50789091976134, 43.75924431236672]], ""type"": ""MultiPoint""}"
5161,2009:1131264,2009-10-17T23:52:00,FINCH AVE W,TOBERMORY DR,,6,Fatal Injury,At Intersection,Traffic Signal,Turning Movement,Clear,Dark,Dry,Major Arterial,false,-79.50789091976134,43.75924431236672,1,,,2,36,Major,Other Safety Equipment Used,,,,,,,,,,passenger,NA,Humber River-Black Creek (7),31 Division,Glenfield-Jane Heights,true,false,false,false,false,false,false,false,false,false,"{""coordinates"": [[-79.50789091976134, 43.75924431236672]], ""type"": ""MultiPoint""}"
5162,2009:1131264,2009-10-17T23:52:00,FINCH AVE W,TOBERMORY DR,,6,Fatal Injury,At Intersection,Traffic Signal,Turning Movement,Clear,Dark,Dry,Major Arterial,false,-79.50789091976134,43.75924431236672,2,Automobile or Station Wagon,West,6,21,Major,Other Safety Equipment Used,Exceeding speed limit,Ability Impaired - Alcohol,,,Going Ahead,,,,,driver,NA,Humber River-Black Creek (7),31 Division,Glenfield-Jane Heights,true,false,false,false,false,false,false,false,false,false,"{""coordinates"": [[-79.50789091976134, 43.75924431236672]], ""type"": ""MultiPoint""}"
5163,2009:1131264,2009-10-17T23:52:00,FINCH AVE W,TOBERMORY DR,,6,Fatal Injury,At Intersection,Traffic Signal,Turning Movement,Clear,Dark,Dry,Major Arterial,false,-79.50789091976134,43.75924431236672,1,Automobile or Station Wagon,East,5,43,Minor,Other Safety Equipment Used,Driving properly,Normal,,,Turning Left,,,,,driver,NA,Humber River-Black Creek (7),31 Division,Glenfield-Jane Heights,true,false,false,false,false,false,false,false,false,false,"{""coordinates"": [[-79.50789091976134, 43.75924431236672]], ""type"": ""MultiPoint""}"
5164,2009:1131264,2009-10-17T23:52:00,FINCH AVE W,TOBERMORY DR,,6,Fatal Injury,At Intersection,Traffic Signal,Turning Movement,Clear,Dark,Dry,Major Arterial,false,-79.50789091976134,43.75924431236672,1,,,1,64,Fatal,Other Safety Equipment Used,,,,,,,,,,passenger,34,Humber River-Black Creek (7),31 Division,Glenfield-Jane Heights,true,false,false,false,false,false,false,false,false,false,"{""coordinates"": [[-79.50789091976134, 43.75924431236672]], ""type"": ""MultiPoint""}"
5165,2009:1135676,2009-10-18T02:50:00,BLOOR Stre W,BRUNSWICK Aven,,4,Non-Fatal Injury,,No Control,Rear End,Clear,Dark,Dry,Major Arterial,false,-79.40799090071972,43.66574421464461,1,Automobile or Station Wagon,West,2,49,None,Other Safety Equipment Used,Following too closely,Fatigue/Fell Asleep,,,Going Ahead,,,,,driver,NA,University-Rosedale (11),14 Division,University,true,false,false,false,false,false,false,false,false,false,"{""coordinates"": [[-79.40799090071972, 43.66574421464461]], ""type"": ""MultiPoint""}"
5166,2009:1135676,2009-10-18T02:50:00,BLOOR Stre W,BRUNSWICK Aven,,4,Non-Fatal Injury,,No Control,Rear End,Clear,Dark,Dry,Major Arterial,false,-79.40799090071972,43.66574421464461,3,Automobile or Station Wagon,West,4,24,Major,Lap Belt Only,Driving properly,Normal,,,Parked,,,,,driver,NA,University-Rosedale (11),14 Division,University,true,false,false,false,false,false,false,false,false,false,"{""coordinates"": [[-79.40799090071972, 43.66574421464461]], ""type"": ""MultiPoint""}"
5167,2009:1135676,2009-10-18T02:50:00,BLOOR Stre W,BRUNSWICK Aven,,4,Non-Fatal Injury,,No Control,Rear End,Clear,Dark,Dry,Major Arterial,false,-79.40799090071972,43.66574421464461,1,,,1,NA,,Other Safety Equipment Used,,,,,,,,,,owner,NA,University-Rosedale (11),14 Division,University,true,false,false,false,false,false,false,false,false,false,"{""coordinates"": [[-79.40799090071972, 43.66574421464461]], ""type"": ""MultiPoint""}"
5168,2009:1131365,2009-10-18T03:06:00,ADELAIDE ST E,VICTORIA ST,,1,Non-Fatal Injury,,Traffic Signal,Pedestrian Collision(internal code),Clear,Dark,Dry,Major Arterial,false,-79.37729086478267,43.65064417339945,1,,,1,27,Major,Other Safety Equipment Used,,,Other,Normal,Other,Unknown,,,,pedestrian,NA,Toronto Centre (13),51 Division,Downtown Yonge East,false,false,false,false,false,false,true,false,false,false,"{""coordinates"": [[-79.37729086478267, 43.65064417339945]], ""type"": ""MultiPoint""}"
5169,2009:1135987,2009-10-20T11:42:00,ST CLAIR Aven W,OLD WESTON Road,,3,Non-Fatal Injury,,Traffic Controller,Cyclist Collision,Clear,Daylight,Dry,Major Arterial,false,-79.46499099704278,43.67304429405057,2,Bicycle,West,3,35,Major,No Equipment Available,,,,,Going Ahead,,Cyclist loses control and hits object (e.g. pole or TTC track),Lost control,Normal,cyclist,NA,Davenport (9),11 Division,Weston-Pelham Park,false,false,true,false,false,false,false,false,false,true,"{""coordinates"": [[-79.46499099704278, 43.67304429405057]], ""type"": ""MultiPoint""}"
5170,2009:1135987,2009-10-20T11:42:00,ST CLAIR Aven W,OLD WESTON Road,,3,Non-Fatal Injury,,Traffic Controller,Cyclist Collision,Clear,Daylight,Dry,Major Arterial,false,-79.46499099704278,43.67304429405057,1,,,1,NA,,Other Safety Equipment Used,,,,,,,,,,owner,NA,Davenport (9),11 Division,Weston-Pelham Park,false,false,true,false,false,false,false,false,false,true,"{""coordinates"": [[-79.46499099704278, 43.67304429405057]], ""type"": ""MultiPoint""}"
5171,2009:1135987,2009-10-20T11:42:00,ST CLAIR Aven W,OLD WESTON Road,,3,Non-Fatal Injury,,Traffic Controller,Cyclist Collision,Clear,Daylight,Dry,Major Arterial,false,-79.46499099704278,43.67304429405057,1,Truck - Open (Flatbed),North,2,43,None,Other Safety Equipment Used,Driving properly,Normal,,,Stopped,,,,,driver,NA,Davenport (9),11 Division,Weston-Pelham Park,false,false,true,false,false,false,false,false,false,true,"{""coordinates"": [[-79.46499099704278, 43.67304429405057]], ""type"": ""MultiPoint""}"
5172,2009:1135839,2009-10-20T12:30:00,ALBION RD,ARMEL CRT,,2,Non-Fatal Injury,At Intersection,Traffic Signal,Pedestrian Collision(internal code),Clear,Daylight with Artificial Lighting,Dry,Major Arterial,false,-79.54559103215698,43.72134437218848,1,Automobile or Station Wagon,South,1,21,None,Other Safety Equipment Used,Failed to yield right-of-way,Inattentive,,,Turning Left,,,,,driver,NA,Etobicoke North (1),23 Division,Elms-Old Rexdale,true,true,false,false,false,false,true,false,false,false,"{""coordinates"": [[-79.54559103215698, 43.721344372188476]], ""type"": ""MultiPoint""}"
5173,2009:1135839,2009-10-20T12:30:00,ALBION RD,ARMEL CRT,,2,Non-Fatal Injury,At Intersection,Traffic Signal,Pedestrian Collision(internal code),Clear,Daylight with Artificial Lighting,Dry,Major Arterial,false,-79.54559103215698,43.72134437218848,2,,North,2,52,Major,No Equipment Available,,,Crossing with right-of-way (intersection),Normal,,Driver turns left into pedestrian crossing with right-of-way (at intersection),,,,pedestrian,NA,Etobicoke North (1),23 Division,Elms-Old Rexdale,true,true,false,false,false,false,true,false,false,false,"{""coordinates"": [[-79.54559103215698, 43.721344372188476]], ""type"": ""MultiPoint""}"
5174,2009:1136012,2009-10-20T18:50:00,OAKWOOD AVE,EARLSDALE AVE,,2,Non-Fatal Injury,,No Control,Pedestrian Collision(internal code),Clear,Dusk,Dry,Minor Arterial,false,-79.4378909256313,43.68504425114044,2,,West,2,21,Major,No Equipment Available,,,Crossing - no traffic control,Inattentive,,Driver hits pedestrian at midblock,,,,pedestrian,NA,Davenport (9),13 Division,Oakwood Village,false,true,false,false,false,false,true,false,true,false,"{""coordinates"": [[-79.4378909256313, 43.68504425114044]], ""type"": ""MultiPoint""}"
5175,2009:1136012,2009-10-20T18:50:00,OAKWOOD AVE,EARLSDALE AVE,,2,Non-Fatal Injury,,No Control,Pedestrian Collision(internal code),Clear,Dusk,Dry,Minor Arterial,false,-79.4378909256313,43.68504425114044,1,Automobile or Station Wagon,South,1,19,None,Other Safety Equipment Used,Driving properly,Normal,,,Going Ahead,,,,,driver,NA,Davenport (9),13 Division,Oakwood Village,false,true,false,false,false,false,true,false,true,false,"{""coordinates"": [[-79.4378909256313, 43.68504425114044]], ""type"": ""MultiPoint""}"
5176,2009:1132127,2009-10-21T12:55:00,WESTON RD,FENMAR DR,,4,Fatal Injury,At Intersection,No Control,Pedestrian Collision(internal code),Rain,Daylight,Wet,Major Arterial,false,-79.54349096786866,43.75634435220628,3,,Unknown,4,54,Fatal,Other Safety Equipment Used,,,Pushing or working on vehicle,Unknown,,Other,,,,pedestrian,35,Humber River-Black Creek (7),31 Division,Humber Summit,false,false,false,false,false,false,true,false,false,true,"{""coordinates"": [[-79.54349096786866, 43.75634435220628]], ""type"": ""MultiPoint""}"
5177,2009:1132127,2009-10-21T12:55:00,WESTON RD,FENMAR DR,,4,Fatal Injury,At Intersection,No Control,Pedestrian Collision(internal code),Rain,Daylight,Wet,Major Arterial,false,-79.54349096786866,43.75634435220628,2,Truck - Open (Flatbed),South,3,24,None,Other Safety Equipment Used,Other,Normal,,,Slowing or Stopping,,,,,driver,NA,Humber River-Black Creek (7),31 Division,Humber Summit,false,false,false,false,false,false,true,false,false,true,"{""coordinates"": [[-79.54349096786866, 43.75634435220628]], ""type"": ""MultiPoint""}"
5178,2009:1132127,2009-10-21T12:55:00,WESTON RD,FENMAR DR,,4,Fatal Injury,At Intersection,No Control,Pedestrian Collision(internal code),Rain,Daylight,Wet,Major Arterial,false,-79.54349096786866,43.75634435220628,2,,,2,NA,,Other Safety Equipment Used,,,,,,,,,,owner,NA,Humber River-Black Creek (7),31 Division,Humber Summit,false,false,false,false,false,false,true,false,false,true,"{""coordinates"": [[-79.54349096786866, 43.75634435220628]], ""type"": ""MultiPoint""}"
5179,2009:1132127,2009-10-21T12:55:00,WESTON RD,FENMAR DR,,4,Fatal Injury,At Intersection,No Control,Pedestrian Collision(internal code),Rain,Daylight,Wet,Major Arterial,false,-79.54349096786866,43.75634435220628,1,,South,1,NA,None,Other Safety Equipment Used,,,,,Parked,,,,,other,NA,Humber River-Black Creek (7),31 Division,Humber Summit,false,false,false,false,false,false,true,false,false,true,"{""coordinates"": [[-79.54349096786866, 43.75634435220628]], ""type"": ""MultiPoint""}"
5180,2009:1136056,2009-10-21T18:19:00,ROYAL YORK Road,ALLANHURST Driv,,3,Non-Fatal Injury,,Traffic Signal,Rear End,Clear,Dark,Wet,Minor Arterial,false,-79.52529108448593,43.67924437108392,1,Truck - Open (Flatbed),South,1,70,None,Other Safety Equipment Used,Driving properly,Normal,,,Slowing or Stopping,,,,,driver,NA,Etobicoke Centre (2),22 Division,Edenbridge-Humber Valley,true,true,false,false,false,true,false,false,false,true,"{""coordinates"": [[-79.52529108448593, 43.67924437108392]], ""type"": ""MultiPoint""}"
5181,2009:1136056,2009-10-21T18:19:00,ROYAL YORK Road,ALLANHURST Driv,,3,Non-Fatal Injury,,Traffic Signal,Rear End,Clear,Dark,Wet,Minor Arterial,false,-79.52529108448593,43.67924437108392,2,Automobile or Station Wagon,South,2,35,Major,Lap and Shoulder Belt,Driving properly,Normal,,,Slowing or Stopping,,,,,driver,NA,Etobicoke Centre (2),22 Division,Edenbridge-Humber Valley,true,true,false,false,false,true,false,false,false,true,"{""coordinates"": [[-79.52529108448593, 43.67924437108392]], ""type"": ""MultiPoint""}"
5182,2009:1136056,2009-10-21T18:19:00,ROYAL YORK Road,ALLANHURST Driv,,3,Non-Fatal Injury,,Traffic Signal,Rear End,Clear,Dark,Wet,Minor Arterial,false,-79.52529108448593,43.67924437108392,3,Automobile or Station Wagon,South,3,33,None,Other Safety Equipment Used,Following too closely,Inattentive,,,Going Ahead,,,,,driver,NA,Etobicoke Centre (2),22 Division,Edenbridge-Humber Valley,true,true,false,false,false,true,false,false,false,true,"{""coordinates"": [[-79.52529108448593, 43.67924437108392]], ""type"": ""MultiPoint""}"
5183,2009:1132126,2009-10-21T20:23:00,1549 ALBION RD,,,3,Non-Fatal Injury,,No Control,Pedestrian Collision(internal code),Clear,Dark,Dry,Major Arterial,false,-79.5867910477828,43.740744407574105,1,,,1,NA,,Other Safety Equipment Used,,,,,,,,,,owner,NA,Etobicoke North (1),23 Division,Mount Olive-Silverstone-Jamestown,false,false,false,false,false,false,true,false,false,true,"{""coordinates"": [[-79.5867910477828, 43.740744407574105]], ""type"": ""MultiPoint""}"
5184,2009:1132126,2009-10-21T20:23:00,1549 ALBION RD,,,3,Non-Fatal Injury,,No Control,Pedestrian Collision(internal code),Clear,Dark,Dry,Major Arterial,false,-79.5867910477828,43.740744407574105,2,,South,3,44,Major,Other Safety Equipment Used,,,Crossing - no traffic control,Had Been Drinking,,Transit vehicle driver hits pedestrian anywhere along roadway,,,,pedestrian,NA,Etobicoke North (1),23 Division,Mount Olive-Silverstone-Jamestown,false,false,false,false,false,false,true,false,false,true,"{""coordinates"": [[-79.5867910477828, 43.740744407574105]], ""type"": ""MultiPoint""}"
5185,2009:1132126,2009-10-21T20:23:00,1549 ALBION RD,,,3,Non-Fatal Injury,,No Control,Pedestrian Collision(internal code),Clear,Dark,Dry,Major Arterial,false,-79.5867910477828,43.740744407574105,1,Municipal Transit Bus (TTC),East,2,28,None,Lap and Shoulder Belt,Driving properly,Normal,,,Going Ahead,,,,,driver,NA,Etobicoke North (1),23 Division,Mount Olive-Silverstone-Jamestown,false,false,false,false,false,false,true,false,false,true,"{""coordinates"": [[-79.5867910477828, 43.740744407574105]], ""type"": ""MultiPoint""}"
5186,2009:1136099,2009-10-22T07:10:00,LANSDOWNE Aven,DUNDAS Stre W,,3,Non-Fatal Injury,At Intersection,Traffic Signal,Turning Movement,Clear,Daylight,Dry,Minor Arterial,false,-79.43969098756799,43.65014426598701,2,Automobile or Station Wagon,North,3,32,Major,Air Bag Deployed,Improper turn,Normal,,,Turning Left,,,,,driver,NA,Davenport (9),11 Division,Little Portugal,false,false,false,false,false,false,false,false,false,false,"{""coordinates"": [[-79.43969098756799, 43.65014426598701]], ""type"": ""MultiPoint""}"
5187,2009:1136099,2009-10-22T07:10:00,LANSDOWNE Aven,DUNDAS Stre W,,3,Non-Fatal Injury,At Intersection,Traffic Signal,Turning Movement,Clear,Daylight,Dry,Minor Arterial,false,-79.43969098756799,43.65014426598701,1,Automobile or Station Wagon,South,1,49,None,Lap and Shoulder Belt,Driving properly,Normal,,,Going Ahead,,,,,driver,NA,Davenport (9),11 Division,Little Portugal,false,false,false,false,false,false,false,false,false,false,"{""coordinates"": [[-79.43969098756799, 43.65014426598701]], ""type"": ""MultiPoint""}"
5188,2009:1136099,2009-10-22T07:10:00,LANSDOWNE Aven,DUNDAS Stre W,,3,Non-Fatal Injury,At Intersection,Traffic Signal,Turning Movement,Clear,Daylight,Dry,Minor Arterial,false,-79.43969098756799,43.65014426598701,2,,,2,30,Minor,Air Bag Deployed,,,,,,,,,,passenger,NA,Davenport (9),11 Division,Little Portugal,false,false,false,false,false,false,false,false,false,false,"{""coordinates"": [[-79.43969098756799, 43.65014426598701]], ""type"": ""MultiPoint""}"
5189,2009:1132676,2009-10-23T07:15:00,FINCH AVE E,BLACKBIRD GT,,2,Fatal Injury,At Intersection,No Control,Pedestrian Collision(internal code),Rain,Dark,Wet,Minor Arterial,false,-79.22429041309844,43.81694398018131,1,Automobile or Station Wagon,West,1,49,Minor,Lap and Shoulder Belt,Driving properly,Normal,,,Going Ahead,,,,,driver,NA,Scarborough-Rouge Park (25),42 Division,Morningside Heights,false,true,false,false,false,false,true,false,false,false,"{""coordinates"": [[-79.22429041309844, 43.81694398018131]], ""type"": ""MultiPoint""}"
5190,2009:1132676,2009-10-23T07:15:00,FINCH AVE E,BLACKBIRD GT,,2,Fatal Injury,At Intersection,No Control,Pedestrian Collision(internal code),Rain,Dark,Wet,Minor Arterial,false,-79.22429041309844,43.81694398018131,2,,North,2,63,Fatal,Other Safety Equipment Used,,,Crossing - no traffic control,Inattentive,,Driver going straight hits pedestrian crossing without right-of-way (at intersection),,,,pedestrian,36,Scarborough-Rouge Park (25),42 Division,Morningside Heights,false,true,false,false,false,false,true,false,false,false,"{""coordinates"": [[-79.22429041309844, 43.81694398018131]], ""type"": ""MultiPoint""}"
5191,2009:1132677,2009-10-23T07:55:00,1251 KENNEDY Rd,,,1,Non-Fatal Injury,,No Control,SMV Other,Rain,Daylight,Wet,Major Arterial,false,-79.27739054077702,43.756344028574176,1,Automobile or Station Wagon,North,1,31,Major,Other Safety Equipment Used,Lost control,Unknown,,,Going Ahead,,,,,driver,NA,Scarborough Centre (21),41 Division,Dorset Park,false,false,false,false,false,false,false,false,false,false,"{""coordinates"": [[-79.27739054077702, 43.756344028574176]], ""type"": ""MultiPoint""}"
5192,2009:1132688,2009-10-23T17:08:00,STEELES AVE W,TURBINE DR,,3,Non-Fatal Injury,At Intersection,No Control,Pedestrian Collision(internal code),Rain,Daylight,Wet,Major Arterial,false,-79.55779097048806,43.76794436405403,1,,,1,NA,,Other Safety Equipment Used,,,,,,,,,,owner,NA,Humber River-Black Creek (7),31 Division,Humber Summit,false,false,false,false,false,false,true,false,false,false,"{""coordinates"": [[-79.55779097048806, 43.76794436405403]], ""type"": ""MultiPoint""}"
5193,2009:1132688,2009-10-23T17:08:00,STEELES AVE W,TURBINE DR,,3,Non-Fatal Injury,At Intersection,No Control,Pedestrian Collision(internal code),Rain,Daylight,Wet,Major Arterial,false,-79.55779097048806,43.76794436405403,1,Automobile or Station Wagon,West,2,44,None,Other Safety Equipment Used,Driving properly,Normal,,,Going Ahead,,,,,driver,NA,Humber River-Black Creek (7),31 Division,Humber Summit,false,false,false,false,false,false,true,false,false,false,"{""coordinates"": [[-79.55779097048806, 43.76794436405403]], ""type"": ""MultiPoint""}"
5194,2009:1132688,2009-10-23T17:08:00,STEELES AVE W,TURBINE DR,,3,Non-Fatal Injury,At Intersection,No Control,Pedestrian Collision(internal code),Rain,Daylight,Wet,Major Arterial,false,-79.55779097048806,43.76794436405403,2,,South,3,36,Major,Other Safety Equipment Used,,,Crossing - no traffic control,Normal,,Driver going straight hits pedestrian crossing without right-of-way (at intersection),,,,pedestrian,NA,Humber River-Black Creek (7),31 Division,Humber Summit,false,false,false,false,false,false,true,false,false,false,"{""coordinates"": [[-79.55779097048806, 43.76794436405403]], ""type"": ""MultiPoint""}"
5195,2009:1132715,2009-10-23T20:15:00,BAY ST,WELLESLEY ST W,,2,Non-Fatal Injury,At Intersection,Traffic Signal,Pedestrian Collision(internal code),Rain,Dark,Wet,Major Arterial,false,-79.38719086306918,43.66434418489457,2,,East,2,39,Major,Other Safety Equipment Used,,,Crossing with right-of-way (intersection),Normal,,Driver turns left into pedestrian crossing with right-of-way (at intersection),,,,pedestrian,NA,University-Rosedale (11),52 Division,Bay-Cloverhill,true,false,false,false,false,false,true,false,false,false,"{""coordinates"": [[-79.38719086306918, 43.66434418489457]], ""type"": ""MultiPoint""}"
5196,2009:1132715,2009-10-23T20:15:00,BAY ST,WELLESLEY ST W,,2,Non-Fatal Injury,At Intersection,Traffic Signal,Pedestrian Collision(internal code),Rain,Dark,Wet,Major Arterial,false,-79.38719086306918,43.66434418489457,1,Automobile or Station Wagon,East,1,21,None,Other Safety Equipment Used,Failed to yield right-of-way,Normal,,,Turning Left,,,,,driver,NA,University-Rosedale (11),52 Division,Bay-Cloverhill,true,false,false,false,false,false,true,false,false,false,"{""coordinates"": [[-79.38719086306918, 43.66434418489457]], ""type"": ""MultiPoint""}"
5197,2009:1137499,2009-10-25T01:16:00,DUFFERIN ST,ASCOT AVE,,9,Non-Fatal Injury,,Stop Sign,Approaching Head On,Clear,Dark,Dry,Major Arterial,false,-79.44419094479895,43.680644261566506,3,,,5,44,Minor,Lap and Shoulder Belt,,,,,,,,,,passenger,NA,Davenport (9),13 Division,Corso Italia-Davenport,true,false,false,false,false,false,false,false,true,false,"{""coordinates"": [[-79.44419094479895, 43.680644261566506]], ""type"": ""MultiPoint""}"
5198,2009:1137499,2009-10-25T01:16:00,DUFFERIN ST,ASCOT AVE,,9,Non-Fatal Injury,,Stop Sign,Approaching Head On,Clear,Dark,Dry,Major Arterial,false,-79.44419094479895,43.680644261566506,2,Automobile or Station Wagon,North,3,27,Major,Lap and Shoulder Belt,Following too closely,Normal,,,Stopped,,,,,driver,NA,Davenport (9),13 Division,Corso Italia-Davenport,true,false,false,false,false,false,false,false,true,false,"{""coordinates"": [[-79.44419094479895, 43.680644261566506]], ""type"": ""MultiPoint""}"
5199,2009:1137499,2009-10-25T01:16:00,DUFFERIN ST,ASCOT AVE,,9,Non-Fatal Injury,,Stop Sign,Approaching Head On,Clear,Dark,Dry,Major Arterial,false,-79.44419094479895,43.680644261566506,4,Automobile or Station Wagon,North,7,57,Minor,Lap and Shoulder Belt,Driving properly,Normal,,,Stopped,,,,,driver,NA,Davenport (9),13 Division,Corso Italia-Davenport,true,false,false,false,false,false,false,false,true,false,"{""coordinates"": [[-79.44419094479895, 43.680644261566506]], ""type"": ""MultiPoint""}"
5200,2009:1137499,2009-10-25T01:16:00,DUFFERIN ST,ASCOT AVE,,9,Non-Fatal Injury,,Stop Sign,Approaching Head On,Clear,Dark,Dry,Major Arterial,false,-79.44419094479895,43.680644261566506,3,,,6,NA,,Other Safety Equipment Used,,,,,,,,,,owner,NA,Davenport (9),13 Division,Corso Italia-Davenport,true,false,false,false,false,false,false,false,true,false,"{""coordinates"": [[-79.44419094479895, 43.680644261566506]], ""type"": ""MultiPoint""}"
5201,2009:1137499,2009-10-25T01:16:00,DUFFERIN ST,ASCOT AVE,,9,Non-Fatal Injury,,Stop Sign,Approaching Head On,Clear,Dark,Dry,Major Arterial,false,-79.44419094479895,43.680644261566506,5,Automobile or Station Wagon,North,8,23,None,Lap and Shoulder Belt,Lost control,Unknown,,,Going Ahead,,,,,driver,NA,Davenport (9),13 Division,Corso Italia-Davenport,true,false,false,false,false,false,false,false,true,false,"{""coordinates"": [[-79.44419094479895, 43.680644261566506]], ""type"": ""MultiPoint""}"
5202,2009:1137499,2009-10-25T01:16:00,DUFFERIN ST,ASCOT AVE,,9,Non-Fatal Injury,,Stop Sign,Approaching Head On,Clear,Dark,Dry,Major Arterial,false,-79.44419094479895,43.680644261566506,2,,,2,25,Minor,Lap and Shoulder Belt,,,,,,,,,,passenger,NA,Davenport (9),13 Division,Corso Italia-Davenport,true,false,false,false,false,false,false,false,true,false,"{""coordinates"": [[-79.44419094479895, 43.680644261566506]], ""type"": ""MultiPoint""}"
5203,2009:1137499,2009-10-25T01:16:00,DUFFERIN ST,ASCOT AVE,,9,Non-Fatal Injury,,Stop Sign,Approaching Head On,Clear,Dark,Dry,Major Arterial,false,-79.44419094479895,43.680644261566506,1,Automobile or Station Wagon,South,9,47,Minor,Lap and Shoulder Belt,Driving properly,Normal,,,Going Ahead,,,,,driver,NA,Davenport (9),13 Division,Corso Italia-Davenport,true,false,false,false,false,false,false,false,true,false,"{""coordinates"": [[-79.44419094479895, 43.680644261566506]], ""type"": ""MultiPoint""}"
5204,2009:1137499,2009-10-25T01:16:00,DUFFERIN ST,ASCOT AVE,,9,Non-Fatal Injury,,Stop Sign,Approaching Head On,Clear,Dark,Dry,Major Arterial,false,-79.44419094479895,43.680644261566506,2,,,1,17,Minor,Lap and Shoulder Belt,,,,,,,,,,passenger,NA,Davenport (9),13 Division,Corso Italia-Davenport,true,false,false,false,false,false,false,false,true,false,"{""coordinates"": [[-79.44419094479895, 43.680644261566506]], ""type"": ""MultiPoint""}"
5205,2009:1137440,2009-10-25T17:22:00,ALBION RD,FINCH AVE W,,2,Non-Fatal Injury,At Intersection,Traffic Signal,Turning Movement,Clear,Daylight,Dry,Major Arterial,false,-79.58919105023354,43.74104441007409,2,Automobile or Station Wagon,East,2,28,Minor,Lap and Shoulder Belt,Driving properly,Normal,,,Going Ahead,,,,,driver,NA,Etobicoke North (1),23 Division,Mount Olive-Silverstone-Jamestown,false,false,false,false,false,false,false,false,false,false,"{""coordinates"": [[-79.58919105023354, 43.74104441007409]], ""type"": ""MultiPoint""}"
5206,2009:1137440,2009-10-25T17:22:00,ALBION RD,FINCH AVE W,,2,Non-Fatal Injury,At Intersection,Traffic Signal,Turning Movement,Clear,Daylight,Dry,Major Arterial,false,-79.58919105023354,43.74104441007409,1,Automobile or Station Wagon,West,1,22,Major,Lap and Shoulder Belt,Improper turn,Normal,,,Turning Left,,,,,driver,NA,Etobicoke North (1),23 Division,Mount Olive-Silverstone-Jamestown,false,false,false,false,false,false,false,false,false,false,"{""coordinates"": [[-79.58919105023354, 43.74104441007409]], ""type"": ""MultiPoint""}"