X_id,collision_id,accdate,stname1,stname2,stname3,per_inv,acclass,accloc,traffictl,impactype,visible,light,rdsfcond,road_class,failtorem,longitude,latitude,veh_no,vehtype,initdir,per_no,invage,injury,safequip,drivact,drivcond,pedact,pedcond,manoeuvre,pedtype,cyclistype,cycact,cyccond,road_user,fatal_no,wardname,division,neighbourhood,aggressive,distracted,cyclist,motorcyclist,other_micromobility,older_adult,pedestrian,red_light,school_child,heavy_truck,geometry
5463,2010:1146000,2010-01-05T20:34:00,ST CLAIR AVE W,YONGE ST,,1,Non-Fatal Injury,,No Control,SMV Unattended Vehicle,Clear,Dark,Wet,Major Arterial,false,-79.39459084050759,43.68794418975771,2,,East,2,NA,None,Other Safety Equipment Used,,,,,Parked,,,,,other,NA,Toronto-St. Paul's (12),53 Division,Yonge-St.Clair,false,false,false,false,false,false,false,false,false,false,"{""coordinates"": [[-79.39459084050759, 43.68794418975771]], ""type"": ""MultiPoint""}"
5464,2010:1146005,2010-01-05T20:44:00,MOUNT PLEASANT RD,ST CLAIR AVE E,,1,Non-Fatal Injury,At Intersection,No Control,Turning Movement,Clear,Dark,Wet,Major Arterial,false,-79.38329081589538,43.690344173469846,2,Automobile or Station Wagon,North,2,52,None,Other Safety Equipment Used,Driving properly,Normal,,,Stopped,,,,,driver,NA,University-Rosedale (11),53 Division,Rosedale-Moore Park,false,false,false,false,false,false,false,false,false,false,"{""coordinates"": [[-79.38329081589538, 43.690344173469846]], ""type"": ""MultiPoint""}"
5465,2010:1146005,2010-01-05T20:44:00,MOUNT PLEASANT RD,ST CLAIR AVE E,,1,Non-Fatal Injury,At Intersection,No Control,Turning Movement,Clear,Dark,Wet,Major Arterial,false,-79.38329081589538,43.690344173469846,1,Automobile or Station Wagon,East,1,58,Major,Other Safety Equipment Used,Lost control,Medical or Physical Disability,,,Turning Right,,,,,driver,NA,University-Rosedale (11),53 Division,Rosedale-Moore Park,false,false,false,false,false,false,false,false,false,false,"{""coordinates"": [[-79.38329081589538, 43.690344173469846]], ""type"": ""MultiPoint""}"
5466,2010:1150854,2010-01-06T02:57:00,665 LAWRENCE AVE W,,,2,Non-Fatal Injury,,No Control,Pedestrian Collision(internal code),Clear,Dark,Dry,Major Arterial,false,-79.4436908837178,43.7162442479579,2,,Unknown,2,43,Major,Other Safety Equipment Used,,,Playing or working on highway,Inattentive,,Driver hits pedestrian at midblock,,,,pedestrian,NA,Eglinton-Lawrence (8),32 Division,Englemount-Lawrence,false,true,false,false,false,false,true,false,false,false,"{""coordinates"": [[-79.4436908837178, 43.7162442479579]], ""type"": ""MultiPoint""}"
5467,2010:1150854,2010-01-06T02:57:00,665 LAWRENCE AVE W,,,2,Non-Fatal Injury,,No Control,Pedestrian Collision(internal code),Clear,Dark,Dry,Major Arterial,false,-79.4436908837178,43.7162442479579,1,,Unknown,1,54,Minor,No Equipment Available,,,Playing or working on highway,Normal,,Driver hits pedestrian at midblock,,,,pedestrian,NA,Eglinton-Lawrence (8),32 Division,Englemount-Lawrence,false,true,false,false,false,false,true,false,false,false,"{""coordinates"": [[-79.4436908837178, 43.7162442479579]], ""type"": ""MultiPoint""}"
5468,2010:1150406,2010-01-07T21:08:00,DANFORTH Road,MACKINAC Cres,,3,Non-Fatal Injury,,No Control,Cyclist Collision,Clear,Dark,Dry,Major Arterial,false,-79.24449049275432,43.74954398791451,2,Bicycle,North,3,44,Major,No Equipment Available,,,,,Going Ahead,,Rear end with cyclist and driver travelling in same direction,Driving Properly,Normal,cyclist,NA,Scarborough Centre (21),43 Division,Bendale South,true,true,true,false,false,false,false,false,false,false,"{""coordinates"": [[-79.24449049275432, 43.74954398791451]], ""type"": ""MultiPoint""}"
5469,2010:1150406,2010-01-07T21:08:00,DANFORTH Road,MACKINAC Cres,,3,Non-Fatal Injury,,No Control,Cyclist Collision,Clear,Dark,Dry,Major Arterial,false,-79.24449049275432,43.74954398791451,1,Automobile or Station Wagon,North,2,23,None,Other Safety Equipment Used,Failed to yield right-of-way,Inattentive,,,Overtaking,,,,,driver,NA,Scarborough Centre (21),43 Division,Bendale South,true,true,true,false,false,false,false,false,false,false,"{""coordinates"": [[-79.24449049275432, 43.74954398791451]], ""type"": ""MultiPoint""}"
5470,2010:1150406,2010-01-07T21:08:00,DANFORTH Road,MACKINAC Cres,,3,Non-Fatal Injury,,No Control,Cyclist Collision,Clear,Dark,Dry,Major Arterial,false,-79.24449049275432,43.74954398791451,1,,,1,NA,,Other Safety Equipment Used,,,,,,,,,,owner,NA,Scarborough Centre (21),43 Division,Bendale South,true,true,true,false,false,false,false,false,false,false,"{""coordinates"": [[-79.24449049275432, 43.74954398791451]], ""type"": ""MultiPoint""}"
5471,2024:4001738447,2024-08-09T11:30:00,LAWRENCE AVE E,DON MILLS RD,40 m West of,4,Non-Fatal Injury,Non-Intersection,No Control,SMV Other,Rain,Daylight,Wet,Major Arterial,false,-79.34407247720304,43.73695661290796,2,Passenger Van,East,2,52,None,Lap and Shoulder Belt,Driving properly,Normal,,,Stopped,,,,,driver,NA,Don Valley East (16),33 Division,Banbury-Don Mills,false,false,false,false,false,true,true,false,true,false,"{""coordinates"": [[-79.34407247720304, 43.73695661290796]], ""type"": ""MultiPoint""}"
5472,2010:1150954,2010-01-08T03:02:00,UNIVERSITY Ave,DUNDAS St W,,2,Non-Fatal Injury,,No Control,Pedestrian Collision(internal code),Clear,Dark,Wet,Major Arterial,false,-79.38829087996456,43.6547441887318,2,,East,2,63,Major,Other Safety Equipment Used,,,Crossing - no traffic control,Inattentive,Going Ahead,Driver going straight hits pedestrian crossing without right-of-way (at intersection),,,,pedestrian,NA,Spadina-Fort York (10),52 Division,Yonge-Bay Corridor,false,true,false,false,false,false,true,false,false,false,"{""coordinates"": [[-79.38829087996456, 43.6547441887318]], ""type"": ""MultiPoint""}"
5473,2010:1150954,2010-01-08T03:02:00,UNIVERSITY Ave,DUNDAS St W,,2,Non-Fatal Injury,,No Control,Pedestrian Collision(internal code),Clear,Dark,Wet,Major Arterial,false,-79.38829087996456,43.6547441887318,1,Automobile or Station Wagon,North,1,31,None,Lap and Shoulder Belt,Driving properly,Normal,,,Going Ahead,,,,,driver,NA,Spadina-Fort York (10),52 Division,Yonge-Bay Corridor,false,true,false,false,false,false,true,false,false,false,"{""coordinates"": [[-79.38829087996456, 43.6547441887318]], ""type"": ""MultiPoint""}"
5474,2010:1146660,2010-01-08T18:10:00,FINCH AVE W,YORK GATE BLVD,,2,Fatal Injury,At Intersection,No Control,Pedestrian Collision(internal code),Clear,Dark,Dry,Major Arterial,false,-79.51989093765776,43.7569443261394,1,Automobile or Station Wagon,West,2,54,None,Other Safety Equipment Used,Driving properly,Normal,,,Going Ahead,,,,,driver,NA,Humber River-Black Creek (7),31 Division,Black Creek,false,false,false,false,false,true,true,false,false,false,"{""coordinates"": [[-79.51989093765776, 43.7569443261394]], ""type"": ""MultiPoint""}"
5475,2010:1146660,2010-01-08T18:10:00,FINCH AVE W,YORK GATE BLVD,,2,Fatal Injury,At Intersection,No Control,Pedestrian Collision(internal code),Clear,Dark,Dry,Major Arterial,false,-79.51989093765776,43.7569443261394,2,,North,1,88,Fatal,Other Safety Equipment Used,,,Crossing - no traffic control,Normal,,Driver hits pedestrian at midblock,,,,pedestrian,9,Humber River-Black Creek (7),31 Division,Black Creek,false,false,false,false,false,true,true,false,false,false,"{""coordinates"": [[-79.51989093765776, 43.7569443261394]], ""type"": ""MultiPoint""}"
5476,2010:1146741,2010-01-09T10:12:00,DANFORTH AVE,DAWES RD,,3,Non-Fatal Injury,At Intersection,Traffic Signal,Pedestrian Collision(internal code),Clear,Daylight,Dry,Major Arterial,false,-79.29679065739451,43.689344053371336,1,,,1,NA,,Other Safety Equipment Used,,,,,,,,,,owner,NA,Beaches-East York (19),55 Division,East End-Danforth,true,true,false,false,false,true,true,false,false,false,"{""coordinates"": [[-79.29679065739451, 43.689344053371336]], ""type"": ""MultiPoint""}"
5477,2010:1146741,2010-01-09T10:12:00,DANFORTH AVE,DAWES RD,,3,Non-Fatal Injury,At Intersection,Traffic Signal,Pedestrian Collision(internal code),Clear,Daylight,Dry,Major Arterial,false,-79.29679065739451,43.689344053371336,1,Automobile or Station Wagon,South,2,56,None,Other Safety Equipment Used,Failed to yield right-of-way,Inattentive,,,Turning Left,,,,,driver,NA,Beaches-East York (19),55 Division,East End-Danforth,true,true,false,false,false,true,true,false,false,false,"{""coordinates"": [[-79.29679065739451, 43.689344053371336]], ""type"": ""MultiPoint""}"
5478,2010:1146741,2010-01-09T10:12:00,DANFORTH AVE,DAWES RD,,3,Non-Fatal Injury,At Intersection,Traffic Signal,Pedestrian Collision(internal code),Clear,Daylight,Dry,Major Arterial,false,-79.29679065739451,43.689344053371336,2,,North,3,82,Major,Other Safety Equipment Used,,,Crossing with right-of-way (intersection),Normal,,Driver turns left into pedestrian crossing with right-of-way (at intersection),,,,pedestrian,NA,Beaches-East York (19),55 Division,East End-Danforth,true,true,false,false,false,true,true,false,false,false,"{""coordinates"": [[-79.29679065739451, 43.689344053371336]], ""type"": ""MultiPoint""}"
5479,2010:1146740,2010-01-09T11:19:00,MARLEE AVE,VIEWMOUNT AVE,,2,Non-Fatal Injury,,Pedestrian Crossover,Pedestrian Collision(internal code),Clear,Daylight,Other,Minor Arterial,false,-79.44309089801054,43.70714425044637,2,,East,2,92,Major,Other Safety Equipment Used,,,Crossing - pedestrian crossover,Unknown,,Driver hits pedestrian at PXO/pedestrian midblock signal,,,,pedestrian,NA,Eglinton-Lawrence (8),13 Division,Yorkdale-Glen Park,true,false,false,false,false,true,true,false,false,false,"{""coordinates"": [[-79.44309089801054, 43.70714425044637]], ""type"": ""MultiPoint""}"
5480,2010:1146740,2010-01-09T11:19:00,MARLEE AVE,VIEWMOUNT AVE,,2,Non-Fatal Injury,,Pedestrian Crossover,Pedestrian Collision(internal code),Clear,Daylight,Other,Minor Arterial,false,-79.44309089801054,43.70714425044637,1,Automobile or Station Wagon,South,1,68,None,Other Safety Equipment Used,Failed to yield right-of-way,Unknown,,,Going Ahead,,,,,driver,NA,Eglinton-Lawrence (8),13 Division,Yorkdale-Glen Park,true,false,false,false,false,true,true,false,false,false,"{""coordinates"": [[-79.44309089801054, 43.70714425044637]], ""type"": ""MultiPoint""}"
5481,2010:1146815,2010-01-09T23:08:00,TED ROGERS WAY,MOUNT PLEASANT RD,,7,Non-Fatal Injury,At Intersection,Traffic Signal,Sideswipe,Clear,Dark with Artificial Lighting,Wet,Major Arterial,false,-79.37989484055407,43.66996217311882,1,,,1,23,None,Other Safety Equipment Used,,,,,,,,,,passenger,NA,Toronto Centre (13),51 Division,North St.James Town,true,false,false,false,false,false,false,false,false,false,"{""coordinates"": [[-79.37989484055407, 43.66996217311882]], ""type"": ""MultiPoint""}"
5482,2010:1146815,2010-01-09T23:08:00,TED ROGERS WAY,MOUNT PLEASANT RD,,7,Non-Fatal Injury,At Intersection,Traffic Signal,Sideswipe,Clear,Dark with Artificial Lighting,Wet,Major Arterial,false,-79.37989484055407,43.66996217311882,3,,,6,29,Minor,Other Safety Equipment Used,,,,,,,,,,passenger,NA,Toronto Centre (13),51 Division,North St.James Town,true,false,false,false,false,false,false,false,false,false,"{""coordinates"": [[-79.37989484055407, 43.66996217311882]], ""type"": ""MultiPoint""}"
5483,2010:1146815,2010-01-09T23:08:00,TED ROGERS WAY,MOUNT PLEASANT RD,,7,Non-Fatal Injury,At Intersection,Traffic Signal,Sideswipe,Clear,Dark with Artificial Lighting,Wet,Major Arterial,false,-79.37989484055407,43.66996217311882,2,,,2,23,None,Other Safety Equipment Used,,,,,,,,,,passenger,NA,Toronto Centre (13),51 Division,North St.James Town,true,false,false,false,false,false,false,false,false,false,"{""coordinates"": [[-79.37989484055407, 43.66996217311882]], ""type"": ""MultiPoint""}"
5484,2010:1146815,2010-01-09T23:08:00,TED ROGERS WAY,MOUNT PLEASANT RD,,7,Non-Fatal Injury,At Intersection,Traffic Signal,Sideswipe,Clear,Dark with Artificial Lighting,Wet,Major Arterial,false,-79.37989484055407,43.66996217311882,2,,,3,24,None,Other Safety Equipment Used,,,,,,,,,,passenger,NA,Toronto Centre (13),51 Division,North St.James Town,true,false,false,false,false,false,false,false,false,false,"{""coordinates"": [[-79.37989484055407, 43.66996217311882]], ""type"": ""MultiPoint""}"
5485,2010:1146815,2010-01-09T23:08:00,TED ROGERS WAY,MOUNT PLEASANT RD,,7,Non-Fatal Injury,At Intersection,Traffic Signal,Sideswipe,Clear,Dark with Artificial Lighting,Wet,Major Arterial,false,-79.37989484055407,43.66996217311882,3,Automobile or Station Wagon,South,7,49,Major,Other Safety Equipment Used,Driving properly,Normal,,,Stopped,,,,,driver,NA,Toronto Centre (13),51 Division,North St.James Town,true,false,false,false,false,false,false,false,false,false,"{""coordinates"": [[-79.37989484055407, 43.66996217311882]], ""type"": ""MultiPoint""}"
5486,2010:1146815,2010-01-09T23:08:00,TED ROGERS WAY,MOUNT PLEASANT RD,,7,Non-Fatal Injury,At Intersection,Traffic Signal,Sideswipe,Clear,Dark with Artificial Lighting,Wet,Major Arterial,false,-79.37989484055407,43.66996217311882,2,Automobile or Station Wagon,South,5,24,None,Other Safety Equipment Used,Exceeding speed limit,Had Been Drinking,,,Going Ahead,,,,,driver,NA,Toronto Centre (13),51 Division,North St.James Town,true,false,false,false,false,false,false,false,false,false,"{""coordinates"": [[-79.37989484055407, 43.66996217311882]], ""type"": ""MultiPoint""}"
5487,2010:1146815,2010-01-09T23:08:00,TED ROGERS WAY,MOUNT PLEASANT RD,,7,Non-Fatal Injury,At Intersection,Traffic Signal,Sideswipe,Clear,Dark with Artificial Lighting,Wet,Major Arterial,false,-79.37989484055407,43.66996217311882,2,,,4,23,None,Other Safety Equipment Used,,,,,,,,,,passenger,NA,Toronto Centre (13),51 Division,North St.James Town,true,false,false,false,false,false,false,false,false,false,"{""coordinates"": [[-79.37989484055407, 43.66996217311882]], ""type"": ""MultiPoint""}"
5488,2010:1146864,2010-01-10T03:29:00,KING ST E,PARLIAMENT ST,,3,Fatal Injury,At Intersection,Traffic Signal,Approaching Head On,Clear,Dark,Dry,Major Arterial,false,-79.36319083413503,43.65274415214994,1,Automobile or Station Wagon,East,1,37,Fatal,Other Safety Equipment Used,Lost control,Had Been Drinking,,,Going Ahead,,,,,driver,1,Toronto Centre (13),51 Division,Moss Park,false,false,false,false,false,false,false,false,false,false,"{""coordinates"": [[-79.36319083413503, 43.65274415214994]], ""type"": ""MultiPoint""}"
5489,2010:1146864,2010-01-10T03:29:00,KING ST E,PARLIAMENT ST,,3,Fatal Injury,At Intersection,Traffic Signal,Approaching Head On,Clear,Dark,Dry,Major Arterial,false,-79.36319083413503,43.65274415214994,2,,,2,NA,,Other Safety Equipment Used,,,,,,,,,,owner,NA,Toronto Centre (13),51 Division,Moss Park,false,false,false,false,false,false,false,false,false,false,"{""coordinates"": [[-79.36319083413503, 43.65274415214994]], ""type"": ""MultiPoint""}"
5490,2010:1146864,2010-01-10T03:29:00,KING ST E,PARLIAMENT ST,,3,Fatal Injury,At Intersection,Traffic Signal,Approaching Head On,Clear,Dark,Dry,Major Arterial,false,-79.36319083413503,43.65274415214994,2,Automobile or Station Wagon,West,3,35,Minor,Other Safety Equipment Used,Driving properly,Normal,,,Going Ahead,,,,,driver,NA,Toronto Centre (13),51 Division,Moss Park,false,false,false,false,false,false,false,false,false,false,"{""coordinates"": [[-79.36319083413503, 43.65274415214994]], ""type"": ""MultiPoint""}"
5491,2010:1151467,2010-01-10T09:33:00,SENTINEL Road,STILECROFT Driv,,2,Non-Fatal Injury,At Intersection,Stop Sign,Pedestrian Collision(internal code),Clear,Daylight,Dry,Collector,false,-79.49419091130727,43.7504442987387,2,,East,2,65,Major,No Equipment Available,,,Crossing with right-of-way (intersection),Normal,,Driver going straight hits pedestrian crossing with right-of-way (at intersection),,,,pedestrian,NA,York Centre (6),31 Division,York University Heights,true,true,false,false,false,true,true,false,false,true,"{""coordinates"": [[-79.49419091130727, 43.7504442987387]], ""type"": ""MultiPoint""}"
5492,2010:1151467,2010-01-10T09:33:00,SENTINEL Road,STILECROFT Driv,,2,Non-Fatal Injury,At Intersection,Stop Sign,Pedestrian Collision(internal code),Clear,Daylight,Dry,Collector,false,-79.49419091130727,43.7504442987387,1,Truck - Open (Flatbed),South,1,36,None,Other Safety Equipment Used,Failed to yield right-of-way,Inattentive,,,Going Ahead,,,,,driver,NA,York Centre (6),31 Division,York University Heights,true,true,false,false,false,true,true,false,false,true,"{""coordinates"": [[-79.49419091130727, 43.7504442987387]], ""type"": ""MultiPoint""}"
5493,2010:1151614,2010-01-12T11:53:00,EGLINTON Aven E,CEDAR Driv,,5,Non-Fatal Injury,At Intersection,Traffic Signal,Pedestrian Collision(internal code),Clear,Daylight,Dry,Major Arterial,false,-79.21559045789625,43.74394395730317,2,Automobile or Station Wagon,East,3,50,Minor,Lap and Shoulder Belt,Failed to yield right-of-way,Inattentive,,,Turning Left,,,,,driver,NA,Scarborough-Guildwood (24),43 Division,Scarborough Village,true,true,false,false,false,false,true,false,false,false,"{""coordinates"": [[-79.21559045789625, 43.74394395730317]], ""type"": ""MultiPoint""}"
5494,2010:1151614,2010-01-12T11:53:00,EGLINTON Aven E,CEDAR Driv,,5,Non-Fatal Injury,At Intersection,Traffic Signal,Pedestrian Collision(internal code),Clear,Daylight,Dry,Major Arterial,false,-79.21559045789625,43.74394395730317,1,,,1,23,Major,Lap and Shoulder Belt,,,,,,,,,,passenger,NA,Scarborough-Guildwood (24),43 Division,Scarborough Village,true,true,false,false,false,false,true,false,false,false,"{""coordinates"": [[-79.21559045789625, 43.74394395730317]], ""type"": ""MultiPoint""}"
5495,2010:1151614,2010-01-12T11:53:00,EGLINTON Aven E,CEDAR Driv,,5,Non-Fatal Injury,At Intersection,Traffic Signal,Pedestrian Collision(internal code),Clear,Daylight,Dry,Major Arterial,false,-79.21559045789625,43.74394395730317,3,,,4,NA,,Other Safety Equipment Used,,,,,,,,,,owner,NA,Scarborough-Guildwood (24),43 Division,Scarborough Village,true,true,false,false,false,false,true,false,false,false,"{""coordinates"": [[-79.21559045789625, 43.74394395730317]], ""type"": ""MultiPoint""}"
5496,2010:1151614,2010-01-12T11:53:00,EGLINTON Aven E,CEDAR Driv,,5,Non-Fatal Injury,At Intersection,Traffic Signal,Pedestrian Collision(internal code),Clear,Daylight,Dry,Major Arterial,false,-79.21559045789625,43.74394395730317,3,,West,5,62,Major,Other Safety Equipment Used,,,Crossing with right-of-way (intersection),Normal,,Driver turns left into pedestrian crossing with right-of-way (at intersection),,,,pedestrian,NA,Scarborough-Guildwood (24),43 Division,Scarborough Village,true,true,false,false,false,false,true,false,false,false,"{""coordinates"": [[-79.21559045789625, 43.74394395730317]], ""type"": ""MultiPoint""}"
5497,2010:1151614,2010-01-12T11:53:00,EGLINTON Aven E,CEDAR Driv,,5,Non-Fatal Injury,At Intersection,Traffic Signal,Pedestrian Collision(internal code),Clear,Daylight,Dry,Major Arterial,false,-79.21559045789625,43.74394395730317,1,Automobile or Station Wagon,West,2,52,Minor,Lap and Shoulder Belt,Driving properly,Normal,,,Going Ahead,,,,,driver,NA,Scarborough-Guildwood (24),43 Division,Scarborough Village,true,true,false,false,false,false,true,false,false,false,"{""coordinates"": [[-79.21559045789625, 43.74394395730317]], ""type"": ""MultiPoint""}"
5498,2010:1147341,2010-01-12T12:40:00,MARTIN GROVE RD,EGLINTON AVE W,,4,Fatal Injury,At Intersection,Traffic Signal,Pedestrian Collision(internal code),Clear,Daylight,Dry,Major Arterial,false,-79.56319114225505,43.67444441886804,2,,East,4,31,Fatal,Other Safety Equipment Used,,,Crossing with right-of-way (intersection),Normal,,Driver going straight hits pedestrian crossing with right-of-way (at intersection),,,,pedestrian,2,Etobicoke Centre (2),22 Division,Eringate-Centennial-West Deane,true,false,false,false,false,true,true,true,false,false,"{""coordinates"": [[-79.56319114225505, 43.67444441886804]], ""type"": ""MultiPoint""}"
5499,2010:1147341,2010-01-12T12:40:00,MARTIN GROVE RD,EGLINTON AVE W,,4,Fatal Injury,At Intersection,Traffic Signal,Pedestrian Collision(internal code),Clear,Daylight,Dry,Major Arterial,false,-79.56319114225505,43.67444441886804,1,,,1,89,None,Other Safety Equipment Used,,,,,,,,,,passenger,NA,Etobicoke Centre (2),22 Division,Eringate-Centennial-West Deane,true,false,false,false,false,true,true,true,false,false,"{""coordinates"": [[-79.56319114225505, 43.67444441886804]], ""type"": ""MultiPoint""}"
5500,2010:1147341,2010-01-12T12:40:00,MARTIN GROVE RD,EGLINTON AVE W,,4,Fatal Injury,At Intersection,Traffic Signal,Pedestrian Collision(internal code),Clear,Daylight,Dry,Major Arterial,false,-79.56319114225505,43.67444441886804,2,,East,3,1,Minor,Other Safety Equipment Used,,,Crossing with right-of-way (intersection),Normal,,Driver going straight hits pedestrian crossing with right-of-way (at intersection),,,,pedestrian,NA,Etobicoke Centre (2),22 Division,Eringate-Centennial-West Deane,true,false,false,false,false,true,true,true,false,false,"{""coordinates"": [[-79.56319114225505, 43.67444441886804]], ""type"": ""MultiPoint""}"
5501,2010:1147341,2010-01-12T12:40:00,MARTIN GROVE RD,EGLINTON AVE W,,4,Fatal Injury,At Intersection,Traffic Signal,Pedestrian Collision(internal code),Clear,Daylight,Dry,Major Arterial,false,-79.56319114225505,43.67444441886804,1,Automobile or Station Wagon,North,2,84,None,Other Safety Equipment Used,Disobeyed traffic control,Unknown,,,Going Ahead,,,,,driver,NA,Etobicoke Centre (2),22 Division,Eringate-Centennial-West Deane,true,false,false,false,false,true,true,true,false,false,"{""coordinates"": [[-79.56319114225505, 43.67444441886804]], ""type"": ""MultiPoint""}"
5502,2010:1147342,2010-01-12T13:17:00,DUNDAS ST W,RONCESVALLES AVE,,4,Fatal Injury,At Intersection,Traffic Signal,Pedestrian Collision(internal code),Clear,Daylight,Dry,Minor Arterial,false,-79.45179100489916,43.65384428250979,2,,East,4,80,Fatal,Other Safety Equipment Used,,,Crossing without right-of-way (intersection),Inattentive,,Driver going straight hits pedestrian crossing without right-of-way (at intersection),,,,pedestrian,3,Parkdale-High Park (4),11 Division,Roncesvalles,false,true,false,false,false,true,true,false,false,false,"{""coordinates"": [[-79.45179100489916, 43.65384428250979]], ""type"": ""MultiPoint""}"
5503,2010:1147342,2010-01-12T13:17:00,DUNDAS ST W,RONCESVALLES AVE,,4,Fatal Injury,At Intersection,Traffic Signal,Pedestrian Collision(internal code),Clear,Daylight,Dry,Minor Arterial,false,-79.45179100489916,43.65384428250979,1,,,2,NA,,Other Safety Equipment Used,,,,,,,,,,owner,NA,Parkdale-High Park (4),11 Division,Roncesvalles,false,true,false,false,false,true,true,false,false,false,"{""coordinates"": [[-79.45179100489916, 43.65384428250979]], ""type"": ""MultiPoint""}"
5504,2010:1147342,2010-01-12T13:17:00,DUNDAS ST W,RONCESVALLES AVE,,4,Fatal Injury,At Intersection,Traffic Signal,Pedestrian Collision(internal code),Clear,Daylight,Dry,Minor Arterial,false,-79.45179100489916,43.65384428250979,1,Automobile or Station Wagon,South,3,20,None,Other Safety Equipment Used,Driving properly,Normal,,,Going Ahead,,,,,driver,NA,Parkdale-High Park (4),11 Division,Roncesvalles,false,true,false,false,false,true,true,false,false,false,"{""coordinates"": [[-79.45179100489916, 43.65384428250979]], ""type"": ""MultiPoint""}"
5505,2010:1147342,2010-01-12T13:17:00,DUNDAS ST W,RONCESVALLES AVE,,4,Fatal Injury,At Intersection,Traffic Signal,Pedestrian Collision(internal code),Clear,Daylight,Dry,Minor Arterial,false,-79.45179100489916,43.65384428250979,2,,East,1,42,Minor,Other Safety Equipment Used,,,Crossing without right-of-way (intersection),Inattentive,,Driver going straight hits pedestrian crossing without right-of-way (at intersection),,,,pedestrian,NA,Parkdale-High Park (4),11 Division,Roncesvalles,false,true,false,false,false,true,true,false,false,false,"{""coordinates"": [[-79.45179100489916, 43.65384428250979]], ""type"": ""MultiPoint""}"
5506,2010:1151934,2010-01-12T14:01:00,JANE Stre,HARDING Aven,,3,Non-Fatal Injury,At Intersection,Traffic Signal,Pedestrian Collision(internal code),Clear,Daylight,Dry,Major Arterial,false,-79.50289101825076,43.69954433436903,1,Automobile or Station Wagon,West,2,49,None,Lap and Shoulder Belt,Failed to yield right-of-way,Inattentive,,,Turning Left,,,,,driver,NA,York South-Weston (5),12 Division,Brookhaven-Amesbury,true,true,false,false,false,false,true,false,false,false,"{""coordinates"": [[-79.50289101825076, 43.69954433436903]], ""type"": ""MultiPoint""}"
5507,2010:1151934,2010-01-12T14:01:00,JANE Stre,HARDING Aven,,3,Non-Fatal Injury,At Intersection,Traffic Signal,Pedestrian Collision(internal code),Clear,Daylight,Dry,Major Arterial,false,-79.50289101825076,43.69954433436903,1,,,1,NA,,Other Safety Equipment Used,,,,,,,,,,owner,NA,York South-Weston (5),12 Division,Brookhaven-Amesbury,true,true,false,false,false,false,true,false,false,false,"{""coordinates"": [[-79.50289101825076, 43.69954433436903]], ""type"": ""MultiPoint""}"
5508,2010:1151934,2010-01-12T14:01:00,JANE Stre,HARDING Aven,,3,Non-Fatal Injury,At Intersection,Traffic Signal,Pedestrian Collision(internal code),Clear,Daylight,Dry,Major Arterial,false,-79.50289101825076,43.69954433436903,2,,East,3,51,Major,Other Safety Equipment Used,,,Crossing with right-of-way (intersection),Normal,,Driver turns left into pedestrian crossing with right-of-way (at intersection),,,,pedestrian,NA,York South-Weston (5),12 Division,Brookhaven-Amesbury,true,true,false,false,false,false,true,false,false,false,"{""coordinates"": [[-79.50289101825076, 43.69954433436903]], ""type"": ""MultiPoint""}"
5509,2010:1147486,2010-01-13T12:24:00,EASTERN AVE,CHERRY ST,,4,Non-Fatal Injury,At Intersection,Traffic Signal,Angle,Clear,Daylight,Dry,Minor Arterial,false,-79.3584908232246,43.65394414501516,1,Automobile or Station Wagon,East,2,58,None,Lap and Shoulder Belt,Disobeyed traffic control,Normal,,,Going Ahead,,,,,driver,NA,Toronto Centre (13),51 Division,Moss Park,true,false,false,false,false,false,false,true,false,false,"{""coordinates"": [[-79.3584908232246, 43.65394414501516]], ""type"": ""MultiPoint""}"
5510,2010:1147486,2010-01-13T12:24:00,EASTERN AVE,CHERRY ST,,4,Non-Fatal Injury,At Intersection,Traffic Signal,Angle,Clear,Daylight,Dry,Minor Arterial,false,-79.3584908232246,43.65394414501516,1,,,1,NA,,Other Safety Equipment Used,,,,,,,,,,owner,NA,Toronto Centre (13),51 Division,Moss Park,true,false,false,false,false,false,false,true,false,false,"{""coordinates"": [[-79.3584908232246, 43.65394414501516]], ""type"": ""MultiPoint""}"
5511,2010:1147486,2010-01-13T12:24:00,EASTERN AVE,CHERRY ST,,4,Non-Fatal Injury,At Intersection,Traffic Signal,Angle,Clear,Daylight,Dry,Minor Arterial,false,-79.3584908232246,43.65394414501516,2,,,4,28,Major,Lap and Shoulder Belt,,,,,,,,,,passenger,NA,Toronto Centre (13),51 Division,Moss Park,true,false,false,false,false,false,false,true,false,false,"{""coordinates"": [[-79.3584908232246, 43.65394414501516]], ""type"": ""MultiPoint""}"
5512,2010:1147486,2010-01-13T12:24:00,EASTERN AVE,CHERRY ST,,4,Non-Fatal Injury,At Intersection,Traffic Signal,Angle,Clear,Daylight,Dry,Minor Arterial,false,-79.3584908232246,43.65394414501516,2,Automobile or Station Wagon,South,3,22,Minimal,Lap and Shoulder Belt,Driving properly,Normal,,,Going Ahead,,,,,driver,NA,Toronto Centre (13),51 Division,Moss Park,true,false,false,false,false,false,false,true,false,false,"{""coordinates"": [[-79.3584908232246, 43.65394414501516]], ""type"": ""MultiPoint""}"