X_id,collision_id,accdate,stname1,stname2,stname3,per_inv,acclass,accloc,traffictl,impactype,visible,light,rdsfcond,road_class,failtorem,longitude,latitude,veh_no,vehtype,initdir,per_no,invage,injury,safequip,drivact,drivcond,pedact,pedcond,manoeuvre,pedtype,cyclistype,cycact,cyccond,road_user,fatal_no,wardname,division,neighbourhood,aggressive,distracted,cyclist,motorcyclist,other_micromobility,older_adult,pedestrian,red_light,school_child,heavy_truck,geometry
6405,2010:1194056,2010-10-09T23:50:00,KINGSTON RD,KALMAR AVE,,2,Non-Fatal Injury,,No Control,Pedestrian Collision(internal code),Clear,Dark,Dry,Major Arterial,true,-79.26789060344224,43.68974401319023,1,Automobile or Station Wagon,West,1,NA,None,Other Safety Equipment Used,Driving properly,Unknown,,,Going Ahead,,,,,driver,NA,Scarborough Southwest (20),41 Division,Birchcliffe-Cliffside,false,false,false,false,false,false,true,false,false,false,"{""coordinates"": [[-79.26789060344224, 43.68974401319023]], ""type"": ""MultiPoint""}"
6406,2010:1194057,2010-10-10T02:20:00,YONGE ST,AVONDALE AVE,,3,Non-Fatal Injury,,No Control,Sideswipe,Clear,Daylight,Dry,Major Arterial,true,-79.41009076115724,43.75804419286427,2,Automobile or Station Wagon,North,3,NA,None,Other Safety Equipment Used,Driving properly,Unknown,,,Going Ahead,,,,,driver,NA,Willowdale (18),32 Division,Lansing-Westgate,true,false,false,false,false,false,false,false,false,false,"{""coordinates"": [[-79.41009076115724, 43.758044192864276]], ""type"": ""MultiPoint""}"
6407,2010:1194057,2010-10-10T02:20:00,YONGE ST,AVONDALE AVE,,3,Non-Fatal Injury,,No Control,Sideswipe,Clear,Daylight,Dry,Major Arterial,true,-79.41009076115724,43.75804419286427,1,Automobile or Station Wagon,North,2,20,Major,Lap and Shoulder Belt,Exceeding speed limit,Unknown,,,Going Ahead,,,,,driver,NA,Willowdale (18),32 Division,Lansing-Westgate,true,false,false,false,false,false,false,false,false,false,"{""coordinates"": [[-79.41009076115724, 43.758044192864276]], ""type"": ""MultiPoint""}"
6408,2010:1194057,2010-10-10T02:20:00,YONGE ST,AVONDALE AVE,,3,Non-Fatal Injury,,No Control,Sideswipe,Clear,Daylight,Dry,Major Arterial,true,-79.41009076115724,43.75804419286427,1,,,1,NA,,Other Safety Equipment Used,,,,,,,,,,owner,NA,Willowdale (18),32 Division,Lansing-Westgate,true,false,false,false,false,false,false,false,false,false,"{""coordinates"": [[-79.41009076115724, 43.758044192864276]], ""type"": ""MultiPoint""}"
6409,2010:1197308,2010-10-11T20:50:00,KINGSTON RD,SANDOWN AVE,,2,Non-Fatal Injury,,No Control,Rear End,Clear,Dark,Dry,Major Arterial,true,-79.25009054892249,43.70824399006719,2,Automobile or Station Wagon,East,2,48,None,Other Safety Equipment Used,Other,Ability Impaired - Alcohol Over .08,,,Slowing or Stopping,,,,,driver,NA,Scarborough Southwest (20),41 Division,Birchcliffe-Cliffside,true,false,false,true,false,false,false,false,false,false,"{""coordinates"": [[-79.25009054892249, 43.70824399006719]], ""type"": ""MultiPoint""}"
6410,2010:1197308,2010-10-11T20:50:00,KINGSTON RD,SANDOWN AVE,,2,Non-Fatal Injury,,No Control,Rear End,Clear,Dark,Dry,Major Arterial,true,-79.25009054892249,43.70824399006719,1,Motorcycle,East,1,31,Major,Helmet,Following too closely,Had Been Drinking,,,Going Ahead,,,,,motorcyclist,NA,Scarborough Southwest (20),41 Division,Birchcliffe-Cliffside,true,false,false,true,false,false,false,false,false,false,"{""coordinates"": [[-79.25009054892249, 43.70824399006719]], ""type"": ""MultiPoint""}"
6411,2010:1200544,2010-10-12T09:55:00,STEELES AVE E,OLD KENNEDY RD,,3,Non-Fatal Injury,At Intersection,Traffic Signal,Pedestrian Collision(internal code),Clear,Daylight,Dry,Major Arterial,false,-79.3000905169299,43.825344061988766,2,,North,3,76,Major,Other Safety Equipment Used,,,Crossing with right-of-way (intersection),Normal,,Driver turns left into pedestrian crossing with right-of-way (at intersection),,,,pedestrian,NA,,,,true,true,false,false,false,true,true,false,false,false,"{""coordinates"": [[-79.3000905169299, 43.825344061988766]], ""type"": ""MultiPoint""}"
6412,2010:1200544,2010-10-12T09:55:00,STEELES AVE E,OLD KENNEDY RD,,3,Non-Fatal Injury,At Intersection,Traffic Signal,Pedestrian Collision(internal code),Clear,Daylight,Dry,Major Arterial,false,-79.3000905169299,43.825344061988766,2,,North,2,76,Minor,Other Safety Equipment Used,,,Crossing with right-of-way (intersection),Normal,,Driver turns left into pedestrian crossing with right-of-way (at intersection),,,,pedestrian,NA,,,,true,true,false,false,false,true,true,false,false,false,"{""coordinates"": [[-79.3000905169299, 43.825344061988766]], ""type"": ""MultiPoint""}"
6413,2010:1200544,2010-10-12T09:55:00,STEELES AVE E,OLD KENNEDY RD,,3,Non-Fatal Injury,At Intersection,Traffic Signal,Pedestrian Collision(internal code),Clear,Daylight,Dry,Major Arterial,false,-79.3000905169299,43.825344061988766,1,Automobile or Station Wagon,South,1,79,None,Other Safety Equipment Used,Failed to yield right-of-way,Inattentive,,,Turning Left,,,,,driver,NA,,,,true,true,false,false,false,true,true,false,false,false,"{""coordinates"": [[-79.3000905169299, 43.825344061988766]], ""type"": ""MultiPoint""}"
6414,2010:1194692,2010-10-13T22:24:00,LANSDOWNE Aven,WALLACE Aven,,3,Non-Fatal Injury,,No Control,Sideswipe,Rain,Dark,Wet,Minor Arterial,false,-79.44519097596978,43.66334426930831,2,Automobile or Station Wagon,North,3,74,Major,Other Safety Equipment Used,Improper passing,Unknown,,,Overtaking,,,,,driver,NA,Davenport (9),11 Division,Junction-Wallace Emerson,true,false,false,false,false,true,false,false,false,true,"{""coordinates"": [[-79.44519097596978, 43.66334426930831]], ""type"": ""MultiPoint""}"
6415,2010:1194692,2010-10-13T22:24:00,LANSDOWNE Aven,WALLACE Aven,,3,Non-Fatal Injury,,No Control,Sideswipe,Rain,Dark,Wet,Minor Arterial,false,-79.44519097596978,43.66334426930831,1,,,1,NA,,Other Safety Equipment Used,,,,,,,,,,owner,NA,Davenport (9),11 Division,Junction-Wallace Emerson,true,false,false,false,false,true,false,false,false,true,"{""coordinates"": [[-79.44519097596978, 43.66334426930831]], ""type"": ""MultiPoint""}"
6416,2010:1194692,2010-10-13T22:24:00,LANSDOWNE Aven,WALLACE Aven,,3,Non-Fatal Injury,,No Control,Sideswipe,Rain,Dark,Wet,Minor Arterial,false,-79.44519097596978,43.66334426930831,1,Truck - Open (Flatbed),North,2,39,None,Other Safety Equipment Used,Driving properly,Normal,,,Stopped,,,,,driver,NA,Davenport (9),11 Division,Junction-Wallace Emerson,true,false,false,false,false,true,false,false,false,true,"{""coordinates"": [[-79.44519097596978, 43.66334426930831]], ""type"": ""MultiPoint""}"
6417,2010:1200942,2010-10-14T06:22:00,STEELES AVE W,GERRY FITZGERALD DR,,2,Non-Fatal Injury,At Intersection,Traffic Signal,Pedestrian Collision(internal code),Rain,Dark,Wet,Major Arterial,false,-79.47479083497866,43.78614426684008,2,,South,2,63,Major,No Equipment Available,,,Crossing without right-of-way (intersection),Inattentive,,Driver going straight hits pedestrian crossing without right-of-way (at intersection),,,,pedestrian,NA,York Centre (6),32 Division,York University Heights,false,true,false,false,false,false,true,false,false,false,"{""coordinates"": [[-79.47479083497866, 43.786144266840076]], ""type"": ""MultiPoint""}"
6418,2010:1200942,2010-10-14T06:22:00,STEELES AVE W,GERRY FITZGERALD DR,,2,Non-Fatal Injury,At Intersection,Traffic Signal,Pedestrian Collision(internal code),Rain,Dark,Wet,Major Arterial,false,-79.47479083497866,43.78614426684008,1,Automobile or Station Wagon,East,1,47,None,Other Safety Equipment Used,Driving properly,Normal,,,Going Ahead,,,,,driver,NA,York Centre (6),32 Division,York University Heights,false,true,false,false,false,false,true,false,false,false,"{""coordinates"": [[-79.47479083497866, 43.786144266840076]], ""type"": ""MultiPoint""}"
6419,2010:1205176,2010-10-14T17:03:00,BLOOR ST E,CASTLE FRANK RD,,4,Non-Fatal Injury,,No Control,Approaching Head On,Rain,Daylight,Wet,Major Arterial,false,-79.36769081127845,43.67404415483499,2,,,3,NA,,Other Safety Equipment Used,,,,,,,,,,owner,NA,University-Rosedale (11),51 Division,Cabbagetown-South St.James Town,true,true,false,false,false,false,false,false,true,false,"{""coordinates"": [[-79.36769081127845, 43.67404415483499]], ""type"": ""MultiPoint""}"
6420,2010:1205176,2010-10-14T17:03:00,BLOOR ST E,CASTLE FRANK RD,,4,Non-Fatal Injury,,No Control,Approaching Head On,Rain,Daylight,Wet,Major Arterial,false,-79.36769081127845,43.67404415483499,2,Automobile or Station Wagon,West,4,30,Major,Lap and Shoulder Belt,Driving properly,Normal,,,Going Ahead,,,,,driver,NA,University-Rosedale (11),51 Division,Cabbagetown-South St.James Town,true,true,false,false,false,false,false,false,true,false,"{""coordinates"": [[-79.36769081127845, 43.67404415483499]], ""type"": ""MultiPoint""}"
6421,2010:1205176,2010-10-14T17:03:00,BLOOR ST E,CASTLE FRANK RD,,4,Non-Fatal Injury,,No Control,Approaching Head On,Rain,Daylight,Wet,Major Arterial,false,-79.36769081127845,43.67404415483499,1,,,1,NA,,Other Safety Equipment Used,,,,,,,,,,owner,NA,University-Rosedale (11),51 Division,Cabbagetown-South St.James Town,true,true,false,false,false,false,false,false,true,false,"{""coordinates"": [[-79.36769081127845, 43.67404415483499]], ""type"": ""MultiPoint""}"
6422,2010:1205176,2010-10-14T17:03:00,BLOOR ST E,CASTLE FRANK RD,,4,Non-Fatal Injury,,No Control,Approaching Head On,Rain,Daylight,Wet,Major Arterial,false,-79.36769081127845,43.67404415483499,1,Automobile or Station Wagon,East,2,17,Minimal,Lap and Shoulder Belt,Speed too fast for conditions,Inattentive,,,Going Ahead,,,,,driver,NA,University-Rosedale (11),51 Division,Cabbagetown-South St.James Town,true,true,false,false,false,false,false,false,true,false,"{""coordinates"": [[-79.36769081127845, 43.67404415483499]], ""type"": ""MultiPoint""}"
6423,2010:1201798,2010-10-16T15:53:00,CHURCH ST,MC GILL ST,,2,Non-Fatal Injury,,No Control,Turning Movement,Clear,Daylight,Dry,Minor Arterial,false,-79.37889085276025,43.660644173650766,2,Automobile or Station Wagon,South,2,22,None,Lap and Shoulder Belt,Improper turn,Normal,,,Turning Left,,,,,driver,NA,Toronto Centre (13),51 Division,Downtown Yonge East,false,false,false,true,false,false,false,false,false,false,"{""coordinates"": [[-79.37889085276025, 43.660644173650766]], ""type"": ""MultiPoint""}"
6424,2010:1201798,2010-10-16T15:53:00,CHURCH ST,MC GILL ST,,2,Non-Fatal Injury,,No Control,Turning Movement,Clear,Daylight,Dry,Minor Arterial,false,-79.37889085276025,43.660644173650766,1,Motorcycle,North,1,46,Major,Helmet,Driving properly,Normal,,,Going Ahead,,,,,motorcyclist,NA,Toronto Centre (13),51 Division,Downtown Yonge East,false,false,false,true,false,false,false,false,false,false,"{""coordinates"": [[-79.37889085276025, 43.660644173650766]], ""type"": ""MultiPoint""}"
6425,2010:1201223,2010-10-18T08:59:00,VICTORIA PARK AVE,ROWENA DR,,3,Non-Fatal Injury,At Intersection,Traffic Signal,Pedestrian Collision(internal code),Clear,Daylight,Dry,Major Arterial,false,-79.31299060491281,43.751444072428114,2,,West,2,15,Minor,Other Safety Equipment Used,,,Crossing without right-of-way (intersection),Inattentive,,Driver going straight hits pedestrian crossing without right-of-way (at intersection),,,,pedestrian,NA,Scarborough Centre (21),41 Division,Wexford/Maryvale,false,true,false,false,false,false,true,false,true,false,"{""coordinates"": [[-79.31299060491281, 43.751444072428114]], ""type"": ""MultiPoint""}"
6426,2010:1201223,2010-10-18T08:59:00,VICTORIA PARK AVE,ROWENA DR,,3,Non-Fatal Injury,At Intersection,Traffic Signal,Pedestrian Collision(internal code),Clear,Daylight,Dry,Major Arterial,false,-79.31299060491281,43.751444072428114,2,,West,3,16,Major,Other Safety Equipment Used,,,Crossing without right-of-way (intersection),Inattentive,,Driver going straight hits pedestrian crossing without right-of-way (at intersection),,,,pedestrian,NA,Scarborough Centre (21),41 Division,Wexford/Maryvale,false,true,false,false,false,false,true,false,true,false,"{""coordinates"": [[-79.31299060491281, 43.751444072428114]], ""type"": ""MultiPoint""}"
6427,2010:1201223,2010-10-18T08:59:00,VICTORIA PARK AVE,ROWENA DR,,3,Non-Fatal Injury,At Intersection,Traffic Signal,Pedestrian Collision(internal code),Clear,Daylight,Dry,Major Arterial,false,-79.31299060491281,43.751444072428114,1,Automobile or Station Wagon,North,1,32,None,Other Safety Equipment Used,Driving properly,Normal,,,Going Ahead,,,,,driver,NA,Scarborough Centre (21),41 Division,Wexford/Maryvale,false,true,false,false,false,false,true,false,true,false,"{""coordinates"": [[-79.31299060491281, 43.751444072428114]], ""type"": ""MultiPoint""}"
6428,2010:1201907,2010-10-20T18:25:00,QUEEN Stre E,KENILWORTH Aven,,2,Non-Fatal Injury,,No Control,Cyclist Collision,Clear,Dark,Dry,Minor Arterial,false,-79.30189069258807,43.66964406111228,1,Automobile or Station Wagon,West,1,28,None,Other Safety Equipment Used,Other,Normal,,,Parked,,,,,driver,NA,Beaches-East York (19),55 Division,The Beaches,false,false,true,false,false,false,false,false,false,false,"{""coordinates"": [[-79.30189069258807, 43.66964406111228]], ""type"": ""MultiPoint""}"
6429,2010:1201907,2010-10-20T18:25:00,QUEEN Stre E,KENILWORTH Aven,,2,Non-Fatal Injury,,No Control,Cyclist Collision,Clear,Dark,Dry,Minor Arterial,false,-79.30189069258807,43.66964406111228,2,Bicycle,West,2,50,Major,Helmet,,,,,Going Ahead,,Dooring,Other,Normal,cyclist,NA,Beaches-East York (19),55 Division,The Beaches,false,false,true,false,false,false,false,false,false,false,"{""coordinates"": [[-79.30189069258807, 43.66964406111228]], ""type"": ""MultiPoint""}"
6430,2010:1196444,2010-10-21T13:15:00,STEELES AVE W,CARPENTER RD,,3,Non-Fatal Injury,At Intersection,Traffic Signal,Pedestrian Collision(internal code),Clear,Daylight,Dry,Major Arterial,false,-79.44759078402157,43.792044233479686,1,Automobile or Station Wagon,South,2,23,None,Other Safety Equipment Used,Failed to yield right-of-way,Normal,,,Turning Left,,,,,driver,NA,York Centre (6),32 Division,,true,false,false,false,false,false,true,false,false,false,"{""coordinates"": [[-79.44759078402157, 43.792044233479686]], ""type"": ""MultiPoint""}"
6431,2010:1196444,2010-10-21T13:15:00,STEELES AVE W,CARPENTER RD,,3,Non-Fatal Injury,At Intersection,Traffic Signal,Pedestrian Collision(internal code),Clear,Daylight,Dry,Major Arterial,false,-79.44759078402157,43.792044233479686,1,,,1,NA,,Other Safety Equipment Used,,,,,,,,,,owner,NA,York Centre (6),32 Division,,true,false,false,false,false,false,true,false,false,false,"{""coordinates"": [[-79.44759078402157, 43.792044233479686]], ""type"": ""MultiPoint""}"
6432,2010:1196444,2010-10-21T13:15:00,STEELES AVE W,CARPENTER RD,,3,Non-Fatal Injury,At Intersection,Traffic Signal,Pedestrian Collision(internal code),Clear,Daylight,Dry,Major Arterial,false,-79.44759078402157,43.792044233479686,2,,North,3,64,Major,Other Safety Equipment Used,,,Crossing with right-of-way (intersection),Normal,,Driver turns left into pedestrian crossing with right-of-way (at intersection),,,,pedestrian,NA,York Centre (6),32 Division,,true,false,false,false,false,false,true,false,false,false,"{""coordinates"": [[-79.44759078402157, 43.792044233479686]], ""type"": ""MultiPoint""}"
6433,2010:1201944,2010-10-21T20:50:00,EGLINTON AVE E,BIRCHMOUNT RD,,2,Non-Fatal Injury,,No Control,Pedestrian Collision(internal code),Clear,Dark,Dry,Major Arterial,false,-79.27709057032668,43.73014402698105,2,,South,2,40,Major,Other Safety Equipment Used,,,Crossing - no traffic control,Inattentive,,Driver hits pedestrian at midblock,,,,pedestrian,NA,Scarborough Centre (21),41 Division,Ionview,false,true,false,false,false,false,true,false,false,false,"{""coordinates"": [[-79.27709057032668, 43.73014402698105]], ""type"": ""MultiPoint""}"
6434,2010:1201944,2010-10-21T20:50:00,EGLINTON AVE E,BIRCHMOUNT RD,,2,Non-Fatal Injury,,No Control,Pedestrian Collision(internal code),Clear,Dark,Dry,Major Arterial,false,-79.27709057032668,43.73014402698105,1,Automobile or Station Wagon,East,1,32,None,Lap and Shoulder Belt,Driving properly,Normal,,,Going Ahead,,,,,driver,NA,Scarborough Centre (21),41 Division,Ionview,false,true,false,false,false,false,true,false,false,false,"{""coordinates"": [[-79.27709057032668, 43.73014402698105]], ""type"": ""MultiPoint""}"
6435,2010:1196492,2010-10-21T23:28:00,120 MOUNT PLEASANT RD,,,2,Non-Fatal Injury,,No Control,Pedestrian Collision(internal code),Clear,Dark,Dry,Major Arterial,true,-79.38049083366323,43.675244172836216,1,Automobile or Station Wagon,South,1,49,None,Other Safety Equipment Used,Driving properly,Other Condition,,,Going Ahead,,,,,driver,NA,University-Rosedale (11),53 Division,Rosedale-Moore Park,false,false,false,false,false,false,true,false,false,false,"{""coordinates"": [[-79.38049083366323, 43.675244172836216]], ""type"": ""MultiPoint""}"
6436,2010:1196492,2010-10-21T23:28:00,120 MOUNT PLEASANT RD,,,2,Non-Fatal Injury,,No Control,Pedestrian Collision(internal code),Clear,Dark,Dry,Major Arterial,true,-79.38049083366323,43.675244172836216,2,,Unknown,2,37,Major,Other Safety Equipment Used,,,Crossing - no traffic control,Had Been Drinking,,Driver hits pedestrian at midblock,,,,pedestrian,NA,University-Rosedale (11),53 Division,Rosedale-Moore Park,false,false,false,false,false,false,true,false,false,false,"{""coordinates"": [[-79.38049083366323, 43.675244172836216]], ""type"": ""MultiPoint""}"
6437,2010:1196819,2010-10-22T08:17:00,INTERNATIONAL BLVD,CARLINGVIEW DR,,2,Non-Fatal Injury,At Intersection,Traffic Signal,Pedestrian Collision(internal code),Clear,Daylight,Dry,Major Arterial,false,-79.59109117370548,43.676844450754295,2,,North,2,58,Major,Other Safety Equipment Used,,,Crossing with right-of-way (intersection),Normal,,Driver turns left into pedestrian crossing with right-of-way (at intersection),,,,pedestrian,NA,Etobicoke North (1),23 Division,West Humber-Clairville,true,false,false,false,false,false,true,false,false,false,"{""coordinates"": [[-79.59109117370548, 43.676844450754295]], ""type"": ""MultiPoint""}"
6438,2010:1196819,2010-10-22T08:17:00,INTERNATIONAL BLVD,CARLINGVIEW DR,,2,Non-Fatal Injury,At Intersection,Traffic Signal,Pedestrian Collision(internal code),Clear,Daylight,Dry,Major Arterial,false,-79.59109117370548,43.676844450754295,1,Automobile or Station Wagon,South,1,57,None,Other Safety Equipment Used,Failed to yield right-of-way,Normal,,,Turning Left,,,,,driver,NA,Etobicoke North (1),23 Division,West Humber-Clairville,true,false,false,false,false,false,true,false,false,false,"{""coordinates"": [[-79.59109117370548, 43.676844450754295]], ""type"": ""MultiPoint""}"
6439,2010:1202238,2010-10-23T02:32:00,BEVERLEY ST,CECIL ST,,5,Non-Fatal Injury,,No Control,Pedestrian Collision(internal code),Clear,Dark,Dry,Minor Arterial,false,-79.39499089017924,43.656544198141646,3,Automobile or Station Wagon,North,4,21,None,Lap and Shoulder Belt,Other,Ability Impaired - Alcohol Over .08,,,Going Ahead,,,,,driver,NA,University-Rosedale (11),52 Division,Kensington-Chinatown,false,false,false,false,false,false,true,false,false,false,"{""coordinates"": [[-79.39499089017924, 43.656544198141646]], ""type"": ""MultiPoint""}"
6440,2010:1202238,2010-10-23T02:32:00,BEVERLEY ST,CECIL ST,,5,Non-Fatal Injury,,No Control,Pedestrian Collision(internal code),Clear,Dark,Dry,Minor Arterial,false,-79.39499089017924,43.656544198141646,1,,North,1,NA,None,Other Safety Equipment Used,,,,,Parked,,,,,other,NA,University-Rosedale (11),52 Division,Kensington-Chinatown,false,false,false,false,false,false,true,false,false,false,"{""coordinates"": [[-79.39499089017924, 43.656544198141646]], ""type"": ""MultiPoint""}"
6441,2010:1202238,2010-10-23T02:32:00,BEVERLEY ST,CECIL ST,,5,Non-Fatal Injury,,No Control,Pedestrian Collision(internal code),Clear,Dark,Dry,Minor Arterial,false,-79.39499089017924,43.656544198141646,4,,Unknown,5,22,Major,Other Safety Equipment Used,,,Coming from behind parked vehicle or object,Normal,,Driver hits pedestrian walking or running out from between parked vehicles (at midblock),,,,pedestrian,NA,University-Rosedale (11),52 Division,Kensington-Chinatown,false,false,false,false,false,false,true,false,false,false,"{""coordinates"": [[-79.39499089017924, 43.656544198141646]], ""type"": ""MultiPoint""}"
6442,2010:1202238,2010-10-23T02:32:00,BEVERLEY ST,CECIL ST,,5,Non-Fatal Injury,,No Control,Pedestrian Collision(internal code),Clear,Dark,Dry,Minor Arterial,false,-79.39499089017924,43.656544198141646,2,,North,2,NA,None,Other Safety Equipment Used,,,,,Parked,,,,,other,NA,University-Rosedale (11),52 Division,Kensington-Chinatown,false,false,false,false,false,false,true,false,false,false,"{""coordinates"": [[-79.39499089017924, 43.656544198141646]], ""type"": ""MultiPoint""}"
6443,2010:1202238,2010-10-23T02:32:00,BEVERLEY ST,CECIL ST,,5,Non-Fatal Injury,,No Control,Pedestrian Collision(internal code),Clear,Dark,Dry,Minor Arterial,false,-79.39499089017924,43.656544198141646,3,,,3,NA,,Other Safety Equipment Used,,,,,,,,,,owner,NA,University-Rosedale (11),52 Division,Kensington-Chinatown,false,false,false,false,false,false,true,false,false,false,"{""coordinates"": [[-79.39499089017924, 43.656544198141646]], ""type"": ""MultiPoint""}"
6444,2010:1197862,2010-10-23T20:01:00,6212 YONGE ST,,,2,Non-Fatal Injury,,No Control,Pedestrian Collision(internal code),Rain,Dark,Wet,Major Arterial,false,-79.4191907353242,43.79474419964046,1,Automobile or Station Wagon,East,1,72,None,Other Safety Equipment Used,Failed to yield right-of-way,Normal,,,Going Ahead,,,,,driver,NA,Willowdale (18),32 Division,Newtonbrook East,true,false,false,false,false,true,true,false,false,false,"{""coordinates"": [[-79.4191907353242, 43.79474419964046]], ""type"": ""MultiPoint""}"
6445,2010:1197862,2010-10-23T20:01:00,6212 YONGE ST,,,2,Non-Fatal Injury,,No Control,Pedestrian Collision(internal code),Rain,Dark,Wet,Major Arterial,false,-79.4191907353242,43.79474419964046,2,,North,2,30,Major,No Equipment Available,,,On sidewalk or shoulder,Unknown,,Driver hits pedestrian at private driveway,,,,pedestrian,NA,Willowdale (18),32 Division,Newtonbrook East,true,false,false,false,false,true,true,false,false,false,"{""coordinates"": [[-79.4191907353242, 43.79474419964046]], ""type"": ""MultiPoint""}"
6446,2010:1202163,2010-10-23T22:50:00,DIXON RD,KIPLING AVE,,3,Non-Fatal Injury,At Intersection,Traffic Signal,Pedestrian Collision(internal code),Rain,Dark,Wet,Major Arterial,false,-79.55859109929708,43.69424440223883,1,Automobile or Station Wagon,East,1,23,None,Lap and Shoulder Belt,Lost control,Unknown,,,Turning Left,,,,,driver,NA,Etobicoke Centre (2),23 Division,Kingsview Village-The Westway,false,false,false,false,false,false,true,false,false,false,"{""coordinates"": [[-79.55859109929708, 43.69424440223883]], ""type"": ""MultiPoint""}"
6447,2010:1202163,2010-10-23T22:50:00,DIXON RD,KIPLING AVE,,3,Non-Fatal Injury,At Intersection,Traffic Signal,Pedestrian Collision(internal code),Rain,Dark,Wet,Major Arterial,false,-79.55859109929708,43.69424440223883,1,,,3,NA,,Other Safety Equipment Used,,,,,,,,,,owner,NA,Etobicoke Centre (2),23 Division,Kingsview Village-The Westway,false,false,false,false,false,false,true,false,false,false,"{""coordinates"": [[-79.55859109929708, 43.69424440223883]], ""type"": ""MultiPoint""}"
6448,2010:1202163,2010-10-23T22:50:00,DIXON RD,KIPLING AVE,,3,Non-Fatal Injury,At Intersection,Traffic Signal,Pedestrian Collision(internal code),Rain,Dark,Wet,Major Arterial,false,-79.55859109929708,43.69424440223883,2,,East,2,49,Major,Other Safety Equipment Used,,,Crossing with right-of-way (intersection),Normal,,Driver turns left into pedestrian crossing with right-of-way (at intersection),,,,pedestrian,NA,Etobicoke Centre (2),23 Division,Kingsview Village-The Westway,false,false,false,false,false,false,true,false,false,false,"{""coordinates"": [[-79.55859109929708, 43.69424440223883]], ""type"": ""MultiPoint""}"
6449,2010:1202192,2010-10-24T19:45:00,PARLIAMENT ST,GERRARD ST E,,2,Non-Fatal Injury,At Intersection,Traffic Signal,Pedestrian Collision(internal code),Clear,Dark,Dry,Minor Arterial,false,-79.36699082789733,43.66194415606473,1,Automobile or Station Wagon,South,1,50,None,Other Safety Equipment Used,Failed to yield right-of-way,Normal,,,Turning Left,,,,,driver,NA,Toronto Centre (13),51 Division,Regent Park,true,false,false,false,false,false,true,false,false,false,"{""coordinates"": [[-79.36699082789733, 43.66194415606473]], ""type"": ""MultiPoint""}"
6450,2010:1202192,2010-10-24T19:45:00,PARLIAMENT ST,GERRARD ST E,,2,Non-Fatal Injury,At Intersection,Traffic Signal,Pedestrian Collision(internal code),Clear,Dark,Dry,Minor Arterial,false,-79.36699082789733,43.66194415606473,2,,North,2,52,Major,Other Safety Equipment Used,,,Crossing with right-of-way (intersection),Normal,,Driver turns left into pedestrian crossing with right-of-way (at intersection),,,,pedestrian,NA,Toronto Centre (13),51 Division,Regent Park,true,false,false,false,false,false,true,false,false,false,"{""coordinates"": [[-79.36699082789733, 43.66194415606473]], ""type"": ""MultiPoint""}"
6451,2010:1202126,2010-10-24T20:22:00,KEELE ST,MURRAY ROSS PKWY,,2,Non-Fatal Injury,At Intersection,Traffic Signal,Turning Movement,Rain,Dark,Wet,Major Arterial,false,-79.49199088640628,43.767344291878274,2,Automobile or Station Wagon,North,2,23,Major,Lap and Shoulder Belt,Driving properly,Normal,,,Turning Left,,,,,driver,NA,York Centre (6),31 Division,York University Heights,true,false,false,false,false,false,false,true,false,false,"{""coordinates"": [[-79.49199088640628, 43.767344291878274]], ""type"": ""MultiPoint""}"
6452,2010:1202126,2010-10-24T20:22:00,KEELE ST,MURRAY ROSS PKWY,,2,Non-Fatal Injury,At Intersection,Traffic Signal,Turning Movement,Rain,Dark,Wet,Major Arterial,false,-79.49199088640628,43.767344291878274,1,Automobile or Station Wagon,South,1,54,None,Other Safety Equipment Used,Disobeyed traffic control,Unknown,,,Going Ahead,,,,,driver,NA,York Centre (6),31 Division,York University Heights,true,false,false,false,false,false,false,true,false,false,"{""coordinates"": [[-79.49199088640628, 43.767344291878274]], ""type"": ""MultiPoint""}"
6453,2010:1201108,2010-10-25T17:40:00,SHEPPARD AVE E,REAN DR,,4,Non-Fatal Injury,At Intersection,Traffic Signal,Turning Movement,Clear,Dark,Dry,Major Arterial,false,-79.38309070582534,43.767744158876674,2,,,2,NA,,Other Safety Equipment Used,,,,,,,,,,owner,NA,Don Valley North (17),33 Division,Bayview Village,true,true,false,false,false,false,false,false,false,false,"{""coordinates"": [[-79.38309070582534, 43.767744158876674]], ""type"": ""MultiPoint""}"
6454,2010:1201108,2010-10-25T17:40:00,SHEPPARD AVE E,REAN DR,,4,Non-Fatal Injury,At Intersection,Traffic Signal,Turning Movement,Clear,Dark,Dry,Major Arterial,false,-79.38309070582534,43.767744158876674,4,,,4,NA,,Other Safety Equipment Used,,,,,,,,,,owner,NA,Don Valley North (17),33 Division,Bayview Village,true,true,false,false,false,false,false,false,false,false,"{""coordinates"": [[-79.38309070582534, 43.767744158876674]], ""type"": ""MultiPoint""}"