X_id,collision_id,accdate,stname1,stname2,stname3,per_inv,acclass,accloc,traffictl,impactype,visible,light,rdsfcond,road_class,failtorem,longitude,latitude,veh_no,vehtype,initdir,per_no,invage,injury,safequip,drivact,drivcond,pedact,pedcond,manoeuvre,pedtype,cyclistype,cycact,cyccond,road_user,fatal_no,wardname,division,neighbourhood,aggressive,distracted,cyclist,motorcyclist,other_micromobility,older_adult,pedestrian,red_light,school_child,heavy_truck,geometry
6455,2010:1201108,2010-10-25T17:40:00,SHEPPARD AVE E,REAN DR,,4,Non-Fatal Injury,At Intersection,Traffic Signal,Turning Movement,Clear,Dark,Dry,Major Arterial,false,-79.38309070582534,43.767744158876674,3,Automobile or Station Wagon,East,3,33,Major,Lap and Shoulder Belt,Failed to yield right-of-way,Inattentive,,,Turning Left,,,,,driver,NA,Don Valley North (17),33 Division,Bayview Village,true,true,false,false,false,false,false,false,false,false,"{""coordinates"": [[-79.38309070582534, 43.767744158876674]], ""type"": ""MultiPoint""}"
6456,2010:1201108,2010-10-25T17:40:00,SHEPPARD AVE E,REAN DR,,4,Non-Fatal Injury,At Intersection,Traffic Signal,Turning Movement,Clear,Dark,Dry,Major Arterial,false,-79.38309070582534,43.767744158876674,1,Automobile or Station Wagon,West,1,49,Minor,Lap and Shoulder Belt,Driving properly,Normal,,,Going Ahead,,,,,driver,NA,Don Valley North (17),33 Division,Bayview Village,true,true,false,false,false,false,false,false,false,false,"{""coordinates"": [[-79.38309070582534, 43.767744158876674]], ""type"": ""MultiPoint""}"
6457,2010:1202550,2010-10-25T20:22:00,SHEPPARD AVE E,BIRCHMOUNT RD,,6,Non-Fatal Injury,At Intersection,Traffic Signal,Turning Movement,Clear,Dark,Dry,Major Arterial,false,-79.2980905533921,43.78104405620256,2,Automobile or Station Wagon,East,6,26,Minimal,Other Safety Equipment Used,Improper turn,Normal,,,Turning Left,,,,,driver,NA,Scarborough-Agincourt (22),42 Division,Tam O'Shanter-Sullivan,false,false,false,false,false,false,false,false,false,false,"{""coordinates"": [[-79.2980905533921, 43.78104405620256]], ""type"": ""MultiPoint""}"
6458,2010:1202550,2010-10-25T20:22:00,SHEPPARD AVE E,BIRCHMOUNT RD,,6,Non-Fatal Injury,At Intersection,Traffic Signal,Turning Movement,Clear,Dark,Dry,Major Arterial,false,-79.2980905533921,43.78104405620256,2,,,4,28,Major,Lap and Shoulder Belt,,,,,,,,,,passenger,NA,Scarborough-Agincourt (22),42 Division,Tam O'Shanter-Sullivan,false,false,false,false,false,false,false,false,false,false,"{""coordinates"": [[-79.2980905533921, 43.78104405620256]], ""type"": ""MultiPoint""}"
6459,2010:1202550,2010-10-25T20:22:00,SHEPPARD AVE E,BIRCHMOUNT RD,,6,Non-Fatal Injury,At Intersection,Traffic Signal,Turning Movement,Clear,Dark,Dry,Major Arterial,false,-79.2980905533921,43.78104405620256,2,,,3,NA,Major,Lap and Shoulder Belt,,,,,,,,,,passenger,NA,Scarborough-Agincourt (22),42 Division,Tam O'Shanter-Sullivan,false,false,false,false,false,false,false,false,false,false,"{""coordinates"": [[-79.2980905533921, 43.78104405620256]], ""type"": ""MultiPoint""}"
6460,2010:1202550,2010-10-25T20:22:00,SHEPPARD AVE E,BIRCHMOUNT RD,,6,Non-Fatal Injury,At Intersection,Traffic Signal,Turning Movement,Clear,Dark,Dry,Major Arterial,false,-79.2980905533921,43.78104405620256,1,,,1,45,Minor,Other Safety Equipment Used,,,,,,,,,,passenger,NA,Scarborough-Agincourt (22),42 Division,Tam O'Shanter-Sullivan,false,false,false,false,false,false,false,false,false,false,"{""coordinates"": [[-79.2980905533921, 43.78104405620256]], ""type"": ""MultiPoint""}"
6461,2010:1202550,2010-10-25T20:22:00,SHEPPARD AVE E,BIRCHMOUNT RD,,6,Non-Fatal Injury,At Intersection,Traffic Signal,Turning Movement,Clear,Dark,Dry,Major Arterial,false,-79.2980905533921,43.78104405620256,2,,,5,26,Major,Lap and Shoulder Belt,,,,,,,,,,passenger,NA,Scarborough-Agincourt (22),42 Division,Tam O'Shanter-Sullivan,false,false,false,false,false,false,false,false,false,false,"{""coordinates"": [[-79.2980905533921, 43.78104405620256]], ""type"": ""MultiPoint""}"
6462,2010:1202550,2010-10-25T20:22:00,SHEPPARD AVE E,BIRCHMOUNT RD,,6,Non-Fatal Injury,At Intersection,Traffic Signal,Turning Movement,Clear,Dark,Dry,Major Arterial,false,-79.2980905533921,43.78104405620256,2,,,2,NA,Minor,Other Safety Equipment Used,,,,,,,,,,passenger,NA,Scarborough-Agincourt (22),42 Division,Tam O'Shanter-Sullivan,false,false,false,false,false,false,false,false,false,false,"{""coordinates"": [[-79.2980905533921, 43.78104405620256]], ""type"": ""MultiPoint""}"
6463,2010:1202672,2010-10-27T07:26:00,DON MILLS RD,STEELES AVE E,,2,Non-Fatal Injury,At Intersection,Traffic Signal,Turning Movement,Clear,Daylight,Wet,Major Arterial,false,-79.36079062513082,43.811144130591394,2,Automobile or Station Wagon,South,2,32,None,Lap and Shoulder Belt,Driving properly,Normal,,,Turning Left,,,,,driver,NA,Don Valley North (17),33 Division,Hillcrest Village,true,false,false,true,false,false,false,true,false,false,"{""coordinates"": [[-79.36079062513082, 43.811144130591394]], ""type"": ""MultiPoint""}"
6464,2010:1202672,2010-10-27T07:26:00,DON MILLS RD,STEELES AVE E,,2,Non-Fatal Injury,At Intersection,Traffic Signal,Turning Movement,Clear,Daylight,Wet,Major Arterial,false,-79.36079062513082,43.811144130591394,1,Motorcycle,North,1,37,Major,Helmet,Disobeyed traffic control,Normal,,,Going Ahead,,,,,motorcyclist,NA,Don Valley North (17),33 Division,Hillcrest Village,true,false,false,true,false,false,false,true,false,false,"{""coordinates"": [[-79.36079062513082, 43.811144130591394]], ""type"": ""MultiPoint""}"
6465,2010:1202582,2010-10-27T09:10:00,BLOOR ST W,MARKLAND DR,,2,Non-Fatal Injury,At Intersection,Traffic Signal,Pedestrian Collision(internal code),Clear,Daylight,Dry,Major Arterial,false,-79.57079122878501,43.63354445153393,2,,North,2,85,Major,Other Safety Equipment Used,,,Crossing with right-of-way (intersection),Normal,,Driver turns left into pedestrian crossing with right-of-way (at intersection),,,,pedestrian,NA,Etobicoke Centre (2),22 Division,Markland Wood,true,false,false,false,false,true,true,false,false,false,"{""coordinates"": [[-79.57079122878501, 43.63354445153393]], ""type"": ""MultiPoint""}"
6466,2010:1202582,2010-10-27T09:10:00,BLOOR ST W,MARKLAND DR,,2,Non-Fatal Injury,At Intersection,Traffic Signal,Pedestrian Collision(internal code),Clear,Daylight,Dry,Major Arterial,false,-79.57079122878501,43.63354445153393,1,Automobile or Station Wagon,South,1,71,None,Lap and Shoulder Belt,Failed to yield right-of-way,Normal,,,Turning Left,,,,,driver,NA,Etobicoke Centre (2),22 Division,Markland Wood,true,false,false,false,false,true,true,false,false,false,"{""coordinates"": [[-79.57079122878501, 43.63354445153393]], ""type"": ""MultiPoint""}"
6467,2010:1198247,2010-10-29T18:34:00,1000 GERRARD St E,,,3,Non-Fatal Injury,,No Control,Pedestrian Collision(internal code),Clear,Dusk,Dry,Minor Arterial,false,-79.33859076383786,43.66864411396027,1,,,3,NA,Major,Other Safety Equipment Used,,,,,Other,,,,,pedestrian,NA,Toronto-Danforth (14),55 Division,South Riverdale,false,false,false,false,false,false,true,false,false,false,"{""coordinates"": [[-79.33859076383786, 43.66864411396027]], ""type"": ""MultiPoint""}"
6468,2010:1198247,2010-10-29T18:34:00,1000 GERRARD St E,,,3,Non-Fatal Injury,,No Control,Pedestrian Collision(internal code),Clear,Dusk,Dry,Minor Arterial,false,-79.33859076383786,43.66864411396027,1,Automobile or Station Wagon,,1,NA,None,Other Safety Equipment Used,,,,,Unknown,,,,,driver,NA,Toronto-Danforth (14),55 Division,South Riverdale,false,false,false,false,false,false,true,false,false,false,"{""coordinates"": [[-79.33859076383786, 43.66864411396027]], ""type"": ""MultiPoint""}"
6469,2010:1198247,2010-10-29T18:34:00,1000 GERRARD St E,,,3,Non-Fatal Injury,,No Control,Pedestrian Collision(internal code),Clear,Dusk,Dry,Minor Arterial,false,-79.33859076383786,43.66864411396027,1,,,2,NA,None,Other Safety Equipment Used,,,,,Going Ahead,,,,,other,NA,Toronto-Danforth (14),55 Division,South Riverdale,false,false,false,false,false,false,true,false,false,false,"{""coordinates"": [[-79.33859076383786, 43.66864411396027]], ""type"": ""MultiPoint""}"
6470,2010:1209188,2010-10-29T22:42:00,DUNDAS ST E,GEORGE ST,,1,Non-Fatal Injury,,No Control,SMV Other,Clear,Dark,Dry,Major Arterial,false,-79.37299084573621,43.657744165624834,1,Motorcycle,East,1,42,Major,Helmet,Lost control,Unknown,,,Going Ahead,,,,,motorcyclist,NA,Toronto Centre (13),51 Division,Moss Park,false,false,false,true,false,false,false,false,false,false,"{""coordinates"": [[-79.37299084573621, 43.657744165624834]], ""type"": ""MultiPoint""}"
6471,2010:1198672,2010-11-01T11:00:00,LAWRENCE AVE E,MCCOWAN RD,,2,Non-Fatal Injury,,No Control,Pedestrian Collision(internal code),Clear,Daylight,Dry,Major Arterial,false,-79.2452904889519,43.755543989701735,1,Automobile or Station Wagon,West,2,50,None,Other Safety Equipment Used,Driving properly,Normal,,,Going Ahead,,,,,driver,NA,Scarborough Centre (21),43 Division,Bendale South,false,false,false,false,false,false,true,false,false,false,"{""coordinates"": [[-79.2452904889519, 43.755543989701735]], ""type"": ""MultiPoint""}"
6472,2010:1198672,2010-11-01T11:00:00,LAWRENCE AVE E,MCCOWAN RD,,2,Non-Fatal Injury,,No Control,Pedestrian Collision(internal code),Clear,Daylight,Dry,Major Arterial,false,-79.2452904889519,43.755543989701735,1,,South,1,49,Major,Other Safety Equipment Used,,,Crossing - no traffic control,Unknown,,Driver hits pedestrian at midblock,,,,pedestrian,NA,Scarborough Centre (21),43 Division,Bendale South,false,false,false,false,false,false,true,false,false,false,"{""coordinates"": [[-79.2452904889519, 43.755543989701735]], ""type"": ""MultiPoint""}"
6473,2010:1203098,2010-11-01T14:10:00,ROYAL YORK RD,NEWCASTLE ST,,2,Non-Fatal Injury,,Traffic Signal,Pedestrian Collision(internal code),Clear,Daylight,Dry,Minor Arterial,false,-79.49889116344663,43.61744436977539,2,,East,2,69,Major,Other Safety Equipment Used,,,Crossing with right-of-way (intersection),Normal,,Driver turns left into pedestrian crossing with right-of-way (at intersection),,,,pedestrian,NA,Etobicoke-Lakeshore (3),22 Division,Mimico-Queensway,true,false,false,false,false,true,true,false,false,false,"{""coordinates"": [[-79.49889116344663, 43.61744436977539]], ""type"": ""MultiPoint""}"
6474,2010:1203098,2010-11-01T14:10:00,ROYAL YORK RD,NEWCASTLE ST,,2,Non-Fatal Injury,,Traffic Signal,Pedestrian Collision(internal code),Clear,Daylight,Dry,Minor Arterial,false,-79.49889116344663,43.61744436977539,1,Automobile or Station Wagon,West,1,85,None,Lap and Shoulder Belt,Failed to yield right-of-way,Normal,,,Turning Left,,,,,driver,NA,Etobicoke-Lakeshore (3),22 Division,Mimico-Queensway,true,false,false,false,false,true,true,false,false,false,"{""coordinates"": [[-79.49889116344663, 43.61744436977539]], ""type"": ""MultiPoint""}"
6475,2010:1203088,2010-11-01T17:40:00,AVENUE RD,ST CLAIR AVE W,,7,Non-Fatal Injury,,No Control,Rear End,Clear,Daylight,Dry,Major Arterial,false,-79.4018908546711,43.6875442000418,5,Automobile or Station Wagon,South,5,68,Major,Lap and Shoulder Belt,Lost control,Medical or Physical Disability,,,Going Ahead,,,,,driver,NA,Toronto-St. Paul's (12),53 Division,Casa Loma,false,false,false,false,false,true,false,false,false,false,"{""coordinates"": [[-79.4018908546711, 43.6875442000418]], ""type"": ""MultiPoint""}"
6476,2010:1203088,2010-11-01T17:40:00,AVENUE RD,ST CLAIR AVE W,,7,Non-Fatal Injury,,No Control,Rear End,Clear,Daylight,Dry,Major Arterial,false,-79.4018908546711,43.6875442000418,6,Automobile or Station Wagon,South,7,33,Minimal,Lap and Shoulder Belt,Driving properly,Normal,,,Stopped,,,,,driver,NA,Toronto-St. Paul's (12),53 Division,Casa Loma,false,false,false,false,false,true,false,false,false,false,"{""coordinates"": [[-79.4018908546711, 43.6875442000418]], ""type"": ""MultiPoint""}"
6477,2010:1203088,2010-11-01T17:40:00,AVENUE RD,ST CLAIR AVE W,,7,Non-Fatal Injury,,No Control,Rear End,Clear,Daylight,Dry,Major Arterial,false,-79.4018908546711,43.6875442000418,6,,,6,22,Minimal,Lap and Shoulder Belt,,,,,,,,,,passenger,NA,Toronto-St. Paul's (12),53 Division,Casa Loma,false,false,false,false,false,true,false,false,false,false,"{""coordinates"": [[-79.4018908546711, 43.6875442000418]], ""type"": ""MultiPoint""}"
6478,2010:1203088,2010-11-01T17:40:00,AVENUE RD,ST CLAIR AVE W,,7,Non-Fatal Injury,,No Control,Rear End,Clear,Daylight,Dry,Major Arterial,false,-79.4018908546711,43.6875442000418,1,Automobile or Station Wagon,South,1,37,None,Lap and Shoulder Belt,Driving properly,Normal,,,Going Ahead,,,,,driver,NA,Toronto-St. Paul's (12),53 Division,Casa Loma,false,false,false,false,false,true,false,false,false,false,"{""coordinates"": [[-79.4018908546711, 43.6875442000418]], ""type"": ""MultiPoint""}"
6479,2010:1203088,2010-11-01T17:40:00,AVENUE RD,ST CLAIR AVE W,,7,Non-Fatal Injury,,No Control,Rear End,Clear,Daylight,Dry,Major Arterial,false,-79.4018908546711,43.6875442000418,4,Automobile or Station Wagon,South,4,43,None,Lap and Shoulder Belt,Driving properly,Normal,,,Stopped,,,,,driver,NA,Toronto-St. Paul's (12),53 Division,Casa Loma,false,false,false,false,false,true,false,false,false,false,"{""coordinates"": [[-79.4018908546711, 43.6875442000418]], ""type"": ""MultiPoint""}"
6480,2010:1203088,2010-11-01T17:40:00,AVENUE RD,ST CLAIR AVE W,,7,Non-Fatal Injury,,No Control,Rear End,Clear,Daylight,Dry,Major Arterial,false,-79.4018908546711,43.6875442000418,2,Automobile or Station Wagon,South,2,59,None,Lap and Shoulder Belt,Driving properly,Normal,,,Going Ahead,,,,,driver,NA,Toronto-St. Paul's (12),53 Division,Casa Loma,false,false,false,false,false,true,false,false,false,false,"{""coordinates"": [[-79.4018908546711, 43.6875442000418]], ""type"": ""MultiPoint""}"
6481,2010:1203088,2010-11-01T17:40:00,AVENUE RD,ST CLAIR AVE W,,7,Non-Fatal Injury,,No Control,Rear End,Clear,Daylight,Dry,Major Arterial,false,-79.4018908546711,43.6875442000418,3,Automobile or Station Wagon,South,3,28,None,Lap and Shoulder Belt,Driving properly,Normal,,,Going Ahead,,,,,driver,NA,Toronto-St. Paul's (12),53 Division,Casa Loma,false,false,false,false,false,true,false,false,false,false,"{""coordinates"": [[-79.4018908546711, 43.6875442000418]], ""type"": ""MultiPoint""}"
6482,2010:1198936,2010-11-02T09:56:00,STEELES AVE E,PUTNAM GT,,2,Non-Fatal Injury,,Traffic Signal,Pedestrian Collision(internal code),Clear,Daylight,Dry,Major Arterial,false,-79.31229053846154,43.82244407554382,2,,North,2,78,Major,Use Unknown,,,Crossing with right-of-way (intersection),Normal,,Driver turns left into pedestrian crossing with right-of-way (at intersection),,,,pedestrian,NA,Scarborough-Agincourt (22),42 Division,Steeles,false,true,false,false,false,true,true,false,false,false,"{""coordinates"": [[-79.31229053846154, 43.82244407554382]], ""type"": ""MultiPoint""}"
6483,2010:1198936,2010-11-02T09:56:00,STEELES AVE E,PUTNAM GT,,2,Non-Fatal Injury,,Traffic Signal,Pedestrian Collision(internal code),Clear,Daylight,Dry,Major Arterial,false,-79.31229053846154,43.82244407554382,1,Automobile or Station Wagon,South,1,56,None,Other Safety Equipment Used,Improper turn,Inattentive,,,Turning Left,,,,,driver,NA,Scarborough-Agincourt (22),42 Division,Steeles,false,true,false,false,false,true,true,false,false,false,"{""coordinates"": [[-79.31229053846154, 43.82244407554382]], ""type"": ""MultiPoint""}"
6484,2010:1199249,2010-11-03T08:58:00,MOUNT PLEASANT RD,LAWRENCE AVE E,,3,Non-Fatal Injury,At Intersection,Traffic Signal,Pedestrian Collision(internal code),Clear,Daylight,Dry,Major Arterial,false,-79.39639078386153,43.726344182571445,1,,,2,2,None,Other Safety Equipment Used,,,,,,,,,,passenger,NA,Don Valley West (15),53 Division,Lawrence Park South,true,false,false,false,false,false,true,false,false,false,"{""coordinates"": [[-79.39639078386153, 43.726344182571445]], ""type"": ""MultiPoint""}"
6485,2010:1199249,2010-11-03T08:58:00,MOUNT PLEASANT RD,LAWRENCE AVE E,,3,Non-Fatal Injury,At Intersection,Traffic Signal,Pedestrian Collision(internal code),Clear,Daylight,Dry,Major Arterial,false,-79.39639078386153,43.726344182571445,1,Automobile or Station Wagon,South,3,37,None,Other Safety Equipment Used,Failed to yield right-of-way,Normal,,,Turning Left,,,,,driver,NA,Don Valley West (15),53 Division,Lawrence Park South,true,false,false,false,false,false,true,false,false,false,"{""coordinates"": [[-79.39639078386153, 43.726344182571445]], ""type"": ""MultiPoint""}"
6486,2010:1199249,2010-11-03T08:58:00,MOUNT PLEASANT RD,LAWRENCE AVE E,,3,Non-Fatal Injury,At Intersection,Traffic Signal,Pedestrian Collision(internal code),Clear,Daylight,Dry,Major Arterial,false,-79.39639078386153,43.726344182571445,1,,North,1,22,Major,Other Safety Equipment Used,,,Crossing with right-of-way (intersection),Normal,,Driver turns left into pedestrian crossing with right-of-way (at intersection),,,,pedestrian,NA,Don Valley West (15),53 Division,Lawrence Park South,true,false,false,false,false,false,true,false,false,false,"{""coordinates"": [[-79.39639078386153, 43.726344182571445]], ""type"": ""MultiPoint""}"
6487,2010:1203535,2010-11-03T10:50:00,MIDLAND AVE,BENJAMIN BLVD,,3,Non-Fatal Injury,At Intersection,No Control,Rear End,Clear,Daylight,Dry,Minor Arterial,false,-79.2570905330314,43.73224400120773,1,Automobile or Station Wagon,North,2,72,Minor,Lap and Shoulder Belt,Lost control,Normal,,,Going Ahead,,,,,driver,NA,Scarborough Southwest (20),41 Division,Kennedy Park,false,false,false,false,false,true,false,false,false,false,"{""coordinates"": [[-79.2570905330314, 43.73224400120773]], ""type"": ""MultiPoint""}"
6488,2010:1203535,2010-11-03T10:50:00,MIDLAND AVE,BENJAMIN BLVD,,3,Non-Fatal Injury,At Intersection,No Control,Rear End,Clear,Daylight,Dry,Minor Arterial,false,-79.2570905330314,43.73224400120773,2,Automobile or Station Wagon,North,3,20,Major,Lap and Shoulder Belt,Driving properly,Normal,,,Stopped,,,,,driver,NA,Scarborough Southwest (20),41 Division,Kennedy Park,false,false,false,false,false,true,false,false,false,false,"{""coordinates"": [[-79.2570905330314, 43.73224400120773]], ""type"": ""MultiPoint""}"
6489,2010:1203535,2010-11-03T10:50:00,MIDLAND AVE,BENJAMIN BLVD,,3,Non-Fatal Injury,At Intersection,No Control,Rear End,Clear,Daylight,Dry,Minor Arterial,false,-79.2570905330314,43.73224400120773,1,,,1,NA,,Other Safety Equipment Used,,,,,,,,,,owner,NA,Scarborough Southwest (20),41 Division,Kennedy Park,false,false,false,false,false,true,false,false,false,false,"{""coordinates"": [[-79.2570905330314, 43.73224400120773]], ""type"": ""MultiPoint""}"
6490,2010:1204248,2010-11-07T00:15:00,AUGUSTA AVE,COLLEGE ST,,3,Non-Fatal Injury,,No Control,Pedestrian Collision(internal code),Clear,Dark,Dry,Collector,true,-79.40288990548885,43.65654520973104,3,,East,3,47,Major,Other Safety Equipment Used,,,Crossing - no traffic control,Had Been Drinking,,Driver hits pedestrian at midblock,,,,pedestrian,NA,University-Rosedale (11),14 Division,Kensington-Chinatown,false,false,false,false,false,false,true,false,true,false,"{""coordinates"": [[-79.40288990548885, 43.656545209731036]], ""type"": ""MultiPoint""}"
6491,2010:1204248,2010-11-07T00:15:00,AUGUSTA AVE,COLLEGE ST,,3,Non-Fatal Injury,,No Control,Pedestrian Collision(internal code),Clear,Dark,Dry,Collector,true,-79.40288990548885,43.65654520973104,2,Automobile or Station Wagon,South,2,19,None,Lap and Shoulder Belt,Wrong way on one-way road,Unknown,,,Going Ahead,,,,,driver,NA,University-Rosedale (11),14 Division,Kensington-Chinatown,false,false,false,false,false,false,true,false,true,false,"{""coordinates"": [[-79.40288990548885, 43.656545209731036]], ""type"": ""MultiPoint""}"
6492,2010:1204248,2010-11-07T00:15:00,AUGUSTA AVE,COLLEGE ST,,3,Non-Fatal Injury,,No Control,Pedestrian Collision(internal code),Clear,Dark,Dry,Collector,true,-79.40288990548885,43.65654520973104,1,,,1,NA,,Other Safety Equipment Used,,,,,,,,,,other,NA,University-Rosedale (11),14 Division,Kensington-Chinatown,false,false,false,false,false,false,true,false,true,false,"{""coordinates"": [[-79.40288990548885, 43.656545209731036]], ""type"": ""MultiPoint""}"
6493,2010:1199895,2010-11-07T04:43:00,96 JAMESON Aven,,,1,Non-Fatal Injury,,No Control,Other,Clear,Dark,Dry,Minor Arterial,false,-79.43529100429906,43.63494426467809,1,Automobile or Station Wagon,,1,36,Major,Other Safety Equipment Used,,,,,Unknown,,,,,driver,NA,Parkdale-High Park (4),14 Division,South Parkdale,false,false,false,false,false,false,false,false,false,false,"{""coordinates"": [[-79.43529100429906, 43.63494426467809]], ""type"": ""MultiPoint""}"
6494,2010:1200535,2010-11-09T21:46:00,KIPLING AVE,ALBION RD,,2,Non-Fatal Injury,,No Control,Pedestrian Collision(internal code),Clear,Dark,Dry,Major Arterial,false,-79.5797910431223,43.738544401051,1,,East,1,68,Major,Other Safety Equipment Used,,,Crossing - no traffic control,Inattentive,,Driver hits pedestrian at midblock,,,,pedestrian,NA,Etobicoke North (1),23 Division,Thistletown-Beaumond Heights,false,true,false,false,false,true,true,false,false,false,"{""coordinates"": [[-79.5797910431223, 43.738544401051]], ""type"": ""MultiPoint""}"
6495,2010:1200535,2010-11-09T21:46:00,KIPLING AVE,ALBION RD,,2,Non-Fatal Injury,,No Control,Pedestrian Collision(internal code),Clear,Dark,Dry,Major Arterial,false,-79.5797910431223,43.738544401051,1,,East,3,68,Major,Other Safety Equipment Used,,,Crossing - no traffic control,Inattentive,,Driver hits pedestrian at midblock,,,,pedestrian,NA,Etobicoke North (1),23 Division,Thistletown-Beaumond Heights,false,true,false,false,false,true,true,false,false,false,"{""coordinates"": [[-79.5797910431223, 43.738544401051]], ""type"": ""MultiPoint""}"
6496,2010:1200535,2010-11-09T21:46:00,KIPLING AVE,ALBION RD,,2,Non-Fatal Injury,,No Control,Pedestrian Collision(internal code),Clear,Dark,Dry,Major Arterial,false,-79.5797910431223,43.738544401051,2,Automobile or Station Wagon,North,2,68,None,Other Safety Equipment Used,Other,Ability Impaired - Alcohol,,,Going Ahead,,,,,driver,NA,Etobicoke North (1),23 Division,Thistletown-Beaumond Heights,false,true,false,false,false,true,true,false,false,false,"{""coordinates"": [[-79.5797910431223, 43.738544401051]], ""type"": ""MultiPoint""}"
6497,2010:1200931,2010-11-11T09:34:00,F G GARDINER Expr W,DON VALLEY PARKWAY N,,1,Non-Fatal Injury,,No Control,SMV Other,Clear,Daylight,Dry,,false,-79.34899080933359,43.650744131474475,1,Motorcycle,West,1,27,Major,Helmet,Lost control,Normal,,,Going Ahead,,,,,motorcyclist,NA,Spadina-Fort York (10),51 Division,St Lawrence-East Bayfront-The Islands,false,false,false,true,false,false,false,false,false,false,"{""coordinates"": [[-79.34899080933359, 43.650744131474475]], ""type"": ""MultiPoint""}"
6498,2010:1207710,2010-11-11T12:25:00,KINGSTON RD,MARKHAM RD,,2,Non-Fatal Injury,At Intersection,Traffic Signal,Turning Movement,Clear,Daylight,Dry,Major Arterial,false,-79.21699046542852,43.73874395790104,2,Automobile or Station Wagon,West,2,24,None,Lap and Shoulder Belt,Improper turn,Normal,,,Turning Left,,,,,driver,NA,Scarborough-Guildwood (24),43 Division,Scarborough Village,false,false,false,true,false,false,false,false,false,false,"{""coordinates"": [[-79.21699046542852, 43.73874395790104]], ""type"": ""MultiPoint""}"
6499,2010:1207710,2010-11-11T12:25:00,KINGSTON RD,MARKHAM RD,,2,Non-Fatal Injury,At Intersection,Traffic Signal,Turning Movement,Clear,Daylight,Dry,Major Arterial,false,-79.21699046542852,43.73874395790104,1,Motorcycle,East,1,48,Major,Other Safety Equipment Used,Driving properly,Normal,,,Going Ahead,,,,,motorcyclist,NA,Scarborough-Guildwood (24),43 Division,Scarborough Village,false,false,false,true,false,false,false,false,false,false,"{""coordinates"": [[-79.21699046542852, 43.73874395790104]], ""type"": ""MultiPoint""}"
6500,2010:1207741,2010-11-12T18:20:00,322 THE WESTWAY,,,3,Non-Fatal Injury,,No Control,Pedestrian Collision(internal code),Clear,Dark,Dry,Minor Arterial,false,-79.5576911147845,43.68534440618012,1,,,1,NA,,Other Safety Equipment Used,,,,,,,,,,owner,NA,Etobicoke Centre (2),23 Division,Willowridge-Martingrove-Richview,false,false,false,false,false,false,true,false,false,false,"{""coordinates"": [[-79.5576911147845, 43.68534440618012]], ""type"": ""MultiPoint""}"
6501,2010:1207741,2010-11-12T18:20:00,322 THE WESTWAY,,,3,Non-Fatal Injury,,No Control,Pedestrian Collision(internal code),Clear,Dark,Dry,Minor Arterial,false,-79.5576911147845,43.68534440618012,2,,South,3,46,Major,Other Safety Equipment Used,,,Crossing - no traffic control,Had Been Drinking,,Driver hits pedestrian at midblock,,,,pedestrian,NA,Etobicoke Centre (2),23 Division,Willowridge-Martingrove-Richview,false,false,false,false,false,false,true,false,false,false,"{""coordinates"": [[-79.5576911147845, 43.68534440618012]], ""type"": ""MultiPoint""}"
6502,2010:1204378,2010-11-28T05:45:00,BLOOR RAMP,CASTLE FRANK RD,,4,Non-Fatal Injury,,No Control,SMV Other,Clear,Dark,Dry,,false,-79.36809080832037,43.67654415493882,2,,,2,NA,,No Equipment Available,,,,,,,,,,owner,NA,University-Rosedale (11),53 Division,Rosedale-Moore Park,false,false,false,false,false,false,false,false,false,false,"{""coordinates"": [[-79.36809080832037, 43.67654415493882]], ""type"": ""MultiPoint""}"
6503,2010:1207741,2010-11-12T18:20:00,322 THE WESTWAY,,,3,Non-Fatal Injury,,No Control,Pedestrian Collision(internal code),Clear,Dark,Dry,Minor Arterial,false,-79.5576911147845,43.68534440618012,1,Automobile or Station Wagon,West,2,43,None,Lap and Shoulder Belt,Driving properly,Normal,,,Going Ahead,,,,,driver,NA,Etobicoke Centre (2),23 Division,Willowridge-Martingrove-Richview,false,false,false,false,false,false,true,false,false,false,"{""coordinates"": [[-79.5576911147845, 43.68534440618012]], ""type"": ""MultiPoint""}"
6504,2010:1205839,2010-11-13T14:30:00,LAKE SHORE Boul W,ONTARIO Driv,,2,Non-Fatal Injury,At Intersection,Traffic Signal,Turning Movement,Clear,Daylight,Dry,Major Arterial,false,-79.41979098066541,43.63044424253879,1,Motorcycle,West,1,29,Major,Helmet,Driving properly,Normal,,,Going Ahead,,,,,motorcyclist,NA,Spadina-Fort York (10),14 Division,Fort York-Liberty Village,false,false,false,true,false,true,false,false,false,false,"{""coordinates"": [[-79.41979098066541, 43.63044424253879]], ""type"": ""MultiPoint""}"
6505,2010:1205839,2010-11-13T14:30:00,LAKE SHORE Boul W,ONTARIO Driv,,2,Non-Fatal Injury,At Intersection,Traffic Signal,Turning Movement,Clear,Daylight,Dry,Major Arterial,false,-79.41979098066541,43.63044424253879,2,Automobile or Station Wagon,East,2,70,None,Other Safety Equipment Used,Improper turn,Normal,,,Turning Left,,,,,driver,NA,Spadina-Fort York (10),14 Division,Fort York-Liberty Village,false,false,false,true,false,true,false,false,false,false,"{""coordinates"": [[-79.41979098066541, 43.63044424253879]], ""type"": ""MultiPoint""}"
6506,2010:1203754,2010-11-14T03:30:00,SPADINA Rd,BLOOR St W,,2,Non-Fatal Injury,At Intersection,Traffic Signal,Pedestrian Collision(internal code),Clear,Dark,Dry,Major Arterial,true,-79.40389089144998,43.666644208473706,1,,North,2,21,Major,Other Safety Equipment Used,,,Crossing with right-of-way (intersection),Had Been Drinking,,Driver going straight hits pedestrian crossing with right-of-way (at intersection),,,,pedestrian,NA,University-Rosedale (11),14 Division,University,true,false,false,false,false,false,true,false,false,false,"{""coordinates"": [[-79.40389089144998, 43.666644208473706]], ""type"": ""MultiPoint""}"