X_id,collision_id,accdate,stname1,stname2,stname3,per_inv,acclass,accloc,traffictl,impactype,visible,light,rdsfcond,road_class,failtorem,longitude,latitude,veh_no,vehtype,initdir,per_no,invage,injury,safequip,drivact,drivcond,pedact,pedcond,manoeuvre,pedtype,cyclistype,cycact,cyccond,road_user,fatal_no,wardname,division,neighbourhood,aggressive,distracted,cyclist,motorcyclist,other_micromobility,older_adult,pedestrian,red_light,school_child,heavy_truck,geometry
6919,2011:1239980,2011-04-25T15:15:00,REXDALE BLVD,BERGAMOT AVE,,6,Non-Fatal Injury,,Traffic Signal,Turning Movement,Clear,Daylight,Dry,Major Arterial,false,-79.5596910649771,43.71334439276175,3,Automobile or Station Wagon,East,6,22,Major,Lap and Shoulder Belt,Driving properly,Normal,,,Going Ahead,,,,,driver,NA,Etobicoke North (1),23 Division,Rexdale-Kipling,true,true,false,false,false,false,false,false,false,false,"{""coordinates"": [[-79.5596910649771, 43.71334439276175]], ""type"": ""MultiPoint""}"
6920,2011:1239980,2011-04-25T15:15:00,REXDALE BLVD,BERGAMOT AVE,,6,Non-Fatal Injury,,Traffic Signal,Turning Movement,Clear,Daylight,Dry,Major Arterial,false,-79.5596910649771,43.71334439276175,2,Automobile or Station Wagon,West,4,54,None,Other Safety Equipment Used,Failed to yield right-of-way,Inattentive,,,Turning Left,,,,,driver,NA,Etobicoke North (1),23 Division,Rexdale-Kipling,true,true,false,false,false,false,false,false,false,false,"{""coordinates"": [[-79.5596910649771, 43.71334439276175]], ""type"": ""MultiPoint""}"
6921,2011:1239980,2011-04-25T15:15:00,REXDALE BLVD,BERGAMOT AVE,,6,Non-Fatal Injury,,Traffic Signal,Turning Movement,Clear,Daylight,Dry,Major Arterial,false,-79.5596910649771,43.71334439276175,3,,,5,NA,,Other Safety Equipment Used,,,,,,,,,,owner,NA,Etobicoke North (1),23 Division,Rexdale-Kipling,true,true,false,false,false,false,false,false,false,false,"{""coordinates"": [[-79.5596910649771, 43.71334439276175]], ""type"": ""MultiPoint""}"
6922,2011:1239980,2011-04-25T15:15:00,REXDALE BLVD,BERGAMOT AVE,,6,Non-Fatal Injury,,Traffic Signal,Turning Movement,Clear,Daylight,Dry,Major Arterial,false,-79.5596910649771,43.71334439276175,1,Automobile or Station Wagon,North,2,43,None,Other Safety Equipment Used,Driving properly,Normal,,,Stopped,,,,,driver,NA,Etobicoke North (1),23 Division,Rexdale-Kipling,true,true,false,false,false,false,false,false,false,false,"{""coordinates"": [[-79.5596910649771, 43.71334439276175]], ""type"": ""MultiPoint""}"
6923,2011:1239980,2011-04-25T15:15:00,REXDALE BLVD,BERGAMOT AVE,,6,Non-Fatal Injury,,Traffic Signal,Turning Movement,Clear,Daylight,Dry,Major Arterial,false,-79.5596910649771,43.71334439276175,2,,,3,48,Minor,Lap and Shoulder Belt,,,,,,,,,,passenger,NA,Etobicoke North (1),23 Division,Rexdale-Kipling,true,true,false,false,false,false,false,false,false,false,"{""coordinates"": [[-79.5596910649771, 43.71334439276175]], ""type"": ""MultiPoint""}"
6924,2011:1239980,2011-04-25T15:15:00,REXDALE BLVD,BERGAMOT AVE,,6,Non-Fatal Injury,,Traffic Signal,Turning Movement,Clear,Daylight,Dry,Major Arterial,false,-79.5596910649771,43.71334439276175,1,,,1,52,None,Other Safety Equipment Used,,,,,,,,,,passenger,NA,Etobicoke North (1),23 Division,Rexdale-Kipling,true,true,false,false,false,false,false,false,false,false,"{""coordinates"": [[-79.5596910649771, 43.71334439276175]], ""type"": ""MultiPoint""}"
6925,2011:1233671,2011-04-26T02:00:00,QUEENS Aven,ALLEN Aven,,2,Non-Fatal Injury,,Stop Sign,Pedestrian Collision(internal code),Rain,Dark,Wet,Local,true,-79.49159115725637,43.612644360675304,1,,Unknown,2,28,Major,Other Safety Equipment Used,,,Other,Ability Impaired - Alcohol,,Unknown,,,,pedestrian,NA,Etobicoke-Lakeshore (3),22 Division,Mimico-Queensway,false,false,false,false,false,false,true,false,false,false,"{""coordinates"": [[-79.49159115725637, 43.612644360675304]], ""type"": ""MultiPoint""}"
6926,2011:1233671,2011-04-26T02:00:00,QUEENS Aven,ALLEN Aven,,2,Non-Fatal Injury,,Stop Sign,Pedestrian Collision(internal code),Rain,Dark,Wet,Local,true,-79.49159115725637,43.612644360675304,1,Automobile or Station Wagon,Unknown,1,NA,None,Other Safety Equipment Used,Other,Unknown,,,Unknown,,,,,driver,NA,Etobicoke-Lakeshore (3),22 Division,Mimico-Queensway,false,false,false,false,false,false,true,false,false,false,"{""coordinates"": [[-79.49159115725637, 43.612644360675304]], ""type"": ""MultiPoint""}"
6927,2011:1240092,2011-04-27T10:50:00,LAWRENCE AVE E,CURLEW DR,,2,Non-Fatal Injury,At Intersection,Traffic Signal,Turning Movement,Clear,Daylight,Dry,Major Arterial,false,-79.31929062886232,43.741144080872544,1,Automobile or Station Wagon,West,1,73,Major,Lap and Shoulder Belt,Disobeyed traffic control,Inattentive,,,Going Ahead,,,,,driver,NA,Don Valley East (16),33 Division,Victoria Village,true,true,false,false,false,true,false,true,false,false,"{""coordinates"": [[-79.31929062886232, 43.741144080872544]], ""type"": ""MultiPoint""}"
6928,2011:1240092,2011-04-27T10:50:00,LAWRENCE AVE E,CURLEW DR,,2,Non-Fatal Injury,At Intersection,Traffic Signal,Turning Movement,Clear,Daylight,Dry,Major Arterial,false,-79.31929062886232,43.741144080872544,2,Automobile or Station Wagon,East,2,23,None,Other Safety Equipment Used,Driving properly,Normal,,,Turning Left,,,,,driver,NA,Don Valley East (16),33 Division,Victoria Village,true,true,false,false,false,true,false,true,false,false,"{""coordinates"": [[-79.31929062886232, 43.741144080872544]], ""type"": ""MultiPoint""}"
6929,2011:1236150,2011-04-27T22:13:00,ST CLAIR AVE W,KEELE ST,,3,Non-Fatal Injury,,No Control,SMV Other,Clear,Dark,Dry,Major Arterial,false,-79.46829100452176,43.6723442990596,2,,,3,NA,,Other Safety Equipment Used,,,,,,,,,,owner,NA,York South-Weston (5),11 Division,Junction Area,false,false,false,false,false,false,false,false,false,false,"{""coordinates"": [[-79.46829100452176, 43.672344299059596]], ""type"": ""MultiPoint""}"
6930,2011:1236150,2011-04-27T22:13:00,ST CLAIR AVE W,KEELE ST,,3,Non-Fatal Injury,,No Control,SMV Other,Clear,Dark,Dry,Major Arterial,false,-79.46829100452176,43.6723442990596,1,Automobile or Station Wagon,West,2,23,Minimal,Use Unknown,Lost control,Ability Impaired - Alcohol Over .08,,,Going Ahead,,,,,driver,NA,York South-Weston (5),11 Division,Junction Area,false,false,false,false,false,false,false,false,false,false,"{""coordinates"": [[-79.46829100452176, 43.672344299059596]], ""type"": ""MultiPoint""}"
6931,2011:1236150,2011-04-27T22:13:00,ST CLAIR AVE W,KEELE ST,,3,Non-Fatal Injury,,No Control,SMV Other,Clear,Dark,Dry,Major Arterial,false,-79.46829100452176,43.6723442990596,1,,,1,25,Major,Use Unknown,,,,,,,,,,passenger,NA,York South-Weston (5),11 Division,Junction Area,false,false,false,false,false,false,false,false,false,false,"{""coordinates"": [[-79.46829100452176, 43.672344299059596]], ""type"": ""MultiPoint""}"
6932,2011:1230701,2011-04-30T18:37:00,F G GARDINER XY Expr E,CHERRY ST,,2,Fatal Injury,,No Control,SMV Other,Clear,Daylight,Dry,Major Arterial,false,-79.35619082587377,43.649044142406005,1,Motorcycle,East,1,26,Fatal,Helmet,Exceeding speed limit,Had Been Drinking,,,Going Ahead,,,,,motorcyclist,8,Spadina-Fort York (10),51 Division,St Lawrence-East Bayfront-The Islands,true,false,false,true,false,false,false,false,false,false,"{""coordinates"": [[-79.35619082587377, 43.649044142406005]], ""type"": ""MultiPoint""}"
6933,2011:1230701,2011-04-30T18:37:00,F G GARDINER XY Expr E,CHERRY ST,,2,Fatal Injury,,No Control,SMV Other,Clear,Daylight,Dry,Major Arterial,false,-79.35619082587377,43.649044142406005,2,Automobile or Station Wagon,West,2,28,None,Lap and Shoulder Belt,Driving properly,Normal,,,Going Ahead,,,,,driver,NA,Spadina-Fort York (10),51 Division,St Lawrence-East Bayfront-The Islands,true,false,false,true,false,false,false,false,false,false,"{""coordinates"": [[-79.35619082587377, 43.649044142406005]], ""type"": ""MultiPoint""}"
6934,2011:1241028,2011-05-06T05:36:00,ROGERS Road,WESTON Road,,2,Non-Fatal Injury,At Intersection,Traffic Signal,Pedestrian Collision(internal code),Clear,Daylight,Dry,Major Arterial,false,-79.47679100427308,43.681544307176566,2,,North,2,31,Major,Other Safety Equipment Used,,,Crossing with right-of-way (intersection),Normal,,Driver turns right into pedestrian crossing with right-of-way (at intersection),,,,pedestrian,NA,York South-Weston (5),12 Division,Rockcliffe-Smythe,true,false,false,false,false,false,true,false,false,false,"{""coordinates"": [[-79.47679100427308, 43.681544307176566]], ""type"": ""MultiPoint""}"
6935,2011:1241028,2011-05-06T05:36:00,ROGERS Road,WESTON Road,,2,Non-Fatal Injury,At Intersection,Traffic Signal,Pedestrian Collision(internal code),Clear,Daylight,Dry,Major Arterial,false,-79.47679100427308,43.681544307176566,1,Automobile or Station Wagon,West,1,61,None,Lap and Shoulder Belt,Failed to yield right-of-way,Unknown,,,Turning Right,,,,,driver,NA,York South-Weston (5),12 Division,Rockcliffe-Smythe,true,false,false,false,false,false,true,false,false,false,"{""coordinates"": [[-79.47679100427308, 43.681544307176566]], ""type"": ""MultiPoint""}"
6936,2011:1232010,2011-05-06T14:00:00,YONGE ST,MCGLASHAN RD,,3,Non-Fatal Injury,,No Control,Sideswipe,Clear,Daylight,Dry,Major Arterial,false,-79.40619077639425,43.7418441910935,3,Automobile or Station Wagon,North,3,51,None,Other Safety Equipment Used,Driving properly,Normal,,,Going Ahead,,,,,driver,NA,Don Valley West (15),32 Division,Bridle Path-Sunnybrook-York Mills,false,false,false,false,false,true,false,false,false,false,"{""coordinates"": [[-79.40619077639425, 43.7418441910935]], ""type"": ""MultiPoint""}"
6937,2011:1232010,2011-05-06T14:00:00,YONGE ST,MCGLASHAN RD,,3,Non-Fatal Injury,,No Control,Sideswipe,Clear,Daylight,Dry,Major Arterial,false,-79.40619077639425,43.7418441910935,2,Automobile or Station Wagon,North,2,62,Minor,Lap and Shoulder Belt,Driving properly,Normal,,,Going Ahead,,,,,driver,NA,Don Valley West (15),32 Division,Bridle Path-Sunnybrook-York Mills,false,false,false,false,false,true,false,false,false,false,"{""coordinates"": [[-79.40619077639425, 43.7418441910935]], ""type"": ""MultiPoint""}"
6938,2011:1232010,2011-05-06T14:00:00,YONGE ST,MCGLASHAN RD,,3,Non-Fatal Injury,,No Control,Sideswipe,Clear,Daylight,Dry,Major Arterial,false,-79.40619077639425,43.7418441910935,1,Automobile or Station Wagon,South,1,71,Major,Lap and Shoulder Belt,Lost control,Other Condition,,,Going Ahead,,,,,driver,NA,Don Valley West (15),32 Division,Bridle Path-Sunnybrook-York Mills,false,false,false,false,false,true,false,false,false,false,"{""coordinates"": [[-79.40619077639425, 43.7418441910935]], ""type"": ""MultiPoint""}"
6939,2011:1232009,2011-05-06T14:00:00,YONGE ST,WILSON AVE,,3,Non-Fatal Injury,,Traffic Signal,Rear End,Clear,Daylight,Dry,Major Arterial,false,-79.40669077359203,43.744144191092175,1,Automobile or Station Wagon,South,1,71,Major,Other Safety Equipment Used,Following too closely,Other Condition,,,Going Ahead,,,,,driver,NA,Don Valley West (15),32 Division,St.Andrew-Windfields,true,false,false,false,false,true,false,false,false,false,"{""coordinates"": [[-79.40669077359203, 43.744144191092175]], ""type"": ""MultiPoint""}"
6940,2011:1232009,2011-05-06T14:00:00,YONGE ST,WILSON AVE,,3,Non-Fatal Injury,,Traffic Signal,Rear End,Clear,Daylight,Dry,Major Arterial,false,-79.40669077359203,43.744144191092175,2,,,2,40,None,Other Safety Equipment Used,,,,,,,,,,passenger,NA,Don Valley West (15),32 Division,St.Andrew-Windfields,true,false,false,false,false,true,false,false,false,false,"{""coordinates"": [[-79.40669077359203, 43.744144191092175]], ""type"": ""MultiPoint""}"
6941,2011:1232009,2011-05-06T14:00:00,YONGE ST,WILSON AVE,,3,Non-Fatal Injury,,Traffic Signal,Rear End,Clear,Daylight,Dry,Major Arterial,false,-79.40669077359203,43.744144191092175,2,Automobile or Station Wagon,South,3,42,None,Other Safety Equipment Used,Driving properly,Normal,,,Stopped,,,,,driver,NA,Don Valley West (15),32 Division,St.Andrew-Windfields,true,false,false,false,false,true,false,false,false,false,"{""coordinates"": [[-79.40669077359203, 43.744144191092175]], ""type"": ""MultiPoint""}"
6942,2011:1232054,2011-05-07T09:10:00,KEELE ST,INGRAM DR,,1,Non-Fatal Injury,,Traffic Signal,SMV Other,Clear,Daylight,Dry,Major Arterial,false,-79.47599097097792,43.6994442982176,1,Automobile or Station Wagon,West,1,76,Major,Other Safety Equipment Used,Lost control,Medical or Physical Disability,,,Going Ahead,,,,,driver,NA,York South-Weston (5),12 Division,Brookhaven-Amesbury,false,false,false,false,false,true,false,false,false,false,"{""coordinates"": [[-79.47599097097792, 43.6994442982176]], ""type"": ""MultiPoint""}"
6943,2011:1232073,2011-05-07T14:50:00,DAVENPORT Road,DUFFERIN Stre,,5,Non-Fatal Injury,,No Control,Pedestrian Collision(internal code),Clear,Daylight,Dry,Minor Arterial,false,-79.44159095306154,43.67284426068634,2,Motorcycle,East,2,25,Minor,Helmet,Improper passing,Unknown,,,Going Ahead,,,,,motorcyclist,NA,Davenport (9),13 Division,Junction-Wallace Emerson,true,true,false,true,false,false,true,false,true,false,"{""coordinates"": [[-79.44159095306154, 43.67284426068634]], ""type"": ""MultiPoint""}"
6944,2011:1232073,2011-05-07T14:50:00,DAVENPORT Road,DUFFERIN Stre,,5,Non-Fatal Injury,,No Control,Pedestrian Collision(internal code),Clear,Daylight,Dry,Minor Arterial,false,-79.44159095306154,43.67284426068634,4,,,4,NA,None,Other Safety Equipment Used,,,,,Parked,,,,,other,NA,Davenport (9),13 Division,Junction-Wallace Emerson,true,true,false,true,false,false,true,false,true,false,"{""coordinates"": [[-79.44159095306154, 43.67284426068634]], ""type"": ""MultiPoint""}"
6945,2011:1232073,2011-05-07T14:50:00,DAVENPORT Road,DUFFERIN Stre,,5,Non-Fatal Injury,,No Control,Pedestrian Collision(internal code),Clear,Daylight,Dry,Minor Arterial,false,-79.44159095306154,43.67284426068634,5,,,5,NA,,Other Safety Equipment Used,,,,,,,,,,owner,NA,Davenport (9),13 Division,Junction-Wallace Emerson,true,true,false,true,false,false,true,false,true,false,"{""coordinates"": [[-79.44159095306154, 43.67284426068634]], ""type"": ""MultiPoint""}"
6946,2011:1232073,2011-05-07T14:50:00,DAVENPORT Road,DUFFERIN Stre,,5,Non-Fatal Injury,,No Control,Pedestrian Collision(internal code),Clear,Daylight,Dry,Minor Arterial,false,-79.44159095306154,43.67284426068634,3,Automobile or Station Wagon,East,3,53,None,Other Safety Equipment Used,Driving properly,Normal,,,Stopped,,,,,driver,NA,Davenport (9),13 Division,Junction-Wallace Emerson,true,true,false,true,false,false,true,false,true,false,"{""coordinates"": [[-79.44159095306154, 43.67284426068634]], ""type"": ""MultiPoint""}"
6947,2011:1232073,2011-05-07T14:50:00,DAVENPORT Road,DUFFERIN Stre,,5,Non-Fatal Injury,,No Control,Pedestrian Collision(internal code),Clear,Daylight,Dry,Minor Arterial,false,-79.44159095306154,43.67284426068634,1,,North,1,18,Major,Other Safety Equipment Used,,,Coming from behind parked vehicle or object,Inattentive,,Driver hits pedestrian walking or running out from between parked vehicles (at midblock),,,,pedestrian,NA,Davenport (9),13 Division,Junction-Wallace Emerson,true,true,false,true,false,false,true,false,true,false,"{""coordinates"": [[-79.44159095306154, 43.67284426068634]], ""type"": ""MultiPoint""}"
6948,2011:1240994,2011-05-07T18:23:00,EGLINTON Ave W,MARLEE Ave,,2,Non-Fatal Injury,At Intersection,Traffic Signal,Pedestrian Collision(internal code),Clear,Daylight,Dry,Major Arterial,false,-79.43935084316313,43.69796981623139,2,,North,2,17,Major,Other Safety Equipment Used,,,Running onto roadway,Inattentive,,Driver going straight hits pedestrian crossing without right-of-way (at intersection),,,,pedestrian,NA,Toronto-St. Paul's (12),13 Division,Oakwood Village,false,true,false,false,false,false,true,false,true,false,"{""coordinates"": [[-79.43935084316313, 43.69796981623139]], ""type"": ""MultiPoint""}"
6949,2011:1240994,2011-05-07T18:23:00,EGLINTON Ave W,MARLEE Ave,,2,Non-Fatal Injury,At Intersection,Traffic Signal,Pedestrian Collision(internal code),Clear,Daylight,Dry,Major Arterial,false,-79.43935084316313,43.69796981623139,1,Automobile or Station Wagon,East,1,26,None,Lap and Shoulder Belt,Driving properly,Normal,,,Going Ahead,,,,,driver,NA,Toronto-St. Paul's (12),13 Division,Oakwood Village,false,true,false,false,false,false,true,false,true,false,"{""coordinates"": [[-79.43935084316313, 43.69796981623139]], ""type"": ""MultiPoint""}"
6950,2011:1240985,2011-05-07T21:28:00,MOUNT ROYAL Aven,THOME Cres,,3,Non-Fatal Injury,At Intersection,Stop Sign,Cyclist Collision,Clear,Dark,Dry,Local,false,-79.43309093131147,43.6762442473884,1,Automobile or Station Wagon,North,2,71,None,Lap and Shoulder Belt,Failed to yield right-of-way,Inattentive,,,Turning Left,,,,,driver,NA,Davenport (9),13 Division,Wychwood,true,true,true,false,false,true,false,false,false,false,"{""coordinates"": [[-79.43309093131147, 43.6762442473884]], ""type"": ""MultiPoint""}"
6951,2011:1240985,2011-05-07T21:28:00,MOUNT ROYAL Aven,THOME Cres,,3,Non-Fatal Injury,At Intersection,Stop Sign,Cyclist Collision,Clear,Dark,Dry,Local,false,-79.43309093131147,43.6762442473884,2,Bicycle,South,3,85,Major,Equipment Not Used But Available,,,,,Going Ahead,,Driver turns left into path of cyclist,Driving Properly,Normal,cyclist,NA,Davenport (9),13 Division,Wychwood,true,true,true,false,false,true,false,false,false,false,"{""coordinates"": [[-79.43309093131147, 43.6762442473884]], ""type"": ""MultiPoint""}"
6952,2011:1240985,2011-05-07T21:28:00,MOUNT ROYAL Aven,THOME Cres,,3,Non-Fatal Injury,At Intersection,Stop Sign,Cyclist Collision,Clear,Dark,Dry,Local,false,-79.43309093131147,43.6762442473884,1,,,1,NA,,Other Safety Equipment Used,,,,,,,,,,owner,NA,Davenport (9),13 Division,Wychwood,true,true,true,false,false,true,false,false,false,false,"{""coordinates"": [[-79.43309093131147, 43.6762442473884]], ""type"": ""MultiPoint""}"
6953,2011:1232602,2011-05-09T08:15:00,WILLIAM R ALLEN Road,RIMROCK Road,,3,Non-Fatal Injury,At Intersection,Traffic Signal,Turning Movement,Clear,Daylight,Dry,Major Arterial,false,-79.46499085329384,43.75774426081265,1,,,1,NA,,Other Safety Equipment Used,,,,,,,,,,owner,NA,York Centre (6),32 Division,York University Heights,false,true,false,false,false,true,false,false,false,false,"{""coordinates"": [[-79.46499085329384, 43.75774426081265]], ""type"": ""MultiPoint""}"
6954,2011:1232602,2011-05-09T08:15:00,WILLIAM R ALLEN Road,RIMROCK Road,,3,Non-Fatal Injury,At Intersection,Traffic Signal,Turning Movement,Clear,Daylight,Dry,Major Arterial,false,-79.46499085329384,43.75774426081265,2,Automobile or Station Wagon,North,4,86,None,Other Safety Equipment Used,Driving properly,Normal,,,Stopped,,,,,driver,NA,York Centre (6),32 Division,York University Heights,false,true,false,false,false,true,false,false,false,false,"{""coordinates"": [[-79.46499085329384, 43.75774426081265]], ""type"": ""MultiPoint""}"
6955,2011:1232602,2011-05-09T08:15:00,WILLIAM R ALLEN Road,RIMROCK Road,,3,Non-Fatal Injury,At Intersection,Traffic Signal,Turning Movement,Clear,Daylight,Dry,Major Arterial,false,-79.46499085329384,43.75774426081265,1,Automobile or Station Wagon,North,2,43,Major,Other Safety Equipment Used,Driving properly,Normal,,,Stopped,,,,,driver,NA,York Centre (6),32 Division,York University Heights,false,true,false,false,false,true,false,false,false,false,"{""coordinates"": [[-79.46499085329384, 43.75774426081265]], ""type"": ""MultiPoint""}"
6956,2011:1232602,2011-05-09T08:15:00,WILLIAM R ALLEN Road,RIMROCK Road,,3,Non-Fatal Injury,At Intersection,Traffic Signal,Turning Movement,Clear,Daylight,Dry,Major Arterial,false,-79.46499085329384,43.75774426081265,2,,,3,NA,,Other Safety Equipment Used,,,,,,,,,,owner,NA,York Centre (6),32 Division,York University Heights,false,true,false,false,false,true,false,false,false,false,"{""coordinates"": [[-79.46499085329384, 43.75774426081265]], ""type"": ""MultiPoint""}"
6957,2011:1232602,2011-05-09T08:15:00,WILLIAM R ALLEN Road,RIMROCK Road,,3,Non-Fatal Injury,At Intersection,Traffic Signal,Turning Movement,Clear,Daylight,Dry,Major Arterial,false,-79.46499085329384,43.75774426081265,3,Automobile or Station Wagon,East,5,53,None,Other Safety Equipment Used,Other,Inattentive,,,Turning Right,,,,,driver,NA,York Centre (6),32 Division,York University Heights,false,true,false,false,false,true,false,false,false,false,"{""coordinates"": [[-79.46499085329384, 43.75774426081265]], ""type"": ""MultiPoint""}"
6958,2011:1232571,2011-05-10T11:34:00,F G GARDINER XY Expr W,KIPLING AVE,,12,Non-Fatal Injury,,No Control,Rear End,Clear,Daylight,Dry,,false,-79.5268912005895,43.61774440527386,2,,,5,NA,,Other Safety Equipment Used,,,,,,,,,,owner,NA,Etobicoke-Lakeshore (3),22 Division,Mimico-Queensway,true,false,false,false,false,true,false,false,false,false,"{""coordinates"": [[-79.5268912005895, 43.61774440527386]], ""type"": ""MultiPoint""}"
6959,2011:1232571,2011-05-10T11:34:00,F G GARDINER XY Expr W,KIPLING AVE,,12,Non-Fatal Injury,,No Control,Rear End,Clear,Daylight,Dry,,false,-79.5268912005895,43.61774440527386,1,Automobile or Station Wagon,West,2,51,None,Other Safety Equipment Used,Driving properly,Normal,,,Slowing or Stopping,,,,,driver,NA,Etobicoke-Lakeshore (3),22 Division,Mimico-Queensway,true,false,false,false,false,true,false,false,false,false,"{""coordinates"": [[-79.5268912005895, 43.61774440527386]], ""type"": ""MultiPoint""}"
6960,2011:1232571,2011-05-10T11:34:00,F G GARDINER XY Expr W,KIPLING AVE,,12,Non-Fatal Injury,,No Control,Rear End,Clear,Daylight,Dry,,false,-79.5268912005895,43.61774440527386,4,Automobile or Station Wagon,West,7,28,Major,Lap and Shoulder Belt,Driving properly,Normal,,,Slowing or Stopping,,,,,driver,NA,Etobicoke-Lakeshore (3),22 Division,Mimico-Queensway,true,false,false,false,false,true,false,false,false,false,"{""coordinates"": [[-79.5268912005895, 43.61774440527386]], ""type"": ""MultiPoint""}"
6961,2011:1232571,2011-05-10T11:34:00,F G GARDINER XY Expr W,KIPLING AVE,,12,Non-Fatal Injury,,No Control,Rear End,Clear,Daylight,Dry,,false,-79.5268912005895,43.61774440527386,5,,,8,NA,,Other Safety Equipment Used,,,,,,,,,,owner,NA,Etobicoke-Lakeshore (3),22 Division,Mimico-Queensway,true,false,false,false,false,true,false,false,false,false,"{""coordinates"": [[-79.5268912005895, 43.61774440527386]], ""type"": ""MultiPoint""}"
6962,2011:1232571,2011-05-10T11:34:00,F G GARDINER XY Expr W,KIPLING AVE,,12,Non-Fatal Injury,,No Control,Rear End,Clear,Daylight,Dry,,false,-79.5268912005895,43.61774440527386,6,,,11,NA,,Other Safety Equipment Used,,,,,,,,,,owner,NA,Etobicoke-Lakeshore (3),22 Division,Mimico-Queensway,true,false,false,false,false,true,false,false,false,false,"{""coordinates"": [[-79.5268912005895, 43.61774440527386]], ""type"": ""MultiPoint""}"
6963,2011:1232571,2011-05-10T11:34:00,F G GARDINER XY Expr W,KIPLING AVE,,12,Non-Fatal Injury,,No Control,Rear End,Clear,Daylight,Dry,,false,-79.5268912005895,43.61774440527386,6,,,10,26,Minimal,Lap and Shoulder Belt,,,,,,,,,,passenger,NA,Etobicoke-Lakeshore (3),22 Division,Mimico-Queensway,true,false,false,false,false,true,false,false,false,false,"{""coordinates"": [[-79.5268912005895, 43.61774440527386]], ""type"": ""MultiPoint""}"
6964,2011:1232571,2011-05-10T11:34:00,F G GARDINER XY Expr W,KIPLING AVE,,12,Non-Fatal Injury,,No Control,Rear End,Clear,Daylight,Dry,,false,-79.5268912005895,43.61774440527386,2,Automobile or Station Wagon,West,4,65,Minor,Lap and Shoulder Belt,Driving properly,Normal,,,Going Ahead,,,,,driver,NA,Etobicoke-Lakeshore (3),22 Division,Mimico-Queensway,true,false,false,false,false,true,false,false,false,false,"{""coordinates"": [[-79.5268912005895, 43.61774440527386]], ""type"": ""MultiPoint""}"
6965,2011:1232571,2011-05-10T11:34:00,F G GARDINER XY Expr W,KIPLING AVE,,12,Non-Fatal Injury,,No Control,Rear End,Clear,Daylight,Dry,,false,-79.5268912005895,43.61774440527386,2,,,3,43,Minimal,Lap and Shoulder Belt,,,,,,,,,,passenger,NA,Etobicoke-Lakeshore (3),22 Division,Mimico-Queensway,true,false,false,false,false,true,false,false,false,false,"{""coordinates"": [[-79.5268912005895, 43.61774440527386]], ""type"": ""MultiPoint""}"
6966,2011:1232571,2011-05-10T11:34:00,F G GARDINER XY Expr W,KIPLING AVE,,12,Non-Fatal Injury,,No Control,Rear End,Clear,Daylight,Dry,,false,-79.5268912005895,43.61774440527386,6,Automobile or Station Wagon,West,12,27,Minimal,Other Safety Equipment Used,Exceeding speed limit,Unknown,,,Going Ahead,,,,,driver,NA,Etobicoke-Lakeshore (3),22 Division,Mimico-Queensway,true,false,false,false,false,true,false,false,false,false,"{""coordinates"": [[-79.5268912005895, 43.61774440527386]], ""type"": ""MultiPoint""}"
6967,2011:1232571,2011-05-10T11:34:00,F G GARDINER XY Expr W,KIPLING AVE,,12,Non-Fatal Injury,,No Control,Rear End,Clear,Daylight,Dry,,false,-79.5268912005895,43.61774440527386,5,Automobile or Station Wagon,West,9,25,Major,Lap and Shoulder Belt,Driving properly,Normal,,,Slowing or Stopping,,,,,driver,NA,Etobicoke-Lakeshore (3),22 Division,Mimico-Queensway,true,false,false,false,false,true,false,false,false,false,"{""coordinates"": [[-79.5268912005895, 43.61774440527386]], ""type"": ""MultiPoint""}"
6968,2011:1232571,2011-05-10T11:34:00,F G GARDINER XY Expr W,KIPLING AVE,,12,Non-Fatal Injury,,No Control,Rear End,Clear,Daylight,Dry,,false,-79.5268912005895,43.61774440527386,3,Automobile or Station Wagon,West,6,50,Minor,Lap and Shoulder Belt,Driving properly,Normal,,,Going Ahead,,,,,driver,NA,Etobicoke-Lakeshore (3),22 Division,Mimico-Queensway,true,false,false,false,false,true,false,false,false,false,"{""coordinates"": [[-79.5268912005895, 43.61774440527386]], ""type"": ""MultiPoint""}"
6969,2011:1232571,2011-05-10T11:34:00,F G GARDINER XY Expr W,KIPLING AVE,,12,Non-Fatal Injury,,No Control,Rear End,Clear,Daylight,Dry,,false,-79.5268912005895,43.61774440527386,1,,,1,NA,,Other Safety Equipment Used,,,,,,,,,,owner,NA,Etobicoke-Lakeshore (3),22 Division,Mimico-Queensway,true,false,false,false,false,true,false,false,false,false,"{""coordinates"": [[-79.5268912005895, 43.61774440527386]], ""type"": ""MultiPoint""}"
6970,2011:1233062,2011-05-14T13:56:00,QUEEN ST W,GLADSTONE AVE,,1,Non-Fatal Injury,At Intersection,Traffic Signal,Turning Movement,"Airborne Matter (Fog, Mist, Smoke, Dust)",Daylight,Dry,Major Arterial,false,-79.42719097562495,43.642544249923745,2,Automobile or Station Wagon,East,2,69,None,Other Safety Equipment Used,Failed to yield right-of-way,Unknown,,,Turning Left,,,,,driver,NA,Davenport (9),14 Division,Little Portugal,true,true,false,true,false,true,false,false,false,false,"{""coordinates"": [[-79.42719097562495, 43.642544249923745]], ""type"": ""MultiPoint""}"
6971,2011:1233062,2011-05-14T13:56:00,QUEEN ST W,GLADSTONE AVE,,1,Non-Fatal Injury,At Intersection,Traffic Signal,Turning Movement,"Airborne Matter (Fog, Mist, Smoke, Dust)",Daylight,Dry,Major Arterial,false,-79.42719097562495,43.642544249923745,1,Motorcycle,West,1,26,Major,Lap and Shoulder Belt,Exceeding speed limit,Inattentive,,,Going Ahead,,,,,motorcyclist,NA,Davenport (9),14 Division,Little Portugal,true,true,false,true,false,true,false,false,false,false,"{""coordinates"": [[-79.42719097562495, 43.642544249923745]], ""type"": ""MultiPoint""}"