X_id,collision_id,accdate,stname1,stname2,stname3,per_inv,acclass,accloc,traffictl,impactype,visible,light,rdsfcond,road_class,failtorem,longitude,latitude,veh_no,vehtype,initdir,per_no,invage,injury,safequip,drivact,drivcond,pedact,pedcond,manoeuvre,pedtype,cyclistype,cycact,cyccond,road_user,fatal_no,wardname,division,neighbourhood,aggressive,distracted,cyclist,motorcyclist,other_micromobility,older_adult,pedestrian,red_light,school_child,heavy_truck,geometry
7289,2011:1249833,2011-08-17T06:58:00,BATHURST ST,WILLIS ST,,3,Non-Fatal Injury,,No Control,Pedestrian Collision(internal code),Clear,Daylight,Dry,Major Arterial,false,-79.4041909221015,43.64764421404876,1,Automobile or Station Wagon,South,2,36,None,Lap and Shoulder Belt,Driving properly,Normal,,,Going Ahead,,,,,driver,NA,Spadina-Fort York (10),14 Division,Trinity-Bellwoods,false,false,false,false,false,false,true,false,false,false,"{""coordinates"": [[-79.4041909221015, 43.64764421404876]], ""type"": ""MultiPoint""}"
7290,2011:1249833,2011-08-17T06:58:00,BATHURST ST,WILLIS ST,,3,Non-Fatal Injury,,No Control,Pedestrian Collision(internal code),Clear,Daylight,Dry,Major Arterial,false,-79.4041909221015,43.64764421404876,2,,East,3,34,Major,Other Safety Equipment Used,,,Running onto roadway,Other Condition,,Driver going straight hits pedestrian crossing without right-of-way (at intersection),,,,pedestrian,NA,Spadina-Fort York (10),14 Division,Trinity-Bellwoods,false,false,false,false,false,false,true,false,false,false,"{""coordinates"": [[-79.4041909221015, 43.64764421404876]], ""type"": ""MultiPoint""}"
7291,2011:1249833,2011-08-17T06:58:00,BATHURST ST,WILLIS ST,,3,Non-Fatal Injury,,No Control,Pedestrian Collision(internal code),Clear,Daylight,Dry,Major Arterial,false,-79.4041909221015,43.64764421404876,1,,,1,NA,,Other Safety Equipment Used,,,,,,,,,,owner,NA,Spadina-Fort York (10),14 Division,Trinity-Bellwoods,false,false,false,false,false,false,true,false,false,false,"{""coordinates"": [[-79.4041909221015, 43.64764421404876]], ""type"": ""MultiPoint""}"
7292,2011:1259502,2011-08-19T12:35:00,QUEEN ST E,RUSHBROOKE AVE,,2,Non-Fatal Injury,At Intersection,No Control,Pedestrian Collision(internal code),Clear,Daylight,Dry,Minor Arterial,false,-79.33229075989,43.66284410549421,1,Automobile or Station Wagon,East,1,52,None,Lap and Shoulder Belt,Other,Normal,,,Reversing,,,,,driver,NA,Toronto-Danforth (14),55 Division,South Riverdale,false,false,false,false,false,true,true,false,false,false,"{""coordinates"": [[-79.33229075989, 43.66284410549421]], ""type"": ""MultiPoint""}"
7293,2011:1259502,2011-08-19T12:35:00,QUEEN ST E,RUSHBROOKE AVE,,2,Non-Fatal Injury,At Intersection,No Control,Pedestrian Collision(internal code),Clear,Daylight,Dry,Minor Arterial,false,-79.33229075989,43.66284410549421,2,,West,2,86,Major,Other Safety Equipment Used,,,Other,Normal,,Driver reversing hits pedestrian,,,,pedestrian,NA,Toronto-Danforth (14),55 Division,South Riverdale,false,false,false,false,false,true,true,false,false,false,"{""coordinates"": [[-79.33229075989, 43.66284410549421]], ""type"": ""MultiPoint""}"
7294,2011:1260223,2011-08-19T13:20:00,BATHURST ST,BARTON AVE,,3,Non-Fatal Injury,At Intersection,Traffic Signal,Turning Movement,Clear,Daylight,Dry,Major Arterial,false,-79.41239090528718,43.668144220311085,2,Automobile or Station Wagon,North,3,43,None,Lap Belt Only,Improper turn,Normal,,,Turning Left,,,,,driver,NA,University-Rosedale (11),14 Division,Annex,false,false,false,true,false,false,false,false,true,false,"{""coordinates"": [[-79.41239090528718, 43.668144220311085]], ""type"": ""MultiPoint""}"
7295,2011:1260223,2011-08-19T13:20:00,BATHURST ST,BARTON AVE,,3,Non-Fatal Injury,At Intersection,Traffic Signal,Turning Movement,Clear,Daylight,Dry,Major Arterial,false,-79.41239090528718,43.668144220311085,1,,,1,17,Major,Helmet,,,,,,,,,,passenger,NA,University-Rosedale (11),14 Division,Annex,false,false,false,true,false,false,false,false,true,false,"{""coordinates"": [[-79.41239090528718, 43.668144220311085]], ""type"": ""MultiPoint""}"
7296,2011:1260223,2011-08-19T13:20:00,BATHURST ST,BARTON AVE,,3,Non-Fatal Injury,At Intersection,Traffic Signal,Turning Movement,Clear,Daylight,Dry,Major Arterial,false,-79.41239090528718,43.668144220311085,1,Motorcycle,South,2,39,Major,Helmet,Driving properly,Normal,,,Going Ahead,,,,,motorcyclist,NA,University-Rosedale (11),14 Division,Annex,false,false,false,true,false,false,false,false,true,false,"{""coordinates"": [[-79.41239090528718, 43.668144220311085]], ""type"": ""MultiPoint""}"
7297,2011:1259578,2011-08-19T21:28:00,BLOOR ST W,HARCROFT RD,,2,Non-Fatal Injury,,No Control,Cyclist Collision,Clear,Dark,Dry,Major Arterial,true,-79.47289104948845,43.65184431446143,1,Automobile or Station Wagon,East,1,NA,None,Use Unknown,Improper passing,Unknown,,,Overtaking,,,,,driver,NA,Parkdale-High Park (4),11 Division,High Park-Swansea,true,false,true,false,false,false,false,false,false,false,"{""coordinates"": [[-79.47289104948845, 43.65184431446143]], ""type"": ""MultiPoint""}"
7298,2011:1259578,2011-08-19T21:28:00,BLOOR ST W,HARCROFT RD,,2,Non-Fatal Injury,,No Control,Cyclist Collision,Clear,Dark,Dry,Major Arterial,true,-79.47289104948845,43.65184431446143,1,Bicycle,East,2,45,Major,No Equipment Available,,,,,Going Ahead,,Sideswipe with cyclist and driver travelling in same direction,Driving Properly,Normal,cyclist,NA,Parkdale-High Park (4),11 Division,High Park-Swansea,true,false,true,false,false,false,false,false,false,false,"{""coordinates"": [[-79.47289104948845, 43.65184431446143]], ""type"": ""MultiPoint""}"
7299,2011:1250312,2011-08-20T02:03:00,PORT UNION RD,ADENMORE RD,,4,Non-Fatal Injury,,No Control,SMV Other,Clear,Dark,Dry,Minor Arterial,false,-79.13829032247291,43.78334388919912,1,,,2,19,Minimal,Lap Belt Only,,,,,,,,,,passenger,NA,Scarborough-Rouge Park (25),43 Division,Centennial Scarborough,true,false,false,false,false,false,false,false,true,false,"{""coordinates"": [[-79.13829032247291, 43.783343889199124]], ""type"": ""MultiPoint""}"
7300,2011:1250312,2011-08-20T02:03:00,PORT UNION RD,ADENMORE RD,,4,Non-Fatal Injury,,No Control,SMV Other,Clear,Dark,Dry,Minor Arterial,false,-79.13829032247291,43.78334388919912,1,,,1,19,Minimal,Lap and Shoulder Belt,,,,,,,,,,passenger,NA,Scarborough-Rouge Park (25),43 Division,Centennial Scarborough,true,false,false,false,false,false,false,false,true,false,"{""coordinates"": [[-79.13829032247291, 43.783343889199124]], ""type"": ""MultiPoint""}"
7301,2011:1250312,2011-08-20T02:03:00,PORT UNION RD,ADENMORE RD,,4,Non-Fatal Injury,,No Control,SMV Other,Clear,Dark,Dry,Minor Arterial,false,-79.13829032247291,43.78334388919912,2,,,4,NA,,Other Safety Equipment Used,,,,,,,,,,owner,NA,Scarborough-Rouge Park (25),43 Division,Centennial Scarborough,true,false,false,false,false,false,false,false,true,false,"{""coordinates"": [[-79.13829032247291, 43.783343889199124]], ""type"": ""MultiPoint""}"
7302,2011:1250312,2011-08-20T02:03:00,PORT UNION RD,ADENMORE RD,,4,Non-Fatal Injury,,No Control,SMV Other,Clear,Dark,Dry,Minor Arterial,false,-79.13829032247291,43.78334388919912,1,Automobile or Station Wagon,North,3,19,Major,Equipment Not Used But Available,Improper passing,Had Been Drinking,,,Overtaking,,,,,driver,NA,Scarborough-Rouge Park (25),43 Division,Centennial Scarborough,true,false,false,false,false,false,false,false,true,false,"{""coordinates"": [[-79.13829032247291, 43.783343889199124]], ""type"": ""MultiPoint""}"
7303,2011:1250553,2011-08-22T05:51:00,ROYAL YORK RD,HARTFIELD RD,,3,Fatal Injury,,No Control,SMV Other,Clear,Dark,Dry,Minor Arterial,false,-79.52009110019023,43.66714437115732,2,Automobile or Station Wagon,North,2,53,Fatal,Other Safety Equipment Used,Lost control,Unknown,,,Going Ahead,,,,,driver,21,Etobicoke Centre (2),22 Division,Edenbridge-Humber Valley,false,false,false,false,false,false,false,false,false,false,"{""coordinates"": [[-79.52009110019023, 43.66714437115732]], ""type"": ""MultiPoint""}"
7304,2011:1250553,2011-08-22T05:51:00,ROYAL YORK RD,HARTFIELD RD,,3,Fatal Injury,,No Control,SMV Other,Clear,Dark,Dry,Minor Arterial,false,-79.52009110019023,43.66714437115732,3,,,3,NA,,Other Safety Equipment Used,,,,,,,,,,owner,NA,Etobicoke Centre (2),22 Division,Edenbridge-Humber Valley,false,false,false,false,false,false,false,false,false,false,"{""coordinates"": [[-79.52009110019023, 43.66714437115732]], ""type"": ""MultiPoint""}"
7305,2011:1250553,2011-08-22T05:51:00,ROYAL YORK RD,HARTFIELD RD,,3,Fatal Injury,,No Control,SMV Other,Clear,Dark,Dry,Minor Arterial,false,-79.52009110019023,43.66714437115732,1,,,1,NA,,Other Safety Equipment Used,,,,,,,,,,owner,NA,Etobicoke Centre (2),22 Division,Edenbridge-Humber Valley,false,false,false,false,false,false,false,false,false,false,"{""coordinates"": [[-79.52009110019023, 43.66714437115732]], ""type"": ""MultiPoint""}"
7306,2011:1260139,2011-08-23T10:50:00,ELLESMERE RD,MCCOWAN RD,,5,Non-Fatal Injury,At Intersection,Traffic Signal,Angle,Clear,Daylight,Dry,Major Arterial,false,-79.25149048466187,43.77214399896183,1,Automobile or Station Wagon,West,2,46,Minimal,Lap Belt Only,Driving properly,Normal,,,Going Ahead,,,,,driver,NA,Scarborough-Guildwood (24),43 Division,Woburn North,true,false,false,false,false,true,false,true,false,false,"{""coordinates"": [[-79.25149048466187, 43.77214399896183]], ""type"": ""MultiPoint""}"
7307,2011:1260139,2011-08-23T10:50:00,ELLESMERE RD,MCCOWAN RD,,5,Non-Fatal Injury,At Intersection,Traffic Signal,Angle,Clear,Daylight,Dry,Major Arterial,false,-79.25149048466187,43.77214399896183,3,Automobile or Station Wagon,East,4,63,Minimal,Lap Belt Only,Driving properly,Normal,,,Going Ahead,,,,,driver,NA,Scarborough-Guildwood (24),43 Division,Woburn North,true,false,false,false,false,true,false,true,false,false,"{""coordinates"": [[-79.25149048466187, 43.77214399896183]], ""type"": ""MultiPoint""}"
7308,2011:1260139,2011-08-23T10:50:00,ELLESMERE RD,MCCOWAN RD,,5,Non-Fatal Injury,At Intersection,Traffic Signal,Angle,Clear,Daylight,Dry,Major Arterial,false,-79.25149048466187,43.77214399896183,4,Automobile or Station Wagon,West,5,61,Minimal,Lap and Shoulder Belt,Driving properly,Normal,,,Going Ahead,,,,,driver,NA,Scarborough-Guildwood (24),43 Division,Woburn North,true,false,false,false,false,true,false,true,false,false,"{""coordinates"": [[-79.25149048466187, 43.77214399896183]], ""type"": ""MultiPoint""}"
7309,2011:1260139,2011-08-23T10:50:00,ELLESMERE RD,MCCOWAN RD,,5,Non-Fatal Injury,At Intersection,Traffic Signal,Angle,Clear,Daylight,Dry,Major Arterial,false,-79.25149048466187,43.77214399896183,1,,,1,76,Minimal,Lap Belt Only,,,,,,,,,,passenger,NA,Scarborough-Guildwood (24),43 Division,Woburn North,true,false,false,false,false,true,false,true,false,false,"{""coordinates"": [[-79.25149048466187, 43.77214399896183]], ""type"": ""MultiPoint""}"
7310,2011:1260139,2011-08-23T10:50:00,ELLESMERE RD,MCCOWAN RD,,5,Non-Fatal Injury,At Intersection,Traffic Signal,Angle,Clear,Daylight,Dry,Major Arterial,false,-79.25149048466187,43.77214399896183,2,Automobile or Station Wagon,South,3,75,Major,Lap Belt Only,Disobeyed traffic control,Medical or Physical Disability,,,Going Ahead,,,,,driver,NA,Scarborough-Guildwood (24),43 Division,Woburn North,true,false,false,false,false,true,false,true,false,false,"{""coordinates"": [[-79.25149048466187, 43.77214399896183]], ""type"": ""MultiPoint""}"
7311,2011:1260151,2011-08-23T17:42:00,WRIGHT AVE,SAM FRUSTAGLIO DR,,2,Non-Fatal Injury,At Intersection,No Control,SMV Other,Clear,Daylight with Artificial Lighting,Dry,Local,false,-79.50899102641027,43.6993443415762,1,,,1,NA,,Other Safety Equipment Used,,,,,,,,,,owner,NA,York South-Weston (5),12 Division,Weston,false,true,false,true,false,false,false,false,false,false,"{""coordinates"": [[-79.50899102641027, 43.6993443415762]], ""type"": ""MultiPoint""}"
7312,2011:1260151,2011-08-23T17:42:00,WRIGHT AVE,SAM FRUSTAGLIO DR,,2,Non-Fatal Injury,At Intersection,No Control,SMV Other,Clear,Daylight with Artificial Lighting,Dry,Local,false,-79.50899102641027,43.6993443415762,2,Motorcycle,West,2,24,Major,Helmet,Lost control,Inattentive,,,Going Ahead,,,,,motorcyclist,NA,York South-Weston (5),12 Division,Weston,false,true,false,true,false,false,false,false,false,false,"{""coordinates"": [[-79.50899102641027, 43.6993443415762]], ""type"": ""MultiPoint""}"
7313,2011:1252518,2011-08-23T19:05:00,WILLOWDALE AVE,PARKVIEW AVE,,3,Non-Fatal Injury,At Intersection,Stop Sign,Pedestrian Collision(internal code),Clear,Dusk,Dry,Minor Arterial,false,-79.40359073384207,43.77314418337708,2,,West,3,72,Major,Other Safety Equipment Used,,,Crossing - no traffic control,Normal,,Driver turns left into pedestrian crossing without right-of-way (at intersection),,,,pedestrian,NA,Willowdale (18),32 Division,East Willowdale,false,false,false,false,false,true,true,false,false,false,"{""coordinates"": [[-79.40359073384207, 43.77314418337708]], ""type"": ""MultiPoint""}"
7314,2011:1250852,2011-08-23T19:05:00,WILLOWDALE AVE,PARKVIEW AVE,,3,Non-Fatal Injury,At Intersection,Stop Sign,Pedestrian Collision(internal code),Clear,Daylight,Dry,Minor Arterial,false,-79.40359073384207,43.77314418337708,3,,,3,NA,Major,Other Safety Equipment Used,,,,,Other,,,,,pedestrian,NA,Willowdale (18),32 Division,East Willowdale,false,false,false,false,false,false,true,false,false,false,"{""coordinates"": [[-79.40359073384207, 43.77314418337708]], ""type"": ""MultiPoint""}"
7315,2011:1250852,2011-08-23T19:05:00,WILLOWDALE AVE,PARKVIEW AVE,,3,Non-Fatal Injury,At Intersection,Stop Sign,Pedestrian Collision(internal code),Clear,Daylight,Dry,Minor Arterial,false,-79.40359073384207,43.77314418337708,1,,,1,NA,,Other Safety Equipment Used,,,,,,,,,,owner,NA,Willowdale (18),32 Division,East Willowdale,false,false,false,false,false,false,true,false,false,false,"{""coordinates"": [[-79.40359073384207, 43.77314418337708]], ""type"": ""MultiPoint""}"
7316,2011:1252518,2011-08-23T19:05:00,WILLOWDALE AVE,PARKVIEW AVE,,3,Non-Fatal Injury,At Intersection,Stop Sign,Pedestrian Collision(internal code),Clear,Dusk,Dry,Minor Arterial,false,-79.40359073384207,43.77314418337708,1,,,1,NA,,Other Safety Equipment Used,,,,,,,,,,owner,NA,Willowdale (18),32 Division,East Willowdale,false,false,false,false,false,true,true,false,false,false,"{""coordinates"": [[-79.40359073384207, 43.77314418337708]], ""type"": ""MultiPoint""}"
7317,2011:1250852,2011-08-23T19:05:00,WILLOWDALE AVE,PARKVIEW AVE,,3,Non-Fatal Injury,At Intersection,Stop Sign,Pedestrian Collision(internal code),Clear,Daylight,Dry,Minor Arterial,false,-79.40359073384207,43.77314418337708,2,Automobile or Station Wagon,,2,24,None,Other Safety Equipment Used,,,,,Turning Left,,,,,driver,NA,Willowdale (18),32 Division,East Willowdale,false,false,false,false,false,false,true,false,false,false,"{""coordinates"": [[-79.40359073384207, 43.77314418337708]], ""type"": ""MultiPoint""}"
7318,2011:1252518,2011-08-23T19:05:00,WILLOWDALE AVE,PARKVIEW AVE,,3,Non-Fatal Injury,At Intersection,Stop Sign,Pedestrian Collision(internal code),Clear,Dusk,Dry,Minor Arterial,false,-79.40359073384207,43.77314418337708,1,Automobile or Station Wagon,East,2,24,None,Other Safety Equipment Used,Driving properly,Normal,,,Turning Left,,,,,driver,NA,Willowdale (18),32 Division,East Willowdale,false,false,false,false,false,true,true,false,false,false,"{""coordinates"": [[-79.40359073384207, 43.77314418337708]], ""type"": ""MultiPoint""}"
7319,2011:1260122,2011-08-24T16:30:00,DUNDAS ST W,PALMERSTON AVE,,3,Non-Fatal Injury,,No Control,Sideswipe,Clear,Daylight,Dry,Major Arterial,false,-79.40849092400154,43.65174421929625,2,Automobile or Station Wagon,West,3,27,None,Other Safety Equipment Used,Improper turn,Normal,,,Turning Left,,,,,driver,NA,Spadina-Fort York (10),14 Division,Trinity-Bellwoods,false,false,false,true,false,false,false,false,false,false,"{""coordinates"": [[-79.40849092400154, 43.65174421929625]], ""type"": ""MultiPoint""}"
7320,2011:1260122,2011-08-24T16:30:00,DUNDAS ST W,PALMERSTON AVE,,3,Non-Fatal Injury,,No Control,Sideswipe,Clear,Daylight,Dry,Major Arterial,false,-79.40849092400154,43.65174421929625,1,Motorcycle,West,1,33,Major,Helmet,Driving properly,Normal,,,Going Ahead,,,,,motorcyclist,NA,Spadina-Fort York (10),14 Division,Trinity-Bellwoods,false,false,false,true,false,false,false,false,false,false,"{""coordinates"": [[-79.40849092400154, 43.65174421929625]], ""type"": ""MultiPoint""}"
7321,2011:1260122,2011-08-24T16:30:00,DUNDAS ST W,PALMERSTON AVE,,3,Non-Fatal Injury,,No Control,Sideswipe,Clear,Daylight,Dry,Major Arterial,false,-79.40849092400154,43.65174421929625,2,,,2,NA,,Other Safety Equipment Used,,,,,,,,,,owner,NA,Spadina-Fort York (10),14 Division,Trinity-Bellwoods,false,false,false,true,false,false,false,false,false,false,"{""coordinates"": [[-79.40849092400154, 43.65174421929625]], ""type"": ""MultiPoint""}"
7322,2011:1254054,2011-08-24T18:40:00,4662 DUNDAS ST W,,,2,Non-Fatal Injury,,No Control,Other,Clear,Daylight,Dry,Major Arterial,true,-79.5231911269852,43.65484438129101,1,Motorcycle,West,1,41,Major,Helmet,Driving properly,Normal,,,Going Ahead,,,,,motorcyclist,NA,Etobicoke Centre (2),22 Division,Kingsway South,false,false,false,true,false,false,false,false,false,false,"{""coordinates"": [[-79.5231911269852, 43.65484438129101]], ""type"": ""MultiPoint""}"
7323,2011:1254054,2011-08-24T18:40:00,4662 DUNDAS ST W,,,2,Non-Fatal Injury,,No Control,Other,Clear,Daylight,Dry,Major Arterial,true,-79.5231911269852,43.65484438129101,2,Automobile or Station Wagon,West,2,NA,None,Other Safety Equipment Used,Other,Unknown,,,Slowing or Stopping,,,,,driver,NA,Etobicoke Centre (2),22 Division,Kingsway South,false,false,false,true,false,false,false,false,false,false,"{""coordinates"": [[-79.5231911269852, 43.65484438129101]], ""type"": ""MultiPoint""}"
7324,2011:1263204,2011-08-25T08:03:00,MIDLAND AVE,STEELES AVE E,,4,Non-Fatal Injury,At Intersection,Traffic Signal,Pedestrian Collision(internal code),Clear,Daylight,Dry,Major Arterial,false,-79.29729051206526,43.825944058889085,1,,,1,NA,,Other Safety Equipment Used,,,,,,,,,,owner,NA,Scarborough North (23),42 Division,Milliken,true,false,false,false,false,false,true,false,false,false,"{""coordinates"": [[-79.29729051206526, 43.825944058889085]], ""type"": ""MultiPoint""}"
7325,2025:5000415151,2025-02-25T16:55:00,JANE ST,FINCH AVE W,80 m South of,2,Non-Fatal Injury,Non-Intersection,No Control,SMV Other,Clear,Daylight,Wet,Major Arterial,false,-79.51741463537029,43.756319823598304,1,Automobile or Station Wagon,North,1,37,Minimal,Lap and Shoulder Belt,Driving properly,Normal,,,Going Ahead,,,,,driver,NA,Humber River-Black Creek (7),31 Division,Glenfield-Jane Heights,false,false,false,false,false,true,true,false,false,false,"{""coordinates"": [[-79.51741463537029, 43.756319823598304]], ""type"": ""MultiPoint""}"
7326,2011:1263204,2011-08-25T08:03:00,MIDLAND AVE,STEELES AVE E,,4,Non-Fatal Injury,At Intersection,Traffic Signal,Pedestrian Collision(internal code),Clear,Daylight,Dry,Major Arterial,false,-79.29729051206526,43.825944058889085,3,,East,4,49,Major,Other Safety Equipment Used,,,Crossing with right-of-way (intersection),Normal,,Driver turns right into pedestrian crossing with right-of-way (at intersection),,,,pedestrian,NA,Scarborough North (23),42 Division,Milliken,true,false,false,false,false,false,true,false,false,false,"{""coordinates"": [[-79.29729051206526, 43.825944058889085]], ""type"": ""MultiPoint""}"
7327,2011:1263204,2011-08-25T08:03:00,MIDLAND AVE,STEELES AVE E,,4,Non-Fatal Injury,At Intersection,Traffic Signal,Pedestrian Collision(internal code),Clear,Daylight,Dry,Major Arterial,false,-79.29729051206526,43.825944058889085,1,Automobile or Station Wagon,East,2,48,None,Other Safety Equipment Used,Failed to yield right-of-way,Normal,,,Turning Right,,,,,driver,NA,Scarborough North (23),42 Division,Milliken,true,false,false,false,false,false,true,false,false,false,"{""coordinates"": [[-79.29729051206526, 43.825944058889085]], ""type"": ""MultiPoint""}"
7328,2011:1263204,2011-08-25T08:03:00,MIDLAND AVE,STEELES AVE E,,4,Non-Fatal Injury,At Intersection,Traffic Signal,Pedestrian Collision(internal code),Clear,Daylight,Dry,Major Arterial,false,-79.29729051206526,43.825944058889085,2,,,3,NA,,Other Safety Equipment Used,,,,,,,,,,owner,NA,Scarborough North (23),42 Division,Milliken,true,false,false,false,false,false,true,false,false,false,"{""coordinates"": [[-79.29729051206526, 43.825944058889085]], ""type"": ""MultiPoint""}"
7329,2011:1263122,2011-08-25T19:44:00,LAWTON Blvd,WALMSLEY Blvd,,2,Non-Fatal Injury,,No Control,Cyclist Collision,Clear,Daylight,Dry,Local,false,-79.39669083642998,43.69304419139432,2,Bicycle,North,2,51,Major,Helmet,,,,,Going Ahead,,Sideswipe with cyclist and driver travelling in same direction,Improper Passing,Normal,cyclist,NA,Toronto-St. Paul's (12),53 Division,Yonge-St.Clair,false,false,true,false,false,false,false,false,false,false,"{""coordinates"": [[-79.39669083642998, 43.69304419139432]], ""type"": ""MultiPoint""}"
7330,2011:1263122,2011-08-25T19:44:00,LAWTON Blvd,WALMSLEY Blvd,,2,Non-Fatal Injury,,No Control,Cyclist Collision,Clear,Daylight,Dry,Local,false,-79.39669083642998,43.69304419139432,1,Automobile or Station Wagon,North,1,40,None,Lap Belt Only,Driving properly,Normal,,,Overtaking,,,,,driver,NA,Toronto-St. Paul's (12),53 Division,Yonge-St.Clair,false,false,true,false,false,false,false,false,false,false,"{""coordinates"": [[-79.39669083642998, 43.69304419139432]], ""type"": ""MultiPoint""}"
7331,2011:1251485,2011-08-26T19:24:00,F G GARDINER E Expr E,SPADINA Ave,,2,Non-Fatal Injury,,No Control,Rear End,Clear,Daylight,Dry,,false,-79.397990925442,43.637744207360214,2,Motorcycle,East,2,45,Major,Helmet,Driving properly,Normal,,,Going Ahead,,,,,motorcyclist,NA,Spadina-Fort York (10),14 Division,Harbourfront-CityPlace,false,false,false,true,false,false,false,false,false,false,"{""coordinates"": [[-79.397990925442, 43.637744207360214]], ""type"": ""MultiPoint""}"
7332,2011:1251485,2011-08-26T19:24:00,F G GARDINER E Expr E,SPADINA Ave,,2,Non-Fatal Injury,,No Control,Rear End,Clear,Daylight,Dry,,false,-79.397990925442,43.637744207360214,1,Automobile or Station Wagon,East,1,40,None,Other Safety Equipment Used,Improper lane change,Normal,,,Changing Lanes,,,,,driver,NA,Spadina-Fort York (10),14 Division,Harbourfront-CityPlace,false,false,false,true,false,false,false,false,false,false,"{""coordinates"": [[-79.397990925442, 43.637744207360214]], ""type"": ""MultiPoint""}"
7333,2011:1252026,2011-08-28T16:00:00,WARDEN AVE,ST CLAIR AVE E,,1,Non-Fatal Injury,,Traffic Signal,SMV Other,Clear,Daylight,Dry,Major Arterial,false,-79.28099059976076,43.71204403175109,1,Motorcycle,North,1,27,Major,Helmet,Driving properly,Normal,,,Going Ahead,,,,,motorcyclist,NA,Scarborough Southwest (20),41 Division,Clairlea-Birchmount,false,false,false,true,false,false,false,false,false,false,"{""coordinates"": [[-79.28099059976076, 43.712044031751084]], ""type"": ""MultiPoint""}"
7334,2011:1251858,2011-08-29T19:35:00,DON VALLEY PARKWAY S,QUEEN St E,,2,Non-Fatal Injury,,No Control,Rear End,Clear,Daylight,Dry,Local,false,-79.35329080804775,43.65744413682104,2,Automobile or Station Wagon,South,2,45,None,Lap and Shoulder Belt,Driving properly,Normal,,,Going Ahead,,,,,driver,NA,Toronto-Danforth (14),55 Division,South Riverdale,true,false,false,true,false,false,false,false,false,false,"{""coordinates"": [[-79.35329080804775, 43.65744413682104]], ""type"": ""MultiPoint""}"
7335,2011:1251858,2011-08-29T19:35:00,DON VALLEY PARKWAY S,QUEEN St E,,2,Non-Fatal Injury,,No Control,Rear End,Clear,Daylight,Dry,Local,false,-79.35329080804775,43.65744413682104,1,Motorcycle,South,1,26,Major,Helmet,Following too closely,Normal,,,Going Ahead,,,,,motorcyclist,NA,Toronto-Danforth (14),55 Division,South Riverdale,true,false,false,true,false,false,false,false,false,false,"{""coordinates"": [[-79.35329080804775, 43.65744413682104]], ""type"": ""MultiPoint""}"
7336,2011:1252228,2011-08-30T14:38:00,LAWRENCE AVE E,E OF DVP ON RAMP Aven,,18,Fatal Injury,,No Control,Rear End,Clear,Daylight,Dry,Major Arterial,false,-79.32799064498386,43.74024409201077,4,Municipal Transit Bus (TTC),West,7,51,None,Other Safety Equipment Used,Exceeding speed limit,Normal,,,Changing Lanes,,,,,driver,NA,Don Valley East (16),33 Division,Victoria Village,true,false,false,false,false,false,false,false,true,true,"{""coordinates"": [[-79.32799064498386, 43.74024409201077]], ""type"": ""MultiPoint""}"
7337,2011:1252228,2011-08-30T14:38:00,LAWRENCE AVE E,E OF DVP ON RAMP Aven,,18,Fatal Injury,,No Control,Rear End,Clear,Daylight,Dry,Major Arterial,false,-79.32799064498386,43.74024409201077,4,,,14,9,None,Other Safety Equipment Used,,,,,,,,,,passenger,NA,Don Valley East (16),33 Division,Victoria Village,true,false,false,false,false,false,false,false,true,true,"{""coordinates"": [[-79.32799064498386, 43.74024409201077]], ""type"": ""MultiPoint""}"
7338,2011:1252228,2011-08-30T14:38:00,LAWRENCE AVE E,E OF DVP ON RAMP Aven,,18,Fatal Injury,,No Control,Rear End,Clear,Daylight,Dry,Major Arterial,false,-79.32799064498386,43.74024409201077,4,,,9,43,Fatal,Other Safety Equipment Used,,,,,,,,,,passenger,22,Don Valley East (16),33 Division,Victoria Village,true,false,false,false,false,false,false,false,true,true,"{""coordinates"": [[-79.32799064498386, 43.74024409201077]], ""type"": ""MultiPoint""}"
7339,2011:1252228,2011-08-30T14:38:00,LAWRENCE AVE E,E OF DVP ON RAMP Aven,,18,Fatal Injury,,No Control,Rear End,Clear,Daylight,Dry,Major Arterial,false,-79.32799064498386,43.74024409201077,4,,,17,21,None,Other Safety Equipment Used,,,,,,,,,,passenger,NA,Don Valley East (16),33 Division,Victoria Village,true,false,false,false,false,false,false,false,true,true,"{""coordinates"": [[-79.32799064498386, 43.74024409201077]], ""type"": ""MultiPoint""}"
7340,2011:1252228,2011-08-30T14:38:00,LAWRENCE AVE E,E OF DVP ON RAMP Aven,,18,Fatal Injury,,No Control,Rear End,Clear,Daylight,Dry,Major Arterial,false,-79.32799064498386,43.74024409201077,4,,,8,20,None,Other Safety Equipment Used,,,,,,,,,,passenger,NA,Don Valley East (16),33 Division,Victoria Village,true,false,false,false,false,false,false,false,true,true,"{""coordinates"": [[-79.32799064498386, 43.74024409201077]], ""type"": ""MultiPoint""}"
7341,2011:1252228,2011-08-30T14:38:00,LAWRENCE AVE E,E OF DVP ON RAMP Aven,,18,Fatal Injury,,No Control,Rear End,Clear,Daylight,Dry,Major Arterial,false,-79.32799064498386,43.74024409201077,4,,,5,44,Minor,Other Safety Equipment Used,,,,,,,,,,passenger,NA,Don Valley East (16),33 Division,Victoria Village,true,false,false,false,false,false,false,false,true,true,"{""coordinates"": [[-79.32799064498386, 43.74024409201077]], ""type"": ""MultiPoint""}"
7342,2011:1252228,2011-08-30T14:38:00,LAWRENCE AVE E,E OF DVP ON RAMP Aven,,18,Fatal Injury,,No Control,Rear End,Clear,Daylight,Dry,Major Arterial,false,-79.32799064498386,43.74024409201077,5,,,18,40,Minor,Other Safety Equipment Used,,,,,,,,,,passenger,NA,Don Valley East (16),33 Division,Victoria Village,true,false,false,false,false,false,false,false,true,true,"{""coordinates"": [[-79.32799064498386, 43.74024409201077]], ""type"": ""MultiPoint""}"