X_id,collision_id,accdate,stname1,stname2,stname3,per_inv,acclass,accloc,traffictl,impactype,visible,light,rdsfcond,road_class,failtorem,longitude,latitude,veh_no,vehtype,initdir,per_no,invage,injury,safequip,drivact,drivcond,pedact,pedcond,manoeuvre,pedtype,cyclistype,cycact,cyccond,road_user,fatal_no,wardname,division,neighbourhood,aggressive,distracted,cyclist,motorcyclist,other_micromobility,older_adult,pedestrian,red_light,school_child,heavy_truck,geometry
7343,2011:1252228,2011-08-30T14:38:00,LAWRENCE AVE E,E OF DVP ON RAMP Aven,,18,Fatal Injury,,No Control,Rear End,Clear,Daylight,Dry,Major Arterial,false,-79.32799064498386,43.74024409201077,4,,,11,45,Minor,Other Safety Equipment Used,,,,,,,,,,passenger,NA,Don Valley East (16),33 Division,Victoria Village,true,false,false,false,false,false,false,false,true,true,"{""coordinates"": [[-79.32799064498386, 43.74024409201077]], ""type"": ""MultiPoint""}"
7344,2011:1252228,2011-08-30T14:38:00,LAWRENCE AVE E,E OF DVP ON RAMP Aven,,18,Fatal Injury,,No Control,Rear End,Clear,Daylight,Dry,Major Arterial,false,-79.32799064498386,43.74024409201077,4,,,13,28,Minor,Other Safety Equipment Used,,,,,,,,,,passenger,NA,Don Valley East (16),33 Division,Victoria Village,true,false,false,false,false,false,false,false,true,true,"{""coordinates"": [[-79.32799064498386, 43.74024409201077]], ""type"": ""MultiPoint""}"
7345,2011:1252228,2011-08-30T14:38:00,LAWRENCE AVE E,E OF DVP ON RAMP Aven,,18,Fatal Injury,,No Control,Rear End,Clear,Daylight,Dry,Major Arterial,false,-79.32799064498386,43.74024409201077,4,,,15,17,Minor,Other Safety Equipment Used,,,,,,,,,,passenger,NA,Don Valley East (16),33 Division,Victoria Village,true,false,false,false,false,false,false,false,true,true,"{""coordinates"": [[-79.32799064498386, 43.74024409201077]], ""type"": ""MultiPoint""}"
7346,2011:1252228,2011-08-30T14:38:00,LAWRENCE AVE E,E OF DVP ON RAMP Aven,,18,Fatal Injury,,No Control,Rear End,Clear,Daylight,Dry,Major Arterial,false,-79.32799064498386,43.74024409201077,1,,,2,NA,,Other Safety Equipment Used,,,,,,,,,,owner,NA,Don Valley East (16),33 Division,Victoria Village,true,false,false,false,false,false,false,false,true,true,"{""coordinates"": [[-79.32799064498386, 43.74024409201077]], ""type"": ""MultiPoint""}"
7347,2011:1252228,2011-08-30T14:38:00,LAWRENCE AVE E,E OF DVP ON RAMP Aven,,18,Fatal Injury,,No Control,Rear End,Clear,Daylight,Dry,Major Arterial,false,-79.32799064498386,43.74024409201077,2,Automobile or Station Wagon,West,3,48,None,Other Safety Equipment Used,Driving properly,Normal,,,Going Ahead,,,,,driver,NA,Don Valley East (16),33 Division,Victoria Village,true,false,false,false,false,false,false,false,true,true,"{""coordinates"": [[-79.32799064498386, 43.74024409201077]], ""type"": ""MultiPoint""}"
7348,2011:1252228,2011-08-30T14:38:00,LAWRENCE AVE E,E OF DVP ON RAMP Aven,,18,Fatal Injury,,No Control,Rear End,Clear,Daylight,Dry,Major Arterial,false,-79.32799064498386,43.74024409201077,4,,,10,36,Minor,Other Safety Equipment Used,,,,,,,,,,passenger,NA,Don Valley East (16),33 Division,Victoria Village,true,false,false,false,false,false,false,false,true,true,"{""coordinates"": [[-79.32799064498386, 43.74024409201077]], ""type"": ""MultiPoint""}"
7349,2011:1252228,2011-08-30T14:38:00,LAWRENCE AVE E,E OF DVP ON RAMP Aven,,18,Fatal Injury,,No Control,Rear End,Clear,Daylight,Dry,Major Arterial,false,-79.32799064498386,43.74024409201077,3,,,4,56,None,Other Safety Equipment Used,,,,,,,,,,passenger,NA,Don Valley East (16),33 Division,Victoria Village,true,false,false,false,false,false,false,false,true,true,"{""coordinates"": [[-79.32799064498386, 43.74024409201077]], ""type"": ""MultiPoint""}"
7350,2011:1252228,2011-08-30T14:38:00,LAWRENCE AVE E,E OF DVP ON RAMP Aven,,18,Fatal Injury,,No Control,Rear End,Clear,Daylight,Dry,Major Arterial,false,-79.32799064498386,43.74024409201077,4,,,6,NA,,Other Safety Equipment Used,,,,,,,,,,owner,NA,Don Valley East (16),33 Division,Victoria Village,true,false,false,false,false,false,false,false,true,true,"{""coordinates"": [[-79.32799064498386, 43.74024409201077]], ""type"": ""MultiPoint""}"
7351,2011:1252228,2011-08-30T14:38:00,LAWRENCE AVE E,E OF DVP ON RAMP Aven,,18,Fatal Injury,,No Control,Rear End,Clear,Daylight,Dry,Major Arterial,false,-79.32799064498386,43.74024409201077,4,,,12,35,Minor,Other Safety Equipment Used,,,,,,,,,,passenger,NA,Don Valley East (16),33 Division,Victoria Village,true,false,false,false,false,false,false,false,true,true,"{""coordinates"": [[-79.32799064498386, 43.74024409201077]], ""type"": ""MultiPoint""}"
7352,2011:1252228,2011-08-30T14:38:00,LAWRENCE AVE E,E OF DVP ON RAMP Aven,,18,Fatal Injury,,No Control,Rear End,Clear,Daylight,Dry,Major Arterial,false,-79.32799064498386,43.74024409201077,4,,,16,36,Minor,Other Safety Equipment Used,,,,,,,,,,passenger,NA,Don Valley East (16),33 Division,Victoria Village,true,false,false,false,false,false,false,false,true,true,"{""coordinates"": [[-79.32799064498386, 43.74024409201077]], ""type"": ""MultiPoint""}"
7353,2011:1252228,2011-08-30T14:38:00,LAWRENCE AVE E,E OF DVP ON RAMP Aven,,18,Fatal Injury,,No Control,Rear End,Clear,Daylight,Dry,Major Arterial,false,-79.32799064498386,43.74024409201077,1,Truck - Open (Flatbed),West,1,40,None,Other Safety Equipment Used,Driving properly,Normal,,,Slowing or Stopping,,,,,driver,NA,Don Valley East (16),33 Division,Victoria Village,true,false,false,false,false,false,false,false,true,true,"{""coordinates"": [[-79.32799064498386, 43.74024409201077]], ""type"": ""MultiPoint""}"
7354,2011:1255302,2011-08-30T19:30:00,LANSDOWNE Aven,RIDEAU Aven,,3,Non-Fatal Injury,,No Control,Cyclist Collision,Clear,Dark with Artificial Lighting,Dry,Minor Arterial,false,-79.43849099309584,43.645444265855154,1,,,1,NA,,Other Safety Equipment Used,,,,,,,,,,owner,NA,Parkdale-High Park (4),11 Division,Roncesvalles,false,false,true,false,false,false,false,false,false,false,"{""coordinates"": [[-79.43849099309584, 43.645444265855154]], ""type"": ""MultiPoint""}"
7355,2011:1255302,2011-08-30T19:30:00,LANSDOWNE Aven,RIDEAU Aven,,3,Non-Fatal Injury,,No Control,Cyclist Collision,Clear,Dark with Artificial Lighting,Dry,Minor Arterial,false,-79.43849099309584,43.645444265855154,2,Bicycle,South,3,37,Major,Use Unknown,,,,,Going Ahead,,Dooring,Speed too Fast For Condition,Unknown,cyclist,NA,Parkdale-High Park (4),11 Division,Roncesvalles,false,false,true,false,false,false,false,false,false,false,"{""coordinates"": [[-79.43849099309584, 43.645444265855154]], ""type"": ""MultiPoint""}"
7356,2011:1255302,2011-08-30T19:30:00,LANSDOWNE Aven,RIDEAU Aven,,3,Non-Fatal Injury,,No Control,Cyclist Collision,Clear,Dark with Artificial Lighting,Dry,Minor Arterial,false,-79.43849099309584,43.645444265855154,2,Automobile or Station Wagon,South,2,23,None,Other Safety Equipment Used,Other,Unknown,,,Parked,,,,,driver,NA,Parkdale-High Park (4),11 Division,Roncesvalles,false,false,true,false,false,false,false,false,false,false,"{""coordinates"": [[-79.43849099309584, 43.645444265855154]], ""type"": ""MultiPoint""}"
7357,2011:1252206,2011-08-31T09:46:00,DUNDAS ST W,KEELE ST,,3,Non-Fatal Injury,At Intersection,Traffic Signal,Cyclist Collision,Clear,Daylight,Dry,Major Arterial,false,-79.4645910097274,43.6653442966439,3,Bicycle,West,3,70,Major,No Equipment Available,,,,,Going Ahead,,Driver turns right on green or amber at signalized intersection and hits cyclist,Driving Properly,Normal,cyclist,NA,Parkdale-High Park (4),11 Division,Junction Area,false,true,true,false,false,true,false,false,false,true,"{""coordinates"": [[-79.4645910097274, 43.6653442966439]], ""type"": ""MultiPoint""}"
7358,2011:1252206,2011-08-31T09:46:00,DUNDAS ST W,KEELE ST,,3,Non-Fatal Injury,At Intersection,Traffic Signal,Cyclist Collision,Clear,Daylight,Dry,Major Arterial,false,-79.4645910097274,43.6653442966439,1,Truck - Open (Flatbed),West,1,61,None,Other Safety Equipment Used,Improper turn,Inattentive,,,Turning Right,,,,,driver,NA,Parkdale-High Park (4),11 Division,Junction Area,false,true,true,false,false,true,false,false,false,true,"{""coordinates"": [[-79.4645910097274, 43.6653442966439]], ""type"": ""MultiPoint""}"
7359,2011:1252206,2011-08-31T09:46:00,DUNDAS ST W,KEELE ST,,3,Non-Fatal Injury,At Intersection,Traffic Signal,Cyclist Collision,Clear,Daylight,Dry,Major Arterial,false,-79.4645910097274,43.6653442966439,2,,,2,NA,,Other Safety Equipment Used,,,,,,,,,,owner,NA,Parkdale-High Park (4),11 Division,Junction Area,false,true,true,false,false,true,false,false,false,true,"{""coordinates"": [[-79.4645910097274, 43.6653442966439]], ""type"": ""MultiPoint""}"
7360,2011:1261370,2011-08-31T18:30:00,SIMCOE ST,WELLINGTON ST W,,3,Non-Fatal Injury,At Intersection,Traffic Signal,Pedestrian Collision(internal code),Clear,Daylight,Dry,Minor Arterial,false,-79.38559088805468,43.646044186737306,1,,,1,NA,,Other Safety Equipment Used,,,,,,,,,,owner,NA,Spadina-Fort York (10),52 Division,Wellington Place,true,false,false,false,false,false,true,false,false,false,"{""coordinates"": [[-79.38559088805468, 43.646044186737306]], ""type"": ""MultiPoint""}"
7361,2011:1261370,2011-08-31T18:30:00,SIMCOE ST,WELLINGTON ST W,,3,Non-Fatal Injury,At Intersection,Traffic Signal,Pedestrian Collision(internal code),Clear,Daylight,Dry,Minor Arterial,false,-79.38559088805468,43.646044186737306,1,Automobile or Station Wagon,West,2,44,None,Lap and Shoulder Belt,Failed to yield right-of-way,Normal,,,Turning Left,,,,,driver,NA,Spadina-Fort York (10),52 Division,Wellington Place,true,false,false,false,false,false,true,false,false,false,"{""coordinates"": [[-79.38559088805468, 43.646044186737306]], ""type"": ""MultiPoint""}"
7362,2011:1261370,2011-08-31T18:30:00,SIMCOE ST,WELLINGTON ST W,,3,Non-Fatal Injury,At Intersection,Traffic Signal,Pedestrian Collision(internal code),Clear,Daylight,Dry,Minor Arterial,false,-79.38559088805468,43.646044186737306,2,,West,3,28,Major,Other Safety Equipment Used,,,Crossing with right-of-way (intersection),Normal,,Driver turns left into pedestrian crossing with right-of-way (at intersection),,,,pedestrian,NA,Spadina-Fort York (10),52 Division,Wellington Place,true,false,false,false,false,false,true,false,false,false,"{""coordinates"": [[-79.38559088805468, 43.646044186737306]], ""type"": ""MultiPoint""}"
7363,2011:1256815,2011-08-31T19:37:00,THE QUEENSWAY,CULNAN AVE,,3,Fatal Injury,,No Control,Other,Clear,Dark with Artificial Lighting,Dry,,false,NA,NA,1,,East,2,52,None,No Equipment Available,Driving properly,Normal,,,Stopped,,,,,driver,NA,,,,false,false,false,false,false,true,false,false,false,false,null
7364,2011:1256815,2011-08-31T19:37:00,THE QUEENSWAY,CULNAN AVE,,3,Fatal Injury,,No Control,Other,Clear,Dark with Artificial Lighting,Dry,,false,NA,NA,1,,Unknown,1,78,Fatal,No Equipment Available,,,,,Other,,,,,passenger,26,,,,false,false,false,false,false,true,false,false,false,false,null
7365,2011:1256815,2011-08-31T19:37:00,THE QUEENSWAY,CULNAN AVE,,3,Fatal Injury,,No Control,Other,Clear,Dark with Artificial Lighting,Dry,,false,NA,NA,1,,,3,NA,,No Equipment Available,,,,,,,,,,owner,NA,,,,false,false,false,false,false,true,false,false,false,false,null
7366,2011:1252379,2011-09-01T15:40:00,MIDLAND AVE,BAYLAWN DR,,2,Fatal Injury,,No Control,SMV Other,Clear,Daylight,Dry,Major Arterial,false,-79.28489051495926,43.80054404237163,1,Automobile or Station Wagon,South,2,36,Fatal,Equipment Not Used But Available,Lost control,Unknown,,,Going Ahead,,,,,driver,23,Scarborough North (23),42 Division,Agincourt North,false,false,false,false,false,false,false,false,false,false,"{""coordinates"": [[-79.28489051495926, 43.80054404237163]], ""type"": ""MultiPoint""}"
7367,2011:1252379,2011-09-01T15:40:00,MIDLAND AVE,BAYLAWN DR,,2,Fatal Injury,,No Control,SMV Other,Clear,Daylight,Dry,Major Arterial,false,-79.28489051495926,43.80054404237163,1,,,1,NA,,Other Safety Equipment Used,,,,,,,,,,owner,NA,Scarborough North (23),42 Division,Agincourt North,false,false,false,false,false,false,false,false,false,false,"{""coordinates"": [[-79.28489051495926, 43.80054404237163]], ""type"": ""MultiPoint""}"
7368,2011:1256647,2011-09-01T20:35:00,HOLLISTER RD,INVERDON RD,,3,Non-Fatal Injury,At Intersection,No Control,Pedestrian Collision(internal code),Clear,Dark,Dry,Local,false,-79.57319117317131,43.664844436377,2,,North,2,15,Major,Other Safety Equipment Used,,,Crossing with right-of-way (intersection),Normal,,Driver turns left into pedestrian crossing with right-of-way (at intersection),,,,pedestrian,NA,Etobicoke Centre (2),22 Division,Eringate-Centennial-West Deane,true,true,false,false,false,false,true,false,true,false,"{""coordinates"": [[-79.57319117317131, 43.664844436377]], ""type"": ""MultiPoint""}"
7369,2011:1256647,2011-09-01T20:35:00,HOLLISTER RD,INVERDON RD,,3,Non-Fatal Injury,At Intersection,No Control,Pedestrian Collision(internal code),Clear,Dark,Dry,Local,false,-79.57319117317131,43.664844436377,1,Automobile or Station Wagon,North,1,56,None,Lap and Shoulder Belt,Failed to yield right-of-way,Inattentive,,,Turning Left,,,,,driver,NA,Etobicoke Centre (2),22 Division,Eringate-Centennial-West Deane,true,true,false,false,false,false,true,false,true,false,"{""coordinates"": [[-79.57319117317131, 43.664844436377]], ""type"": ""MultiPoint""}"
7370,2011:1256647,2011-09-01T20:35:00,HOLLISTER RD,INVERDON RD,,3,Non-Fatal Injury,At Intersection,No Control,Pedestrian Collision(internal code),Clear,Dark,Dry,Local,false,-79.57319117317131,43.664844436377,2,,North,3,20,Minor,Other Safety Equipment Used,,,Crossing with right-of-way (intersection),Normal,,Driver turns left into pedestrian crossing with right-of-way (at intersection),,,,pedestrian,NA,Etobicoke Centre (2),22 Division,Eringate-Centennial-West Deane,true,true,false,false,false,false,true,false,true,false,"{""coordinates"": [[-79.57319117317131, 43.664844436377]], ""type"": ""MultiPoint""}"
7371,2011:1261658,2011-09-02T18:15:00,FINCH Aven W,HIGHWAY 400 N,,5,Non-Fatal Injury,At Intersection,Traffic Signal,Angle,Clear,Daylight,Dry,Major Arterial,false,-79.53279095749532,43.75404434115251,2,,,4,53,Minimal,Lap and Shoulder Belt,,,,,,,,,,passenger,NA,Humber River-Black Creek (7),31 Division,Humber Summit,true,false,false,false,false,true,false,true,false,false,"{""coordinates"": [[-79.53279095749532, 43.75404434115251]], ""type"": ""MultiPoint""}"
7372,2011:1261658,2011-09-02T18:15:00,FINCH Aven W,HIGHWAY 400 N,,5,Non-Fatal Injury,At Intersection,Traffic Signal,Angle,Clear,Daylight,Dry,Major Arterial,false,-79.53279095749532,43.75404434115251,2,,,2,54,Minimal,Lap and Shoulder Belt,,,,,,,,,,passenger,NA,Humber River-Black Creek (7),31 Division,Humber Summit,true,false,false,false,false,true,false,true,false,false,"{""coordinates"": [[-79.53279095749532, 43.75404434115251]], ""type"": ""MultiPoint""}"
7373,2011:1261658,2011-09-02T18:15:00,FINCH Aven W,HIGHWAY 400 N,,5,Non-Fatal Injury,At Intersection,Traffic Signal,Angle,Clear,Daylight,Dry,Major Arterial,false,-79.53279095749532,43.75404434115251,2,Automobile or Station Wagon,West,5,26,Minimal,Lap and Shoulder Belt,Disobeyed traffic control,Normal,,,Going Ahead,,,,,driver,NA,Humber River-Black Creek (7),31 Division,Humber Summit,true,false,false,false,false,true,false,true,false,false,"{""coordinates"": [[-79.53279095749532, 43.75404434115251]], ""type"": ""MultiPoint""}"
7374,2011:1261658,2011-09-02T18:15:00,FINCH Aven W,HIGHWAY 400 N,,5,Non-Fatal Injury,At Intersection,Traffic Signal,Angle,Clear,Daylight,Dry,Major Arterial,false,-79.53279095749532,43.75404434115251,1,Automobile or Station Wagon,South,1,58,None,Lap and Shoulder Belt,Driving properly,Normal,,,Going Ahead,,,,,driver,NA,Humber River-Black Creek (7),31 Division,Humber Summit,true,false,false,false,false,true,false,true,false,false,"{""coordinates"": [[-79.53279095749532, 43.75404434115251]], ""type"": ""MultiPoint""}"
7375,2011:1261658,2011-09-02T18:15:00,FINCH Aven W,HIGHWAY 400 N,,5,Non-Fatal Injury,At Intersection,Traffic Signal,Angle,Clear,Daylight,Dry,Major Arterial,false,-79.53279095749532,43.75404434115251,2,,,3,73,Major,Lap and Shoulder Belt,,,,,,,,,,passenger,NA,Humber River-Black Creek (7),31 Division,Humber Summit,true,false,false,false,false,true,false,true,false,false,"{""coordinates"": [[-79.53279095749532, 43.75404434115251]], ""type"": ""MultiPoint""}"
7376,2011:1265429,2011-09-14T14:00:00,YONGE Stre,ST MARY Stre,,3,Non-Fatal Injury,,Stop Sign,Pedestrian Collision(internal code),Clear,Daylight,Dry,Major Arterial,false,-79.38589085505501,43.667944182189615,1,,,2,NA,,Other Safety Equipment Used,,,,,,,,,,owner,NA,Toronto Centre (13),52 Division,Bay-Cloverhill,false,true,false,false,false,true,true,false,false,false,"{""coordinates"": [[-79.38589085505501, 43.667944182189615]], ""type"": ""MultiPoint""}"
7377,2011:1261735,2011-09-02T19:16:00,DUFFERIN Stre,,,4,Non-Fatal Injury,At Intersection,Traffic Signal,Angle,Clear,Dark,Dry,Major Arterial,false,-79.44099095175663,43.67294425979311,2,Automobile or Station Wagon,South,3,55,None,Lap and Shoulder Belt,Disobeyed traffic control,Normal,,,Going Ahead,,,,,driver,NA,Davenport (9),13 Division,Junction-Wallace Emerson,true,false,false,false,false,false,false,true,false,false,"{""coordinates"": [[-79.44099095175663, 43.67294425979311]], ""type"": ""MultiPoint""}"
7378,2011:1261735,2011-09-02T19:16:00,DUFFERIN Stre,,,4,Non-Fatal Injury,At Intersection,Traffic Signal,Angle,Clear,Dark,Dry,Major Arterial,false,-79.44099095175663,43.67294425979311,2,,,2,NA,,Other Safety Equipment Used,,,,,,,,,,owner,NA,Davenport (9),13 Division,Junction-Wallace Emerson,true,false,false,false,false,false,false,true,false,false,"{""coordinates"": [[-79.44099095175663, 43.67294425979311]], ""type"": ""MultiPoint""}"
7379,2011:1261735,2011-09-02T19:16:00,DUFFERIN Stre,,,4,Non-Fatal Injury,At Intersection,Traffic Signal,Angle,Clear,Dark,Dry,Major Arterial,false,-79.44099095175663,43.67294425979311,1,Automobile or Station Wagon,East,1,52,Major,Lap and Shoulder Belt,Driving properly,Normal,,,Going Ahead,,,,,driver,NA,Davenport (9),13 Division,Junction-Wallace Emerson,true,false,false,false,false,false,false,true,false,false,"{""coordinates"": [[-79.44099095175663, 43.67294425979311]], ""type"": ""MultiPoint""}"
7380,2011:1261735,2011-09-02T19:16:00,DUFFERIN Stre,,,4,Non-Fatal Injury,At Intersection,Traffic Signal,Angle,Clear,Dark,Dry,Major Arterial,false,-79.44099095175663,43.67294425979311,3,Automobile or Station Wagon,North,4,56,None,Lap and Shoulder Belt,Driving properly,Normal,,,Stopped,,,,,driver,NA,Davenport (9),13 Division,Junction-Wallace Emerson,true,false,false,false,false,false,false,true,false,false,"{""coordinates"": [[-79.44099095175663, 43.67294425979311]], ""type"": ""MultiPoint""}"
7381,2011:1261536,2011-09-02T20:00:00,LAKE SHORE Boul E,CARLAW Aven,,4,Non-Fatal Injury,At Intersection,Traffic Signal,Turning Movement,Clear,Dark,Wet,Major Arterial,false,-79.33739078077404,43.654944113813706,3,,,3,NA,,Other Safety Equipment Used,,,,,,,,,,owner,NA,Toronto-Danforth (14),55 Division,South Riverdale,false,false,false,false,false,true,false,false,false,false,"{""coordinates"": [[-79.33739078077404, 43.654944113813706]], ""type"": ""MultiPoint""}"
7382,2011:1261536,2011-09-02T20:00:00,LAKE SHORE Boul E,CARLAW Aven,,4,Non-Fatal Injury,At Intersection,Traffic Signal,Turning Movement,Clear,Dark,Wet,Major Arterial,false,-79.33739078077404,43.654944113813706,3,Automobile or Station Wagon,East,4,65,None,Lap and Shoulder Belt,Improper turn,Normal,,,Turning Left,,,,,driver,NA,Toronto-Danforth (14),55 Division,South Riverdale,false,false,false,false,false,true,false,false,false,false,"{""coordinates"": [[-79.33739078077404, 43.654944113813706]], ""type"": ""MultiPoint""}"
7383,2011:1261536,2011-09-02T20:00:00,LAKE SHORE Boul E,CARLAW Aven,,4,Non-Fatal Injury,At Intersection,Traffic Signal,Turning Movement,Clear,Dark,Wet,Major Arterial,false,-79.33739078077404,43.654944113813706,1,Automobile or Station Wagon,West,1,27,Major,Lap and Shoulder Belt,Driving properly,Normal,,,Going Ahead,,,,,driver,NA,Toronto-Danforth (14),55 Division,South Riverdale,false,false,false,false,false,true,false,false,false,false,"{""coordinates"": [[-79.33739078077404, 43.654944113813706]], ""type"": ""MultiPoint""}"
7384,2011:1261536,2011-09-02T20:00:00,LAKE SHORE Boul E,CARLAW Aven,,4,Non-Fatal Injury,At Intersection,Traffic Signal,Turning Movement,Clear,Dark,Wet,Major Arterial,false,-79.33739078077404,43.654944113813706,2,Automobile or Station Wagon,South,2,34,None,Lap and Shoulder Belt,Driving properly,Normal,,,Stopped,,,,,driver,NA,Toronto-Danforth (14),55 Division,South Riverdale,false,false,false,false,false,true,false,false,false,false,"{""coordinates"": [[-79.33739078077404, 43.654944113813706]], ""type"": ""MultiPoint""}"
7385,2011:1252521,2011-09-04T10:00:00,BRIMLEY RD,DANJOHN CRES,,3,Non-Fatal Injury,,No Control,Pedestrian Collision(internal code),Clear,Daylight,Dry,Major Arterial,false,-79.28119249726774,43.814245039540545,2,,North,3,37,Major,Other Safety Equipment Used,,,Running onto roadway,Other Condition,,Transit vehicle driver hits pedestrian anywhere along roadway,,,,pedestrian,NA,Scarborough North (23),42 Division,Agincourt North,false,false,false,false,false,false,true,false,false,true,"{""coordinates"": [[-79.28119249726774, 43.814245039540545]], ""type"": ""MultiPoint""}"
7386,2011:1252521,2011-09-04T10:00:00,BRIMLEY RD,DANJOHN CRES,,3,Non-Fatal Injury,,No Control,Pedestrian Collision(internal code),Clear,Daylight,Dry,Major Arterial,false,-79.28119249726774,43.814245039540545,1,,,1,NA,,Other Safety Equipment Used,,,,,,,,,,owner,NA,Scarborough North (23),42 Division,Agincourt North,false,false,false,false,false,false,true,false,false,true,"{""coordinates"": [[-79.28119249726774, 43.814245039540545]], ""type"": ""MultiPoint""}"
7387,2011:1252521,2011-09-04T10:00:00,BRIMLEY RD,DANJOHN CRES,,3,Non-Fatal Injury,,No Control,Pedestrian Collision(internal code),Clear,Daylight,Dry,Major Arterial,false,-79.28119249726774,43.814245039540545,1,Municipal Transit Bus (TTC),North,2,53,None,Lap and Shoulder Belt,Driving properly,Unknown,,,Going Ahead,,,,,driver,NA,Scarborough North (23),42 Division,Agincourt North,false,false,false,false,false,false,true,false,false,true,"{""coordinates"": [[-79.28119249726774, 43.814245039540545]], ""type"": ""MultiPoint""}"
7388,2011:1263305,2011-09-06T15:00:00,MIDLAND AVE,FINCH AVE E,,3,Non-Fatal Injury,,No Control,SMV Other,Clear,Daylight,Dry,Major Arterial,false,-79.28609051451984,43.80324404404013,1,,,2,NA,,Other Safety Equipment Used,,,,,,,,,,owner,NA,Scarborough-Agincourt (22),42 Division,Agincourt South-Malvern West,false,true,false,false,false,false,false,false,false,false,"{""coordinates"": [[-79.28609051451984, 43.80324404404013]], ""type"": ""MultiPoint""}"
7389,2011:1263305,2011-09-06T15:00:00,MIDLAND AVE,FINCH AVE E,,3,Non-Fatal Injury,,No Control,SMV Other,Clear,Daylight,Dry,Major Arterial,false,-79.28609051451984,43.80324404404013,1,,,1,NA,,Other Safety Equipment Used,,,,,,,,,,owner,NA,Scarborough-Agincourt (22),42 Division,Agincourt South-Malvern West,false,true,false,false,false,false,false,false,false,false,"{""coordinates"": [[-79.28609051451984, 43.80324404404013]], ""type"": ""MultiPoint""}"
7390,2011:1263305,2011-09-06T15:00:00,MIDLAND AVE,FINCH AVE E,,3,Non-Fatal Injury,,No Control,SMV Other,Clear,Daylight,Dry,Major Arterial,false,-79.28609051451984,43.80324404404013,1,Automobile or Station Wagon,North,3,24,Major,Use Unknown,Lost control,Inattentive,,,Going Ahead,,,,,driver,NA,Scarborough-Agincourt (22),42 Division,Agincourt South-Malvern West,false,true,false,false,false,false,false,false,false,false,"{""coordinates"": [[-79.28609051451984, 43.80324404404013]], ""type"": ""MultiPoint""}"
7391,2011:1263273,2011-09-08T09:10:00,DAVENPORT Rd,HAZELTON Ave,,3,Non-Fatal Injury,,No Control,Cyclist Collision,Clear,Daylight,Dry,Major Arterial,false,-79.39479086097327,43.67504419324579,2,Bicycle,East,3,31,Major,Helmet,,,,,Overtaking,,Sideswipe with cyclist and driver travelling in same direction,Failed to Yield Right of Way,Normal,cyclist,NA,University-Rosedale (11),53 Division,Annex,false,false,true,false,false,false,false,false,false,true,"{""coordinates"": [[-79.39479086097327, 43.675044193245796]], ""type"": ""MultiPoint""}"
7392,2011:1263273,2011-09-08T09:10:00,DAVENPORT Rd,HAZELTON Ave,,3,Non-Fatal Injury,,No Control,Cyclist Collision,Clear,Daylight,Dry,Major Arterial,false,-79.39479086097327,43.67504419324579,1,Municipal Transit Bus (TTC),East,2,47,None,Lap Belt Only,Driving properly,Normal,,,Going Ahead,,,,,driver,NA,University-Rosedale (11),53 Division,Annex,false,false,true,false,false,false,false,false,false,true,"{""coordinates"": [[-79.39479086097327, 43.675044193245796]], ""type"": ""MultiPoint""}"
7393,2011:1263273,2011-09-08T09:10:00,DAVENPORT Rd,HAZELTON Ave,,3,Non-Fatal Injury,,No Control,Cyclist Collision,Clear,Daylight,Dry,Major Arterial,false,-79.39479086097327,43.67504419324579,1,,,1,NA,,Other Safety Equipment Used,,,,,,,,,,owner,NA,University-Rosedale (11),53 Division,Annex,false,false,true,false,false,false,false,false,false,true,"{""coordinates"": [[-79.39479086097327, 43.675044193245796]], ""type"": ""MultiPoint""}"
7394,2011:1277797,2011-09-09T17:00:00,BELLAMY Road N,BURNVIEW Cres,,4,Non-Fatal Injury,At Intersection,No Control,Rear End,Clear,Daylight,Dry,Minor Arterial,false,-79.23419047465211,43.75394397810896,2,,,2,NA,,Other Safety Equipment Used,,,,,,,,,,owner,NA,Scarborough Centre (21),43 Division,Golfdale-Cedarbrae-Woburn,true,true,false,false,false,false,false,false,true,false,"{""coordinates"": [[-79.23419047465211, 43.75394397810896]], ""type"": ""MultiPoint""}"
7395,2011:1277797,2011-09-09T17:00:00,BELLAMY Road N,BURNVIEW Cres,,4,Non-Fatal Injury,At Intersection,No Control,Rear End,Clear,Daylight,Dry,Minor Arterial,false,-79.23419047465211,43.75394397810896,1,Automobile or Station Wagon,North,1,38,None,Lap Belt Only,Following too closely,Inattentive,,,Going Ahead,,,,,driver,NA,Scarborough Centre (21),43 Division,Golfdale-Cedarbrae-Woburn,true,true,false,false,false,false,false,false,true,false,"{""coordinates"": [[-79.23419047465211, 43.75394397810896]], ""type"": ""MultiPoint""}"
7396,2011:1277797,2011-09-09T17:00:00,BELLAMY Road N,BURNVIEW Cres,,4,Non-Fatal Injury,At Intersection,No Control,Rear End,Clear,Daylight,Dry,Minor Arterial,false,-79.23419047465211,43.75394397810896,2,Automobile or Station Wagon,North,4,20,Major,Lap Belt Only,Driving properly,Normal,,,Stopped,,,,,driver,NA,Scarborough Centre (21),43 Division,Golfdale-Cedarbrae-Woburn,true,true,false,false,false,false,false,false,true,false,"{""coordinates"": [[-79.23419047465211, 43.75394397810896]], ""type"": ""MultiPoint""}"
7397,2011:1277797,2011-09-09T17:00:00,BELLAMY Road N,BURNVIEW Cres,,4,Non-Fatal Injury,At Intersection,No Control,Rear End,Clear,Daylight,Dry,Minor Arterial,false,-79.23419047465211,43.75394397810896,2,,,3,18,Minor,Lap Belt Only,,,,,,,,,,passenger,NA,Scarborough Centre (21),43 Division,Golfdale-Cedarbrae-Woburn,true,true,false,false,false,false,false,false,true,false,"{""coordinates"": [[-79.23419047465211, 43.75394397810896]], ""type"": ""MultiPoint""}"