X_id,collision_id,accdate,stname1,stname2,stname3,per_inv,acclass,accloc,traffictl,impactype,visible,light,rdsfcond,road_class,failtorem,longitude,latitude,veh_no,vehtype,initdir,per_no,invage,injury,safequip,drivact,drivcond,pedact,pedcond,manoeuvre,pedtype,cyclistype,cycact,cyccond,road_user,fatal_no,wardname,division,neighbourhood,aggressive,distracted,cyclist,motorcyclist,other_micromobility,older_adult,pedestrian,red_light,school_child,heavy_truck,geometry
7707,2011:1266196,2011-11-25T15:56:00,KINGSTON Road,RASPBERRY Road,,2,Non-Fatal Injury,At Intersection,No Control,Cyclist Collision,Clear,Daylight,Dry,Major Arterial,false,-79.142290316874,43.80144389854626,2,Bicycle,West,2,54,Major,No Equipment Available,,,,,Going Ahead,,Rear end with cyclist and driver travelling in same direction,Driving Properly,Normal,cyclist,NA,Scarborough-Rouge Park (25),42 Division,West Rouge,true,true,true,false,false,false,false,false,false,false,"{""coordinates"": [[-79.142290316874, 43.80144389854626]], ""type"": ""MultiPoint""}"
7708,2011:1275965,2011-11-25T16:04:00,YORK MILLS Road,LESMILL Road,,2,Non-Fatal Injury,,Traffic Signal,Cyclist Collision,Clear,Daylight,Dry,Major Arterial,false,-79.35199066740942,43.754644121052245,1,Automobile or Station Wagon,West,1,23,None,Other Safety Equipment Used,Improper turn,Inattentive,,,Turning Left,,,,,driver,NA,Don Valley East (16),33 Division,Banbury-Don Mills,false,true,true,false,false,false,false,false,false,false,"{""coordinates"": [[-79.35199066740942, 43.754644121052245]], ""type"": ""MultiPoint""}"
7709,2011:1275965,2011-11-25T16:04:00,YORK MILLS Road,LESMILL Road,,2,Non-Fatal Injury,,Traffic Signal,Cyclist Collision,Clear,Daylight,Dry,Major Arterial,false,-79.35199066740942,43.754644121052245,2,Bicycle,East,2,60,Major,Helmet,,,,,Going Ahead,,Driver turns left into path of cyclist,Driving Properly,Normal,cyclist,NA,Don Valley East (16),33 Division,Banbury-Don Mills,false,true,true,false,false,false,false,false,false,false,"{""coordinates"": [[-79.35199066740942, 43.754644121052245]], ""type"": ""MultiPoint""}"
7710,2011:1268545,2011-11-26T12:35:00,EGLINTON AVE E,FORMAN AVE,,4,Non-Fatal Injury,At Intersection,Traffic Signal,Pedestrian Collision(internal code),Clear,Daylight,Dry,Major Arterial,false,-79.38619079240249,43.70914417319576,1,,,2,NA,,Other Safety Equipment Used,,,,,,,,,,owner,NA,Don Valley West (15),53 Division,Mount Pleasant East,false,false,false,false,false,false,true,false,true,false,"{""coordinates"": [[-79.38619079240249, 43.70914417319576]], ""type"": ""MultiPoint""}"
7711,2011:1268545,2011-11-26T12:35:00,EGLINTON AVE E,FORMAN AVE,,4,Non-Fatal Injury,At Intersection,Traffic Signal,Pedestrian Collision(internal code),Clear,Daylight,Dry,Major Arterial,false,-79.38619079240249,43.70914417319576,1,Automobile or Station Wagon,West,3,49,None,Other Safety Equipment Used,Driving properly,Normal,,,Going Ahead,,,,,driver,NA,Don Valley West (15),53 Division,Mount Pleasant East,false,false,false,false,false,false,true,false,true,false,"{""coordinates"": [[-79.38619079240249, 43.70914417319576]], ""type"": ""MultiPoint""}"
7712,2011:1268545,2011-11-26T12:35:00,EGLINTON AVE E,FORMAN AVE,,4,Non-Fatal Injury,At Intersection,Traffic Signal,Pedestrian Collision(internal code),Clear,Daylight,Dry,Major Arterial,false,-79.38619079240249,43.70914417319576,2,,North,4,54,Major,Other Safety Equipment Used,,,Crossing without right-of-way (intersection),Normal,,Driver going straight hits pedestrian crossing without right-of-way (at intersection),,,,pedestrian,NA,Don Valley West (15),53 Division,Mount Pleasant East,false,false,false,false,false,false,true,false,true,false,"{""coordinates"": [[-79.38619079240249, 43.70914417319576]], ""type"": ""MultiPoint""}"
7713,2011:1268545,2011-11-26T12:35:00,EGLINTON AVE E,FORMAN AVE,,4,Non-Fatal Injury,At Intersection,Traffic Signal,Pedestrian Collision(internal code),Clear,Daylight,Dry,Major Arterial,false,-79.38619079240249,43.70914417319576,1,,,1,14,None,Other Safety Equipment Used,,,,,,,,,,passenger,NA,Don Valley West (15),53 Division,Mount Pleasant East,false,false,false,false,false,false,true,false,true,false,"{""coordinates"": [[-79.38619079240249, 43.70914417319576]], ""type"": ""MultiPoint""}"
7714,2012:1287084,2012-04-03T02:30:00,MOUNT PLEASANT RD,STIBBARD AVE,,4,Fatal Injury,,No Control,SMV Other,Clear,Dark,Dry,Major Arterial,false,-79.3935907935729,43.716944181229785,1,,,1,24,Fatal,Use Unknown,,,,,,,,,,passenger,7,Don Valley West (15),53 Division,Mount Pleasant East,true,false,false,false,false,false,false,false,true,false,"{""coordinates"": [[-79.3935907935729, 43.716944181229785]], ""type"": ""MultiPoint""}"
7715,2011:1276407,2011-11-26T19:55:00,2001 FINCH AVE W,,,2,Non-Fatal Injury,,No Control,Turning Movement,Clear,Dark with Artificial Lighting,Dry,Major Arterial,false,-79.51939093703426,43.756944325591114,1,Motorcycle,East,1,37,Major,Helmet,Driving properly,Normal,,,Going Ahead,,,,,motorcyclist,NA,Humber River-Black Creek (7),31 Division,Glenfield-Jane Heights,true,true,false,true,false,false,false,false,false,false,"{""coordinates"": [[-79.51939093703426, 43.756944325591114]], ""type"": ""MultiPoint""}"
7716,2011:1276407,2011-11-26T19:55:00,2001 FINCH AVE W,,,2,Non-Fatal Injury,,No Control,Turning Movement,Clear,Dark with Artificial Lighting,Dry,Major Arterial,false,-79.51939093703426,43.756944325591114,2,Automobile or Station Wagon,West,2,38,None,Air Bag Deployed,Failed to yield right-of-way,Inattentive,,,Turning Left,,,,,driver,NA,Humber River-Black Creek (7),31 Division,Glenfield-Jane Heights,true,true,false,true,false,false,false,false,false,false,"{""coordinates"": [[-79.51939093703426, 43.756944325591114]], ""type"": ""MultiPoint""}"
7717,2011:1266407,2011-11-27T00:00:00,DUNERA Aven,EMCARR Driv,,3,Non-Fatal Injury,At Intersection,Stop Sign,Cyclist Collision,Rain,Dark,Wet,Local,false,-79.19569041838847,43.75714393955827,1,,,1,NA,None,Other Safety Equipment Used,,,,,Other,,,,,owner,NA,Scarborough-Guildwood (24),43 Division,West Hill,false,false,true,false,false,false,false,false,false,false,"{""coordinates"": [[-79.19569041838847, 43.75714393955827]], ""type"": ""MultiPoint""}"
7718,2011:1266407,2011-11-27T00:00:00,DUNERA Aven,EMCARR Driv,,3,Non-Fatal Injury,At Intersection,Stop Sign,Cyclist Collision,Rain,Dark,Wet,Local,false,-79.19569041838847,43.75714393955827,1,Automobile or Station Wagon,West,2,33,None,Lap and Shoulder Belt,,,,,Going Ahead,,,,,driver,NA,Scarborough-Guildwood (24),43 Division,West Hill,false,false,true,false,false,false,false,false,false,false,"{""coordinates"": [[-79.19569041838847, 43.75714393955827]], ""type"": ""MultiPoint""}"
7719,2011:1266407,2011-11-27T00:00:00,DUNERA Aven,EMCARR Driv,,3,Non-Fatal Injury,At Intersection,Stop Sign,Cyclist Collision,Rain,Dark,Wet,Local,false,-79.19569041838847,43.75714393955827,2,Bicycle,South,3,50,Major,Helmet,,,,,Turning Left,,,,,cyclist,NA,Scarborough-Guildwood (24),43 Division,West Hill,false,false,true,false,false,false,false,false,false,false,"{""coordinates"": [[-79.19569041838847, 43.75714393955827]], ""type"": ""MultiPoint""}"
7720,2011:1267111,2011-11-27T03:12:00,YONGE ST,SHEPPARD AVE E,,3,Non-Fatal Injury,At Intersection,Traffic Signal,Turning Movement,Clear,Dark with Artificial Lighting,Dry,Major Arterial,true,-79.41089075863427,43.76154419347502,2,Automobile or Station Wagon,West,3,NA,None,Other Safety Equipment Used,Improper turn,Inattentive,,,Turning Right,,,,,driver,NA,Willowdale (18),32 Division,Yonge-Doris,false,true,false,false,false,false,false,false,false,false,"{""coordinates"": [[-79.41089075863427, 43.76154419347502]], ""type"": ""MultiPoint""}"
7721,2011:1267111,2011-11-27T03:12:00,YONGE ST,SHEPPARD AVE E,,3,Non-Fatal Injury,At Intersection,Traffic Signal,Turning Movement,Clear,Dark with Artificial Lighting,Dry,Major Arterial,true,-79.41089075863427,43.76154419347502,1,Automobile or Station Wagon,North,1,27,Major,Lap and Shoulder Belt,Driving properly,Normal,,,Going Ahead,,,,,driver,NA,Willowdale (18),32 Division,Yonge-Doris,false,true,false,false,false,false,false,false,false,false,"{""coordinates"": [[-79.41089075863427, 43.76154419347502]], ""type"": ""MultiPoint""}"
7722,2011:1267111,2011-11-27T03:12:00,YONGE ST,SHEPPARD AVE E,,3,Non-Fatal Injury,At Intersection,Traffic Signal,Turning Movement,Clear,Dark with Artificial Lighting,Dry,Major Arterial,true,-79.41089075863427,43.76154419347502,2,,,2,NA,,Other Safety Equipment Used,,,,,,,,,,owner,NA,Willowdale (18),32 Division,Yonge-Doris,false,true,false,false,false,false,false,false,false,false,"{""coordinates"": [[-79.41089075863427, 43.76154419347502]], ""type"": ""MultiPoint""}"
7723,2011:1266689,2011-11-29T16:35:00,BIRCHMOUNT RD,BESWICK PARK CRT,,2,Non-Fatal Injury,,No Control,Pedestrian Collision(internal code),Rain,Dark with Artificial Lighting,Wet,Major Arterial,false,-79.31319054851556,43.81304407604613,2,,West,2,48,Major,Other Safety Equipment Used,,,Crossing - no traffic control,Inattentive,,Driver going straight hits pedestrian crossing without right-of-way (at intersection),,,,pedestrian,NA,Scarborough-Agincourt (22),42 Division,Steeles,false,true,false,false,false,true,true,false,false,false,"{""coordinates"": [[-79.31319054851556, 43.81304407604613]], ""type"": ""MultiPoint""}"
7724,2011:1266689,2011-11-29T16:35:00,BIRCHMOUNT RD,BESWICK PARK CRT,,2,Non-Fatal Injury,,No Control,Pedestrian Collision(internal code),Rain,Dark with Artificial Lighting,Wet,Major Arterial,false,-79.31319054851556,43.81304407604613,1,Automobile or Station Wagon,South,1,69,None,Lap and Shoulder Belt,Driving properly,Normal,,,Going Ahead,,,,,driver,NA,Scarborough-Agincourt (22),42 Division,Steeles,false,true,false,false,false,true,true,false,false,false,"{""coordinates"": [[-79.31319054851556, 43.81304407604613]], ""type"": ""MultiPoint""}"
7725,2011:1266690,2011-11-29T17:46:00,DOVEHOUSE AVE,KEELE ST,,2,Non-Fatal Injury,,Traffic Signal,Pedestrian Collision(internal code),Rain,Dark with Artificial Lighting,Wet,Major Arterial,false,-79.48759090137683,43.749644290763506,1,Automobile or Station Wagon,North,1,43,None,Lap and Shoulder Belt,Failed to yield right-of-way,Inattentive,,,Turning Left,,,,,driver,NA,York Centre (6),31 Division,York University Heights,true,true,false,false,false,true,true,false,false,false,"{""coordinates"": [[-79.48759090137683, 43.749644290763506]], ""type"": ""MultiPoint""}"
7726,2011:1266690,2011-11-29T17:46:00,DOVEHOUSE AVE,KEELE ST,,2,Non-Fatal Injury,,Traffic Signal,Pedestrian Collision(internal code),Rain,Dark with Artificial Lighting,Wet,Major Arterial,false,-79.48759090137683,43.749644290763506,2,,South,2,66,Major,Other Safety Equipment Used,,,Crossing with right-of-way (intersection),Normal,,Driver turns left into pedestrian crossing with right-of-way (at intersection),,,,pedestrian,NA,York Centre (6),31 Division,York University Heights,true,true,false,false,false,true,true,false,false,false,"{""coordinates"": [[-79.48759090137683, 43.749644290763506]], ""type"": ""MultiPoint""}"
7727,2011:1269088,2011-11-29T19:00:00,STEELES AVE E,MARKHAM RD,,2,Non-Fatal Injury,At Intersection,Traffic Signal,Pedestrian Collision(internal code),Rain,Dusk with Artificial Lighting,Wet,Major Arterial,true,-79.25117843223713,43.83658800876786,1,Automobile or Station Wagon,East,2,NA,None,Other Safety Equipment Used,Failed to yield right-of-way,Unknown,,,Going Ahead,,,,,driver,NA,Scarborough North (23),42 Division,Morningside Heights,true,false,false,false,false,false,true,false,false,false,"{""coordinates"": [[-79.25117843223713, 43.83658800876786]], ""type"": ""MultiPoint""}"
7728,2011:1269088,2011-11-29T19:00:00,STEELES AVE E,MARKHAM RD,,2,Non-Fatal Injury,At Intersection,Traffic Signal,Pedestrian Collision(internal code),Rain,Dusk with Artificial Lighting,Wet,Major Arterial,true,-79.25117843223713,43.83658800876786,1,,North,1,27,Major,Other Safety Equipment Used,,,Crossing with right-of-way (intersection),Normal,,Driver going straight hits pedestrian crossing with right-of-way (at intersection),,,,pedestrian,NA,Scarborough North (23),42 Division,Morningside Heights,true,false,false,false,false,false,true,false,false,false,"{""coordinates"": [[-79.25117843223713, 43.83658800876786]], ""type"": ""MultiPoint""}"
7729,2011:1266990,2011-12-01T01:02:00,JANE ST,ELLIS AVE,,2,Fatal Injury,,No Control,Pedestrian Collision(internal code),Clear,Dark with Artificial Lighting,Dry,Major Arterial,false,-79.50359101435323,43.70214433389086,2,,Unknown,2,51,Fatal,Other Safety Equipment Used,,,Other,Unknown,,Other,,,,pedestrian,32,York South-Weston (5),12 Division,Brookhaven-Amesbury,false,false,false,false,false,false,true,false,false,false,"{""coordinates"": [[-79.50359101435323, 43.70214433389086]], ""type"": ""MultiPoint""}"
7730,2011:1266990,2011-12-01T01:02:00,JANE ST,ELLIS AVE,,2,Fatal Injury,,No Control,Pedestrian Collision(internal code),Clear,Dark with Artificial Lighting,Dry,Major Arterial,false,-79.50359101435323,43.70214433389086,1,Automobile or Station Wagon,North,1,47,None,Other Safety Equipment Used,Driving properly,Normal,,,Going Ahead,,,,,driver,NA,York South-Weston (5),12 Division,Brookhaven-Amesbury,false,false,false,false,false,false,true,false,false,false,"{""coordinates"": [[-79.50359101435323, 43.70214433389086]], ""type"": ""MultiPoint""}"
7731,2011:1267274,2011-12-02T18:30:00,LAWRENCE AVE E,TOWNLEY AVE,,3,Fatal Injury,At Intersection,No Control,Pedestrian Collision(internal code),Clear,Dusk with Artificial Lighting,Dry,Major Arterial,false,-79.30729060635302,43.742644065557464,2,,South,3,65,Fatal,Other Safety Equipment Used,,,Crossing - no traffic control,Unknown,,Driver hits pedestrian at midblock,,,,pedestrian,33,Scarborough Centre (21),41 Division,Wexford/Maryvale,false,false,false,false,false,true,true,false,false,false,"{""coordinates"": [[-79.30729060635302, 43.742644065557464]], ""type"": ""MultiPoint""}"
7732,2011:1267274,2011-12-02T18:30:00,LAWRENCE AVE E,TOWNLEY AVE,,3,Fatal Injury,At Intersection,No Control,Pedestrian Collision(internal code),Clear,Dusk with Artificial Lighting,Dry,Major Arterial,false,-79.30729060635302,43.742644065557464,1,,,1,NA,,Other Safety Equipment Used,,,,,,,,,,owner,NA,Scarborough Centre (21),41 Division,Wexford/Maryvale,false,false,false,false,false,true,true,false,false,false,"{""coordinates"": [[-79.30729060635302, 43.742644065557464]], ""type"": ""MultiPoint""}"
7733,2011:1267274,2011-12-02T18:30:00,LAWRENCE AVE E,TOWNLEY AVE,,3,Fatal Injury,At Intersection,No Control,Pedestrian Collision(internal code),Clear,Dusk with Artificial Lighting,Dry,Major Arterial,false,-79.30729060635302,43.742644065557464,1,Automobile or Station Wagon,West,2,69,None,Lap and Shoulder Belt,Driving properly,Unknown,,,Going Ahead,,,,,driver,NA,Scarborough Centre (21),41 Division,Wexford/Maryvale,false,false,false,false,false,true,true,false,false,false,"{""coordinates"": [[-79.30729060635302, 43.742644065557464]], ""type"": ""MultiPoint""}"
7734,2011:1268378,2011-12-03T03:53:00,960 WARDEN Ave,,,2,Non-Fatal Injury,,No Control,Rear End,Clear,Dark,Dry,Major Arterial,true,-79.29049058777119,43.734744044320315,2,Automobile or Station Wagon,South,2,NA,Major,Other Safety Equipment Used,Other,Unknown,,,Going Ahead,,,,,driver,NA,Scarborough Centre (21),41 Division,Wexford/Maryvale,false,false,false,false,false,false,false,false,false,false,"{""coordinates"": [[-79.29049058777119, 43.734744044320315]], ""type"": ""MultiPoint""}"
7735,2011:1268378,2011-12-03T03:53:00,960 WARDEN Ave,,,2,Non-Fatal Injury,,No Control,Rear End,Clear,Dark,Dry,Major Arterial,true,-79.29049058777119,43.734744044320315,1,Automobile or Station Wagon,South,1,26,None,Other Safety Equipment Used,Driving properly,Normal,,,Going Ahead,,,,,driver,NA,Scarborough Centre (21),41 Division,Wexford/Maryvale,false,false,false,false,false,false,false,false,false,false,"{""coordinates"": [[-79.29049058777119, 43.734744044320315]], ""type"": ""MultiPoint""}"
7736,2011:1277349,2011-12-04T16:20:00,CHURCH ST,GLOUCESTER ST,,2,Non-Fatal Injury,At Intersection,No Control,Pedestrian Collision(internal code),Clear,Daylight,Dry,Minor Arterial,false,-79.38159084776535,43.66734417612531,1,Automobile or Station Wagon,South,1,36,None,Other Safety Equipment Used,Driving properly,Normal,,,Going Ahead,,,,,driver,NA,Toronto Centre (13),51 Division,Church-Wellesley,false,false,false,false,false,true,true,false,false,false,"{""coordinates"": [[-79.38159084776535, 43.66734417612531]], ""type"": ""MultiPoint""}"
7737,2011:1277349,2011-12-04T16:20:00,CHURCH ST,GLOUCESTER ST,,2,Non-Fatal Injury,At Intersection,No Control,Pedestrian Collision(internal code),Clear,Daylight,Dry,Minor Arterial,false,-79.38159084776535,43.66734417612531,2,,East,2,75,Major,Other Safety Equipment Used,,,Crossing - no traffic control,Unknown,,Driver going straight hits pedestrian crossing without right-of-way (at intersection),,,,pedestrian,NA,Toronto Centre (13),51 Division,Church-Wellesley,false,false,false,false,false,true,true,false,false,false,"{""coordinates"": [[-79.38159084776535, 43.66734417612531]], ""type"": ""MultiPoint""}"
7738,2011:1277427,2011-12-04T18:40:00,KENNEDY RD,401 C E KENNEDY RAMP RD,,3,Non-Fatal Injury,,Traffic Signal,Angle,Clear,Daylight with Artificial Lighting,Wet,Major Arterial,false,-79.28379053702956,43.77304403823801,1,Automobile or Station Wagon,North,1,22,None,Lap and Shoulder Belt,Disobeyed traffic control,Normal,,,Going Ahead,,,,,driver,NA,Scarborough Centre (21),41 Division,Dorset Park,true,false,false,false,false,false,false,true,false,false,"{""coordinates"": [[-79.28379053702956, 43.77304403823801]], ""type"": ""MultiPoint""}"
7739,2011:1277427,2011-12-04T18:40:00,KENNEDY RD,401 C E KENNEDY RAMP RD,,3,Non-Fatal Injury,,Traffic Signal,Angle,Clear,Daylight with Artificial Lighting,Wet,Major Arterial,false,-79.28379053702956,43.77304403823801,2,Automobile or Station Wagon,East,3,47,Minor,Lap and Shoulder Belt,Driving properly,Normal,,,Going Ahead,,,,,driver,NA,Scarborough Centre (21),41 Division,Dorset Park,true,false,false,false,false,false,false,true,false,false,"{""coordinates"": [[-79.28379053702956, 43.77304403823801]], ""type"": ""MultiPoint""}"
7740,2011:1277427,2011-12-04T18:40:00,KENNEDY RD,401 C E KENNEDY RAMP RD,,3,Non-Fatal Injury,,Traffic Signal,Angle,Clear,Daylight with Artificial Lighting,Wet,Major Arterial,false,-79.28379053702956,43.77304403823801,2,,,2,56,Major,Lap and Shoulder Belt,,,,,,,,,,passenger,NA,Scarborough Centre (21),41 Division,Dorset Park,true,false,false,false,false,false,false,true,false,false,"{""coordinates"": [[-79.28379053702956, 43.77304403823801]], ""type"": ""MultiPoint""}"
7741,2011:1279443,2011-12-04T22:10:00,EGLINTON AVE E,FALMOUTH AVE,,2,Non-Fatal Injury,,Traffic Signal,Pedestrian Collision(internal code),Rain,Dark with Artificial Lighting,Wet,Major Arterial,false,-79.25319052238487,43.73554399643698,2,,North,2,16,Major,Other Safety Equipment Used,,,Crossing without right-of-way (intersection),Inattentive,,Driver going straight hits pedestrian crossing without right-of-way (at intersection),,,,pedestrian,NA,Scarborough Southwest (20),41 Division,Kennedy Park,false,true,false,false,false,false,true,false,true,false,"{""coordinates"": [[-79.25319052238487, 43.73554399643698]], ""type"": ""MultiPoint""}"
7742,2011:1279443,2011-12-04T22:10:00,EGLINTON AVE E,FALMOUTH AVE,,2,Non-Fatal Injury,,Traffic Signal,Pedestrian Collision(internal code),Rain,Dark with Artificial Lighting,Wet,Major Arterial,false,-79.25319052238487,43.73554399643698,1,Automobile or Station Wagon,East,1,22,None,Lap Belt Only,Driving properly,Unknown,,,Going Ahead,,,,,driver,NA,Scarborough Southwest (20),41 Division,Kennedy Park,false,true,false,false,false,false,true,false,true,false,"{""coordinates"": [[-79.25319052238487, 43.73554399643698]], ""type"": ""MultiPoint""}"
7743,2011:1277511,2011-12-05T15:27:00,PECKHAM AVE,CRISPIN CRES,,3,Non-Fatal Injury,At Intersection,No Control,Pedestrian Collision(internal code),Rain,Daylight,Wet,Local,false,-79.43709076701852,43.7921442210753,2,,East,3,6,Major,Other Safety Equipment Used,,,Running onto roadway,Normal,,Driver going straight hits pedestrian crossing without right-of-way (at intersection),,,,pedestrian,NA,Willowdale (18),32 Division,Newtonbrook West,false,false,false,false,false,false,true,false,true,false,"{""coordinates"": [[-79.43709076701852, 43.7921442210753]], ""type"": ""MultiPoint""}"
7744,2011:1277511,2011-12-05T15:27:00,PECKHAM AVE,CRISPIN CRES,,3,Non-Fatal Injury,At Intersection,No Control,Pedestrian Collision(internal code),Rain,Daylight,Wet,Local,false,-79.43709076701852,43.7921442210753,1,,,1,NA,,Other Safety Equipment Used,,,,,,,,,,owner,NA,Willowdale (18),32 Division,Newtonbrook West,false,false,false,false,false,false,true,false,true,false,"{""coordinates"": [[-79.43709076701852, 43.7921442210753]], ""type"": ""MultiPoint""}"
7745,2011:1277511,2011-12-05T15:27:00,PECKHAM AVE,CRISPIN CRES,,3,Non-Fatal Injury,At Intersection,No Control,Pedestrian Collision(internal code),Rain,Daylight,Wet,Local,false,-79.43709076701852,43.7921442210753,1,Automobile or Station Wagon,South,2,41,None,Lap and Shoulder Belt,Driving properly,Normal,,,Going Ahead,,,,,driver,NA,Willowdale (18),32 Division,Newtonbrook West,false,false,false,false,false,false,true,false,true,false,"{""coordinates"": [[-79.43709076701852, 43.7921442210753]], ""type"": ""MultiPoint""}"
7746,2011:1278387,2011-12-05T18:30:00,BRIMWOOD BLVD,SANDHURST CRCL,,3,Non-Fatal Injury,,Stop Sign,Pedestrian Collision(internal code),Rain,Dark,Wet,Collector,true,-79.27099048406176,43.81094402746776,2,,South,3,50,Major,Other Safety Equipment Used,,,Crossing with right-of-way (intersection),Normal,,Driver turns left into pedestrian crossing with right-of-way (at intersection),,,,pedestrian,NA,Scarborough North (23),42 Division,Agincourt North,true,true,false,false,false,false,true,false,false,false,"{""coordinates"": [[-79.27099048406176, 43.81094402746776]], ""type"": ""MultiPoint""}"
7747,2011:1278387,2011-12-05T18:30:00,BRIMWOOD BLVD,SANDHURST CRCL,,3,Non-Fatal Injury,,Stop Sign,Pedestrian Collision(internal code),Rain,Dark,Wet,Collector,true,-79.27099048406176,43.81094402746776,1,Automobile or Station Wagon,South,2,27,None,Lap and Shoulder Belt,Failed to yield right-of-way,Inattentive,,,Turning Left,,,,,driver,NA,Scarborough North (23),42 Division,Agincourt North,true,true,false,false,false,false,true,false,false,false,"{""coordinates"": [[-79.27099048406176, 43.81094402746776]], ""type"": ""MultiPoint""}"
7748,2011:1278387,2011-12-05T18:30:00,BRIMWOOD BLVD,SANDHURST CRCL,,3,Non-Fatal Injury,,Stop Sign,Pedestrian Collision(internal code),Rain,Dark,Wet,Collector,true,-79.27099048406176,43.81094402746776,1,,,1,NA,,Other Safety Equipment Used,,,,,,,,,,owner,NA,Scarborough North (23),42 Division,Agincourt North,true,true,false,false,false,false,true,false,false,false,"{""coordinates"": [[-79.27099048406176, 43.81094402746776]], ""type"": ""MultiPoint""}"
7749,2011:1268173,2011-12-08T19:54:00,SHEPPARD AVE E,VICTORIA PARK AVE,,3,Non-Fatal Injury,At Intersection,Traffic Signal,Pedestrian Collision(internal code),Clear,Dark,Dry,Major Arterial,false,-79.32299059939824,43.775244085816766,1,Municipal Transit Bus (TTC),South,2,55,None,Other Safety Equipment Used,Driving properly,Normal,,,Turning Right,,,,,driver,NA,Scarborough-Agincourt (22),42 Division,Tam O'Shanter-Sullivan,false,false,false,false,false,false,true,false,false,true,"{""coordinates"": [[-79.32299059939824, 43.775244085816766]], ""type"": ""MultiPoint""}"
7750,2011:1268173,2011-12-08T19:54:00,SHEPPARD AVE E,VICTORIA PARK AVE,,3,Non-Fatal Injury,At Intersection,Traffic Signal,Pedestrian Collision(internal code),Clear,Dark,Dry,Major Arterial,false,-79.32299059939824,43.775244085816766,1,,,1,NA,,Other Safety Equipment Used,,,,,,,,,,owner,NA,Scarborough-Agincourt (22),42 Division,Tam O'Shanter-Sullivan,false,false,false,false,false,false,true,false,false,true,"{""coordinates"": [[-79.32299059939824, 43.775244085816766]], ""type"": ""MultiPoint""}"
7751,2011:1268173,2011-12-08T19:54:00,SHEPPARD AVE E,VICTORIA PARK AVE,,3,Non-Fatal Injury,At Intersection,Traffic Signal,Pedestrian Collision(internal code),Clear,Dark,Dry,Major Arterial,false,-79.32299059939824,43.775244085816766,2,,South,3,22,Major,Other Safety Equipment Used,,,Crossing without right-of-way (intersection),Unknown,,Transit vehicle driver hits pedestrian anywhere along roadway,,,,pedestrian,NA,Scarborough-Agincourt (22),42 Division,Tam O'Shanter-Sullivan,false,false,false,false,false,false,true,false,false,true,"{""coordinates"": [[-79.32299059939824, 43.775244085816766]], ""type"": ""MultiPoint""}"
7752,2011:1276036,2011-12-10T15:33:00,O CONNOR DR,PAPE AVE,,3,Non-Fatal Injury,At Intersection,Traffic Signal,Pedestrian Collision(internal code),Clear,Daylight,Dry,Major Arterial,false,-79.35029075076336,43.69324412722242,1,Automobile or Station Wagon,West,1,26,None,Lap and Shoulder Belt,Failed to yield right-of-way,Inattentive,,,Turning Left,,,,,driver,NA,Toronto-Danforth (14),55 Division,Old East York,true,true,false,false,false,false,true,false,false,false,"{""coordinates"": [[-79.35029075076336, 43.69324412722242]], ""type"": ""MultiPoint""}"
7753,2011:1276036,2011-12-10T15:33:00,O CONNOR DR,PAPE AVE,,3,Non-Fatal Injury,At Intersection,Traffic Signal,Pedestrian Collision(internal code),Clear,Daylight,Dry,Major Arterial,false,-79.35029075076336,43.69324412722242,2,,East,3,25,Major,Other Safety Equipment Used,,,Crossing with right-of-way (intersection),Normal,,Driver turns left into pedestrian crossing with right-of-way (at intersection),,,,pedestrian,NA,Toronto-Danforth (14),55 Division,Old East York,true,true,false,false,false,false,true,false,false,false,"{""coordinates"": [[-79.35029075076336, 43.69324412722242]], ""type"": ""MultiPoint""}"
7754,2011:1276036,2011-12-10T15:33:00,O CONNOR DR,PAPE AVE,,3,Non-Fatal Injury,At Intersection,Traffic Signal,Pedestrian Collision(internal code),Clear,Daylight,Dry,Major Arterial,false,-79.35029075076336,43.69324412722242,2,,East,2,32,Minimal,Other Safety Equipment Used,,,Crossing with right-of-way (intersection),Normal,,Driver turns left into pedestrian crossing with right-of-way (at intersection),,,,pedestrian,NA,Toronto-Danforth (14),55 Division,Old East York,true,true,false,false,false,false,true,false,false,false,"{""coordinates"": [[-79.35029075076336, 43.69324412722242]], ""type"": ""MultiPoint""}"
7755,2011:1278436,2011-12-10T16:22:00,SPADINA AVE,NASSAU ST,,3,Non-Fatal Injury,,No Control,Pedestrian Collision(internal code),Clear,Daylight,Dry,Major Arterial,false,-79.39919089941911,43.65584420448532,1,Automobile or Station Wagon,South,2,21,None,Lap and Shoulder Belt,Driving properly,Normal,,,Going Ahead,,,,,driver,NA,University-Rosedale (11),52 Division,Kensington-Chinatown,false,true,false,false,false,false,true,false,true,false,"{""coordinates"": [[-79.39919089941911, 43.65584420448532]], ""type"": ""MultiPoint""}"
7756,2011:1278436,2011-12-10T16:22:00,SPADINA AVE,NASSAU ST,,3,Non-Fatal Injury,,No Control,Pedestrian Collision(internal code),Clear,Daylight,Dry,Major Arterial,false,-79.39919089941911,43.65584420448532,2,,East,3,19,Major,Other Safety Equipment Used,,,Running onto roadway,Inattentive,,Driver hits pedestrian at midblock,,,,pedestrian,NA,University-Rosedale (11),52 Division,Kensington-Chinatown,false,true,false,false,false,false,true,false,true,false,"{""coordinates"": [[-79.39919089941911, 43.65584420448532]], ""type"": ""MultiPoint""}"