X_id,collision_id,accdate,stname1,stname2,stname3,per_inv,acclass,accloc,traffictl,impactype,visible,light,rdsfcond,road_class,failtorem,longitude,latitude,veh_no,vehtype,initdir,per_no,invage,injury,safequip,drivact,drivcond,pedact,pedcond,manoeuvre,pedtype,cyclistype,cycact,cyccond,road_user,fatal_no,wardname,division,neighbourhood,aggressive,distracted,cyclist,motorcyclist,other_micromobility,older_adult,pedestrian,red_light,school_child,heavy_truck,geometry
7858,2012:1286418,2012-01-22T02:23:00,EGLINTON AVE W,OLD PARK RD,,3,Non-Fatal Injury,At Intersection,Traffic Signal,Pedestrian Collision(internal code),Clear,Daylight,Dry,Major Arterial,false,-79.43099088828855,43.69984423654638,1,,,1,NA,,Other Safety Equipment Used,,,,,,,,,,owner,NA,Eglinton-Lawrence (8),13 Division,Forest Hill North,true,true,false,false,false,true,true,false,false,false,"{""coordinates"": [[-79.43099088828855, 43.69984423654638]], ""type"": ""MultiPoint""}"
7859,2012:1286830,2012-01-24T13:08:00,BATHURST ST,WELLS ST,,2,Non-Fatal Injury,At Intersection,Traffic Signal,Cyclist Collision,Snow,Daylight,Wet,Major Arterial,false,-79.413190903759,43.67004422090935,2,Bicycle,East,2,32,Major,Use Unknown,,,,,Going Ahead,,Driver turns left into path of cyclist,Driving Properly,Normal,cyclist,NA,University-Rosedale (11),14 Division,Annex,true,false,true,false,false,false,false,false,false,true,"{""coordinates"": [[-79.413190903759, 43.67004422090935]], ""type"": ""MultiPoint""}"
7860,2012:1286830,2012-01-24T13:08:00,BATHURST ST,WELLS ST,,2,Non-Fatal Injury,At Intersection,Traffic Signal,Cyclist Collision,Snow,Daylight,Wet,Major Arterial,false,-79.413190903759,43.67004422090935,1,Truck - Open (Flatbed),West,1,31,None,Other Safety Equipment Used,Failed to yield right-of-way,Normal,,,Turning Left,,,,,driver,NA,University-Rosedale (11),14 Division,Annex,true,false,true,false,false,false,false,false,false,true,"{""coordinates"": [[-79.413190903759, 43.67004422090935]], ""type"": ""MultiPoint""}"
7861,2012:1277329,2012-01-26T09:03:00,DIXON RD,ISLINGTON AVE,,2,Fatal Injury,At Intersection,Traffic Signal,Turning Movement,Clear,Daylight,Wet,Major Arterial,false,-79.5466910788487,43.69704438676599,2,Automobile or Station Wagon,East,4,74,Minor,Lap and Shoulder Belt,Failed to yield right-of-way,Normal,,,Turning Left,,,,,driver,NA,Etobicoke Centre (2),23 Division,Kingsview Village-The Westway,true,false,false,false,false,true,false,false,false,true,"{""coordinates"": [[-79.5466910788487, 43.69704438676599]], ""type"": ""MultiPoint""}"
7862,2012:1277329,2012-01-26T09:03:00,DIXON RD,ISLINGTON AVE,,2,Fatal Injury,At Intersection,Traffic Signal,Turning Movement,Clear,Daylight,Wet,Major Arterial,false,-79.5466910788487,43.69704438676599,1,,,1,NA,None,Other Safety Equipment Used,,,,,,,,,,owner,NA,Etobicoke Centre (2),23 Division,Kingsview Village-The Westway,true,false,false,false,false,true,false,false,false,true,"{""coordinates"": [[-79.5466910788487, 43.69704438676599]], ""type"": ""MultiPoint""}"
7863,2012:1277329,2012-01-26T09:03:00,DIXON RD,ISLINGTON AVE,,2,Fatal Injury,At Intersection,Traffic Signal,Turning Movement,Clear,Daylight,Wet,Major Arterial,false,-79.5466910788487,43.69704438676599,1,Municipal Transit Bus (TTC),South,2,61,None,Other Safety Equipment Used,Driving properly,Normal,,,Stopped,,,,,driver,NA,Etobicoke Centre (2),23 Division,Kingsview Village-The Westway,true,false,false,false,false,true,false,false,false,true,"{""coordinates"": [[-79.5466910788487, 43.69704438676599]], ""type"": ""MultiPoint""}"
7864,2012:1277329,2012-01-26T09:03:00,DIXON RD,ISLINGTON AVE,,2,Fatal Injury,At Intersection,Traffic Signal,Turning Movement,Clear,Daylight,Wet,Major Arterial,false,-79.5466910788487,43.69704438676599,2,,,3,66,Fatal,Lap and Shoulder Belt,,,,,,,,,,passenger,3,Etobicoke Centre (2),23 Division,Kingsview Village-The Westway,true,false,false,false,false,true,false,false,false,true,"{""coordinates"": [[-79.5466910788487, 43.69704438676599]], ""type"": ""MultiPoint""}"
7865,2012:1277329,2012-01-26T09:03:00,DIXON RD,ISLINGTON AVE,,2,Fatal Injury,At Intersection,Traffic Signal,Turning Movement,Clear,Daylight,Wet,Major Arterial,false,-79.5466910788487,43.69704438676599,3,Automobile or Station Wagon,West,5,65,Minor,Other Safety Equipment Used,Driving properly,Normal,,,Going Ahead,,,,,driver,NA,Etobicoke Centre (2),23 Division,Kingsview Village-The Westway,true,false,false,false,false,true,false,false,false,true,"{""coordinates"": [[-79.5466910788487, 43.69704438676599]], ""type"": ""MultiPoint""}"
7866,2012:1287004,2012-01-26T14:17:00,DANFORTH AVE,ROYAL DR,,3,Non-Fatal Injury,Non-Intersection,No Control,Cyclist Collision,Rain,Daylight,Wet,Major Arterial,false,-79.35988979374524,43.675943143388075,2,Automobile or Station Wagon,East,2,50,None,Other Safety Equipment Used,Driving properly,Normal,,,Going Ahead,,,,,driver,NA,Toronto-Danforth (14),55 Division,North Riverdale,false,false,true,false,false,false,false,false,false,false,"{""coordinates"": [[-79.35988979374524, 43.675943143388075]], ""type"": ""MultiPoint""}"
7867,2012:1287004,2012-01-26T14:17:00,DANFORTH AVE,ROYAL DR,,3,Non-Fatal Injury,Non-Intersection,No Control,Cyclist Collision,Rain,Daylight,Wet,Major Arterial,false,-79.35988979374524,43.675943143388075,1,,,1,NA,,Other Safety Equipment Used,,,,,,,,,,owner,NA,Toronto-Danforth (14),55 Division,North Riverdale,false,false,true,false,false,false,false,false,false,false,"{""coordinates"": [[-79.35988979374524, 43.675943143388075]], ""type"": ""MultiPoint""}"
7868,2012:1287004,2012-01-26T14:17:00,DANFORTH AVE,ROYAL DR,,3,Non-Fatal Injury,Non-Intersection,No Control,Cyclist Collision,Rain,Daylight,Wet,Major Arterial,false,-79.35988979374524,43.675943143388075,3,Bicycle,East,3,24,Major,Other Safety Equipment Used,,,,,Changing Lanes,,Sideswipe with cyclist and driver travelling in same direction,Improper Lane Change,Normal,cyclist,NA,Toronto-Danforth (14),55 Division,North Riverdale,false,false,true,false,false,false,false,false,false,false,"{""coordinates"": [[-79.35988979374524, 43.675943143388075]], ""type"": ""MultiPoint""}"
7869,2012:1277367,2012-01-26T19:45:00,LAWRENCE AVE E,CARNFORTH RD,,2,Non-Fatal Injury,,No Control,Pedestrian Collision(internal code),Rain,Dark with Artificial Lighting,Wet,Major Arterial,false,-79.31239061639187,43.741644072076895,1,Automobile or Station Wagon,East,1,54,None,Other Safety Equipment Used,Driving properly,Normal,,,Changing Lanes,,,,,driver,NA,Don Valley East (16),33 Division,Victoria Village,false,true,false,false,false,false,true,false,false,false,"{""coordinates"": [[-79.31239061639187, 43.741644072076895]], ""type"": ""MultiPoint""}"
7870,2012:1277367,2012-01-26T19:45:00,LAWRENCE AVE E,CARNFORTH RD,,2,Non-Fatal Injury,,No Control,Pedestrian Collision(internal code),Rain,Dark with Artificial Lighting,Wet,Major Arterial,false,-79.31239061639187,43.741644072076895,2,,Unknown,2,47,Major,Other Safety Equipment Used,,,Crossing - no traffic control,Inattentive,,Driver hits pedestrian at midblock,,,,pedestrian,NA,Don Valley East (16),33 Division,Victoria Village,false,true,false,false,false,false,true,false,false,false,"{""coordinates"": [[-79.31239061639187, 43.741644072076895]], ""type"": ""MultiPoint""}"
7871,2012:1279218,2012-01-26T21:30:00,BROADVIEW AVE,QUEEN ST E,,2,Non-Fatal Injury,At Intersection,Traffic Signal,Pedestrian Collision(internal code),Rain,Dusk with Artificial Lighting,Wet,Major Arterial,true,-79.34989079945399,43.65884413163739,1,Automobile or Station Wagon,West,1,NA,None,Other Safety Equipment Used,Failed to yield right-of-way,Unknown,,,Turning Left,,,,,driver,NA,Toronto-Danforth (14),55 Division,South Riverdale,true,false,false,false,false,false,true,false,false,false,"{""coordinates"": [[-79.34989079945399, 43.65884413163739]], ""type"": ""MultiPoint""}"
7872,2012:1279218,2012-01-26T21:30:00,BROADVIEW AVE,QUEEN ST E,,2,Non-Fatal Injury,At Intersection,Traffic Signal,Pedestrian Collision(internal code),Rain,Dusk with Artificial Lighting,Wet,Major Arterial,true,-79.34989079945399,43.65884413163739,2,,West,2,40,Major,Other Safety Equipment Used,,,Crossing with right-of-way (intersection),Normal,,Driver turns left into pedestrian crossing with right-of-way (at intersection),,,,pedestrian,NA,Toronto-Danforth (14),55 Division,South Riverdale,true,false,false,false,false,false,true,false,false,false,"{""coordinates"": [[-79.34989079945399, 43.65884413163739]], ""type"": ""MultiPoint""}"
7873,2012:1279220,2012-01-27T18:00:00,GERRARD ST E,BROADVIEW AVE,,2,Non-Fatal Injury,At Intersection,Traffic Signal,Pedestrian Collision(internal code),Clear,Dark with Artificial Lighting,Dry,Minor Arterial,true,-79.35259079513989,43.66544413458993,1,Automobile or Station Wagon,West,1,NA,None,Other Safety Equipment Used,Other,Unknown,,,Going Ahead,,,,,driver,NA,Toronto-Danforth (14),55 Division,South Riverdale,false,false,false,false,false,false,true,false,false,false,"{""coordinates"": [[-79.35259079513989, 43.66544413458993]], ""type"": ""MultiPoint""}"
7874,2012:1279220,2012-01-27T18:00:00,GERRARD ST E,BROADVIEW AVE,,2,Non-Fatal Injury,At Intersection,Traffic Signal,Pedestrian Collision(internal code),Clear,Dark with Artificial Lighting,Dry,Minor Arterial,true,-79.35259079513989,43.66544413458993,1,,Unknown,2,52,Major,Other Safety Equipment Used,,,Crossing without right-of-way (intersection),Normal,,Driver going straight hits pedestrian crossing without right-of-way (at intersection),,,,pedestrian,NA,Toronto-Danforth (14),55 Division,South Riverdale,false,false,false,false,false,false,true,false,false,false,"{""coordinates"": [[-79.35259079513989, 43.66544413458993]], ""type"": ""MultiPoint""}"
7875,2012:1278852,2012-01-29T22:58:00,F G GARDINER XY Expr W,ISLINGTON AVE,,7,Non-Fatal Injury,,No Control,Rear End,Clear,Dark,Dry,,false,-79.51189117528655,43.62074438483201,6,,,6,NA,,Other Safety Equipment Used,,,,,,,,,,owner,NA,Etobicoke-Lakeshore (3),22 Division,Stonegate-Queensway,true,true,false,false,false,false,false,false,false,false,"{""coordinates"": [[-79.51189117528655, 43.62074438483201]], ""type"": ""MultiPoint""}"
7876,2012:1278852,2012-01-29T22:58:00,F G GARDINER XY Expr W,ISLINGTON AVE,,7,Non-Fatal Injury,,No Control,Rear End,Clear,Dark,Dry,,false,-79.51189117528655,43.62074438483201,2,,,2,20,Major,Lap and Shoulder Belt,,,,,,,,,,passenger,NA,Etobicoke-Lakeshore (3),22 Division,Stonegate-Queensway,true,true,false,false,false,false,false,false,false,false,"{""coordinates"": [[-79.51189117528655, 43.62074438483201]], ""type"": ""MultiPoint""}"
7877,2012:1278852,2012-01-29T22:58:00,F G GARDINER XY Expr W,ISLINGTON AVE,,7,Non-Fatal Injury,,No Control,Rear End,Clear,Dark,Dry,,false,-79.51189117528655,43.62074438483201,4,Automobile or Station Wagon,West,4,28,None,Other Safety Equipment Used,Driving properly,Normal,,,Stopped,,,,,driver,NA,Etobicoke-Lakeshore (3),22 Division,Stonegate-Queensway,true,true,false,false,false,false,false,false,false,false,"{""coordinates"": [[-79.51189117528655, 43.62074438483201]], ""type"": ""MultiPoint""}"
7878,2012:1278852,2012-01-29T22:58:00,F G GARDINER XY Expr W,ISLINGTON AVE,,7,Non-Fatal Injury,,No Control,Rear End,Clear,Dark,Dry,,false,-79.51189117528655,43.62074438483201,1,Automobile or Station Wagon,West,1,46,None,Other Safety Equipment Used,Driving properly,Normal,,,Stopped,,,,,driver,NA,Etobicoke-Lakeshore (3),22 Division,Stonegate-Queensway,true,true,false,false,false,false,false,false,false,false,"{""coordinates"": [[-79.51189117528655, 43.62074438483201]], ""type"": ""MultiPoint""}"
7879,2012:1278852,2012-01-29T22:58:00,F G GARDINER XY Expr W,ISLINGTON AVE,,7,Non-Fatal Injury,,No Control,Rear End,Clear,Dark,Dry,,false,-79.51189117528655,43.62074438483201,3,Automobile or Station Wagon,West,3,35,None,Other Safety Equipment Used,Following too closely,Inattentive,,,Going Ahead,,,,,driver,NA,Etobicoke-Lakeshore (3),22 Division,Stonegate-Queensway,true,true,false,false,false,false,false,false,false,false,"{""coordinates"": [[-79.51189117528655, 43.62074438483201]], ""type"": ""MultiPoint""}"
7880,2012:1278852,2012-01-29T22:58:00,F G GARDINER XY Expr W,ISLINGTON AVE,,7,Non-Fatal Injury,,No Control,Rear End,Clear,Dark,Dry,,false,-79.51189117528655,43.62074438483201,7,Automobile or Station Wagon,West,7,27,None,Other Safety Equipment Used,Driving properly,Normal,,,Slowing or Stopping,,,,,driver,NA,Etobicoke-Lakeshore (3),22 Division,Stonegate-Queensway,true,true,false,false,false,false,false,false,false,false,"{""coordinates"": [[-79.51189117528655, 43.62074438483201]], ""type"": ""MultiPoint""}"
7881,2012:1278852,2012-01-29T22:58:00,F G GARDINER XY Expr W,ISLINGTON AVE,,7,Non-Fatal Injury,,No Control,Rear End,Clear,Dark,Dry,,false,-79.51189117528655,43.62074438483201,5,,,5,NA,,Other Safety Equipment Used,,,,,,,,,,owner,NA,Etobicoke-Lakeshore (3),22 Division,Stonegate-Queensway,true,true,false,false,false,false,false,false,false,false,"{""coordinates"": [[-79.51189117528655, 43.62074438483201]], ""type"": ""MultiPoint""}"
7882,2012:1278086,2012-01-30T14:28:00,STEELES AVE W,ISLINGTON AVE,,3,Fatal Injury,At Intersection,Traffic Signal,Turning Movement,Clear,Daylight,Dry,Major Arterial,false,-79.57489399644363,43.76434538383776,2,Automobile or Station Wagon,West,2,76,Fatal,Other Safety Equipment Used,Lost control,Medical or Physical Disability,,,Turning Left,,,,,driver,6,,31 Division,,false,false,false,false,false,true,false,false,false,false,"{""coordinates"": [[-79.57489399644363, 43.764345383837764]], ""type"": ""MultiPoint""}"
7883,2012:1278086,2012-01-30T14:28:00,STEELES AVE W,ISLINGTON AVE,,3,Fatal Injury,At Intersection,Traffic Signal,Turning Movement,Clear,Daylight,Dry,Major Arterial,false,-79.57489399644363,43.76434538383776,3,,,3,NA,,Other Safety Equipment Used,,,,,,,,,,owner,NA,,31 Division,,false,false,false,false,false,true,false,false,false,false,"{""coordinates"": [[-79.57489399644363, 43.764345383837764]], ""type"": ""MultiPoint""}"
7884,2012:1278086,2012-01-30T14:28:00,STEELES AVE W,ISLINGTON AVE,,3,Fatal Injury,At Intersection,Traffic Signal,Turning Movement,Clear,Daylight,Dry,Major Arterial,false,-79.57489399644363,43.76434538383776,1,Automobile or Station Wagon,East,1,46,None,Other Safety Equipment Used,Driving properly,Normal,,,Stopped,,,,,driver,NA,,31 Division,,false,false,false,false,false,true,false,false,false,false,"{""coordinates"": [[-79.57489399644363, 43.764345383837764]], ""type"": ""MultiPoint""}"
7885,2012:1287560,2012-01-31T15:25:00,UNIVERSITY AVE,RICHMOND ST W,,3,Non-Fatal Injury,At Intersection,Traffic Signal,Angle,Clear,Daylight,Dry,Major Arterial,false,-79.38629088329193,43.65004418686537,1,Automobile or Station Wagon,West,1,55,Minimal,Lap and Shoulder Belt,Driving properly,Normal,,,Going Ahead,,,,,driver,NA,Spadina-Fort York (10),52 Division,Yonge-Bay Corridor,true,true,false,false,false,false,false,true,false,false,"{""coordinates"": [[-79.38629088329193, 43.65004418686537]], ""type"": ""MultiPoint""}"
7886,2012:1287560,2012-01-31T15:25:00,UNIVERSITY AVE,RICHMOND ST W,,3,Non-Fatal Injury,At Intersection,Traffic Signal,Angle,Clear,Daylight,Dry,Major Arterial,false,-79.38629088329193,43.65004418686537,2,Automobile or Station Wagon,North,3,40,Major,Lap and Shoulder Belt,Disobeyed traffic control,Inattentive,,,Going Ahead,,,,,driver,NA,Spadina-Fort York (10),52 Division,Yonge-Bay Corridor,true,true,false,false,false,false,false,true,false,false,"{""coordinates"": [[-79.38629088329193, 43.65004418686537]], ""type"": ""MultiPoint""}"
7887,2012:1287560,2012-01-31T15:25:00,UNIVERSITY AVE,RICHMOND ST W,,3,Non-Fatal Injury,At Intersection,Traffic Signal,Angle,Clear,Daylight,Dry,Major Arterial,false,-79.38629088329193,43.65004418686537,2,,,2,NA,,Other Safety Equipment Used,,,,,,,,,,owner,NA,Spadina-Fort York (10),52 Division,Yonge-Bay Corridor,true,true,false,false,false,false,false,true,false,false,"{""coordinates"": [[-79.38629088329193, 43.65004418686537]], ""type"": ""MultiPoint""}"
7888,2012:1278585,2012-02-01T21:00:00,MARKHAM RD,ELLESMERE RD,,2,Non-Fatal Injury,At Intersection,Traffic Signal,Pedestrian Collision(internal code),Clear,Dark with Artificial Lighting,Dry,Major Arterial,false,-79.23179045395513,43.77644397978978,2,,West,2,66,Major,Other Safety Equipment Used,,,Crossing - marked crosswalk without right-of-way,Inattentive,,Driver going straight hits pedestrian crossing without right-of-way (at intersection),,,,pedestrian,NA,Scarborough-Guildwood (24),43 Division,Woburn North,false,true,false,false,false,true,true,false,false,false,"{""coordinates"": [[-79.23179045395513, 43.77644397978978]], ""type"": ""MultiPoint""}"
7889,2012:1278585,2012-02-01T21:00:00,MARKHAM RD,ELLESMERE RD,,2,Non-Fatal Injury,At Intersection,Traffic Signal,Pedestrian Collision(internal code),Clear,Dark with Artificial Lighting,Dry,Major Arterial,false,-79.23179045395513,43.77644397978978,1,Automobile or Station Wagon,North,1,61,None,Lap and Shoulder Belt,Driving properly,Normal,,,Going Ahead,,,,,driver,NA,Scarborough-Guildwood (24),43 Division,Woburn North,false,true,false,false,false,true,true,false,false,false,"{""coordinates"": [[-79.23179045395513, 43.77644397978978]], ""type"": ""MultiPoint""}"
7890,2012:1288123,2012-02-01T23:17:00,LAWRENCE AVE E,KINGSTON RD,,2,Non-Fatal Injury,At Intersection,No Control,Pedestrian Collision(internal code),Clear,Dark with Artificial Lighting,Dry,Major Arterial,false,-79.18939040230913,43.76764393565856,1,Automobile or Station Wagon,East,1,35,Minimal,Lap and Shoulder Belt,Driving properly,Normal,,,Going Ahead,,,,,driver,NA,Scarborough-Guildwood (24),43 Division,West Hill,false,false,false,false,false,false,true,false,false,false,"{""coordinates"": [[-79.18939040230913, 43.76764393565856]], ""type"": ""MultiPoint""}"
7891,2012:1288123,2012-02-01T23:17:00,LAWRENCE AVE E,KINGSTON RD,,2,Non-Fatal Injury,At Intersection,No Control,Pedestrian Collision(internal code),Clear,Dark with Artificial Lighting,Dry,Major Arterial,false,-79.18939040230913,43.76764393565856,2,,South,2,37,Major,Other Safety Equipment Used,,,Crossing - no traffic control,Had Been Drinking,,Driver hits pedestrian at midblock,,,,pedestrian,NA,Scarborough-Guildwood (24),43 Division,West Hill,false,false,false,false,false,false,true,false,false,false,"{""coordinates"": [[-79.18939040230913, 43.76764393565856]], ""type"": ""MultiPoint""}"
7892,2012:1278772,2012-02-02T15:45:00,SHEPPARD AVE W,KEELE ST,,3,Non-Fatal Injury,,No Control,SMV Other,Clear,Daylight,Dry,Major Arterial,false,-79.48799091145746,43.744444293684005,1,Municipal Transit Bus (TTC),West,3,42,None,Other Safety Equipment Used,Driving properly,Normal,,,Going Ahead,,,,,driver,NA,York Centre (6),31 Division,Downsview,false,false,false,false,false,true,false,false,false,true,"{""coordinates"": [[-79.48799091145746, 43.744444293684005]], ""type"": ""MultiPoint""}"
7893,2012:1278772,2012-02-02T15:45:00,SHEPPARD AVE W,KEELE ST,,3,Non-Fatal Injury,,No Control,SMV Other,Clear,Daylight,Dry,Major Arterial,false,-79.48799091145746,43.744444293684005,1,,,1,75,Major,Other Safety Equipment Used,,,,,,,,,,passenger,NA,York Centre (6),31 Division,Downsview,false,false,false,false,false,true,false,false,false,true,"{""coordinates"": [[-79.48799091145746, 43.744444293684005]], ""type"": ""MultiPoint""}"
7894,2012:1278772,2012-02-02T15:45:00,SHEPPARD AVE W,KEELE ST,,3,Non-Fatal Injury,,No Control,SMV Other,Clear,Daylight,Dry,Major Arterial,false,-79.48799091145746,43.744444293684005,1,,,2,NA,,Other Safety Equipment Used,,,,,,,,,,owner,NA,York Centre (6),31 Division,Downsview,false,false,false,false,false,true,false,false,false,true,"{""coordinates"": [[-79.48799091145746, 43.744444293684005]], ""type"": ""MultiPoint""}"
7895,2012:1288047,2012-02-03T04:15:00,HUPFIELD TRL,PENNYHILL DR,,2,Non-Fatal Injury,,No Control,SMV Other,Clear,Dark,Dry,Collector,false,-79.21509040198588,43.81594397133761,1,Automobile or Station Wagon,South,1,28,Major,Lap and Shoulder Belt,Lost control,Ability Impaired - Alcohol,,,Going Ahead,,,,,driver,NA,Scarborough-Rouge Park (25),42 Division,Malvern East,false,false,false,false,false,false,false,false,false,false,"{""coordinates"": [[-79.21509040198588, 43.81594397133761]], ""type"": ""MultiPoint""}"
7896,2012:1288047,2012-02-03T04:15:00,HUPFIELD TRL,PENNYHILL DR,,2,Non-Fatal Injury,,No Control,SMV Other,Clear,Dark,Dry,Collector,false,-79.21509040198588,43.81594397133761,2,,,2,NA,,Other Safety Equipment Used,,,,,,,,,,owner,NA,Scarborough-Rouge Park (25),42 Division,Malvern East,false,false,false,false,false,false,false,false,false,false,"{""coordinates"": [[-79.21509040198588, 43.81594397133761]], ""type"": ""MultiPoint""}"
7897,2012:1288002,2012-02-03T18:20:00,WYNFORD DR,CONCORDE PL,,2,Non-Fatal Injury,At Intersection,Traffic Signal,Pedestrian Collision(internal code),Clear,Dark with Artificial Lighting,Dry,Minor Arterial,false,-79.32779066240833,43.72734409295645,2,,Unknown,2,35,Major,No Equipment Available,,,Crossing with right-of-way (intersection),Normal,,Driver turns right into pedestrian crossing with right-of-way (at intersection),,,,pedestrian,NA,Don Valley East (16),33 Division,Banbury-Don Mills,true,false,false,false,false,true,true,false,false,false,"{""coordinates"": [[-79.32779066240833, 43.72734409295645]], ""type"": ""MultiPoint""}"
7898,2012:1288002,2012-02-03T18:20:00,WYNFORD DR,CONCORDE PL,,2,Non-Fatal Injury,At Intersection,Traffic Signal,Pedestrian Collision(internal code),Clear,Dark with Artificial Lighting,Dry,Minor Arterial,false,-79.32779066240833,43.72734409295645,1,Automobile or Station Wagon,South,1,79,None,Other Safety Equipment Used,Failed to yield right-of-way,Unknown,,,Turning Right,,,,,driver,NA,Don Valley East (16),33 Division,Banbury-Don Mills,true,false,false,false,false,true,true,false,false,false,"{""coordinates"": [[-79.32779066240833, 43.72734409295645]], ""type"": ""MultiPoint""}"
7899,2012:1281294,2012-02-04T06:30:00,STEELES AVE E,BIRCHMOUNT RD,,2,Non-Fatal Injury,At Intersection,Traffic Signal,Pedestrian Collision(internal code),Clear,Dark with Artificial Lighting,Dry,Major Arterial,true,-79.3168905466203,43.82134408068504,1,,South,2,56,Major,Other Safety Equipment Used,,,Crossing with right-of-way (intersection),Normal,,Driver turns left into pedestrian crossing with right-of-way (at intersection),,,,pedestrian,NA,Scarborough-Agincourt (22),42 Division,Steeles,true,false,false,false,false,false,true,false,false,false,"{""coordinates"": [[-79.3168905466203, 43.821344080685044]], ""type"": ""MultiPoint""}"
7900,2012:1281294,2012-02-04T06:30:00,STEELES AVE E,BIRCHMOUNT RD,,2,Non-Fatal Injury,At Intersection,Traffic Signal,Pedestrian Collision(internal code),Clear,Dark with Artificial Lighting,Dry,Major Arterial,true,-79.3168905466203,43.82134408068504,1,Automobile or Station Wagon,North,1,NA,None,Other Safety Equipment Used,Failed to yield right-of-way,Unknown,,,Turning Left,,,,,driver,NA,Scarborough-Agincourt (22),42 Division,Steeles,true,false,false,false,false,false,true,false,false,false,"{""coordinates"": [[-79.3168905466203, 43.821344080685044]], ""type"": ""MultiPoint""}"
7901,2012:1279209,2012-02-06T02:33:00,F G GARDINER XY E,DUFFERIN ST,,3,Fatal Injury,,No Control,Pedestrian Collision(internal code),Clear,Dark with Artificial Lighting,Other,,false,-79.4292869961116,43.63264225632466,2,Automobile or Station Wagon,East,2,23,None,Use Unknown,Other,Had Been Drinking,,,Going Ahead,,,,,other,NA,Parkdale-High Park (4),14 Division,South Parkdale,false,false,false,false,false,false,true,false,true,true,"{""coordinates"": [[-79.4292869961116, 43.63264225632466]], ""type"": ""MultiPoint""}"
7902,2012:1279209,2012-02-06T02:33:00,F G GARDINER XY E,DUFFERIN ST,,3,Fatal Injury,,No Control,Pedestrian Collision(internal code),Clear,Dark with Artificial Lighting,Other,,false,-79.4292869961116,43.63264225632466,1,Truck - Open (Flatbed),East,1,40,None,Other Safety Equipment Used,Driving properly,Normal,,,Going Ahead,,,,,driver,NA,Parkdale-High Park (4),14 Division,South Parkdale,false,false,false,false,false,false,true,false,true,true,"{""coordinates"": [[-79.4292869961116, 43.63264225632466]], ""type"": ""MultiPoint""}"
7903,2012:1279209,2012-02-06T02:33:00,F G GARDINER XY E,DUFFERIN ST,,3,Fatal Injury,,No Control,Pedestrian Collision(internal code),Clear,Dark with Artificial Lighting,Other,,false,-79.4292869961116,43.63264225632466,2,,Unknown,3,19,Fatal,Use Unknown,,,Person getting on/off vehicle,Had Been Drinking,,Driver hits pedestrian at midblock,,,,pedestrian,5,Parkdale-High Park (4),14 Division,South Parkdale,false,false,false,false,false,false,true,false,true,true,"{""coordinates"": [[-79.4292869961116, 43.63264225632466]], ""type"": ""MultiPoint""}"
7904,2012:1288905,2012-02-07T10:16:00,YONGE ST,ROEHAMPTON AVE,,2,Non-Fatal Injury,At Intersection,Stop Sign,Pedestrian Collision(internal code),Clear,Daylight,Dry,Major Arterial,false,-79.39859381656701,43.70794519018624,1,Automobile or Station Wagon,West,1,34,None,Lap Belt Only,Driving properly,Unknown,,,Turning Left,,,,,driver,NA,Toronto-St. Paul's (12),53 Division,North Toronto,false,true,false,false,false,true,true,false,false,false,"{""coordinates"": [[-79.39859381656701, 43.707945190186244]], ""type"": ""MultiPoint""}"
7905,2012:1288905,2012-02-07T10:16:00,YONGE ST,ROEHAMPTON AVE,,2,Non-Fatal Injury,At Intersection,Stop Sign,Pedestrian Collision(internal code),Clear,Daylight,Dry,Major Arterial,false,-79.39859381656701,43.70794519018624,2,,West,2,70,Major,Other Safety Equipment Used,,,Crossing - no traffic control,Inattentive,,Driver turns left into pedestrian crossing without right-of-way (at intersection),,,,pedestrian,NA,Toronto-St. Paul's (12),53 Division,North Toronto,false,true,false,false,false,true,true,false,false,false,"{""coordinates"": [[-79.39859381656701, 43.707945190186244]], ""type"": ""MultiPoint""}"
7906,2012:1288672,2012-02-07T13:27:00,LONSDALE RD,DUNVEGAN RD,,2,Non-Fatal Injury,At Intersection,Stop Sign,Cyclist Collision,Clear,Daylight,Dry,Collector,false,-79.40639085904556,43.69004420563072,2,Bicycle,North,2,36,Minimal,Other Safety Equipment Used,,,,,Going Ahead,,"Driver without right-of-way drives into path of cyclist (at intersection, laneway, or driveway)",Driving Properly,Normal,cyclist,NA,Toronto-St. Paul's (12),53 Division,Casa Loma,true,false,true,false,false,true,false,false,false,false,"{""coordinates"": [[-79.40639085904556, 43.69004420563072]], ""type"": ""MultiPoint""}"
7907,2012:1288672,2012-02-07T13:27:00,LONSDALE RD,DUNVEGAN RD,,2,Non-Fatal Injury,At Intersection,Stop Sign,Cyclist Collision,Clear,Daylight,Dry,Collector,false,-79.40639085904556,43.69004420563072,1,Automobile or Station Wagon,West,1,69,Major,Lap Belt Only,Failed to yield right-of-way,Normal,,,Going Ahead,,,,,driver,NA,Toronto-St. Paul's (12),53 Division,Casa Loma,true,false,true,false,false,true,false,false,false,false,"{""coordinates"": [[-79.40639085904556, 43.69004420563072]], ""type"": ""MultiPoint""}"
7908,2012:1279672,2012-02-08T13:07:00,CARLAW Aven,GERRARD Stre E,,5,Non-Fatal Injury,At Intersection,Traffic Signal,Turning Movement,Clear,Daylight,Dry,Minor Arterial,false,-79.34279077340162,43.667544120145216,2,,,4,68,Major,Lap and Shoulder Belt,,,,,,,,,,passenger,NA,Toronto-Danforth (14),55 Division,South Riverdale,false,false,false,false,false,true,false,false,false,false,"{""coordinates"": [[-79.34279077340162, 43.667544120145216]], ""type"": ""MultiPoint""}"