X_id,collision_id,accdate,stname1,stname2,stname3,per_inv,acclass,accloc,traffictl,impactype,visible,light,rdsfcond,road_class,failtorem,longitude,latitude,veh_no,vehtype,initdir,per_no,invage,injury,safequip,drivact,drivcond,pedact,pedcond,manoeuvre,pedtype,cyclistype,cycact,cyccond,road_user,fatal_no,wardname,division,neighbourhood,aggressive,distracted,cyclist,motorcyclist,other_micromobility,older_adult,pedestrian,red_light,school_child,heavy_truck,geometry
8013,2012:1291622,2012-03-04T09:34:00,TAPSCOTT Road,WASHBURN Way,,3,Non-Fatal Injury,At Intersection,Traffic Signal,Pedestrian Collision(internal code),Clear,Daylight,Dry,Minor Arterial,false,-79.22419042242481,43.80444397767016,2,,,2,NA,,Other Safety Equipment Used,,,,,,,,,,owner,NA,Scarborough North (23),42 Division,Malvern West,true,true,false,false,false,true,true,false,false,false,"{""coordinates"": [[-79.22419042242481, 43.80444397767016]], ""type"": ""MultiPoint""}"
8014,2012:1291754,2012-03-05T12:14:00,1 MASSEY Sq,,,2,Non-Fatal Injury,,No Control,Pedestrian Collision(internal code),Clear,Daylight,Dry,Other,false,-79.29229063996945,43.69644404703717,2,,West,2,NA,Major,Other Safety Equipment Used,,,On sidewalk or shoulder,Normal,,Driver hits pedestrian on sidewalk or shoulder,,,,pedestrian,NA,Beaches-East York (19),55 Division,Taylor-Massey,true,false,false,false,false,false,true,false,false,false,"{""coordinates"": [[-79.29229063996945, 43.69644404703717]], ""type"": ""MultiPoint""}"
8015,2012:1291754,2012-03-05T12:14:00,1 MASSEY Sq,,,2,Non-Fatal Injury,,No Control,Pedestrian Collision(internal code),Clear,Daylight,Dry,Other,false,-79.29229063996945,43.69644404703717,1,Automobile or Station Wagon,South,1,53,None,Other Safety Equipment Used,Failed to yield right-of-way,Normal,,,Going Ahead,,,,,driver,NA,Beaches-East York (19),55 Division,Taylor-Massey,true,false,false,false,false,false,true,false,false,false,"{""coordinates"": [[-79.29229063996945, 43.69644404703717]], ""type"": ""MultiPoint""}"
8016,2012:1283446,2012-03-07T15:32:00,QUEEN ST E,hambly AVE,,3,Non-Fatal Injury,,No Control,Pedestrian Collision(internal code),Clear,Daylight,Dry,Minor Arterial,false,-79.29689068177858,43.670644053907154,1,Truck - Open (Flatbed),West,2,49,None,Other Safety Equipment Used,Failed to yield right-of-way,Unknown,,,Going Ahead,,,,,driver,NA,Beaches-East York (19),55 Division,The Beaches,true,false,false,false,false,false,true,false,false,true,"{""coordinates"": [[-79.29689068177858, 43.670644053907154]], ""type"": ""MultiPoint""}"
8017,2012:1283446,2012-03-07T15:32:00,QUEEN ST E,hambly AVE,,3,Non-Fatal Injury,,No Control,Pedestrian Collision(internal code),Clear,Daylight,Dry,Minor Arterial,false,-79.29689068177858,43.670644053907154,2,,Unknown,3,33,Major,Other Safety Equipment Used,,,Crossing without right-of-way (intersection),Normal,,Driver going straight hits pedestrian crossing with right-of-way (at intersection),,,,pedestrian,NA,Beaches-East York (19),55 Division,The Beaches,true,false,false,false,false,false,true,false,false,true,"{""coordinates"": [[-79.29689068177858, 43.670644053907154]], ""type"": ""MultiPoint""}"
8018,2012:1283446,2012-03-07T15:32:00,QUEEN ST E,hambly AVE,,3,Non-Fatal Injury,,No Control,Pedestrian Collision(internal code),Clear,Daylight,Dry,Minor Arterial,false,-79.29689068177858,43.670644053907154,1,,,1,NA,,Other Safety Equipment Used,,,,,,,,,,owner,NA,Beaches-East York (19),55 Division,The Beaches,true,false,false,false,false,false,true,false,false,true,"{""coordinates"": [[-79.29689068177858, 43.670644053907154]], ""type"": ""MultiPoint""}"
8019,2012:1292008,2012-03-07T20:00:00,SHEPPARD Aven W,BUCKLAND Road,,4,Non-Fatal Injury,,No Control,Rear End,Clear,Dark with Artificial Lighting,Dry,Major Arterial,false,-79.50429094391342,43.740844315416666,2,,,3,NA,,Other Safety Equipment Used,,,,,,,,,,owner,NA,York Centre (6),31 Division,Glenfield-Jane Heights,false,false,false,false,false,false,false,false,false,false,"{""coordinates"": [[-79.50429094391342, 43.740844315416666]], ""type"": ""MultiPoint""}"
8020,2012:1292008,2012-03-07T20:00:00,SHEPPARD Aven W,BUCKLAND Road,,4,Non-Fatal Injury,,No Control,Rear End,Clear,Dark with Artificial Lighting,Dry,Major Arterial,false,-79.50429094391342,43.740844315416666,1,,,1,NA,,Other Safety Equipment Used,,,,,,,,,,owner,NA,York Centre (6),31 Division,Glenfield-Jane Heights,false,false,false,false,false,false,false,false,false,false,"{""coordinates"": [[-79.50429094391342, 43.740844315416666]], ""type"": ""MultiPoint""}"
8021,2012:1292008,2012-03-07T20:00:00,SHEPPARD Aven W,BUCKLAND Road,,4,Non-Fatal Injury,,No Control,Rear End,Clear,Dark with Artificial Lighting,Dry,Major Arterial,false,-79.50429094391342,43.740844315416666,1,Pickup Truck,West,2,45,Major,Lap and Shoulder Belt,Driving properly,Normal,,,Stopped,,,,,driver,NA,York Centre (6),31 Division,Glenfield-Jane Heights,false,false,false,false,false,false,false,false,false,false,"{""coordinates"": [[-79.50429094391342, 43.740844315416666]], ""type"": ""MultiPoint""}"
8022,2012:1292008,2012-03-07T20:00:00,SHEPPARD Aven W,BUCKLAND Road,,4,Non-Fatal Injury,,No Control,Rear End,Clear,Dark with Artificial Lighting,Dry,Major Arterial,false,-79.50429094391342,43.740844315416666,2,Automobile or Station Wagon,West,4,29,Minor,Lap and Shoulder Belt,Lost control,Normal,,,Going Ahead,,,,,driver,NA,York Centre (6),31 Division,Glenfield-Jane Heights,false,false,false,false,false,false,false,false,false,false,"{""coordinates"": [[-79.50429094391342, 43.740844315416666]], ""type"": ""MultiPoint""}"
8023,2012:1292054,2012-03-08T15:11:00,STEELES Aven E,REESOR Road,,2,Non-Fatal Injury,,No Control,Approaching Head On,Clear,Daylight,Wet,Minor Arterial,false,-79.19129034738708,43.85024395705172,2,Automobile or Station Wagon,West,2,56,Minor,Lap and Shoulder Belt,Lost control,Unknown,,,Going Ahead,,,,,driver,NA,Scarborough-Rouge Park (25),42 Division,Morningside Heights,false,false,false,false,false,false,false,false,false,false,"{""coordinates"": [[-79.19129034738708, 43.85024395705172]], ""type"": ""MultiPoint""}"
8024,2012:1292054,2012-03-08T15:11:00,STEELES Aven E,REESOR Road,,2,Non-Fatal Injury,,No Control,Approaching Head On,Clear,Daylight,Wet,Minor Arterial,false,-79.19129034738708,43.85024395705172,1,Automobile or Station Wagon,East,1,47,Major,Lap and Shoulder Belt,Driving properly,Normal,,,Going Ahead,,,,,driver,NA,Scarborough-Rouge Park (25),42 Division,Morningside Heights,false,false,false,false,false,false,false,false,false,false,"{""coordinates"": [[-79.19129034738708, 43.85024395705172]], ""type"": ""MultiPoint""}"
8025,2012:1292158,2012-03-10T04:45:00,FINCH Aven W,PITTSBORO Driv,,2,Non-Fatal Injury,,No Control,SMV Other,Clear,Dark with Artificial Lighting,Dry,Major Arterial,true,-79.59009105815251,43.73744441323657,1,Automobile or Station Wagon,East,1,25,Major,Lap and Shoulder Belt,Lost control,Unknown,,,Going Ahead,,,,,driver,NA,Etobicoke North (1),23 Division,Mount Olive-Silverstone-Jamestown,false,false,false,false,false,false,false,false,false,false,"{""coordinates"": [[-79.59009105815251, 43.73744441323657]], ""type"": ""MultiPoint""}"
8026,2012:1292158,2012-03-10T04:45:00,FINCH Aven W,PITTSBORO Driv,,2,Non-Fatal Injury,,No Control,SMV Other,Clear,Dark with Artificial Lighting,Dry,Major Arterial,true,-79.59009105815251,43.73744441323657,2,,,2,NA,,Other Safety Equipment Used,,,,,,,,,,owner,NA,Etobicoke North (1),23 Division,Mount Olive-Silverstone-Jamestown,false,false,false,false,false,false,false,false,false,false,"{""coordinates"": [[-79.59009105815251, 43.73744441323657]], ""type"": ""MultiPoint""}"
8027,2012:1292500,2012-03-13T18:55:00,LAKE SHORE BLVD W,LAKE CRES,,2,Non-Fatal Injury,,No Control,SMV Other,Clear,Daylight,Dry,Major Arterial,false,-79.49049116534243,43.6069443616351,1,Automobile or Station Wagon,North,1,52,Major,Lap and Shoulder Belt,Lost control,Unknown,,,Going Ahead,,,,,driver,NA,Etobicoke-Lakeshore (3),22 Division,Mimico-Queensway,false,false,false,false,false,false,false,false,false,false,"{""coordinates"": [[-79.49049116534243, 43.6069443616351]], ""type"": ""MultiPoint""}"
8028,2012:1292500,2012-03-13T18:55:00,LAKE SHORE BLVD W,LAKE CRES,,2,Non-Fatal Injury,,No Control,SMV Other,Clear,Daylight,Dry,Major Arterial,false,-79.49049116534243,43.6069443616351,2,,,2,NA,,Other Safety Equipment Used,,,,,,,,,,owner,NA,Etobicoke-Lakeshore (3),22 Division,Mimico-Queensway,false,false,false,false,false,false,false,false,false,false,"{""coordinates"": [[-79.49049116534243, 43.6069443616351]], ""type"": ""MultiPoint""}"
8029,2012:1284315,2012-03-13T22:10:00,BLEECKER St,CARLTON St,,3,Non-Fatal Injury,,No Control,SMV Unattended Vehicle,Clear,Dark with Artificial Lighting,Dry,Collector,true,-79.37289083475162,43.664944164053715,1,,,1,NA,None,Other Safety Equipment Used,,,,,Parked,,,,,other,NA,Toronto Centre (13),51 Division,Cabbagetown-South St.James Town,false,false,false,false,false,false,false,false,false,false,"{""coordinates"": [[-79.37289083475162, 43.664944164053715]], ""type"": ""MultiPoint""}"
8030,2012:1284315,2012-03-13T22:10:00,BLEECKER St,CARLTON St,,3,Non-Fatal Injury,,No Control,SMV Unattended Vehicle,Clear,Dark with Artificial Lighting,Dry,Collector,true,-79.37289083475162,43.664944164053715,3,Automobile or Station Wagon,North,3,NA,Major,Other Safety Equipment Used,Other,Unknown,,,Going Ahead,,,,,driver,NA,Toronto Centre (13),51 Division,Cabbagetown-South St.James Town,false,false,false,false,false,false,false,false,false,false,"{""coordinates"": [[-79.37289083475162, 43.664944164053715]], ""type"": ""MultiPoint""}"
8031,2012:1284315,2012-03-13T22:10:00,BLEECKER St,CARLTON St,,3,Non-Fatal Injury,,No Control,SMV Unattended Vehicle,Clear,Dark with Artificial Lighting,Dry,Collector,true,-79.37289083475162,43.664944164053715,2,,,2,NA,,Other Safety Equipment Used,,,,,,,,,,owner,NA,Toronto Centre (13),51 Division,Cabbagetown-South St.James Town,false,false,false,false,false,false,false,false,false,false,"{""coordinates"": [[-79.37289083475162, 43.664944164053715]], ""type"": ""MultiPoint""}"
8032,2012:1284316,2012-03-14T00:51:00,59 BARFORD RD,,,2,Non-Fatal Injury,,No Control,Pedestrian Collision(internal code),Clear,Dark,Dry,Local,true,-79.57059104468142,43.73154439479107,1,,East,1,38,Major,Other Safety Equipment Used,,,Other,Normal,,Driver reversing hits pedestrian,,,,pedestrian,NA,Etobicoke North (1),23 Division,Rexdale-Kipling,false,false,false,false,false,false,true,false,false,false,"{""coordinates"": [[-79.57059104468142, 43.73154439479107]], ""type"": ""MultiPoint""}"
8033,2012:1284316,2012-03-14T00:51:00,59 BARFORD RD,,,2,Non-Fatal Injury,,No Control,Pedestrian Collision(internal code),Clear,Dark,Dry,Local,true,-79.57059104468142,43.73154439479107,2,Automobile or Station Wagon,South,2,NA,None,Other Safety Equipment Used,Other,Unknown,,,Reversing,,,,,driver,NA,Etobicoke North (1),23 Division,Rexdale-Kipling,false,false,false,false,false,false,true,false,false,false,"{""coordinates"": [[-79.57059104468142, 43.73154439479107]], ""type"": ""MultiPoint""}"
8034,2012:1292914,2012-03-14T15:50:00,COLLEGE ST,BATHURST ST,,3,Non-Fatal Injury,At Intersection,Traffic Signal,Cyclist Collision,Clear,Daylight,Dry,Major Arterial,false,-79.40768091499373,43.65640821679872,1,Bicycle,East,1,53,Major,No Equipment Available,,,,,Going Ahead,,"Cyclist without right-of-way rides into path of driver (at intersection, laneway, or driveway)",Improper Passing,Normal,cyclist,NA,University-Rosedale (11),14 Division,Kensington-Chinatown,false,false,true,false,false,false,false,false,false,false,"{""coordinates"": [[-79.40768091499373, 43.656408216798724]], ""type"": ""MultiPoint""}"
8035,2012:1292914,2012-03-14T15:50:00,COLLEGE ST,BATHURST ST,,3,Non-Fatal Injury,At Intersection,Traffic Signal,Cyclist Collision,Clear,Daylight,Dry,Major Arterial,false,-79.40768091499373,43.65640821679872,2,Automobile or Station Wagon,East,2,26,None,Lap and Shoulder Belt,Driving properly,Normal,,,Turning Right,,,,,driver,NA,University-Rosedale (11),14 Division,Kensington-Chinatown,false,false,true,false,false,false,false,false,false,false,"{""coordinates"": [[-79.40768091499373, 43.656408216798724]], ""type"": ""MultiPoint""}"
8036,2012:1292914,2012-03-14T15:50:00,COLLEGE ST,BATHURST ST,,3,Non-Fatal Injury,At Intersection,Traffic Signal,Cyclist Collision,Clear,Daylight,Dry,Major Arterial,false,-79.40768091499373,43.65640821679872,1,,,3,NA,,Other Safety Equipment Used,,,,,,,,,,other,NA,University-Rosedale (11),14 Division,Kensington-Chinatown,false,false,true,false,false,false,false,false,false,false,"{""coordinates"": [[-79.40768091499373, 43.656408216798724]], ""type"": ""MultiPoint""}"
8037,2012:1293196,2012-03-15T13:30:00,DUNDAS Stre W,HIGHWAY 427 C S,,7,Non-Fatal Injury,At Intersection,Traffic Signal,Angle,Clear,Daylight,Dry,Major Arterial,false,-79.55489121655488,43.628944434341506,3,Automobile or Station Wagon,North,7,59,Minimal,Lap and Shoulder Belt,Driving properly,Normal,,,Going Ahead,,,,,driver,NA,Etobicoke-Lakeshore (3),22 Division,Etobicoke City Centre,true,false,false,false,false,false,false,false,false,false,"{""coordinates"": [[-79.55489121655488, 43.628944434341506]], ""type"": ""MultiPoint""}"
8038,2012:1293196,2012-03-15T13:30:00,DUNDAS Stre W,HIGHWAY 427 C S,,7,Non-Fatal Injury,At Intersection,Traffic Signal,Angle,Clear,Daylight,Dry,Major Arterial,false,-79.55489121655488,43.628944434341506,2,,,2,1,Major,Child Safety Seat Used Correctly,,,,,,,,,,passenger,NA,Etobicoke-Lakeshore (3),22 Division,Etobicoke City Centre,true,false,false,false,false,false,false,false,false,false,"{""coordinates"": [[-79.55489121655488, 43.628944434341506]], ""type"": ""MultiPoint""}"
8039,2012:1293196,2012-03-15T13:30:00,DUNDAS Stre W,HIGHWAY 427 C S,,7,Non-Fatal Injury,At Intersection,Traffic Signal,Angle,Clear,Daylight,Dry,Major Arterial,false,-79.55489121655488,43.628944434341506,1,Automobile or Station Wagon,North,1,50,None,Other Safety Equipment Used,Driving properly,Normal,,,Going Ahead,,,,,driver,NA,Etobicoke-Lakeshore (3),22 Division,Etobicoke City Centre,true,false,false,false,false,false,false,false,false,false,"{""coordinates"": [[-79.55489121655488, 43.628944434341506]], ""type"": ""MultiPoint""}"
8040,2012:1293196,2012-03-15T13:30:00,DUNDAS Stre W,HIGHWAY 427 C S,,7,Non-Fatal Injury,At Intersection,Traffic Signal,Angle,Clear,Daylight,Dry,Major Arterial,false,-79.55489121655488,43.628944434341506,2,,,5,NA,,Other Safety Equipment Used,,,,,,,,,,owner,NA,Etobicoke-Lakeshore (3),22 Division,Etobicoke City Centre,true,false,false,false,false,false,false,false,false,false,"{""coordinates"": [[-79.55489121655488, 43.628944434341506]], ""type"": ""MultiPoint""}"
8041,2012:1293196,2012-03-15T13:30:00,DUNDAS Stre W,HIGHWAY 427 C S,,7,Non-Fatal Injury,At Intersection,Traffic Signal,Angle,Clear,Daylight,Dry,Major Arterial,false,-79.55489121655488,43.628944434341506,2,,,4,32,Minor,Lap and Shoulder Belt,,,,,,,,,,passenger,NA,Etobicoke-Lakeshore (3),22 Division,Etobicoke City Centre,true,false,false,false,false,false,false,false,false,false,"{""coordinates"": [[-79.55489121655488, 43.628944434341506]], ""type"": ""MultiPoint""}"
8042,2012:1293196,2012-03-15T13:30:00,DUNDAS Stre W,HIGHWAY 427 C S,,7,Non-Fatal Injury,At Intersection,Traffic Signal,Angle,Clear,Daylight,Dry,Major Arterial,false,-79.55489121655488,43.628944434341506,2,Automobile or Station Wagon,East,6,27,Minor,Lap and Shoulder Belt,Failed to yield right-of-way,Normal,,,Going Ahead,,,,,driver,NA,Etobicoke-Lakeshore (3),22 Division,Etobicoke City Centre,true,false,false,false,false,false,false,false,false,false,"{""coordinates"": [[-79.55489121655488, 43.628944434341506]], ""type"": ""MultiPoint""}"
8043,2012:1293196,2012-03-15T13:30:00,DUNDAS Stre W,HIGHWAY 427 C S,,7,Non-Fatal Injury,At Intersection,Traffic Signal,Angle,Clear,Daylight,Dry,Major Arterial,false,-79.55489121655488,43.628944434341506,2,,,3,NA,Minimal,Child Safety Seat Used Correctly,,,,,,,,,,passenger,NA,Etobicoke-Lakeshore (3),22 Division,Etobicoke City Centre,true,false,false,false,false,false,false,false,false,false,"{""coordinates"": [[-79.55489121655488, 43.628944434341506]], ""type"": ""MultiPoint""}"
8044,2012:1293192,2012-03-15T17:33:00,BLOOR Stre W,MARKLAND Driv,,3,Non-Fatal Injury,At Intersection,Traffic Signal,Turning Movement,Clear,Daylight,Dry,Major Arterial,false,-79.57079122878501,43.63354445153393,2,Automobile or Station Wagon,West,3,51,Major,Lap and Shoulder Belt,Failed to yield right-of-way,Normal,,,Turning Left,,,,,driver,NA,Etobicoke Centre (2),22 Division,Markland Wood,true,false,false,false,false,false,false,false,false,false,"{""coordinates"": [[-79.57079122878501, 43.63354445153393]], ""type"": ""MultiPoint""}"
8045,2012:1293192,2012-03-15T17:33:00,BLOOR Stre W,MARKLAND Driv,,3,Non-Fatal Injury,At Intersection,Traffic Signal,Turning Movement,Clear,Daylight,Dry,Major Arterial,false,-79.57079122878501,43.63354445153393,1,Automobile or Station Wagon,East,2,30,Major,Lap and Shoulder Belt,Driving properly,Normal,,,Going Ahead,,,,,driver,NA,Etobicoke Centre (2),22 Division,Markland Wood,true,false,false,false,false,false,false,false,false,false,"{""coordinates"": [[-79.57079122878501, 43.63354445153393]], ""type"": ""MultiPoint""}"
8046,2012:1292881,2012-03-16T05:34:00,MCCOWAN Rd,ELLESMERE Rd,,2,Non-Fatal Injury,,No Control,Cyclist Collision,Clear,Dark with Artificial Lighting,Dry,Major Arterial,false,-79.25129048481622,43.7715439986245,2,Bicycle,North,2,50,Major,Helmet,,,,,Going Ahead,,Rear end with cyclist and driver travelling in same direction,Driving Properly,Normal,cyclist,NA,Scarborough-Guildwood (24),43 Division,Woburn North,true,false,true,false,false,false,false,false,false,false,"{""coordinates"": [[-79.25129048481622, 43.7715439986245]], ""type"": ""MultiPoint""}"
8047,2012:1292881,2012-03-16T05:34:00,MCCOWAN Rd,ELLESMERE Rd,,2,Non-Fatal Injury,,No Control,Cyclist Collision,Clear,Dark with Artificial Lighting,Dry,Major Arterial,false,-79.25129048481622,43.7715439986245,1,Automobile or Station Wagon,North,1,26,None,Lap Belt Only,Improper passing,Normal,,,Going Ahead,,,,,driver,NA,Scarborough-Guildwood (24),43 Division,Woburn North,true,false,true,false,false,false,false,false,false,false,"{""coordinates"": [[-79.25129048481622, 43.7715439986245]], ""type"": ""MultiPoint""}"
8048,2012:1292886,2012-03-16T12:41:00,EGLINTON Aven E,BELLAMY Road N,,3,Non-Fatal Injury,At Intersection,Traffic Signal,Pedestrian Collision(internal code),Clear,Daylight,Dry,Major Arterial,false,-79.23209048558803,43.740243973978714,1,,,1,NA,,Other Safety Equipment Used,,,,,,,,,,owner,NA,Scarborough Southwest (20),43 Division,Eglinton East,true,false,false,false,false,true,true,false,false,false,"{""coordinates"": [[-79.23209048558803, 43.740243973978714]], ""type"": ""MultiPoint""}"
8049,2012:1292886,2012-03-16T12:41:00,EGLINTON Aven E,BELLAMY Road N,,3,Non-Fatal Injury,At Intersection,Traffic Signal,Pedestrian Collision(internal code),Clear,Daylight,Dry,Major Arterial,false,-79.23209048558803,43.740243973978714,1,Automobile or Station Wagon,South,2,67,None,Lap Belt Only,Failed to yield right-of-way,Normal,,,Turning Right,,,,,driver,NA,Scarborough Southwest (20),43 Division,Eglinton East,true,false,false,false,false,true,true,false,false,false,"{""coordinates"": [[-79.23209048558803, 43.740243973978714]], ""type"": ""MultiPoint""}"
8050,2012:1292886,2012-03-16T12:41:00,EGLINTON Aven E,BELLAMY Road N,,3,Non-Fatal Injury,At Intersection,Traffic Signal,Pedestrian Collision(internal code),Clear,Daylight,Dry,Major Arterial,false,-79.23209048558803,43.740243973978714,2,,South,3,66,Major,Other Safety Equipment Used,,,Crossing with right-of-way (intersection),Normal,,Driver turns right into pedestrian crossing with right-of-way (at intersection),,,,pedestrian,NA,Scarborough Southwest (20),43 Division,Eglinton East,true,false,false,false,false,true,true,false,false,false,"{""coordinates"": [[-79.23209048558803, 43.740243973978714]], ""type"": ""MultiPoint""}"
8051,2012:1292879,2012-03-16T17:04:00,MIDDLEFIELD Rd,NASHDENE Rd,,2,Non-Fatal Injury,,No Control,Pedestrian Collision(internal code),Clear,Daylight,Dry,Minor Arterial,false,-79.2608904630663,43.81714401674814,2,,West,2,27,Major,Other Safety Equipment Used,,,Crossing - no traffic control,Inattentive,,Driver hits pedestrian at midblock,,,,pedestrian,NA,Scarborough North (23),42 Division,Agincourt North,false,true,false,false,false,false,true,false,false,false,"{""coordinates"": [[-79.2608904630663, 43.81714401674814]], ""type"": ""MultiPoint""}"
8052,2012:1292879,2012-03-16T17:04:00,MIDDLEFIELD Rd,NASHDENE Rd,,2,Non-Fatal Injury,,No Control,Pedestrian Collision(internal code),Clear,Daylight,Dry,Minor Arterial,false,-79.2608904630663,43.81714401674814,1,Automobile or Station Wagon,South,1,47,None,Lap Belt Only,Driving properly,Normal,,,Going Ahead,,,,,driver,NA,Scarborough North (23),42 Division,Agincourt North,false,true,false,false,false,false,true,false,false,false,"{""coordinates"": [[-79.2608904630663, 43.81714401674814]], ""type"": ""MultiPoint""}"
8053,2012:1285462,2012-03-17T10:20:00,ROSEDALE VALLEY RD,BAYVIEW AVE,,1,Non-Fatal Injury,At Intersection,Traffic Signal,Rear End,Clear,Daylight,Wet,Major Arterial,false,-79.36019080280592,43.67014414479242,1,,,1,NA,,Other Safety Equipment Used,,,,,,,,,,owner,NA,Toronto Centre (13),51 Division,Cabbagetown-South St.James Town,true,true,false,false,false,false,false,false,false,false,"{""coordinates"": [[-79.36019080280592, 43.67014414479242]], ""type"": ""MultiPoint""}"
8054,2012:1285462,2012-03-17T10:20:00,ROSEDALE VALLEY RD,BAYVIEW AVE,,1,Non-Fatal Injury,At Intersection,Traffic Signal,Rear End,Clear,Daylight,Wet,Major Arterial,false,-79.36019080280592,43.67014414479242,2,Automobile or Station Wagon,East,3,41,Major,Other Safety Equipment Used,Following too closely,Inattentive,,,Stopped,,,,,driver,NA,Toronto Centre (13),51 Division,Cabbagetown-South St.James Town,true,true,false,false,false,false,false,false,false,false,"{""coordinates"": [[-79.36019080280592, 43.67014414479242]], ""type"": ""MultiPoint""}"
8055,2012:1285462,2012-03-17T10:20:00,ROSEDALE VALLEY RD,BAYVIEW AVE,,1,Non-Fatal Injury,At Intersection,Traffic Signal,Rear End,Clear,Daylight,Wet,Major Arterial,false,-79.36019080280592,43.67014414479242,1,Automobile or Station Wagon,East,2,32,None,Other Safety Equipment Used,Driving properly,Normal,,,Going Ahead,,,,,driver,NA,Toronto Centre (13),51 Division,Cabbagetown-South St.James Town,true,true,false,false,false,false,false,false,false,false,"{""coordinates"": [[-79.36019080280592, 43.67014414479242]], ""type"": ""MultiPoint""}"
8056,2012:1284881,2012-03-18T16:04:00,RATHBURN Road,WEST DEANE PARK Driv,,2,Non-Fatal Injury,At Intersection,No Control,Turning Movement,Clear,Daylight,Dry,Minor Arterial,false,-79.5575911684983,43.6565444222234,1,Motorcycle,West,1,28,Major,Helmet,Exceeding speed limit,Normal,,,Going Ahead,,,,,motorcyclist,NA,Etobicoke Centre (2),22 Division,Eringate-Centennial-West Deane,true,false,false,true,false,true,false,false,false,false,"{""coordinates"": [[-79.5575911684983, 43.6565444222234]], ""type"": ""MultiPoint""}"
8057,2012:1284881,2012-03-18T16:04:00,RATHBURN Road,WEST DEANE PARK Driv,,2,Non-Fatal Injury,At Intersection,No Control,Turning Movement,Clear,Daylight,Dry,Minor Arterial,false,-79.5575911684983,43.6565444222234,2,Automobile or Station Wagon,West,2,76,None,Lap and Shoulder Belt,Driving properly,Normal,,,Turning Right,,,,,driver,NA,Etobicoke Centre (2),22 Division,Eringate-Centennial-West Deane,true,false,false,true,false,true,false,false,false,false,"{""coordinates"": [[-79.5575911684983, 43.6565444222234]], ""type"": ""MultiPoint""}"
8058,2012:1293088,2012-03-18T18:10:00,BLOOR Stre W,LAUREL Aven,,3,Non-Fatal Injury,At Intersection,No Control,Rear End,Clear,Daylight,Dry,Major Arterial,true,-79.55149119492235,43.638144425001265,2,Automobile or Station Wagon,East,3,57,None,Lap Belt Only,Driving properly,Normal,,,Stopped,,,,,driver,NA,Etobicoke-Lakeshore (3),22 Division,Islington,true,false,false,true,false,false,false,false,false,false,"{""coordinates"": [[-79.55149119492235, 43.638144425001265]], ""type"": ""MultiPoint""}"
8059,2012:1293088,2012-03-18T18:10:00,BLOOR Stre W,LAUREL Aven,,3,Non-Fatal Injury,At Intersection,No Control,Rear End,Clear,Daylight,Dry,Major Arterial,true,-79.55149119492235,43.638144425001265,1,Motorcycle,East,2,28,Major,Helmet,Speed too fast for conditions,Normal,,,Going Ahead,,,,,motorcyclist,NA,Etobicoke-Lakeshore (3),22 Division,Islington,true,false,false,true,false,false,false,false,false,false,"{""coordinates"": [[-79.55149119492235, 43.638144425001265]], ""type"": ""MultiPoint""}"
8060,2012:1293088,2012-03-18T18:10:00,BLOOR Stre W,LAUREL Aven,,3,Non-Fatal Injury,At Intersection,No Control,Rear End,Clear,Daylight,Dry,Major Arterial,true,-79.55149119492235,43.638144425001265,1,,,1,NA,,Other Safety Equipment Used,,,,,,,,,,owner,NA,Etobicoke-Lakeshore (3),22 Division,Islington,true,false,false,true,false,false,false,false,false,false,"{""coordinates"": [[-79.55149119492235, 43.638144425001265]], ""type"": ""MultiPoint""}"
8061,2012:1284915,2012-03-18T20:14:00,FINCH AVE W,SENTINEL RD,,5,Non-Fatal Injury,At Intersection,Traffic Signal,Turning Movement,Clear,Dark with Artificial Lighting,Dry,Major Arterial,true,-79.49999090763511,43.76104430326391,1,Automobile or Station Wagon,West,3,69,Minor,Other Safety Equipment Used,Driving properly,Normal,,,Going Ahead,,,,,driver,NA,Humber River-Black Creek (7),31 Division,York University Heights,false,false,false,false,false,true,false,false,false,false,"{""coordinates"": [[-79.49999090763511, 43.76104430326391]], ""type"": ""MultiPoint""}"
8062,2012:1284915,2012-03-18T20:14:00,FINCH AVE W,SENTINEL RD,,5,Non-Fatal Injury,At Intersection,Traffic Signal,Turning Movement,Clear,Dark with Artificial Lighting,Dry,Major Arterial,true,-79.49999090763511,43.76104430326391,2,,,4,NA,,Other Safety Equipment Used,,,,,,,,,,owner,NA,Humber River-Black Creek (7),31 Division,York University Heights,false,false,false,false,false,true,false,false,false,false,"{""coordinates"": [[-79.49999090763511, 43.76104430326391]], ""type"": ""MultiPoint""}"
8063,2012:1284915,2012-03-18T20:14:00,FINCH AVE W,SENTINEL RD,,5,Non-Fatal Injury,At Intersection,Traffic Signal,Turning Movement,Clear,Dark with Artificial Lighting,Dry,Major Arterial,true,-79.49999090763511,43.76104430326391,1,,,1,NA,,Other Safety Equipment Used,,,,,,,,,,owner,NA,Humber River-Black Creek (7),31 Division,York University Heights,false,false,false,false,false,true,false,false,false,false,"{""coordinates"": [[-79.49999090763511, 43.76104430326391]], ""type"": ""MultiPoint""}"
8064,2012:1284915,2012-03-18T20:14:00,FINCH AVE W,SENTINEL RD,,5,Non-Fatal Injury,At Intersection,Traffic Signal,Turning Movement,Clear,Dark with Artificial Lighting,Dry,Major Arterial,true,-79.49999090763511,43.76104430326391,1,,,2,66,Major,Other Safety Equipment Used,,,,,,,,,,passenger,NA,Humber River-Black Creek (7),31 Division,York University Heights,false,false,false,false,false,true,false,false,false,false,"{""coordinates"": [[-79.49999090763511, 43.76104430326391]], ""type"": ""MultiPoint""}"