X_id,collision_id,accdate,stname1,stname2,stname3,per_inv,acclass,accloc,traffictl,impactype,visible,light,rdsfcond,road_class,failtorem,longitude,latitude,veh_no,vehtype,initdir,per_no,invage,injury,safequip,drivact,drivcond,pedact,pedcond,manoeuvre,pedtype,cyclistype,cycact,cyccond,road_user,fatal_no,wardname,division,neighbourhood,aggressive,distracted,cyclist,motorcyclist,other_micromobility,older_adult,pedestrian,red_light,school_child,heavy_truck,geometry
8167,2012:1298696,2012-04-19T21:27:00,SPADINA RD,LOWTHER AVE,,2,Non-Fatal Injury,At Intersection,Traffic Signal,Cyclist Collision,Clear,Dark with Artificial Lighting,Dry,Minor Arterial,false,-79.40479088952526,43.668944209147426,1,Automobile or Station Wagon,North,1,45,None,Lap and Shoulder Belt,Improper turn,Normal,,,Turning Left,,,,,driver,NA,University-Rosedale (11),14 Division,Annex,false,false,true,false,false,false,false,false,false,false,"{""coordinates"": [[-79.40479088952526, 43.668944209147426]], ""type"": ""MultiPoint""}"
8168,2012:1293932,2012-04-20T01:49:00,LAKE SHORE BLVD W,ELLIS AVE,,3,Non-Fatal Injury,,No Control,SMV Other,Clear,Dark with Artificial Lighting,Dry,Major Arterial,false,-79.46349105694189,43.63704430661208,1,,,2,NA,,Other Safety Equipment Used,,,,,,,,,,owner,NA,Parkdale-High Park (4),11 Division,South Parkdale,false,false,false,false,false,false,false,false,false,false,"{""coordinates"": [[-79.46349105694189, 43.63704430661208]], ""type"": ""MultiPoint""}"
8169,2012:1293932,2012-04-20T01:49:00,LAKE SHORE BLVD W,ELLIS AVE,,3,Non-Fatal Injury,,No Control,SMV Other,Clear,Dark with Artificial Lighting,Dry,Major Arterial,false,-79.46349105694189,43.63704430661208,1,,,1,24,Major,Other Safety Equipment Used,,,,,,,,,,passenger,NA,Parkdale-High Park (4),11 Division,South Parkdale,false,false,false,false,false,false,false,false,false,false,"{""coordinates"": [[-79.46349105694189, 43.63704430661208]], ""type"": ""MultiPoint""}"
8170,2012:1293932,2012-04-20T01:49:00,LAKE SHORE BLVD W,ELLIS AVE,,3,Non-Fatal Injury,,No Control,SMV Other,Clear,Dark with Artificial Lighting,Dry,Major Arterial,false,-79.46349105694189,43.63704430661208,1,Automobile or Station Wagon,East,3,23,Minimal,Other Safety Equipment Used,Lost control,Normal,,,Going Ahead,,,,,driver,NA,Parkdale-High Park (4),11 Division,South Parkdale,false,false,false,false,false,false,false,false,false,false,"{""coordinates"": [[-79.46349105694189, 43.63704430661208]], ""type"": ""MultiPoint""}"
8171,2012:1298848,2012-04-20T01:49:00,LAKE SHORE BLVD W,ELLIS AVE,,4,Non-Fatal Injury,,No Control,SMV Other,Clear,Dark with Artificial Lighting,Dry,Major Arterial,false,-79.46359105783819,43.63664430692683,1,,,1,NA,,Other Safety Equipment Used,,,,,,,,,,owner,NA,Parkdale-High Park (4),11 Division,South Parkdale,false,false,false,false,false,false,false,false,false,false,"{""coordinates"": [[-79.46359105783819, 43.63664430692683]], ""type"": ""MultiPoint""}"
8172,2012:1298848,2012-04-20T01:49:00,LAKE SHORE BLVD W,ELLIS AVE,,4,Non-Fatal Injury,,No Control,SMV Other,Clear,Dark with Artificial Lighting,Dry,Major Arterial,false,-79.46359105783819,43.63664430692683,2,,,2,24,Major,Air Bag Deployed,,,,,,,,,,passenger,NA,Parkdale-High Park (4),11 Division,South Parkdale,false,false,false,false,false,false,false,false,false,false,"{""coordinates"": [[-79.46359105783819, 43.63664430692683]], ""type"": ""MultiPoint""}"
8173,2012:1298848,2012-04-20T01:49:00,LAKE SHORE BLVD W,ELLIS AVE,,4,Non-Fatal Injury,,No Control,SMV Other,Clear,Dark with Artificial Lighting,Dry,Major Arterial,false,-79.46359105783819,43.63664430692683,3,,,4,NA,,Other Safety Equipment Used,,,,,,,,,,owner,NA,Parkdale-High Park (4),11 Division,South Parkdale,false,false,false,false,false,false,false,false,false,false,"{""coordinates"": [[-79.46359105783819, 43.63664430692683]], ""type"": ""MultiPoint""}"
8174,2012:1298848,2012-04-20T01:49:00,LAKE SHORE BLVD W,ELLIS AVE,,4,Non-Fatal Injury,,No Control,SMV Other,Clear,Dark with Artificial Lighting,Dry,Major Arterial,false,-79.46359105783819,43.63664430692683,2,Automobile or Station Wagon,East,3,23,Minimal,Air Bag Deployed,Lost control,Normal,,,Going Ahead,,,,,driver,NA,Parkdale-High Park (4),11 Division,South Parkdale,false,false,false,false,false,false,false,false,false,false,"{""coordinates"": [[-79.46359105783819, 43.63664430692683]], ""type"": ""MultiPoint""}"
8175,2012:1290105,2012-04-20T14:47:00,DON VALLEY PARKWAY N,GERRARD ST E,,1,Fatal Injury,,No Control,SMV Other,Clear,Daylight,Dry,,false,-79.35589080189331,43.66514413941104,1,Motorcycle,North,1,37,Fatal,Helmet,Exceeding speed limit,Unknown,,,Going Ahead,,,,,motorcyclist,11,Toronto-Danforth (14),55 Division,North Riverdale,true,false,false,true,false,false,false,false,false,false,"{""coordinates"": [[-79.35589080189331, 43.66514413941104]], ""type"": ""MultiPoint""}"
8176,2012:1299089,2012-04-21T02:50:00,ST CLAIR AVE W,KEELE ST,,2,Non-Fatal Injury,,No Control,SMV Other,Rain,Dark with Artificial Lighting,Wet,Major Arterial,false,-79.46849100490091,43.6723442993457,2,,,2,NA,,Other Safety Equipment Used,,,,,,,,,,owner,NA,York South-Weston (5),11 Division,Junction Area,false,false,false,false,false,false,false,false,false,false,"{""coordinates"": [[-79.46849100490091, 43.6723442993457]], ""type"": ""MultiPoint""}"
8177,2012:1299089,2012-04-21T02:50:00,ST CLAIR AVE W,KEELE ST,,2,Non-Fatal Injury,,No Control,SMV Other,Rain,Dark with Artificial Lighting,Wet,Major Arterial,false,-79.46849100490091,43.6723442993457,1,Automobile or Station Wagon,West,1,32,Major,Air Bag Deployed,Other,Unknown,,,Going Ahead,,,,,driver,NA,York South-Weston (5),11 Division,Junction Area,false,false,false,false,false,false,false,false,false,false,"{""coordinates"": [[-79.46849100490091, 43.6723442993457]], ""type"": ""MultiPoint""}"
8178,2012:1290199,2012-04-21T20:50:00,MORNINGSIDE AVE,MILNER AVE,,2,Fatal Injury,At Intersection,Traffic Signal,Pedestrian Collision(internal code),Clear,Dark with Artificial Lighting,Dry,Major Arterial,false,-79.19909039250325,43.80024395274759,1,,,1,NA,,Other Safety Equipment Used,,,,,,,,,,owner,NA,Scarborough-Rouge Park (25),42 Division,Malvern East,false,true,false,false,false,false,true,false,false,false,"{""coordinates"": [[-79.19909039250325, 43.80024395274759]], ""type"": ""MultiPoint""}"
8179,2012:1290199,2012-04-21T20:50:00,MORNINGSIDE AVE,MILNER AVE,,2,Fatal Injury,At Intersection,Traffic Signal,Pedestrian Collision(internal code),Clear,Dark with Artificial Lighting,Dry,Major Arterial,false,-79.19909039250325,43.80024395274759,1,Automobile or Station Wagon,South,2,21,None,Other Safety Equipment Used,Driving properly,Normal,,,Going Ahead,,,,,driver,NA,Scarborough-Rouge Park (25),42 Division,Malvern East,false,true,false,false,false,false,true,false,false,false,"{""coordinates"": [[-79.19909039250325, 43.80024395274759]], ""type"": ""MultiPoint""}"
8180,2012:1290199,2012-04-21T20:50:00,MORNINGSIDE AVE,MILNER AVE,,2,Fatal Injury,At Intersection,Traffic Signal,Pedestrian Collision(internal code),Clear,Dark with Artificial Lighting,Dry,Major Arterial,false,-79.19909039250325,43.80024395274759,2,,West,3,56,Fatal,Other Safety Equipment Used,,,Crossing without right-of-way (intersection),Inattentive,,Driver going straight hits pedestrian crossing without right-of-way (at intersection),,,,pedestrian,12,Scarborough-Rouge Park (25),42 Division,Malvern East,false,true,false,false,false,false,true,false,false,false,"{""coordinates"": [[-79.19909039250325, 43.80024395274759]], ""type"": ""MultiPoint""}"
8181,2012:1290282,2012-04-22T04:12:00,EGLINTON AVE W,KIPLING AVE,,3,Non-Fatal Injury,,No Control,Angle,Clear,Dark with Artificial Lighting,Dry,Major Arterial,false,-79.55299112499424,43.67664440546107,1,,,1,NA,Major,Lap and Shoulder Belt,,,,,Other,,,,,passenger,NA,Etobicoke Centre (2),22 Division,Princess-Rosethorn,false,false,false,false,false,false,false,false,true,false,"{""coordinates"": [[-79.55299112499424, 43.676644405461076]], ""type"": ""MultiPoint""}"
8182,2012:1290282,2012-04-22T04:12:00,EGLINTON AVE W,KIPLING AVE,,3,Non-Fatal Injury,,No Control,Angle,Clear,Dark with Artificial Lighting,Dry,Major Arterial,false,-79.55299112499424,43.67664440546107,1,Automobile or Station Wagon,East,2,33,Minor,Lap and Shoulder Belt,Driving properly,Normal,,,Going Ahead,,,,,driver,NA,Etobicoke Centre (2),22 Division,Princess-Rosethorn,false,false,false,false,false,false,false,false,true,false,"{""coordinates"": [[-79.55299112499424, 43.676644405461076]], ""type"": ""MultiPoint""}"
8183,2012:1290282,2012-04-22T04:12:00,EGLINTON AVE W,KIPLING AVE,,3,Non-Fatal Injury,,No Control,Angle,Clear,Dark with Artificial Lighting,Dry,Major Arterial,false,-79.55299112499424,43.67664440546107,2,Automobile or Station Wagon,West,4,19,Minimal,Lap and Shoulder Belt,Lost control,Had Been Drinking,,,Going Ahead,,,,,driver,NA,Etobicoke Centre (2),22 Division,Princess-Rosethorn,false,false,false,false,false,false,false,false,true,false,"{""coordinates"": [[-79.55299112499424, 43.676644405461076]], ""type"": ""MultiPoint""}"
8184,2012:1290282,2012-04-22T04:12:00,EGLINTON AVE W,KIPLING AVE,,3,Non-Fatal Injury,,No Control,Angle,Clear,Dark with Artificial Lighting,Dry,Major Arterial,false,-79.55299112499424,43.67664440546107,2,,,3,NA,,Other Safety Equipment Used,,,,,,,,,,owner,NA,Etobicoke Centre (2),22 Division,Princess-Rosethorn,false,false,false,false,false,false,false,false,true,false,"{""coordinates"": [[-79.55299112499424, 43.676644405461076]], ""type"": ""MultiPoint""}"
8185,2012:1290286,2012-04-22T13:37:00,VICTORIA PARK AVE,ARNCLIFFE CRES,,1,Non-Fatal Injury,,Traffic Signal,Cyclist Collision,Clear,Daylight,Dry,Major Arterial,false,-79.305590617681,43.73184406385093,2,,,2,NA,,Other Safety Equipment Used,,,,,,,,,,owner,NA,Scarborough Centre (21),41 Division,Wexford/Maryvale,false,true,true,false,false,true,false,false,false,false,"{""coordinates"": [[-79.305590617681, 43.73184406385093]], ""type"": ""MultiPoint""}"
8186,2012:1290286,2012-04-22T13:37:00,VICTORIA PARK AVE,ARNCLIFFE CRES,,1,Non-Fatal Injury,,Traffic Signal,Cyclist Collision,Clear,Daylight,Dry,Major Arterial,false,-79.305590617681,43.73184406385093,2,Automobile or Station Wagon,North,3,37,None,Lap and Shoulder Belt,Lost control,Inattentive,,,Going Ahead,,,,,driver,NA,Scarborough Centre (21),41 Division,Wexford/Maryvale,false,true,true,false,false,true,false,false,false,false,"{""coordinates"": [[-79.305590617681, 43.73184406385093]], ""type"": ""MultiPoint""}"
8187,2012:1290286,2012-04-22T13:37:00,VICTORIA PARK AVE,ARNCLIFFE CRES,,1,Non-Fatal Injury,,Traffic Signal,Cyclist Collision,Clear,Daylight,Dry,Major Arterial,false,-79.305590617681,43.73184406385093,1,Automobile or Station Wagon,North,1,67,None,Other Safety Equipment Used,Driving properly,Normal,,,Stopped,,,,,driver,NA,Scarborough Centre (21),41 Division,Wexford/Maryvale,false,true,true,false,false,true,false,false,false,false,"{""coordinates"": [[-79.305590617681, 43.73184406385093]], ""type"": ""MultiPoint""}"
8188,2012:1290286,2012-04-22T13:37:00,VICTORIA PARK AVE,ARNCLIFFE CRES,,1,Non-Fatal Injury,,Traffic Signal,Cyclist Collision,Clear,Daylight,Dry,Major Arterial,false,-79.305590617681,43.73184406385093,3,Bicycle,West,4,51,Major,Other Safety Equipment Used,,,,,Going Ahead,,"Driver without right-of-way drives into path of cyclist (at intersection, laneway, or driveway)",Driving Properly,Normal,cyclist,NA,Scarborough Centre (21),41 Division,Wexford/Maryvale,false,true,true,false,false,true,false,false,false,false,"{""coordinates"": [[-79.305590617681, 43.73184406385093]], ""type"": ""MultiPoint""}"
8189,2012:1299771,2012-04-23T15:30:00,YONGE ST,SHAFTESBURY AVE,,2,Non-Fatal Injury,At Intersection,Traffic Signal,Pedestrian Collision(internal code),Rain,Daylight,Wet,Major Arterial,false,-79.39159084424095,43.681944187023014,1,,East,1,32,Major,Other Safety Equipment Used,,,Crossing with right-of-way (intersection),Normal,,Other,,,,pedestrian,NA,Toronto-St. Paul's (12),53 Division,Yonge-St.Clair,false,false,true,false,false,false,true,false,false,false,"{""coordinates"": [[-79.39159084424095, 43.681944187023014]], ""type"": ""MultiPoint""}"
8190,2012:1299771,2012-04-23T15:30:00,YONGE ST,SHAFTESBURY AVE,,2,Non-Fatal Injury,At Intersection,Traffic Signal,Pedestrian Collision(internal code),Rain,Daylight,Wet,Major Arterial,false,-79.39159084424095,43.681944187023014,1,Bicycle,South,2,28,Minor,Helmet,,,,,Going Ahead,,Cyclist hits pedestrian,Driving Properly,Normal,cyclist,NA,Toronto-St. Paul's (12),53 Division,Yonge-St.Clair,false,false,true,false,false,false,true,false,false,false,"{""coordinates"": [[-79.39159084424095, 43.681944187023014]], ""type"": ""MultiPoint""}"
8191,2012:1299888,2012-04-24T18:35:00,ALBION AVE,PHARMACY AVE,,3,Non-Fatal Injury,At Intersection,Stop Sign,Turning Movement,Clear,Daylight,Wet,Minor Arterial,false,-79.2847906272468,43.69564403672299,2,,,2,NA,,Other Safety Equipment Used,,,,,,,,,,owner,NA,Scarborough Southwest (20),41 Division,Oakridge,true,false,false,false,false,false,false,false,false,false,"{""coordinates"": [[-79.2847906272468, 43.695644036722996]], ""type"": ""MultiPoint""}"
8192,2012:1299888,2012-04-24T18:35:00,ALBION AVE,PHARMACY AVE,,3,Non-Fatal Injury,At Intersection,Stop Sign,Turning Movement,Clear,Daylight,Wet,Minor Arterial,false,-79.2847906272468,43.69564403672299,2,Automobile or Station Wagon,South,3,37,None,Lap and Shoulder Belt,Failed to yield right-of-way,Normal,,,Turning Right,,,,,driver,NA,Scarborough Southwest (20),41 Division,Oakridge,true,false,false,false,false,false,false,false,false,false,"{""coordinates"": [[-79.2847906272468, 43.695644036722996]], ""type"": ""MultiPoint""}"
8193,2012:1299888,2012-04-24T18:35:00,ALBION AVE,PHARMACY AVE,,3,Non-Fatal Injury,At Intersection,Stop Sign,Turning Movement,Clear,Daylight,Wet,Minor Arterial,false,-79.2847906272468,43.69564403672299,1,Automobile or Station Wagon,East,1,63,Major,Lap and Shoulder Belt,Driving properly,Normal,,,Going Ahead,,,,,driver,NA,Scarborough Southwest (20),41 Division,Oakridge,true,false,false,false,false,false,false,false,false,false,"{""coordinates"": [[-79.2847906272468, 43.695644036722996]], ""type"": ""MultiPoint""}"
8194,2012:1291890,2012-05-01T18:02:00,MARKHAM RD,BLAKEMANOR BLVD,,3,Non-Fatal Injury,,No Control,SMV Other,Clear,Daylight,Dry,Major Arterial,false,-79.22219045992595,43.7511439653148,1,Automobile or Station Wagon,North,1,46,Major,Lap and Shoulder Belt,Lost control,Unknown,,,Unknown,,,,,driver,NA,Scarborough-Guildwood (24),43 Division,Golfdale-Cedarbrae-Woburn,false,false,false,false,false,false,false,false,false,false,"{""coordinates"": [[-79.22219045992595, 43.7511439653148]], ""type"": ""MultiPoint""}"
8195,2012:1300277,2012-04-27T16:44:00,1437 VICTORIA PARK AVE,,,2,Non-Fatal Injury,At Intersection,No Control,Pedestrian Collision(internal code),Clear,Daylight,Dry,Major Arterial,false,-79.301590623414,43.72214405899389,1,Automobile or Station Wagon,West,1,52,None,Other Safety Equipment Used,Failed to yield right-of-way,Normal,,,Turning Left,,,,,driver,NA,Scarborough Southwest (20),41 Division,Clairlea-Birchmount,true,false,false,false,false,true,true,false,false,false,"{""coordinates"": [[-79.301590623414, 43.722144058993884]], ""type"": ""MultiPoint""}"
8196,2012:1300277,2012-04-27T16:44:00,1437 VICTORIA PARK AVE,,,2,Non-Fatal Injury,At Intersection,No Control,Pedestrian Collision(internal code),Clear,Daylight,Dry,Major Arterial,false,-79.301590623414,43.72214405899389,2,,East,2,73,Major,Use Unknown,,,Crossing - no traffic control,Normal,,Driver hits pedestrian at midblock,,,,pedestrian,NA,Scarborough Southwest (20),41 Division,Clairlea-Birchmount,true,false,false,false,false,true,true,false,false,false,"{""coordinates"": [[-79.301590623414, 43.722144058993884]], ""type"": ""MultiPoint""}"
8197,2012:1300266,2012-04-28T13:52:00,JARVIS ST,DUNDAS ST E,,2,Non-Fatal Injury,At Intersection,Traffic Signal,Pedestrian Collision(internal code),Clear,Daylight,Dry,Major Arterial,false,-79.37459084988477,43.657044168109216,2,,West,2,32,Major,Other Safety Equipment Used,,,Running onto roadway,Unknown,,Driver going straight hits pedestrian crossing without right-of-way (at intersection),,,,pedestrian,NA,Toronto Centre (13),51 Division,Downtown Yonge East,false,false,false,false,false,false,true,false,false,false,"{""coordinates"": [[-79.37459084988477, 43.657044168109216]], ""type"": ""MultiPoint""}"
8198,2012:1300266,2012-04-28T13:52:00,JARVIS ST,DUNDAS ST E,,2,Non-Fatal Injury,At Intersection,Traffic Signal,Pedestrian Collision(internal code),Clear,Daylight,Dry,Major Arterial,false,-79.37459084988477,43.657044168109216,1,Automobile or Station Wagon,South,1,36,None,Lap and Shoulder Belt,Driving properly,Normal,,,Going Ahead,,,,,driver,NA,Toronto Centre (13),51 Division,Downtown Yonge East,false,false,false,false,false,false,true,false,false,false,"{""coordinates"": [[-79.37459084988477, 43.657044168109216]], ""type"": ""MultiPoint""}"
8199,2012:1291380,2012-04-28T21:08:00,ELLESMERE RD,MCCOWAN RD,,2,Non-Fatal Injury,At Intersection,Traffic Signal,Pedestrian Collision(internal code),Clear,Dark,Dry,Major Arterial,false,-79.25149048466187,43.77214399896183,2,,Unknown,2,42,Major,Other Safety Equipment Used,,,Crossing without right-of-way (intersection),Had Been Drinking,,Driver going straight hits pedestrian crossing without right-of-way (at intersection),,,,pedestrian,NA,Scarborough-Guildwood (24),43 Division,Woburn North,false,false,false,false,false,true,true,false,false,false,"{""coordinates"": [[-79.25149048466187, 43.77214399896183]], ""type"": ""MultiPoint""}"
8200,2012:1291380,2012-04-28T21:08:00,ELLESMERE RD,MCCOWAN RD,,2,Non-Fatal Injury,At Intersection,Traffic Signal,Pedestrian Collision(internal code),Clear,Dark,Dry,Major Arterial,false,-79.25149048466187,43.77214399896183,1,Automobile or Station Wagon,West,1,69,None,Other Safety Equipment Used,Driving properly,Normal,,,Going Ahead,,,,,driver,NA,Scarborough-Guildwood (24),43 Division,Woburn North,false,false,false,false,false,true,true,false,false,false,"{""coordinates"": [[-79.25149048466187, 43.77214399896183]], ""type"": ""MultiPoint""}"
8201,2012:1300648,2012-04-29T13:40:00,GEOFFREY ST,SORAUREN AVE,,3,Non-Fatal Injury,,No Control,Pedestrian Collision(internal code),Clear,Daylight,Dry,Collector,false,-79.44459099901152,43.64904427365032,2,,North,3,35,Major,Other Safety Equipment Used,,,Other,Normal,,Driver reversing hits pedestrian,,,,pedestrian,NA,Parkdale-High Park (4),11 Division,Roncesvalles,false,false,false,false,false,false,true,false,false,false,"{""coordinates"": [[-79.44459099901152, 43.64904427365032]], ""type"": ""MultiPoint""}"
8202,2012:1300648,2012-04-29T13:40:00,GEOFFREY ST,SORAUREN AVE,,3,Non-Fatal Injury,,No Control,Pedestrian Collision(internal code),Clear,Daylight,Dry,Collector,false,-79.44459099901152,43.64904427365032,1,Automobile or Station Wagon,South,2,36,None,Lap and Shoulder Belt,Other,Normal,,,Reversing,,,,,driver,NA,Parkdale-High Park (4),11 Division,Roncesvalles,false,false,false,false,false,false,true,false,false,false,"{""coordinates"": [[-79.44459099901152, 43.64904427365032]], ""type"": ""MultiPoint""}"
8203,2012:1300648,2012-04-29T13:40:00,GEOFFREY ST,SORAUREN AVE,,3,Non-Fatal Injury,,No Control,Pedestrian Collision(internal code),Clear,Daylight,Dry,Collector,false,-79.44459099901152,43.64904427365032,1,,,1,NA,,Other Safety Equipment Used,,,,,,,,,,owner,NA,Parkdale-High Park (4),11 Division,Roncesvalles,false,false,false,false,false,false,true,false,false,false,"{""coordinates"": [[-79.44459099901152, 43.64904427365032]], ""type"": ""MultiPoint""}"
8204,2012:1300655,2012-04-29T21:15:00,LESLIE ST,LAWRENCE AVE E,,1,Non-Fatal Injury,,No Control,Turning Movement,Clear,Dark,Dry,Major Arterial,false,-79.35619070055768,43.73524412869547,1,Automobile or Station Wagon,North,1,47,None,Lap and Shoulder Belt,Improper turn,Ability Impaired - Alcohol Over .08,,,Making U-Turn,,,,,driver,NA,Don Valley West (15),33 Division,Banbury-Don Mills,false,false,false,false,false,false,false,false,false,false,"{""coordinates"": [[-79.35619070055768, 43.73524412869547]], ""type"": ""MultiPoint""}"
8205,2012:1300655,2012-04-29T21:15:00,LESLIE ST,LAWRENCE AVE E,,1,Non-Fatal Injury,,No Control,Turning Movement,Clear,Dark,Dry,Major Arterial,false,-79.35619070055768,43.73524412869547,2,Automobile or Station Wagon,North,2,49,Major,Lap and Shoulder Belt,Driving properly,Normal,,,Going Ahead,,,,,driver,NA,Don Valley West (15),33 Division,Banbury-Don Mills,false,false,false,false,false,false,false,false,false,false,"{""coordinates"": [[-79.35619070055768, 43.73524412869547]], ""type"": ""MultiPoint""}"
8206,2012:1300754,2012-04-30T15:30:00,DUFFERIN ST,ASCOT AVE,,3,Non-Fatal Injury,At Intersection,Traffic Signal,Pedestrian Collision(internal code),Rain,Daylight,Wet,Major Arterial,false,-79.44399094526938,43.68014426146584,2,,West,3,22,Major,Other Safety Equipment Used,,,Crossing with right-of-way (intersection),Normal,,Driver turns left into pedestrian crossing with right-of-way (at intersection),,,,pedestrian,NA,Davenport (9),13 Division,Corso Italia-Davenport,true,true,false,false,false,false,true,false,false,false,"{""coordinates"": [[-79.44399094526938, 43.68014426146584]], ""type"": ""MultiPoint""}"
8207,2012:1300754,2012-04-30T15:30:00,DUFFERIN ST,ASCOT AVE,,3,Non-Fatal Injury,At Intersection,Traffic Signal,Pedestrian Collision(internal code),Rain,Daylight,Wet,Major Arterial,false,-79.44399094526938,43.68014426146584,1,Automobile or Station Wagon,East,2,20,None,Lap and Shoulder Belt,Failed to yield right-of-way,Inattentive,,,Turning Left,,,,,driver,NA,Davenport (9),13 Division,Corso Italia-Davenport,true,true,false,false,false,false,true,false,false,false,"{""coordinates"": [[-79.44399094526938, 43.68014426146584]], ""type"": ""MultiPoint""}"
8208,2012:1300754,2012-04-30T15:30:00,DUFFERIN ST,ASCOT AVE,,3,Non-Fatal Injury,At Intersection,Traffic Signal,Pedestrian Collision(internal code),Rain,Daylight,Wet,Major Arterial,false,-79.44399094526938,43.68014426146584,1,,,1,NA,,Other Safety Equipment Used,,,,,,,,,,owner,NA,Davenport (9),13 Division,Corso Italia-Davenport,true,true,false,false,false,false,true,false,false,false,"{""coordinates"": [[-79.44399094526938, 43.68014426146584]], ""type"": ""MultiPoint""}"
8209,2012:1301011,2012-05-01T08:45:00,O CONNOR Dr,BERMONDSEY RD,,3,Non-Fatal Injury,,No Control,Cyclist Collision,Clear,Daylight,Dry,Major Arterial,false,-79.30649064339764,43.71354406581052,1,,,1,NA,,Other Safety Equipment Used,,,,,,,,,,owner,NA,Beaches-East York (19),55 Division,O'Connor-Parkview,false,true,true,false,false,false,false,false,false,false,"{""coordinates"": [[-79.30649064339764, 43.71354406581052]], ""type"": ""MultiPoint""}"
8210,2012:1301011,2012-05-01T08:45:00,O CONNOR Dr,BERMONDSEY RD,,3,Non-Fatal Injury,,No Control,Cyclist Collision,Clear,Daylight,Dry,Major Arterial,false,-79.30649064339764,43.71354406581052,1,Automobile or Station Wagon,South,2,38,None,Other Safety Equipment Used,Improper turn,Inattentive,,,Turning Right,,,,,driver,NA,Beaches-East York (19),55 Division,O'Connor-Parkview,false,true,true,false,false,false,false,false,false,false,"{""coordinates"": [[-79.30649064339764, 43.71354406581052]], ""type"": ""MultiPoint""}"
8211,2012:1301011,2012-05-01T08:45:00,O CONNOR Dr,BERMONDSEY RD,,3,Non-Fatal Injury,,No Control,Cyclist Collision,Clear,Daylight,Dry,Major Arterial,false,-79.30649064339764,43.71354406581052,2,Bicycle,South,3,54,Major,Equipment Not Used But Available,,,,,Going Ahead,,"Driver turns right at non-signalized intersection (e.g. stop, yield, no control, driveway) and hits cyclist",Driving Properly,Normal,cyclist,NA,Beaches-East York (19),55 Division,O'Connor-Parkview,false,true,true,false,false,false,false,false,false,false,"{""coordinates"": [[-79.30649064339764, 43.71354406581052]], ""type"": ""MultiPoint""}"
8212,2012:1291890,2012-05-01T18:02:00,MARKHAM RD,BLAKEMANOR BLVD,,3,Non-Fatal Injury,,No Control,SMV Other,Clear,Daylight,Dry,Major Arterial,false,-79.22219045992595,43.7511439653148,2,,,3,NA,,Other Safety Equipment Used,,,,,,,,,,owner,NA,Scarborough-Guildwood (24),43 Division,Golfdale-Cedarbrae-Woburn,false,false,false,false,false,false,false,false,false,false,"{""coordinates"": [[-79.22219045992595, 43.7511439653148]], ""type"": ""MultiPoint""}"
8213,2012:1291890,2012-05-01T18:02:00,MARKHAM RD,BLAKEMANOR BLVD,,3,Non-Fatal Injury,,No Control,SMV Other,Clear,Daylight,Dry,Major Arterial,false,-79.22219045992595,43.7511439653148,2,,,2,NA,,Other Safety Equipment Used,,,,,,,,,,owner,NA,Scarborough-Guildwood (24),43 Division,Golfdale-Cedarbrae-Woburn,false,false,false,false,false,false,false,false,false,false,"{""coordinates"": [[-79.22219045992595, 43.7511439653148]], ""type"": ""MultiPoint""}"
8214,2012:1291892,2012-05-01T19:37:00,HYDE AVE,VALLEY CRES,,7,Non-Fatal Injury,,No Control,SMV Unattended Vehicle,Clear,Daylight,Dry,Local,true,-79.47639100050289,43.68324430586755,2,,,4,NA,,Other Safety Equipment Used,,,,,,,,,,owner,NA,York South-Weston (5),12 Division,Keelesdale-Eglinton West,false,false,false,false,false,false,false,false,false,false,"{""coordinates"": [[-79.47639100050289, 43.68324430586755]], ""type"": ""MultiPoint""}"
8215,2012:1291892,2012-05-01T19:37:00,HYDE AVE,VALLEY CRES,,7,Non-Fatal Injury,,No Control,SMV Unattended Vehicle,Clear,Daylight,Dry,Local,true,-79.47639100050289,43.68324430586755,3,,,7,NA,,Other Safety Equipment Used,,,,,,,,,,owner,NA,York South-Weston (5),12 Division,Keelesdale-Eglinton West,false,false,false,false,false,false,false,false,false,false,"{""coordinates"": [[-79.47639100050289, 43.68324430586755]], ""type"": ""MultiPoint""}"
8216,2012:1291892,2012-05-01T19:37:00,HYDE AVE,VALLEY CRES,,7,Non-Fatal Injury,,No Control,SMV Unattended Vehicle,Clear,Daylight,Dry,Local,true,-79.47639100050289,43.68324430586755,1,Automobile or Station Wagon,,3,NA,None,Lap and Shoulder Belt,,,,,,,,,,other,NA,York South-Weston (5),12 Division,Keelesdale-Eglinton West,false,false,false,false,false,false,false,false,false,false,"{""coordinates"": [[-79.47639100050289, 43.68324430586755]], ""type"": ""MultiPoint""}"
8217,2012:1291892,2012-05-01T19:37:00,HYDE AVE,VALLEY CRES,,7,Non-Fatal Injury,,No Control,SMV Unattended Vehicle,Clear,Daylight,Dry,Local,true,-79.47639100050289,43.68324430586755,3,,,6,NA,,Other Safety Equipment Used,,,,,,,,,,owner,NA,York South-Weston (5),12 Division,Keelesdale-Eglinton West,false,false,false,false,false,false,false,false,false,false,"{""coordinates"": [[-79.47639100050289, 43.68324430586755]], ""type"": ""MultiPoint""}"
8218,2012:1291892,2012-05-01T19:37:00,HYDE AVE,VALLEY CRES,,7,Non-Fatal Injury,,No Control,SMV Unattended Vehicle,Clear,Daylight,Dry,Local,true,-79.47639100050289,43.68324430586755,1,,,2,NA,,Other Safety Equipment Used,,,,,,,,,,owner,NA,York South-Weston (5),12 Division,Keelesdale-Eglinton West,false,false,false,false,false,false,false,false,false,false,"{""coordinates"": [[-79.47639100050289, 43.68324430586755]], ""type"": ""MultiPoint""}"
8219,2012:1291892,2012-05-01T19:37:00,HYDE AVE,VALLEY CRES,,7,Non-Fatal Injury,,No Control,SMV Unattended Vehicle,Clear,Daylight,Dry,Local,true,-79.47639100050289,43.68324430586755,3,,,5,NA,,Other Safety Equipment Used,,,,,,,,,,owner,NA,York South-Weston (5),12 Division,Keelesdale-Eglinton West,false,false,false,false,false,false,false,false,false,false,"{""coordinates"": [[-79.47639100050289, 43.68324430586755]], ""type"": ""MultiPoint""}"