X_id,collision_id,accdate,stname1,stname2,stname3,per_inv,acclass,accloc,traffictl,impactype,visible,light,rdsfcond,road_class,failtorem,longitude,latitude,veh_no,vehtype,initdir,per_no,invage,injury,safequip,drivact,drivcond,pedact,pedcond,manoeuvre,pedtype,cyclistype,cycact,cyccond,road_user,fatal_no,wardname,division,neighbourhood,aggressive,distracted,cyclist,motorcyclist,other_micromobility,older_adult,pedestrian,red_light,school_child,heavy_truck,geometry
8742,2012:1316232,2012-09-21T09:20:00,VESTA DR,BATHURST ST,,3,Non-Fatal Injury,At Intersection,Traffic Signal,Pedestrian Collision(internal code),Clear,Daylight,Dry,Major Arterial,false,-79.42589087325236,43.70334422845307,1,,,1,NA,,Other Safety Equipment Used,,,,,,,,,,owner,NA,Eglinton-Lawrence (8),53 Division,Forest Hill North,true,false,false,false,false,true,true,false,false,false,"{""coordinates"": [[-79.42589087325236, 43.70334422845307]], ""type"": ""MultiPoint""}"
8743,2012:1339179,2012-12-12T06:11:00,PARLIAMENT ST,KING ST E,,7,Non-Fatal Injury,At Intersection,Traffic Signal,Angle,Clear,Dark,Dry,Major Arterial,false,-79.36323983426732,43.65271915222666,4,,,6,NA,,Other Safety Equipment Used,,,,,,,,,,owner,NA,Toronto Centre (13),51 Division,Moss Park,true,true,false,false,false,false,false,true,false,false,"{""coordinates"": [[-79.36323983426732, 43.65271915222666]], ""type"": ""MultiPoint""}"
8744,2012:1316232,2012-09-21T09:20:00,VESTA DR,BATHURST ST,,3,Non-Fatal Injury,At Intersection,Traffic Signal,Pedestrian Collision(internal code),Clear,Daylight,Dry,Major Arterial,false,-79.42589087325236,43.70334422845307,1,Automobile or Station Wagon,East,2,74,None,Other Safety Equipment Used,Failed to yield right-of-way,Normal,,,Turning Left,,,,,driver,NA,Eglinton-Lawrence (8),53 Division,Forest Hill North,true,false,false,false,false,true,true,false,false,false,"{""coordinates"": [[-79.42589087325236, 43.70334422845307]], ""type"": ""MultiPoint""}"
8745,2012:1316232,2012-09-21T09:20:00,VESTA DR,BATHURST ST,,3,Non-Fatal Injury,At Intersection,Traffic Signal,Pedestrian Collision(internal code),Clear,Daylight,Dry,Major Arterial,false,-79.42589087325236,43.70334422845307,2,,West,3,71,Major,Other Safety Equipment Used,,,Crossing with right-of-way (intersection),Normal,,Driver turns left into pedestrian crossing with right-of-way (at intersection),,,,pedestrian,NA,Eglinton-Lawrence (8),53 Division,Forest Hill North,true,false,false,false,false,true,true,false,false,false,"{""coordinates"": [[-79.42589087325236, 43.70334422845307]], ""type"": ""MultiPoint""}"
8746,2012:1324125,2012-09-21T10:40:00,MCNICOLL Ave,PHARMACY Ave,,4,Non-Fatal Injury,At Intersection,Traffic Signal,Angle,Clear,Daylight,Dry,Minor Arterial,false,-79.33072258454497,43.80411309589154,2,Automobile or Station Wagon,North,2,45,Major,Lap and Shoulder Belt,Disobeyed traffic control,Inattentive,,,Going Ahead,,,,,driver,NA,Scarborough-Agincourt (22),42 Division,Steeles,true,true,false,false,false,false,false,true,false,true,"{""coordinates"": [[-79.33072258454497, 43.80411309589154]], ""type"": ""MultiPoint""}"
8747,2012:1324125,2012-09-21T10:40:00,MCNICOLL Ave,PHARMACY Ave,,4,Non-Fatal Injury,At Intersection,Traffic Signal,Angle,Clear,Daylight,Dry,Minor Arterial,false,-79.33072258454497,43.80411309589154,1,,,4,48,None,Lap and Shoulder Belt,,,,,,,,,,passenger,NA,Scarborough-Agincourt (22),42 Division,Steeles,true,true,false,false,false,false,false,true,false,true,"{""coordinates"": [[-79.33072258454497, 43.80411309589154]], ""type"": ""MultiPoint""}"
8748,2012:1324125,2012-09-21T10:40:00,MCNICOLL Ave,PHARMACY Ave,,4,Non-Fatal Injury,At Intersection,Traffic Signal,Angle,Clear,Daylight,Dry,Minor Arterial,false,-79.33072258454497,43.80411309589154,1,,,3,NA,,Other Safety Equipment Used,,,,,,,,,,owner,NA,Scarborough-Agincourt (22),42 Division,Steeles,true,true,false,false,false,false,false,true,false,true,"{""coordinates"": [[-79.33072258454497, 43.80411309589154]], ""type"": ""MultiPoint""}"
8749,2012:1324125,2012-09-21T10:40:00,MCNICOLL Ave,PHARMACY Ave,,4,Non-Fatal Injury,At Intersection,Traffic Signal,Angle,Clear,Daylight,Dry,Minor Arterial,false,-79.33072258454497,43.80411309589154,1,Truck - Open (Flatbed),East,1,26,None,Lap and Shoulder Belt,Driving properly,Normal,,,Going Ahead,,,,,driver,NA,Scarborough-Agincourt (22),42 Division,Steeles,true,true,false,false,false,false,false,true,false,true,"{""coordinates"": [[-79.33072258454497, 43.80411309589154]], ""type"": ""MultiPoint""}"
8750,2012:1322655,2012-09-22T15:26:00,FRONT St E,SHERBOURNE St,,3,Non-Fatal Injury,At Intersection,Traffic Signal,Pedestrian Collision(internal code),Clear,Daylight,Dry,Minor Arterial,false,-79.36789084685819,43.65034415953445,1,,,1,NA,,Other Safety Equipment Used,,,,,,,,,,owner,NA,Toronto Centre (13),51 Division,St Lawrence-East Bayfront-The Islands,false,false,false,false,false,false,true,false,false,false,"{""coordinates"": [[-79.36789084685819, 43.65034415953445]], ""type"": ""MultiPoint""}"
8751,2012:1322655,2012-09-22T15:26:00,FRONT St E,SHERBOURNE St,,3,Non-Fatal Injury,At Intersection,Traffic Signal,Pedestrian Collision(internal code),Clear,Daylight,Dry,Minor Arterial,false,-79.36789084685819,43.65034415953445,1,Automobile or Station Wagon,West,2,44,None,Lap and Shoulder Belt,Driving properly,Normal,,,Turning Left,,,,,driver,NA,Toronto Centre (13),51 Division,St Lawrence-East Bayfront-The Islands,false,false,false,false,false,false,true,false,false,false,"{""coordinates"": [[-79.36789084685819, 43.65034415953445]], ""type"": ""MultiPoint""}"
8752,2012:1322655,2012-09-22T15:26:00,FRONT St E,SHERBOURNE St,,3,Non-Fatal Injury,At Intersection,Traffic Signal,Pedestrian Collision(internal code),Clear,Daylight,Dry,Minor Arterial,false,-79.36789084685819,43.65034415953445,2,,East,3,64,Major,Other Safety Equipment Used,,,Crossing without right-of-way (intersection),Medical or Physical Disability,,Driver turns left into pedestrian crossing without right-of-way (at intersection),,,,pedestrian,NA,Toronto Centre (13),51 Division,St Lawrence-East Bayfront-The Islands,false,false,false,false,false,false,true,false,false,false,"{""coordinates"": [[-79.36789084685819, 43.65034415953445]], ""type"": ""MultiPoint""}"
8753,2012:1316338,2012-09-22T18:45:00,264 ATTWELL DR,,,3,Fatal Injury,,No Control,Pedestrian Collision(internal code),Clear,Daylight,Dry,Collector,false,-79.58959113651774,43.69554443776823,2,,South,3,18,None,Other Safety Equipment Used,,,On sidewalk or shoulder,Normal,,Driver hits pedestrian on sidewalk or shoulder,,,,pedestrian,NA,Etobicoke North (1),23 Division,West Humber-Clairville,false,false,false,false,false,false,true,false,true,false,"{""coordinates"": [[-79.58959113651774, 43.69554443776823]], ""type"": ""MultiPoint""}"
8754,2012:1316338,2012-09-22T18:45:00,264 ATTWELL DR,,,3,Fatal Injury,,No Control,Pedestrian Collision(internal code),Clear,Daylight,Dry,Collector,false,-79.58959113651774,43.69554443776823,1,Automobile or Station Wagon,South,1,18,None,Lap and Shoulder Belt,Lost control,Normal,,,Going Ahead,,,,,driver,NA,Etobicoke North (1),23 Division,West Humber-Clairville,false,false,false,false,false,false,true,false,true,false,"{""coordinates"": [[-79.58959113651774, 43.69554443776823]], ""type"": ""MultiPoint""}"
8755,2012:1316338,2012-09-22T18:45:00,264 ATTWELL DR,,,3,Fatal Injury,,No Control,Pedestrian Collision(internal code),Clear,Daylight,Dry,Collector,false,-79.58959113651774,43.69554443776823,2,,South,2,17,Fatal,Other Safety Equipment Used,,,On sidewalk or shoulder,Normal,,Driver hits pedestrian on sidewalk or shoulder,,,,pedestrian,32,Etobicoke North (1),23 Division,West Humber-Clairville,false,false,false,false,false,false,true,false,true,false,"{""coordinates"": [[-79.58959113651774, 43.69554443776823]], ""type"": ""MultiPoint""}"
8756,2012:1317754,2012-09-24T08:48:00,DUNDAS ST E,GEORGE ST,,2,Non-Fatal Injury,At Intersection,No Control,Other,Clear,Daylight,Dry,Major Arterial,true,-79.37349084745397,43.65724416645669,2,Automobile or Station Wagon,,2,NA,None,Other Safety Equipment Used,,,,,,,,,,other,NA,Toronto Centre (13),51 Division,Moss Park,false,false,false,true,false,false,false,false,false,false,"{""coordinates"": [[-79.37349084745397, 43.65724416645669]], ""type"": ""MultiPoint""}"
8757,2012:1317754,2012-09-24T08:48:00,DUNDAS ST E,GEORGE ST,,2,Non-Fatal Injury,At Intersection,No Control,Other,Clear,Daylight,Dry,Major Arterial,true,-79.37349084745397,43.65724416645669,1,Motorcycle,West,1,60,Major,Helmet,Driving properly,Normal,,,Going Ahead,,,,,motorcyclist,NA,Toronto Centre (13),51 Division,Moss Park,false,false,false,true,false,false,false,false,false,false,"{""coordinates"": [[-79.37349084745397, 43.65724416645669]], ""type"": ""MultiPoint""}"
8758,2012:1322994,2012-09-24T08:53:00,LAWRENCE AVE W,BATHURST ST,,2,Non-Fatal Injury,At Intersection,Traffic Signal,Pedestrian Collision(internal code),Clear,Daylight,Dry,Major Arterial,false,-79.42979085405342,43.719244228501886,2,,North,2,25,Major,No Equipment Available,,,Crossing - no traffic control,Normal,,Driver hits pedestrian at midblock,,,,pedestrian,NA,Eglinton-Lawrence (8),53 Division,Bedford Park-Nortown,false,false,false,false,false,true,true,false,false,false,"{""coordinates"": [[-79.42979085405342, 43.719244228501886]], ""type"": ""MultiPoint""}"
8759,2012:1322994,2012-09-24T08:53:00,LAWRENCE AVE W,BATHURST ST,,2,Non-Fatal Injury,At Intersection,Traffic Signal,Pedestrian Collision(internal code),Clear,Daylight,Dry,Major Arterial,false,-79.42979085405342,43.719244228501886,1,Automobile or Station Wagon,East,1,67,None,Other Safety Equipment Used,Driving properly,Normal,,,Going Ahead,,,,,driver,NA,Eglinton-Lawrence (8),53 Division,Bedford Park-Nortown,false,false,false,false,false,true,true,false,false,false,"{""coordinates"": [[-79.42979085405342, 43.719244228501886]], ""type"": ""MultiPoint""}"
8760,2012:1322840,2012-09-24T08:58:00,BLOOR ST W,CLENDENAN AVE,,2,Non-Fatal Injury,At Intersection,Traffic Signal,Pedestrian Collision(internal code),Clear,Daylight,Dry,Major Arterial,false,-79.46999104259827,43.65254430987828,1,Automobile or Station Wagon,South,1,36,None,Other Safety Equipment Used,Failed to yield right-of-way,Normal,,,Turning Left,,,,,driver,NA,Parkdale-High Park (4),11 Division,High Park North,true,false,false,false,false,false,true,false,false,false,"{""coordinates"": [[-79.46999104259827, 43.65254430987828]], ""type"": ""MultiPoint""}"
8761,2012:1322840,2012-09-24T08:58:00,BLOOR ST W,CLENDENAN AVE,,2,Non-Fatal Injury,At Intersection,Traffic Signal,Pedestrian Collision(internal code),Clear,Daylight,Dry,Major Arterial,false,-79.46999104259827,43.65254430987828,2,,North,2,26,Major,Other Safety Equipment Used,,,Crossing with right-of-way (intersection),Normal,,Driver turns left into pedestrian crossing with right-of-way (at intersection),,,,pedestrian,NA,Parkdale-High Park (4),11 Division,High Park North,true,false,false,false,false,false,true,false,false,false,"{""coordinates"": [[-79.46999104259827, 43.65254430987828]], ""type"": ""MultiPoint""}"
8762,2012:1316650,2012-09-24T16:20:00,EGLINTON AVE E,KENNEDY RD,,4,Non-Fatal Injury,At Intersection,Traffic Signal,Turning Movement,Clear,Daylight,Other,Major Arterial,false,-79.26789055188546,43.73214401514884,2,,,2,NA,,Other Safety Equipment Used,,,,,,,,,,owner,NA,Scarborough Southwest (20),41 Division,Kennedy Park,true,false,false,false,false,false,false,true,false,false,"{""coordinates"": [[-79.26789055188546, 43.73214401514884]], ""type"": ""MultiPoint""}"
8763,2012:1316650,2012-09-24T16:20:00,EGLINTON AVE E,KENNEDY RD,,4,Non-Fatal Injury,At Intersection,Traffic Signal,Turning Movement,Clear,Daylight,Other,Major Arterial,false,-79.26789055188546,43.73214401514884,1,Automobile or Station Wagon,South,1,50,None,Other Safety Equipment Used,Driving properly,Normal,,,Stopped,,,,,driver,NA,Scarborough Southwest (20),41 Division,Kennedy Park,true,false,false,false,false,false,false,true,false,false,"{""coordinates"": [[-79.26789055188546, 43.73214401514884]], ""type"": ""MultiPoint""}"
8764,2012:1316650,2012-09-24T16:20:00,EGLINTON AVE E,KENNEDY RD,,4,Non-Fatal Injury,At Intersection,Traffic Signal,Turning Movement,Clear,Daylight,Other,Major Arterial,false,-79.26789055188546,43.73214401514884,3,Automobile or Station Wagon,East,4,33,Major,Lap and Shoulder Belt,Improper turn,Normal,,,Turning Left,,,,,driver,NA,Scarborough Southwest (20),41 Division,Kennedy Park,true,false,false,false,false,false,false,true,false,false,"{""coordinates"": [[-79.26789055188546, 43.73214401514884]], ""type"": ""MultiPoint""}"
8765,2012:1316650,2012-09-24T16:20:00,EGLINTON AVE E,KENNEDY RD,,4,Non-Fatal Injury,At Intersection,Traffic Signal,Turning Movement,Clear,Daylight,Other,Major Arterial,false,-79.26789055188546,43.73214401514884,2,Automobile or Station Wagon,West,3,23,None,Other Safety Equipment Used,Disobeyed traffic control,Normal,,,Going Ahead,,,,,driver,NA,Scarborough Southwest (20),41 Division,Kennedy Park,true,false,false,false,false,false,false,true,false,false,"{""coordinates"": [[-79.26789055188546, 43.73214401514884]], ""type"": ""MultiPoint""}"
8766,2012:1323889,2012-09-25T11:10:00,KING Stre W,BAY Stre,,3,Non-Fatal Injury,,No Control,Cyclist Collision,Clear,Daylight,Dry,Major Arterial,false,-79.38179087723141,43.64824418058826,2,Bicycle,East,3,51,Major,No Equipment Available,,,,,Going Ahead,,Dooring,Driving Properly,Normal,cyclist,NA,Spadina-Fort York (10),52 Division,Yonge-Bay Corridor,true,true,true,false,false,false,false,false,false,false,"{""coordinates"": [[-79.38179087723141, 43.64824418058826]], ""type"": ""MultiPoint""}"
8767,2012:1323889,2012-09-25T11:10:00,KING Stre W,BAY Stre,,3,Non-Fatal Injury,,No Control,Cyclist Collision,Clear,Daylight,Dry,Major Arterial,false,-79.38179087723141,43.64824418058826,1,Automobile or Station Wagon,East,2,48,None,Other Safety Equipment Used,Failed to yield right-of-way,Inattentive,,,Stopped,,,,,driver,NA,Spadina-Fort York (10),52 Division,Yonge-Bay Corridor,true,true,true,false,false,false,false,false,false,false,"{""coordinates"": [[-79.38179087723141, 43.64824418058826]], ""type"": ""MultiPoint""}"
8768,2012:1323889,2012-09-25T11:10:00,KING Stre W,BAY Stre,,3,Non-Fatal Injury,,No Control,Cyclist Collision,Clear,Daylight,Dry,Major Arterial,false,-79.38179087723141,43.64824418058826,1,,,1,NA,,Other Safety Equipment Used,,,,,,,,,,owner,NA,Spadina-Fort York (10),52 Division,Yonge-Bay Corridor,true,true,true,false,false,false,false,false,false,false,"{""coordinates"": [[-79.38179087723141, 43.64824418058826]], ""type"": ""MultiPoint""}"
8769,2012:1324043,2012-09-27T20:55:00,RICHMOND St W,PETER St,,3,Non-Fatal Injury,At Intersection,Traffic Signal,Cyclist Collision,Clear,Dark with Artificial Lighting,Dry,Major Arterial,false,-79.39329089962439,43.64834419765875,1,,,1,NA,,Other Safety Equipment Used,,,,,,,,,,owner,NA,Spadina-Fort York (10),52 Division,Wellington Place,false,true,true,false,false,false,false,false,false,false,"{""coordinates"": [[-79.39329089962439, 43.64834419765875]], ""type"": ""MultiPoint""}"
8770,2012:1324043,2012-09-27T20:55:00,RICHMOND St W,PETER St,,3,Non-Fatal Injury,At Intersection,Traffic Signal,Cyclist Collision,Clear,Dark with Artificial Lighting,Dry,Major Arterial,false,-79.39329089962439,43.64834419765875,2,Bicycle,South,3,38,Major,No Equipment Available,,,,,Going Ahead,,"Cyclist without right-of-way rides into path of driver (at intersection, laneway, or driveway)",Disobeyed Traffic Control,Inattentive,cyclist,NA,Spadina-Fort York (10),52 Division,Wellington Place,false,true,true,false,false,false,false,false,false,false,"{""coordinates"": [[-79.39329089962439, 43.64834419765875]], ""type"": ""MultiPoint""}"
8771,2012:1324043,2012-09-27T20:55:00,RICHMOND St W,PETER St,,3,Non-Fatal Injury,At Intersection,Traffic Signal,Cyclist Collision,Clear,Dark with Artificial Lighting,Dry,Major Arterial,false,-79.39329089962439,43.64834419765875,1,Automobile or Station Wagon,West,2,47,None,Other Safety Equipment Used,Driving properly,Normal,,,Going Ahead,,,,,driver,NA,Spadina-Fort York (10),52 Division,Wellington Place,false,true,true,false,false,false,false,false,false,false,"{""coordinates"": [[-79.39329089962439, 43.64834419765875]], ""type"": ""MultiPoint""}"
8772,2012:1324915,2012-09-28T09:53:00,JOHN ST,KING ST W,,3,Non-Fatal Injury,At Intersection,Traffic Signal,Pedestrian Collision(internal code),Clear,Daylight,Dry,Major Arterial,false,-79.38979089554249,43.64654419288361,2,,West,3,36,Major,Lap and Shoulder Belt,,,Crossing with right-of-way (intersection),Normal,,Driver turns left into pedestrian crossing with right-of-way (at intersection),,,,pedestrian,NA,Spadina-Fort York (10),52 Division,Wellington Place,true,false,false,false,false,false,true,false,false,false,"{""coordinates"": [[-79.38979089554249, 43.64654419288361]], ""type"": ""MultiPoint""}"
8773,2012:1324915,2012-09-28T09:53:00,JOHN ST,KING ST W,,3,Non-Fatal Injury,At Intersection,Traffic Signal,Pedestrian Collision(internal code),Clear,Daylight,Dry,Major Arterial,false,-79.38979089554249,43.64654419288361,1,,,1,NA,,Other Safety Equipment Used,,,,,,,,,,owner,NA,Spadina-Fort York (10),52 Division,Wellington Place,true,false,false,false,false,false,true,false,false,false,"{""coordinates"": [[-79.38979089554249, 43.64654419288361]], ""type"": ""MultiPoint""}"
8774,2012:1324915,2012-09-28T09:53:00,JOHN ST,KING ST W,,3,Non-Fatal Injury,At Intersection,Traffic Signal,Pedestrian Collision(internal code),Clear,Daylight,Dry,Major Arterial,false,-79.38979089554249,43.64654419288361,1,Automobile or Station Wagon,East,2,54,None,Other Safety Equipment Used,Improper passing,Unknown,,,Turning Left,,,,,driver,NA,Spadina-Fort York (10),52 Division,Wellington Place,true,false,false,false,false,false,true,false,false,false,"{""coordinates"": [[-79.38979089554249, 43.64654419288361]], ""type"": ""MultiPoint""}"
8775,2012:1324964,2012-09-28T13:22:00,AVENUE RD,HILLHURST BLVD,,3,Non-Fatal Injury,,No Control,Rear End,Clear,Daylight,Dry,Major Arterial,false,-79.4116938340553,43.711744206747426,2,Moped,North,3,27,Major,Helmet,,,,,Going Ahead,,,,,motorcyclist,NA,Eglinton-Lawrence (8),53 Division,Lawrence Park South,true,false,false,true,false,false,false,false,false,false,"{""coordinates"": [[-79.4116938340553, 43.711744206747426]], ""type"": ""MultiPoint""}"
8776,2012:1324964,2012-09-28T13:22:00,AVENUE RD,HILLHURST BLVD,,3,Non-Fatal Injury,,No Control,Rear End,Clear,Daylight,Dry,Major Arterial,false,-79.4116938340553,43.711744206747426,1,,,1,NA,,Other Safety Equipment Used,,,,,,,,,,other,NA,Eglinton-Lawrence (8),53 Division,Lawrence Park South,true,false,false,true,false,false,false,false,false,false,"{""coordinates"": [[-79.4116938340553, 43.711744206747426]], ""type"": ""MultiPoint""}"
8777,2012:1324964,2012-09-28T13:22:00,AVENUE RD,HILLHURST BLVD,,3,Non-Fatal Injury,,No Control,Rear End,Clear,Daylight,Dry,Major Arterial,false,-79.4116938340553,43.711744206747426,1,Automobile or Station Wagon,North,2,20,None,Other Safety Equipment Used,Improper passing,Normal,,,Going Ahead,,,,,driver,NA,Eglinton-Lawrence (8),53 Division,Lawrence Park South,true,false,false,true,false,false,false,false,false,false,"{""coordinates"": [[-79.4116938340553, 43.711744206747426]], ""type"": ""MultiPoint""}"
8778,2012:1317668,2012-09-30T10:44:00,EGLINTON Ave W,ALAMEDA Ave,,2,Non-Fatal Injury,,No Control,Pedestrian Collision(internal code),Clear,Daylight,Dry,Major Arterial,false,-79.44089091002408,43.69764425085861,2,,North,2,24,Major,Other Safety Equipment Used,,,Crossing - no traffic control,Inattentive,,Driver hits pedestrian at midblock,,,,pedestrian,NA,Toronto-St. Paul's (12),13 Division,Oakwood Village,false,true,false,false,false,false,true,false,false,false,"{""coordinates"": [[-79.44089091002408, 43.69764425085861]], ""type"": ""MultiPoint""}"
8779,2012:1317668,2012-09-30T10:44:00,EGLINTON Ave W,ALAMEDA Ave,,2,Non-Fatal Injury,,No Control,Pedestrian Collision(internal code),Clear,Daylight,Dry,Major Arterial,false,-79.44089091002408,43.69764425085861,1,Automobile or Station Wagon,West,1,35,None,Other Safety Equipment Used,Driving properly,Normal,,,Going Ahead,,,,,driver,NA,Toronto-St. Paul's (12),13 Division,Oakwood Village,false,true,false,false,false,false,true,false,false,false,"{""coordinates"": [[-79.44089091002408, 43.69764425085861]], ""type"": ""MultiPoint""}"
8780,2012:1324885,2012-10-01T10:00:00,DON MILLS RD,THE DONWAY E,,4,Non-Fatal Injury,,Traffic Signal,Pedestrian Collision(internal code),Clear,Daylight,Dry,Major Arterial,false,-79.34209068046276,43.73224411096572,2,Automobile or Station Wagon,West,2,52,None,Lap and Shoulder Belt,Driving properly,Normal,,,Going Ahead,,,,,driver,NA,Don Valley East (16),33 Division,Banbury-Don Mills,true,false,false,false,false,true,true,true,false,false,"{""coordinates"": [[-79.34209068046276, 43.73224411096572]], ""type"": ""MultiPoint""}"
8781,2012:1324885,2012-10-01T10:00:00,DON MILLS RD,THE DONWAY E,,4,Non-Fatal Injury,,Traffic Signal,Pedestrian Collision(internal code),Clear,Daylight,Dry,Major Arterial,false,-79.34209068046276,43.73224411096572,3,,,3,NA,,Other Safety Equipment Used,,,,,,,,,,owner,NA,Don Valley East (16),33 Division,Banbury-Don Mills,true,false,false,false,false,true,true,true,false,false,"{""coordinates"": [[-79.34209068046276, 43.73224411096572]], ""type"": ""MultiPoint""}"
8782,2012:1324885,2012-10-01T10:00:00,DON MILLS RD,THE DONWAY E,,4,Non-Fatal Injury,,Traffic Signal,Pedestrian Collision(internal code),Clear,Daylight,Dry,Major Arterial,false,-79.34209068046276,43.73224411096572,3,,Unknown,4,87,Major,Other Safety Equipment Used,,,On sidewalk or shoulder,Normal,,Driver hits pedestrian on sidewalk or shoulder,,,,pedestrian,NA,Don Valley East (16),33 Division,Banbury-Don Mills,true,false,false,false,false,true,true,true,false,false,"{""coordinates"": [[-79.34209068046276, 43.73224411096572]], ""type"": ""MultiPoint""}"
8783,2012:1324885,2012-10-01T10:00:00,DON MILLS RD,THE DONWAY E,,4,Non-Fatal Injury,,Traffic Signal,Pedestrian Collision(internal code),Clear,Daylight,Dry,Major Arterial,false,-79.34209068046276,43.73224411096572,1,Automobile or Station Wagon,North,1,63,Minor,Lap and Shoulder Belt,Disobeyed traffic control,Normal,,,Going Ahead,,,,,driver,NA,Don Valley East (16),33 Division,Banbury-Don Mills,true,false,false,false,false,true,true,true,false,false,"{""coordinates"": [[-79.34209068046276, 43.73224411096572]], ""type"": ""MultiPoint""}"
8784,2012:1317840,2012-10-01T14:54:00,COSBURN AVE,CEDARVALE AVE,,2,Non-Fatal Injury,At Intersection,Pedestrian Crossover,Pedestrian Collision(internal code),Clear,Daylight,Dry,Collector,false,-79.31569068227482,43.69684407917417,1,Automobile or Station Wagon,South,1,65,None,Other Safety Equipment Used,Failed to yield right-of-way,Inattentive,,,Turning Left,,,,,driver,NA,Beaches-East York (19),55 Division,Woodbine-Lumsden,true,true,false,false,false,true,true,false,false,false,"{""coordinates"": [[-79.31569068227482, 43.69684407917417]], ""type"": ""MultiPoint""}"
8785,2012:1317840,2012-10-01T14:54:00,COSBURN AVE,CEDARVALE AVE,,2,Non-Fatal Injury,At Intersection,Pedestrian Crossover,Pedestrian Collision(internal code),Clear,Daylight,Dry,Collector,false,-79.31569068227482,43.69684407917417,2,,South,2,77,Major,Other Safety Equipment Used,,,Crossing - pedestrian crossover,Normal,,Driver hits pedestrian at PXO/pedestrian midblock signal,,,,pedestrian,NA,Beaches-East York (19),55 Division,Woodbine-Lumsden,true,true,false,false,false,true,true,false,false,false,"{""coordinates"": [[-79.31569068227482, 43.69684407917417]], ""type"": ""MultiPoint""}"
8786,2012:1324692,2012-10-02T18:20:00,SHUTER Stre,CHURCH Stre,,2,Non-Fatal Injury,At Intersection,Traffic Signal,Cyclist Collision,Clear,Dark with Artificial Lighting,Dry,Minor Arterial,false,-79.37649085688372,43.654844171348486,1,Automobile or Station Wagon,East,1,48,None,Lap and Shoulder Belt,Improper turn,Normal,,,Turning Right,,,,,driver,NA,Toronto Centre (13),51 Division,Downtown Yonge East,false,false,true,false,false,false,false,false,false,false,"{""coordinates"": [[-79.37649085688372, 43.654844171348486]], ""type"": ""MultiPoint""}"
8787,2012:1324692,2012-10-02T18:20:00,SHUTER Stre,CHURCH Stre,,2,Non-Fatal Injury,At Intersection,Traffic Signal,Cyclist Collision,Clear,Dark with Artificial Lighting,Dry,Minor Arterial,false,-79.37649085688372,43.654844171348486,2,Bicycle,East,2,60,Major,Helmet,,,,,Going Ahead,,Driver turns right on green or amber at signalized intersection and hits cyclist,Driving Properly,Normal,cyclist,NA,Toronto Centre (13),51 Division,Downtown Yonge East,false,false,true,false,false,false,false,false,false,false,"{""coordinates"": [[-79.37649085688372, 43.654844171348486]], ""type"": ""MultiPoint""}"
8788,2012:1318227,2012-10-03T14:40:00,2700 KINGSTON RD,,,4,Non-Fatal Injury,At Intersection,Traffic Signal,Pedestrian Collision(internal code),"Airborne Matter (Fog, Mist, Smoke, Dust)",Daylight,Wet,Major Arterial,false,-79.2432905299315,43.71564398317513,1,,,1,47,Minimal,Other Safety Equipment Used,,,,,,,,,,passenger,NA,Scarborough Southwest (20),41 Division,Cliffcrest,false,true,false,false,false,false,true,false,true,false,"{""coordinates"": [[-79.2432905299315, 43.71564398317513]], ""type"": ""MultiPoint""}"
8789,2012:1318227,2012-10-03T14:40:00,2700 KINGSTON RD,,,4,Non-Fatal Injury,At Intersection,Traffic Signal,Pedestrian Collision(internal code),"Airborne Matter (Fog, Mist, Smoke, Dust)",Daylight,Wet,Major Arterial,false,-79.2432905299315,43.71564398317513,1,Automobile or Station Wagon,West,3,40,None,Lap and Shoulder Belt,Driving properly,Normal,,,Going Ahead,,,,,driver,NA,Scarborough Southwest (20),41 Division,Cliffcrest,false,true,false,false,false,false,true,false,true,false,"{""coordinates"": [[-79.2432905299315, 43.71564398317513]], ""type"": ""MultiPoint""}"
8790,2012:1318227,2012-10-03T14:40:00,2700 KINGSTON RD,,,4,Non-Fatal Injury,At Intersection,Traffic Signal,Pedestrian Collision(internal code),"Airborne Matter (Fog, Mist, Smoke, Dust)",Daylight,Wet,Major Arterial,false,-79.2432905299315,43.71564398317513,1,,,2,NA,,Other Safety Equipment Used,,,,,,,,,,owner,NA,Scarborough Southwest (20),41 Division,Cliffcrest,false,true,false,false,false,false,true,false,true,false,"{""coordinates"": [[-79.2432905299315, 43.71564398317513]], ""type"": ""MultiPoint""}"
8791,2012:1318227,2012-10-03T14:40:00,2700 KINGSTON RD,,,4,Non-Fatal Injury,At Intersection,Traffic Signal,Pedestrian Collision(internal code),"Airborne Matter (Fog, Mist, Smoke, Dust)",Daylight,Wet,Major Arterial,false,-79.2432905299315,43.71564398317513,2,,North,4,15,Major,Other Safety Equipment Used,,,Crossing without right-of-way (intersection),Inattentive,,Driver going straight hits pedestrian crossing without right-of-way (at intersection),,,,pedestrian,NA,Scarborough Southwest (20),41 Division,Cliffcrest,false,true,false,false,false,false,true,false,true,false,"{""coordinates"": [[-79.2432905299315, 43.71564398317513]], ""type"": ""MultiPoint""}"
8792,2012:1324973,2012-10-04T17:48:00,AVENUE RD,MACPHERSON AVE,,4,Non-Fatal Injury,,No Control,Cyclist Collision,Clear,Daylight,Dry,Major Arterial,false,-79.39789086244268,43.67784419694415,1,,,1,NA,,Other Safety Equipment Used,,,,,,,,,,owner,NA,University-Rosedale (11),53 Division,Annex,true,false,true,false,false,false,false,false,false,true,"{""coordinates"": [[-79.39789086244268, 43.67784419694415]], ""type"": ""MultiPoint""}"