X_id,collision_id,accdate,stname1,stname2,stname3,per_inv,acclass,accloc,traffictl,impactype,visible,light,rdsfcond,road_class,failtorem,longitude,latitude,veh_no,vehtype,initdir,per_no,invage,injury,safequip,drivact,drivcond,pedact,pedcond,manoeuvre,pedtype,cyclistype,cycact,cyccond,road_user,fatal_no,wardname,division,neighbourhood,aggressive,distracted,cyclist,motorcyclist,other_micromobility,older_adult,pedestrian,red_light,school_child,heavy_truck,geometry
8896,2012:1322204,2012-10-25T15:22:00,ST CLAIR AVE W,HENDRICK AVE,,2,Non-Fatal Injury,,No Control,Pedestrian Collision(internal code),Clear,Daylight,Dry,Major Arterial,false,-79.43108792041652,43.68054424310871,1,Municipal Transit Bus (TTC),West,2,43,None,Lap and Shoulder Belt,Driving properly,Normal,,,Going Ahead,,,,,driver,NA,Toronto-St. Paul's (12),13 Division,Wychwood,false,false,false,false,false,false,true,false,false,true,"{""coordinates"": [[-79.43108792041652, 43.68054424310871]], ""type"": ""MultiPoint""}"
8897,2012:1322361,2012-10-26T08:35:00,BOGERT AVE,BEECROFT RD,,2,Non-Fatal Injury,,No Control,Pedestrian Collision(internal code),Clear,Daylight,Dry,Local,false,-79.41139076057073,43.76054419419938,1,,West,1,NA,None,Other Safety Equipment Used,Other,Other Condition,,,Disabled,,,,,driver,NA,Willowdale (18),32 Division,Lansing-Westgate,false,false,false,false,false,false,true,false,false,false,"{""coordinates"": [[-79.41139076057073, 43.76054419419938]], ""type"": ""MultiPoint""}"
8898,2012:1322361,2012-10-26T08:35:00,BOGERT AVE,BEECROFT RD,,2,Non-Fatal Injury,,No Control,Pedestrian Collision(internal code),Clear,Daylight,Dry,Local,false,-79.41139076057073,43.76054419419938,1,,Unknown,2,45,Major,Other Safety Equipment Used,,,Person getting on/off school bus,Normal,,Driver hits pedestrian at midblock,,,,pedestrian,NA,Willowdale (18),32 Division,Lansing-Westgate,false,false,false,false,false,false,true,false,false,false,"{""coordinates"": [[-79.41139076057073, 43.76054419419938]], ""type"": ""MultiPoint""}"
8899,2012:1331518,2012-10-27T19:00:00,MCCOWAN RD,PITFIELD RD,,6,Non-Fatal Injury,At Intersection,Traffic Signal,Turning Movement,Rain,Dark with Artificial Lighting,Wet,Major Arterial,false,-79.25728948178671,43.78734400824389,1,,,6,77,Major,Lap and Shoulder Belt,,,,,,,,,,passenger,NA,Scarborough North (23),42 Division,Agincourt South-Malvern West,true,true,false,false,false,true,false,false,false,false,"{""coordinates"": [[-79.25728948178671, 43.78734400824389]], ""type"": ""MultiPoint""}"
8900,2012:1331518,2012-10-27T19:00:00,MCCOWAN RD,PITFIELD RD,,6,Non-Fatal Injury,At Intersection,Traffic Signal,Turning Movement,Rain,Dark with Artificial Lighting,Wet,Major Arterial,false,-79.25728948178671,43.78734400824389,1,,,5,52,Minor,Lap and Shoulder Belt,,,,,,,,,,passenger,NA,Scarborough North (23),42 Division,Agincourt South-Malvern West,true,true,false,false,false,true,false,false,false,false,"{""coordinates"": [[-79.25728948178671, 43.78734400824389]], ""type"": ""MultiPoint""}"
8901,2012:1331518,2012-10-27T19:00:00,MCCOWAN RD,PITFIELD RD,,6,Non-Fatal Injury,At Intersection,Traffic Signal,Turning Movement,Rain,Dark with Artificial Lighting,Wet,Major Arterial,false,-79.25728948178671,43.78734400824389,2,,,3,38,Minor,Lap and Shoulder Belt,,,,,,,,,,passenger,NA,Scarborough North (23),42 Division,Agincourt South-Malvern West,true,true,false,false,false,true,false,false,false,false,"{""coordinates"": [[-79.25728948178671, 43.78734400824389]], ""type"": ""MultiPoint""}"
8902,2012:1331518,2012-10-27T19:00:00,MCCOWAN RD,PITFIELD RD,,6,Non-Fatal Injury,At Intersection,Traffic Signal,Turning Movement,Rain,Dark with Artificial Lighting,Wet,Major Arterial,false,-79.25728948178671,43.78734400824389,2,Automobile or Station Wagon,South,4,21,Minimal,Lap and Shoulder Belt,Driving properly,Normal,,,Going Ahead,,,,,driver,NA,Scarborough North (23),42 Division,Agincourt South-Malvern West,true,true,false,false,false,true,false,false,false,false,"{""coordinates"": [[-79.25728948178671, 43.78734400824389]], ""type"": ""MultiPoint""}"
8903,2012:1331518,2012-10-27T19:00:00,MCCOWAN RD,PITFIELD RD,,6,Non-Fatal Injury,At Intersection,Traffic Signal,Turning Movement,Rain,Dark with Artificial Lighting,Wet,Major Arterial,false,-79.25728948178671,43.78734400824389,2,,,2,21,Minor,Lap and Shoulder Belt,,,,,,,,,,passenger,NA,Scarborough North (23),42 Division,Agincourt South-Malvern West,true,true,false,false,false,true,false,false,false,false,"{""coordinates"": [[-79.25728948178671, 43.78734400824389]], ""type"": ""MultiPoint""}"
8904,2012:1331518,2012-10-27T19:00:00,MCCOWAN RD,PITFIELD RD,,6,Non-Fatal Injury,At Intersection,Traffic Signal,Turning Movement,Rain,Dark with Artificial Lighting,Wet,Major Arterial,false,-79.25728948178671,43.78734400824389,1,Automobile or Station Wagon,North,1,74,Minor,Lap and Shoulder Belt,Failed to yield right-of-way,Inattentive,,,Turning Left,,,,,driver,NA,Scarborough North (23),42 Division,Agincourt South-Malvern West,true,true,false,false,false,true,false,false,false,false,"{""coordinates"": [[-79.25728948178671, 43.78734400824389]], ""type"": ""MultiPoint""}"
8905,2012:1329099,2012-10-28T21:35:00,FINCH AVE W,ARDWICK BLVD,,3,Non-Fatal Injury,At Intersection,Traffic Signal,Pedestrian Collision(internal code),Rain,Dark with Artificial Lighting,Wet,Major Arterial,false,-79.55759099612838,43.74874437048431,1,,,1,NA,,Other Safety Equipment Used,,,,,,,,,,owner,NA,Humber River-Black Creek (7),31 Division,Humbermede,true,false,false,false,false,false,true,false,false,false,"{""coordinates"": [[-79.55759099612838, 43.74874437048431]], ""type"": ""MultiPoint""}"
8906,2012:1329099,2012-10-28T21:35:00,FINCH AVE W,ARDWICK BLVD,,3,Non-Fatal Injury,At Intersection,Traffic Signal,Pedestrian Collision(internal code),Rain,Dark with Artificial Lighting,Wet,Major Arterial,false,-79.55759099612838,43.74874437048431,1,Automobile or Station Wagon,North,2,26,None,Other Safety Equipment Used,Failed to yield right-of-way,Normal,,,Turning Left,,,,,driver,NA,Humber River-Black Creek (7),31 Division,Humbermede,true,false,false,false,false,false,true,false,false,false,"{""coordinates"": [[-79.55759099612838, 43.74874437048431]], ""type"": ""MultiPoint""}"
8907,2012:1329099,2012-10-28T21:35:00,FINCH AVE W,ARDWICK BLVD,,3,Non-Fatal Injury,At Intersection,Traffic Signal,Pedestrian Collision(internal code),Rain,Dark with Artificial Lighting,Wet,Major Arterial,false,-79.55759099612838,43.74874437048431,2,,South,3,42,Major,No Equipment Available,,,Crossing with right-of-way (intersection),Normal,,Driver turns left into pedestrian crossing with right-of-way (at intersection),,,,pedestrian,NA,Humber River-Black Creek (7),31 Division,Humbermede,true,false,false,false,false,false,true,false,false,false,"{""coordinates"": [[-79.55759099612838, 43.74874437048431]], ""type"": ""MultiPoint""}"
8908,2012:1322488,2012-10-28T22:08:00,YONGE ST,ORCHARD VIEW BLVD,,2,Non-Fatal Injury,,No Control,Pedestrian Collision(internal code),Rain,Dark,Wet,Major Arterial,true,-79.39869081627272,43.70824419023988,1,,West,2,29,Major,Other Safety Equipment Used,,,Crossing - no traffic control,Normal,,Driver going straight hits pedestrian crossing without right-of-way (at intersection),,,,pedestrian,NA,Eglinton-Lawrence (8),53 Division,Yonge-Eglinton,true,false,false,false,false,false,true,false,false,false,"{""coordinates"": [[-79.39869081627272, 43.70824419023988]], ""type"": ""MultiPoint""}"
8909,2012:1322488,2012-10-28T22:08:00,YONGE ST,ORCHARD VIEW BLVD,,2,Non-Fatal Injury,,No Control,Pedestrian Collision(internal code),Rain,Dark,Wet,Major Arterial,true,-79.39869081627272,43.70824419023988,1,Automobile or Station Wagon,North,1,NA,None,Other Safety Equipment Used,Failed to yield right-of-way,Unknown,,,Overtaking,,,,,driver,NA,Eglinton-Lawrence (8),53 Division,Yonge-Eglinton,true,false,false,false,false,false,true,false,false,false,"{""coordinates"": [[-79.39869081627272, 43.70824419023988]], ""type"": ""MultiPoint""}"
8910,2012:1329595,2012-10-29T22:10:00,SHAUGHNESSY BLVD,ROCHELLE CRES,,2,Non-Fatal Injury,At Intersection,No Control,Pedestrian Collision(internal code),Rain,Dark with Artificial Lighting,Wet,Collector,false,-79.35359065046832,43.77434412279065,1,Automobile or Station Wagon,South,2,38,None,Lap and Shoulder Belt,Failed to yield right-of-way,Normal,,,Turning Left,,,,,driver,NA,Don Valley North (17),33 Division,Don Valley Village,true,false,false,false,false,false,true,false,false,false,"{""coordinates"": [[-79.35359065046832, 43.77434412279065]], ""type"": ""MultiPoint""}"
8911,2012:1329595,2012-10-29T22:10:00,SHAUGHNESSY BLVD,ROCHELLE CRES,,2,Non-Fatal Injury,At Intersection,No Control,Pedestrian Collision(internal code),Rain,Dark with Artificial Lighting,Wet,Collector,false,-79.35359065046832,43.77434412279065,1,,South,1,56,Major,Other Safety Equipment Used,,,Crossing with right-of-way (intersection),Normal,,Driver turns left into pedestrian crossing with right-of-way (at intersection),,,,pedestrian,NA,Don Valley North (17),33 Division,Don Valley Village,true,false,false,false,false,false,true,false,false,false,"{""coordinates"": [[-79.35359065046832, 43.77434412279065]], ""type"": ""MultiPoint""}"
8912,2012:1329462,2012-10-31T07:19:00,CASTLEFIELD AVE,CALEDONIA RD,,2,Non-Fatal Injury,At Intersection,Traffic Signal,Pedestrian Collision(internal code),Rain,Dark,Wet,Minor Arterial,false,-79.46349094993533,43.69844428153216,2,,South,2,37,Major,Other Safety Equipment Used,,,Crossing with right-of-way (intersection),Normal,,Driver turns right into pedestrian crossing with right-of-way (at intersection),,,,pedestrian,NA,Eglinton-Lawrence (8),13 Division,Briar Hill-Belgravia,false,false,false,false,false,false,true,false,false,false,"{""coordinates"": [[-79.46349094993533, 43.69844428153216]], ""type"": ""MultiPoint""}"
8913,2012:1329462,2012-10-31T07:19:00,CASTLEFIELD AVE,CALEDONIA RD,,2,Non-Fatal Injury,At Intersection,Traffic Signal,Pedestrian Collision(internal code),Rain,Dark,Wet,Minor Arterial,false,-79.46349094993533,43.69844428153216,1,Automobile or Station Wagon,South,1,31,None,Lap and Shoulder Belt,Improper turn,Normal,,,Turning Right,,,,,driver,NA,Eglinton-Lawrence (8),13 Division,Briar Hill-Belgravia,false,false,false,false,false,false,true,false,false,false,"{""coordinates"": [[-79.46349094993533, 43.69844428153216]], ""type"": ""MultiPoint""}"
8914,2012:1323544,2012-11-01T06:52:00,LAWRENCE AVE W,CORONA ST,,5,Fatal Injury,,No Control,Pedestrian Collision(internal code),Rain,Dark,Wet,Major Arterial,false,-79.45329090438473,43.71414426151912,1,,,1,46,None,Other Safety Equipment Used,,,,,,,,,,passenger,NA,Eglinton-Lawrence (8),13 Division,Yorkdale-Glen Park,false,true,false,false,false,false,true,false,false,false,"{""coordinates"": [[-79.45329090438473, 43.714144261519124]], ""type"": ""MultiPoint""}"
8915,2012:1323544,2012-11-01T06:52:00,LAWRENCE AVE W,CORONA ST,,5,Fatal Injury,,No Control,Pedestrian Collision(internal code),Rain,Dark,Wet,Major Arterial,false,-79.45329090438473,43.71414426151912,2,Automobile or Station Wagon,East,3,52,None,Lap and Shoulder Belt,Driving properly,Normal,,,Changing Lanes,,,,,driver,NA,Eglinton-Lawrence (8),13 Division,Yorkdale-Glen Park,false,true,false,false,false,false,true,false,false,false,"{""coordinates"": [[-79.45329090438473, 43.714144261519124]], ""type"": ""MultiPoint""}"
8916,2012:1323544,2012-11-01T06:52:00,LAWRENCE AVE W,CORONA ST,,5,Fatal Injury,,No Control,Pedestrian Collision(internal code),Rain,Dark,Wet,Major Arterial,false,-79.45329090438473,43.71414426151912,1,Automobile or Station Wagon,East,2,48,None,Lap and Shoulder Belt,Driving properly,Normal,,,Going Ahead,,,,,driver,NA,Eglinton-Lawrence (8),13 Division,Yorkdale-Glen Park,false,true,false,false,false,false,true,false,false,false,"{""coordinates"": [[-79.45329090438473, 43.714144261519124]], ""type"": ""MultiPoint""}"
8917,2012:1323544,2012-11-01T06:52:00,LAWRENCE AVE W,CORONA ST,,5,Fatal Injury,,No Control,Pedestrian Collision(internal code),Rain,Dark,Wet,Major Arterial,false,-79.45329090438473,43.71414426151912,3,Automobile or Station Wagon,West,4,28,None,Other Safety Equipment Used,Driving properly,Normal,,,Going Ahead,,,,,driver,NA,Eglinton-Lawrence (8),13 Division,Yorkdale-Glen Park,false,true,false,false,false,false,true,false,false,false,"{""coordinates"": [[-79.45329090438473, 43.714144261519124]], ""type"": ""MultiPoint""}"
8918,2012:1323544,2012-11-01T06:52:00,LAWRENCE AVE W,CORONA ST,,5,Fatal Injury,,No Control,Pedestrian Collision(internal code),Rain,Dark,Wet,Major Arterial,false,-79.45329090438473,43.71414426151912,4,,Unknown,5,34,Fatal,Other Safety Equipment Used,,,Crossing - no traffic control,Inattentive,,Driver going straight hits pedestrian crossing without right-of-way (at intersection),,,,pedestrian,37,Eglinton-Lawrence (8),13 Division,Yorkdale-Glen Park,false,true,false,false,false,false,true,false,false,false,"{""coordinates"": [[-79.45329090438473, 43.714144261519124]], ""type"": ""MultiPoint""}"
8919,2012:1323931,2012-11-01T06:54:00,EGLINTON AVE W,PEVERIL HILL N,,2,Non-Fatal Injury,,No Control,Pedestrian Collision(internal code),Rain,Dark,Wet,Major Arterial,true,-79.42669087897573,43.70074423037944,1,,North,2,52,Major,Other Safety Equipment Used,,,Crossing without right-of-way (intersection),Inattentive,,Driver going straight hits pedestrian crossing without right-of-way (at intersection),,,,pedestrian,NA,Toronto-St. Paul's (12),13 Division,Humewood-Cedarvale,false,true,false,false,false,false,true,false,false,false,"{""coordinates"": [[-79.42669087897573, 43.70074423037944]], ""type"": ""MultiPoint""}"
8920,2012:1323931,2012-11-01T06:54:00,EGLINTON AVE W,PEVERIL HILL N,,2,Non-Fatal Injury,,No Control,Pedestrian Collision(internal code),Rain,Dark,Wet,Major Arterial,true,-79.42669087897573,43.70074423037944,1,Automobile or Station Wagon,East,1,NA,None,Other Safety Equipment Used,Other,Normal,,,Going Ahead,,,,,driver,NA,Toronto-St. Paul's (12),13 Division,Humewood-Cedarvale,false,true,false,false,false,false,true,false,false,false,"{""coordinates"": [[-79.42669087897573, 43.70074423037944]], ""type"": ""MultiPoint""}"
8921,2012:1331690,2012-11-01T07:15:00,STAINES RD,SEASONS DR,,2,Non-Fatal Injury,,No Control,Pedestrian Collision(internal code),Rain,Daylight,Wet,Collector,false,-79.2236904021261,43.8304439822373,2,,North,2,24,Major,Other Safety Equipment Used,,,Walking on roadway with traffic,Normal,,Driver going straight hits pedestrian crossing with right-of-way (at intersection),,,,pedestrian,NA,Scarborough North (23),42 Division,Morningside Heights,false,false,false,false,false,false,true,false,false,false,"{""coordinates"": [[-79.2236904021261, 43.8304439822373]], ""type"": ""MultiPoint""}"
8922,2012:1331690,2012-11-01T07:15:00,STAINES RD,SEASONS DR,,2,Non-Fatal Injury,,No Control,Pedestrian Collision(internal code),Rain,Daylight,Wet,Collector,false,-79.2236904021261,43.8304439822373,1,Automobile or Station Wagon,North,1,49,None,Lap and Shoulder Belt,Driving properly,Normal,,,Going Ahead,,,,,driver,NA,Scarborough North (23),42 Division,Morningside Heights,false,false,false,false,false,false,true,false,false,false,"{""coordinates"": [[-79.2236904021261, 43.8304439822373]], ""type"": ""MultiPoint""}"
8923,2012:1329449,2012-11-01T21:28:00,VICTORIA PARK Ave,BISCAYNE BLVD,,3,Non-Fatal Injury,,No Control,Turning Movement,Clear,Dark with Artificial Lighting,Dry,Major Arterial,false,-79.30463061904048,43.72954306270063,2,,,2,NA,,Other Safety Equipment Used,,,,,,,,,,owner,NA,Scarborough Centre (21),41 Division,Wexford/Maryvale,false,false,false,false,false,false,false,false,false,false,"{""coordinates"": [[-79.30463061904048, 43.72954306270063]], ""type"": ""MultiPoint""}"
8924,2012:1329449,2012-11-01T21:28:00,VICTORIA PARK Ave,BISCAYNE BLVD,,3,Non-Fatal Injury,,No Control,Turning Movement,Clear,Dark with Artificial Lighting,Dry,Major Arterial,false,-79.30463061904048,43.72954306270063,1,Automobile or Station Wagon,South,1,32,None,Other Safety Equipment Used,Driving properly,Normal,,,Going Ahead,,,,,driver,NA,Scarborough Centre (21),41 Division,Wexford/Maryvale,false,false,false,false,false,false,false,false,false,false,"{""coordinates"": [[-79.30463061904048, 43.72954306270063]], ""type"": ""MultiPoint""}"
8925,2012:1329449,2012-11-01T21:28:00,VICTORIA PARK Ave,BISCAYNE BLVD,,3,Non-Fatal Injury,,No Control,Turning Movement,Clear,Dark with Artificial Lighting,Dry,Major Arterial,false,-79.30463061904048,43.72954306270063,2,Automobile or Station Wagon,South,3,22,Major,Lap and Shoulder Belt,Improper turn,Normal,,,Making U-Turn,,,,,driver,NA,Scarborough Centre (21),41 Division,Wexford/Maryvale,false,false,false,false,false,false,false,false,false,false,"{""coordinates"": [[-79.30463061904048, 43.72954306270063]], ""type"": ""MultiPoint""}"
8926,2012:1329833,2012-11-02T01:00:00,GLENHOLME AVE,ROGERS RD,,2,Non-Fatal Injury,At Intersection,Traffic Signal,Pedestrian Collision(internal code),Clear,Daylight,Dry,Minor Arterial,false,-79.44159092999357,43.68654425578774,1,Automobile or Station Wagon,South,1,57,None,Other Safety Equipment Used,Failed to yield right-of-way,Inattentive,,,Turning Left,,,,,driver,NA,Toronto-St. Paul's (12),13 Division,Oakwood Village,true,true,false,false,false,false,true,false,false,false,"{""coordinates"": [[-79.44159092999357, 43.68654425578774]], ""type"": ""MultiPoint""}"
8927,2012:1329833,2012-11-02T01:00:00,GLENHOLME AVE,ROGERS RD,,2,Non-Fatal Injury,At Intersection,Traffic Signal,Pedestrian Collision(internal code),Clear,Daylight,Dry,Minor Arterial,false,-79.44159092999357,43.68654425578774,2,,North,2,50,Major,No Equipment Available,,,Crossing with right-of-way (intersection),Normal,,Driver turns left into pedestrian crossing with right-of-way (at intersection),,,,pedestrian,NA,Toronto-St. Paul's (12),13 Division,Oakwood Village,true,true,false,false,false,false,true,false,false,false,"{""coordinates"": [[-79.44159092999357, 43.68654425578774]], ""type"": ""MultiPoint""}"
8928,2007:1011408,2007-12-20T08:46:00,DANFORTH AVE,CHESTER AVE,,1,Non-Fatal Injury,At Intersection,Traffic Signal,Approaching Head On,Clear,Daylight,Wet,Major Arterial,false,-79.35211207679995,43.67752033209119,1,Automobile or Station Wagon,West,1,48,Major,Use Unknown,,,,,Going Ahead,,,,,driver,NA,Toronto-Danforth (14),55 Division,North Riverdale,false,false,false,false,false,false,false,false,false,false,"{""coordinates"": [[-79.35211207679995, 43.67752033209119]], ""type"": ""MultiPoint""}"
8929,2012:1329835,2012-11-02T19:33:00,EGLINTON Ave E,RUMSEY Rd,,6,Non-Fatal Injury,At Intersection,Traffic Signal,Angle,Clear,Dusk with Artificial Lighting,Dry,Major Arterial,false,-79.36964775758375,43.71256415029505,2,Automobile or Station Wagon,West,3,39,None,Other Safety Equipment Used,Disobeyed traffic control,Normal,,,Going Ahead,,,,,driver,NA,Don Valley West (15),53 Division,Leaside-Bennington,true,false,false,false,false,true,false,true,false,false,"{""coordinates"": [[-79.36964775758375, 43.71256415029505]], ""type"": ""MultiPoint""}"
8930,2012:1329835,2012-11-02T19:33:00,EGLINTON Ave E,RUMSEY Rd,,6,Non-Fatal Injury,At Intersection,Traffic Signal,Angle,Clear,Dusk with Artificial Lighting,Dry,Major Arterial,false,-79.36964775758375,43.71256415029505,1,Automobile or Station Wagon,South,2,53,None,Other Safety Equipment Used,Driving properly,Normal,,,Going Ahead,,,,,driver,NA,Don Valley West (15),53 Division,Leaside-Bennington,true,false,false,false,false,true,false,true,false,false,"{""coordinates"": [[-79.36964775758375, 43.71256415029505]], ""type"": ""MultiPoint""}"
8931,2012:1329835,2012-11-02T19:33:00,EGLINTON Ave E,RUMSEY Rd,,6,Non-Fatal Injury,At Intersection,Traffic Signal,Angle,Clear,Dusk with Artificial Lighting,Dry,Major Arterial,false,-79.36964775758375,43.71256415029505,3,Automobile or Station Wagon,East,5,71,Major,Lap and Shoulder Belt,Driving properly,Normal,,,Slowing or Stopping,,,,,driver,NA,Don Valley West (15),53 Division,Leaside-Bennington,true,false,false,false,false,true,false,true,false,false,"{""coordinates"": [[-79.36964775758375, 43.71256415029505]], ""type"": ""MultiPoint""}"
8932,2012:1329835,2012-11-02T19:33:00,EGLINTON Ave E,RUMSEY Rd,,6,Non-Fatal Injury,At Intersection,Traffic Signal,Angle,Clear,Dusk with Artificial Lighting,Dry,Major Arterial,false,-79.36964775758375,43.71256415029505,1,,,1,NA,,Other Safety Equipment Used,,,,,,,,,,owner,NA,Don Valley West (15),53 Division,Leaside-Bennington,true,false,false,false,false,true,false,true,false,false,"{""coordinates"": [[-79.36964775758375, 43.71256415029505]], ""type"": ""MultiPoint""}"
8933,2012:1329835,2012-11-02T19:33:00,EGLINTON Ave E,RUMSEY Rd,,6,Non-Fatal Injury,At Intersection,Traffic Signal,Angle,Clear,Dusk with Artificial Lighting,Dry,Major Arterial,false,-79.36964775758375,43.71256415029505,4,,,6,NA,,Other Safety Equipment Used,,,,,,,,,,owner,NA,Don Valley West (15),53 Division,Leaside-Bennington,true,false,false,false,false,true,false,true,false,false,"{""coordinates"": [[-79.36964775758375, 43.71256415029505]], ""type"": ""MultiPoint""}"
8934,2012:1330074,2012-11-05T13:20:00,810 COLLEGE ST,,,2,Non-Fatal Injury,,No Control,Cyclist Collision,Clear,Daylight,Dry,Major Arterial,false,-79.42189094558454,43.65454323823402,2,Bicycle,West,2,22,Major,Helmet,,,,,Going Ahead,,Dooring,Driving Properly,Normal,cyclist,NA,University-Rosedale (11),14 Division,Trinity-Bellwoods,false,false,true,false,false,false,false,false,false,false,"{""coordinates"": [[-79.42189094558454, 43.65454323823402]], ""type"": ""MultiPoint""}"
8935,2012:1330074,2012-11-05T13:20:00,810 COLLEGE ST,,,2,Non-Fatal Injury,,No Control,Cyclist Collision,Clear,Daylight,Dry,Major Arterial,false,-79.42189094558454,43.65454323823402,1,Automobile or Station Wagon,West,1,56,None,Equipment Not Used But Available,Other,Normal,,,Parked,,,,,driver,NA,University-Rosedale (11),14 Division,Trinity-Bellwoods,false,false,true,false,false,false,false,false,false,false,"{""coordinates"": [[-79.42189094558454, 43.65454323823402]], ""type"": ""MultiPoint""}"
8936,2012:1324317,2012-11-06T17:31:00,JARVIS ST,WELLESLEY ST E,,2,Non-Fatal Injury,At Intersection,Traffic Signal,Pedestrian Collision(internal code),Clear,Dusk,Dry,Major Arterial,false,-79.37829084312935,43.666244171597775,2,,East,2,81,Major,Other Safety Equipment Used,,,Crossing with right-of-way (intersection),Normal,,Driver going straight hits pedestrian crossing with right-of-way (at intersection),,,,pedestrian,NA,Toronto Centre (13),51 Division,Cabbagetown-South St.James Town,true,true,false,false,false,true,true,true,false,false,"{""coordinates"": [[-79.37829084312935, 43.666244171597775]], ""type"": ""MultiPoint""}"
8937,2012:1324317,2012-11-06T17:31:00,JARVIS ST,WELLESLEY ST E,,2,Non-Fatal Injury,At Intersection,Traffic Signal,Pedestrian Collision(internal code),Clear,Dusk,Dry,Major Arterial,false,-79.37829084312935,43.666244171597775,1,Automobile or Station Wagon,North,1,67,None,Lap and Shoulder Belt,Disobeyed traffic control,Inattentive,,,Going Ahead,,,,,driver,NA,Toronto Centre (13),51 Division,Cabbagetown-South St.James Town,true,true,false,false,false,true,true,true,false,false,"{""coordinates"": [[-79.37829084312935, 43.666244171597775]], ""type"": ""MultiPoint""}"
8938,2012:1324513,2012-11-07T14:37:00,RICHMOND ST W,UNIVERSITY AVE,,4,Fatal Injury,At Intersection,Traffic Signal,Cyclist Collision,Clear,Daylight,Dry,Major Arterial,false,-79.38629088329193,43.65004418686537,1,Automobile or Station Wagon,North,2,32,None,Lap and Shoulder Belt,Driving properly,Normal,,,Going Ahead,,,,,driver,NA,Spadina-Fort York (10),52 Division,Yonge-Bay Corridor,false,false,true,false,false,false,false,false,false,false,"{""coordinates"": [[-79.38629088329193, 43.65004418686537]], ""type"": ""MultiPoint""}"
8939,2012:1324513,2012-11-07T14:37:00,RICHMOND ST W,UNIVERSITY AVE,,4,Fatal Injury,At Intersection,Traffic Signal,Cyclist Collision,Clear,Daylight,Dry,Major Arterial,false,-79.38629088329193,43.65004418686537,2,Bicycle,West,4,58,Fatal,Helmet,,,,,Going Ahead,,"Cyclist without right-of-way rides into path of driver (at intersection, laneway, or driveway)",Disobeyed Traffic Control,Unknown,cyclist,38,Spadina-Fort York (10),52 Division,Yonge-Bay Corridor,false,false,true,false,false,false,false,false,false,false,"{""coordinates"": [[-79.38629088329193, 43.65004418686537]], ""type"": ""MultiPoint""}"
8940,2012:1324513,2012-11-07T14:37:00,RICHMOND ST W,UNIVERSITY AVE,,4,Fatal Injury,At Intersection,Traffic Signal,Cyclist Collision,Clear,Daylight,Dry,Major Arterial,false,-79.38629088329193,43.65004418686537,1,,,1,NA,,Other Safety Equipment Used,,,,,,,,,,owner,NA,Spadina-Fort York (10),52 Division,Yonge-Bay Corridor,false,false,true,false,false,false,false,false,false,false,"{""coordinates"": [[-79.38629088329193, 43.65004418686537]], ""type"": ""MultiPoint""}"
8941,2012:1324513,2012-11-07T14:37:00,RICHMOND ST W,UNIVERSITY AVE,,4,Fatal Injury,At Intersection,Traffic Signal,Cyclist Collision,Clear,Daylight,Dry,Major Arterial,false,-79.38629088329193,43.65004418686537,2,,,3,36,None,Other Safety Equipment Used,,,,,,,,,,passenger,NA,Spadina-Fort York (10),52 Division,Yonge-Bay Corridor,false,false,true,false,false,false,false,false,false,false,"{""coordinates"": [[-79.38629088329193, 43.65004418686537]], ""type"": ""MultiPoint""}"
8942,2012:1326953,2012-11-07T18:53:00,LESLIE ST,LAKE SHORE BLVD E,,2,Non-Fatal Injury,At Intersection,Traffic Signal,Cyclist Collision,Clear,Dark,Dry,Major Arterial,true,-79.32838875735949,43.65924210016636,1,Automobile or Station Wagon,South,1,NA,None,Other Safety Equipment Used,Other,Unknown,,,Unknown,,,,,driver,NA,Toronto-Danforth (14),55 Division,South Riverdale,false,false,true,false,false,false,false,false,false,false,"{""coordinates"": [[-79.32838875735949, 43.65924210016636]], ""type"": ""MultiPoint""}"
8943,2012:1326953,2012-11-07T18:53:00,LESLIE ST,LAKE SHORE BLVD E,,2,Non-Fatal Injury,At Intersection,Traffic Signal,Cyclist Collision,Clear,Dark,Dry,Major Arterial,true,-79.32838875735949,43.65924210016636,1,Bicycle,East,2,45,Major,Helmet,,,,,Going Ahead,,Insufficient information to describe collision,Other,Unknown,cyclist,NA,Toronto-Danforth (14),55 Division,South Riverdale,false,false,true,false,false,false,false,false,false,false,"{""coordinates"": [[-79.32838875735949, 43.65924210016636]], ""type"": ""MultiPoint""}"
8944,2012:1331528,2012-11-09T11:40:00,WILSON Ave,YONGE St,,2,Non-Fatal Injury,At Intersection,Traffic Signal,Turning Movement,Clear,Daylight,Dry,Major Arterial,false,-79.40671177363733,43.74413819112036,1,Automobile or Station Wagon,West,2,87,Major,Air Bag Deployed,Failed to yield right-of-way,Normal,,,Turning Left,,,,,driver,NA,Don Valley West (15),32 Division,St.Andrew-Windfields,true,false,false,false,false,true,false,false,false,false,"{""coordinates"": [[-79.40671177363733, 43.74413819112036]], ""type"": ""MultiPoint""}"