X_id,collision_id,accdate,stname1,stname2,stname3,per_inv,acclass,accloc,traffictl,impactype,visible,light,rdsfcond,road_class,failtorem,longitude,latitude,veh_no,vehtype,initdir,per_no,invage,injury,safequip,drivact,drivcond,pedact,pedcond,manoeuvre,pedtype,cyclistype,cycact,cyccond,road_user,fatal_no,wardname,division,neighbourhood,aggressive,distracted,cyclist,motorcyclist,other_micromobility,older_adult,pedestrian,red_light,school_child,heavy_truck,geometry
9458,2013:1352962,2013-04-24T08:43:00,MURRIE ST,ROYAL YORK RD,,2,Non-Fatal Injury,At Intersection,Stop Sign,SMV Other,Rain,Daylight,Wet,Minor Arterial,false,-79.4940911748092,43.605844367859746,1,Automobile or Station Wagon,East,2,79,Major,Lap and Shoulder Belt,Lost control,Normal,,,Going Ahead,,,,,driver,NA,Etobicoke-Lakeshore (3),22 Division,Mimico-Queensway,false,false,false,false,false,true,false,false,false,false,"{""coordinates"": [[-79.4940911748092, 43.605844367859746]], ""type"": ""MultiPoint""}"
9459,2013:1357499,2013-04-24T11:38:00,STEELES AVE E,DON MILLS RD,,3,Non-Fatal Injury,At Intersection,Traffic Signal,Angle,Rain,Daylight,Wet,Major Arterial,false,-79.36079062513082,43.811144130591394,1,Automobile or Station Wagon,South,2,45,Minor,Lap and Shoulder Belt,Driving properly,Normal,,,Going Ahead,,,,,driver,NA,Don Valley North (17),33 Division,Hillcrest Village,true,true,false,false,false,false,false,true,false,false,"{""coordinates"": [[-79.36079062513082, 43.811144130591394]], ""type"": ""MultiPoint""}"
9460,2013:1357499,2013-04-24T11:38:00,STEELES AVE E,DON MILLS RD,,3,Non-Fatal Injury,At Intersection,Traffic Signal,Angle,Rain,Daylight,Wet,Major Arterial,false,-79.36079062513082,43.811144130591394,1,,,1,45,Major,Lap and Shoulder Belt,,,,,,,,,,passenger,NA,Don Valley North (17),33 Division,Hillcrest Village,true,true,false,false,false,false,false,true,false,false,"{""coordinates"": [[-79.36079062513082, 43.811144130591394]], ""type"": ""MultiPoint""}"
9461,2013:1357499,2013-04-24T11:38:00,STEELES AVE E,DON MILLS RD,,3,Non-Fatal Injury,At Intersection,Traffic Signal,Angle,Rain,Daylight,Wet,Major Arterial,false,-79.36079062513082,43.811144130591394,2,Automobile or Station Wagon,East,3,21,Minor,Lap and Shoulder Belt,Disobeyed traffic control,Inattentive,,,Going Ahead,,,,,driver,NA,Don Valley North (17),33 Division,Hillcrest Village,true,true,false,false,false,false,false,true,false,false,"{""coordinates"": [[-79.36079062513082, 43.811144130591394]], ""type"": ""MultiPoint""}"
9462,2013:1357570,2013-04-24T16:24:00,MORNINGSIDE Ave,BEATH St,,2,Non-Fatal Injury,,No Control,Sideswipe,Rain,Daylight,Wet,Major Arterial,false,-79.18869039643221,43.77474393665564,1,Municipal Transit Bus (TTC),North,1,70,Major,Other Safety Equipment Used,Driving properly,Normal,,,Stopped,,,,,driver,NA,Scarborough-Guildwood (24),43 Division,West Hill,true,true,false,false,false,true,false,false,true,true,"{""coordinates"": [[-79.18869039643221, 43.77474393665564]], ""type"": ""MultiPoint""}"
9463,2013:1357570,2013-04-24T16:24:00,MORNINGSIDE Ave,BEATH St,,2,Non-Fatal Injury,,No Control,Sideswipe,Rain,Daylight,Wet,Major Arterial,false,-79.18869039643221,43.77474393665564,2,Automobile or Station Wagon,North,2,18,Minor,Lap and Shoulder Belt,Following too closely,Inattentive,,,Changing Lanes,,,,,driver,NA,Scarborough-Guildwood (24),43 Division,West Hill,true,true,false,false,false,true,false,false,true,true,"{""coordinates"": [[-79.18869039643221, 43.77474393665564]], ""type"": ""MultiPoint""}"
9464,2013:1357700,2013-04-25T13:14:00,JARVIS St,QUEEN St E,,3,Non-Fatal Injury,At Intersection,Traffic Signal,Pedestrian Collision(internal code),Clear,Daylight,Dry,Major Arterial,false,-79.37329085231612,43.65374416685938,1,,,1,NA,,Other Safety Equipment Used,,,,,,,,,,owner,NA,Toronto Centre (13),51 Division,Downtown Yonge East,false,false,false,false,false,false,true,false,false,false,"{""coordinates"": [[-79.37329085231612, 43.65374416685938]], ""type"": ""MultiPoint""}"
9465,2013:1357700,2013-04-25T13:14:00,JARVIS St,QUEEN St E,,3,Non-Fatal Injury,At Intersection,Traffic Signal,Pedestrian Collision(internal code),Clear,Daylight,Dry,Major Arterial,false,-79.37329085231612,43.65374416685938,1,Automobile or Station Wagon,North,2,21,None,Lap and Shoulder Belt,Driving properly,Normal,,,Going Ahead,,,,,driver,NA,Toronto Centre (13),51 Division,Downtown Yonge East,false,false,false,false,false,false,true,false,false,false,"{""coordinates"": [[-79.37329085231612, 43.65374416685938]], ""type"": ""MultiPoint""}"
9466,2013:1363450,2013-05-12T12:58:00,WARDEN AVE,DANFORTH RD,,8,Non-Fatal Injury,At Intersection,Traffic Signal,Approaching Head On,Rain,Daylight,Wet,Minor Arterial,false,-79.27482960711103,43.69716402305892,2,,,6,49,Major,Lap and Shoulder Belt,,,,,,,,,,passenger,NA,Scarborough Southwest (20),41 Division,Oakridge,false,false,false,false,false,false,false,false,true,false,"{""coordinates"": [[-79.27482960711103, 43.69716402305892]], ""type"": ""MultiPoint""}"
9467,2013:1357700,2013-04-25T13:14:00,JARVIS St,QUEEN St E,,3,Non-Fatal Injury,At Intersection,Traffic Signal,Pedestrian Collision(internal code),Clear,Daylight,Dry,Major Arterial,false,-79.37329085231612,43.65374416685938,2,,West,3,37,Major,Other Safety Equipment Used,,,Running onto roadway,Normal,,Driver going straight hits pedestrian crossing without right-of-way (at intersection),,,,pedestrian,NA,Toronto Centre (13),51 Division,Downtown Yonge East,false,false,false,false,false,false,true,false,false,false,"{""coordinates"": [[-79.37329085231612, 43.65374416685938]], ""type"": ""MultiPoint""}"
9468,2013:1353471,2013-04-27T15:42:00,KINGSTON RD,CELESTE DR,,5,Non-Fatal Injury,At Intersection,Traffic Signal,Pedestrian Collision(internal code),Clear,Daylight,Dry,Major Arterial,false,-79.19929042348882,43.75704394319444,1,,,1,NA,,Other Safety Equipment Used,,,,,,,,,,owner,NA,Scarborough-Guildwood (24),43 Division,West Hill,true,true,false,false,false,true,true,true,true,false,"{""coordinates"": [[-79.19929042348882, 43.75704394319444]], ""type"": ""MultiPoint""}"
9469,2013:1353471,2013-04-27T15:42:00,KINGSTON RD,CELESTE DR,,5,Non-Fatal Injury,At Intersection,Traffic Signal,Pedestrian Collision(internal code),Clear,Daylight,Dry,Major Arterial,false,-79.19929042348882,43.75704394319444,2,Automobile or Station Wagon,West,3,22,None,Other Safety Equipment Used,Disobeyed traffic control,Inattentive,,,Going Ahead,,,,,driver,NA,Scarborough-Guildwood (24),43 Division,West Hill,true,true,false,false,false,true,true,true,true,false,"{""coordinates"": [[-79.19929042348882, 43.75704394319444]], ""type"": ""MultiPoint""}"
9470,2013:1353471,2013-04-27T15:42:00,KINGSTON RD,CELESTE DR,,5,Non-Fatal Injury,At Intersection,Traffic Signal,Pedestrian Collision(internal code),Clear,Daylight,Dry,Major Arterial,false,-79.19929042348882,43.75704394319444,4,,Unknown,5,72,Major,Other Safety Equipment Used,,,On sidewalk or shoulder,Normal,,Driver hits pedestrian on sidewalk or shoulder,,,,pedestrian,NA,Scarborough-Guildwood (24),43 Division,West Hill,true,true,false,false,false,true,true,true,true,false,"{""coordinates"": [[-79.19929042348882, 43.75704394319444]], ""type"": ""MultiPoint""}"
9471,2013:1353471,2013-04-27T15:42:00,KINGSTON RD,CELESTE DR,,5,Non-Fatal Injury,At Intersection,Traffic Signal,Pedestrian Collision(internal code),Clear,Daylight,Dry,Major Arterial,false,-79.19929042348882,43.75704394319444,1,Automobile or Station Wagon,East,2,18,None,Other Safety Equipment Used,Improper turn,Inattentive,,,Turning Left,,,,,driver,NA,Scarborough-Guildwood (24),43 Division,West Hill,true,true,false,false,false,true,true,true,true,false,"{""coordinates"": [[-79.19929042348882, 43.75704394319444]], ""type"": ""MultiPoint""}"
9472,2013:1353471,2013-04-27T15:42:00,KINGSTON RD,CELESTE DR,,5,Non-Fatal Injury,At Intersection,Traffic Signal,Pedestrian Collision(internal code),Clear,Daylight,Dry,Major Arterial,false,-79.19929042348882,43.75704394319444,3,,,4,NA,None,Other Safety Equipment Used,,,,,,,,,,other,NA,Scarborough-Guildwood (24),43 Division,West Hill,true,true,false,false,false,true,true,true,true,false,"{""coordinates"": [[-79.19929042348882, 43.75704394319444]], ""type"": ""MultiPoint""}"
9473,2013:1358324,2013-04-28T12:41:00,BLOOR ST W,LANSDOWNE AVE,,2,Non-Fatal Injury,At Intersection,Traffic Signal,Turning Movement,Clear,Daylight,Dry,Major Arterial,false,-79.44269097960341,43.65834426748034,1,Automobile or Station Wagon,East,1,26,None,Lap and Shoulder Belt,Driving properly,Normal,,,Turning Left,,,,,driver,NA,Davenport (9),11 Division,Dufferin Grove,true,false,false,true,false,false,false,false,false,false,"{""coordinates"": [[-79.44269097960341, 43.65834426748034]], ""type"": ""MultiPoint""}"
9474,2013:1358324,2013-04-28T12:41:00,BLOOR ST W,LANSDOWNE AVE,,2,Non-Fatal Injury,At Intersection,Traffic Signal,Turning Movement,Clear,Daylight,Dry,Major Arterial,false,-79.44269097960341,43.65834426748034,2,Motorcycle,West,2,50,Major,Helmet,Exceeding speed limit,Unknown,,,Going Ahead,,,,,motorcyclist,NA,Davenport (9),11 Division,Dufferin Grove,true,false,false,true,false,false,false,false,false,false,"{""coordinates"": [[-79.44269097960341, 43.65834426748034]], ""type"": ""MultiPoint""}"
9475,2013:1353552,2013-04-28T23:50:00,JARVIS ST,ADELAIDE ST E,,1,Non-Fatal Injury,At Intersection,Traffic Signal,Pedestrian Collision(internal code),Rain,Dark,Wet,Major Arterial,false,-79.3723908538591,43.651544165965774,1,,,1,NA,,Other Safety Equipment Used,,,,,,,,,,owner,NA,Toronto Centre (13),51 Division,Downtown Yonge East,true,false,false,false,false,false,true,false,false,true,"{""coordinates"": [[-79.3723908538591, 43.651544165965774]], ""type"": ""MultiPoint""}"
9476,2013:1353552,2013-04-28T23:50:00,JARVIS ST,ADELAIDE ST E,,1,Non-Fatal Injury,At Intersection,Traffic Signal,Pedestrian Collision(internal code),Rain,Dark,Wet,Major Arterial,false,-79.3723908538591,43.651544165965774,1,Truck - Open (Flatbed),South,2,63,None,Lap and Shoulder Belt,Failed to yield right-of-way,Normal,,,Turning Left,,,,,driver,NA,Toronto Centre (13),51 Division,Downtown Yonge East,true,false,false,false,false,false,true,false,false,true,"{""coordinates"": [[-79.3723908538591, 43.651544165965774]], ""type"": ""MultiPoint""}"
9477,2013:1353552,2013-04-28T23:50:00,JARVIS ST,ADELAIDE ST E,,1,Non-Fatal Injury,At Intersection,Traffic Signal,Pedestrian Collision(internal code),Rain,Dark,Wet,Major Arterial,false,-79.3723908538591,43.651544165965774,2,,South,3,35,Major,No Equipment Available,,,Crossing with right-of-way (intersection),Had Been Drinking,,Driver turns left into pedestrian crossing with right-of-way (at intersection),,,,pedestrian,NA,Toronto Centre (13),51 Division,Downtown Yonge East,true,false,false,false,false,false,true,false,false,true,"{""coordinates"": [[-79.3723908538591, 43.651544165965774]], ""type"": ""MultiPoint""}"
9478,2008:1058993,2008-09-15T10:03:00,261 FINCH AVE W,,,1,Non-Fatal Injury,,No Control,Angle,Clear,Daylight,Dry,Major Arterial,false,-79.43865178978665,43.77459962562611,1,Automobile or Station Wagon,,1,21,Major,Other Safety Equipment Used,,,,,Changing Lanes,,,,,driver,NA,Willowdale (18),32 Division,Willowdale West,false,false,false,false,false,false,false,false,false,false,"{""coordinates"": [[-79.43865178978665, 43.77459962562611]], ""type"": ""MultiPoint""}"
9479,2013:1354707,2013-05-04T14:50:00,YONGE ST,GERRARD ST E,,3,Fatal Injury,,No Control,Pedestrian Collision(internal code),Clear,Daylight,Dry,Major Arterial,false,-79.38238886102793,43.65964317896997,2,,North,2,68,Minor,Other Safety Equipment Used,,,On sidewalk or shoulder,Normal,,Driver hits pedestrian on sidewalk or shoulder,,,,pedestrian,NA,University-Rosedale (11),52 Division,Yonge-Bay Corridor,false,false,false,true,false,true,true,false,false,false,"{""coordinates"": [[-79.38238886102793, 43.65964317896997]], ""type"": ""MultiPoint""}"
9480,2013:1354707,2013-05-04T14:50:00,YONGE ST,GERRARD ST E,,3,Fatal Injury,,No Control,Pedestrian Collision(internal code),Clear,Daylight,Dry,Major Arterial,false,-79.38238886102793,43.65964317896997,2,,West,3,21,Major,Other Safety Equipment Used,,,Crossing - no traffic control,Medical or Physical Disability,,Driver hits pedestrian at midblock,,,,pedestrian,NA,University-Rosedale (11),52 Division,Yonge-Bay Corridor,false,false,false,true,false,true,true,false,false,false,"{""coordinates"": [[-79.38238886102793, 43.65964317896997]], ""type"": ""MultiPoint""}"
9481,2013:1354707,2013-05-04T14:50:00,YONGE ST,GERRARD ST E,,3,Fatal Injury,,No Control,Pedestrian Collision(internal code),Clear,Daylight,Dry,Major Arterial,false,-79.38238886102793,43.65964317896997,1,Motorcycle,North,1,42,Fatal,Helmet,Improper lane change,Normal,,,Changing Lanes,,,,,motorcyclist,13,University-Rosedale (11),52 Division,Yonge-Bay Corridor,false,false,false,true,false,true,true,false,false,false,"{""coordinates"": [[-79.38238886102793, 43.65964317896997]], ""type"": ""MultiPoint""}"
9482,2013:1361387,2013-05-05T14:25:00,8 GARDEN PARK AVE,,,2,Non-Fatal Injury,,No Control,Cyclist Collision,Clear,Daylight,Dry,Local,false,-79.27169050684671,43.78524402508872,2,Bicycle,East,2,8,Major,No Equipment Available,,,,,Going Ahead,,Cyclist rides off sidewalk into road at midblock,Failed to Yield Right of Way,Inattentive,cyclist,NA,Scarborough North (23),42 Division,Agincourt South-Malvern West,false,true,true,false,false,true,false,false,true,false,"{""coordinates"": [[-79.27169050684671, 43.78524402508872]], ""type"": ""MultiPoint""}"
9483,2013:1361387,2013-05-05T14:25:00,8 GARDEN PARK AVE,,,2,Non-Fatal Injury,,No Control,Cyclist Collision,Clear,Daylight,Dry,Local,false,-79.27169050684671,43.78524402508872,1,Automobile or Station Wagon,South,1,67,None,Lap and Shoulder Belt,Driving properly,Normal,,,Going Ahead,,,,,driver,NA,Scarborough North (23),42 Division,Agincourt South-Malvern West,false,true,true,false,false,true,false,false,true,false,"{""coordinates"": [[-79.27169050684671, 43.78524402508872]], ""type"": ""MultiPoint""}"
9484,2013:1361618,2013-05-06T15:30:00,PORTLAND ST,WESLEY ST,,2,Non-Fatal Injury,At Intersection,No Control,Pedestrian Collision(internal code),Clear,Daylight,Dry,Collector,false,-79.49649115432898,43.61974436492,1,Automobile or Station Wagon,West,1,60,None,Lap and Shoulder Belt,Driving properly,Normal,,,Going Ahead,,,,,driver,NA,Etobicoke-Lakeshore (3),22 Division,Mimico-Queensway,false,true,false,false,false,false,true,false,false,false,"{""coordinates"": [[-79.49649115432898, 43.61974436492]], ""type"": ""MultiPoint""}"
9485,2013:1361618,2013-05-06T15:30:00,PORTLAND ST,WESLEY ST,,2,Non-Fatal Injury,At Intersection,No Control,Pedestrian Collision(internal code),Clear,Daylight,Dry,Collector,false,-79.49649115432898,43.61974436492,2,,South,2,23,Major,Other Safety Equipment Used,,,Crossing - no traffic control,Inattentive,,Driver going straight hits pedestrian crossing without right-of-way (at intersection),,,,pedestrian,NA,Etobicoke-Lakeshore (3),22 Division,Mimico-Queensway,false,true,false,false,false,false,true,false,false,false,"{""coordinates"": [[-79.49649115432898, 43.61974436492]], ""type"": ""MultiPoint""}"
9486,2013:1361595,2013-05-06T17:42:00,MCCOWAN Rd,MILNER Ave,,6,Non-Fatal Injury,,Traffic Signal,Sideswipe,Clear,Daylight,Dry,Major Arterial,false,-79.25646548206538,43.78536800697032,2,,,4,20,Minor,Lap and Shoulder Belt,,,,,,,,,,passenger,NA,Scarborough North (23),42 Division,Agincourt South-Malvern West,false,true,false,false,false,false,false,false,false,true,"{""coordinates"": [[-79.25646548206538, 43.785368006970316]], ""type"": ""MultiPoint""}"
9487,2013:1361595,2013-05-06T17:42:00,MCCOWAN Rd,MILNER Ave,,6,Non-Fatal Injury,,Traffic Signal,Sideswipe,Clear,Daylight,Dry,Major Arterial,false,-79.25646548206538,43.78536800697032,2,,,5,NA,,Other Safety Equipment Used,,,,,,,,,,owner,NA,Scarborough North (23),42 Division,Agincourt South-Malvern West,false,true,false,false,false,false,false,false,false,true,"{""coordinates"": [[-79.25646548206538, 43.785368006970316]], ""type"": ""MultiPoint""}"
9488,2013:1361595,2013-05-06T17:42:00,MCCOWAN Rd,MILNER Ave,,6,Non-Fatal Injury,,Traffic Signal,Sideswipe,Clear,Daylight,Dry,Major Arterial,false,-79.25646548206538,43.78536800697032,1,,,1,48,Minimal,No Equipment Available,,,,,,,,,,passenger,NA,Scarborough North (23),42 Division,Agincourt South-Malvern West,false,true,false,false,false,false,false,false,false,true,"{""coordinates"": [[-79.25646548206538, 43.785368006970316]], ""type"": ""MultiPoint""}"
9489,2013:1361595,2013-05-06T17:42:00,MCCOWAN Rd,MILNER Ave,,6,Non-Fatal Injury,,Traffic Signal,Sideswipe,Clear,Daylight,Dry,Major Arterial,false,-79.25646548206538,43.78536800697032,1,,,2,NA,,Other Safety Equipment Used,,,,,,,,,,owner,NA,Scarborough North (23),42 Division,Agincourt South-Malvern West,false,true,false,false,false,false,false,false,false,true,"{""coordinates"": [[-79.25646548206538, 43.785368006970316]], ""type"": ""MultiPoint""}"
9490,2013:1361595,2013-05-06T17:42:00,MCCOWAN Rd,MILNER Ave,,6,Non-Fatal Injury,,Traffic Signal,Sideswipe,Clear,Daylight,Dry,Major Arterial,false,-79.25646548206538,43.78536800697032,1,Automobile or Station Wagon,South,3,34,Minimal,Lap Belt Only,Driving properly,Normal,,,Going Ahead,,,,,driver,NA,Scarborough North (23),42 Division,Agincourt South-Malvern West,false,true,false,false,false,false,false,false,false,true,"{""coordinates"": [[-79.25646548206538, 43.785368006970316]], ""type"": ""MultiPoint""}"
9491,2013:1361595,2013-05-06T17:42:00,MCCOWAN Rd,MILNER Ave,,6,Non-Fatal Injury,,Traffic Signal,Sideswipe,Clear,Daylight,Dry,Major Arterial,false,-79.25646548206538,43.78536800697032,2,Municipal Transit Bus (TTC),South,6,22,Major,Lap and Shoulder Belt,Improper lane change,Inattentive,,,Changing Lanes,,,,,driver,NA,Scarborough North (23),42 Division,Agincourt South-Malvern West,false,true,false,false,false,false,false,false,false,true,"{""coordinates"": [[-79.25646548206538, 43.785368006970316]], ""type"": ""MultiPoint""}"
9492,2013:1361719,2013-05-07T09:48:00,WOODBINE AVE,MORTIMER AVE,,3,Non-Fatal Injury,,No Control,Cyclist Collision,Clear,Daylight,Dry,Major Arterial,false,-79.31579168810852,43.69264407958652,1,Automobile or Station Wagon,South,2,57,None,Lap and Shoulder Belt,Driving properly,Normal,,,Going Ahead,,,,,driver,NA,Beaches-East York (19),55 Division,Woodbine-Lumsden,false,false,true,false,false,false,false,false,false,false,"{""coordinates"": [[-79.31579168810852, 43.69264407958652]], ""type"": ""MultiPoint""}"
9493,2013:1361719,2013-05-07T09:48:00,WOODBINE AVE,MORTIMER AVE,,3,Non-Fatal Injury,,No Control,Cyclist Collision,Clear,Daylight,Dry,Major Arterial,false,-79.31579168810852,43.69264407958652,1,,,1,NA,,Other Safety Equipment Used,,,,,,,,,,other,NA,Beaches-East York (19),55 Division,Woodbine-Lumsden,false,false,true,false,false,false,false,false,false,false,"{""coordinates"": [[-79.31579168810852, 43.69264407958652]], ""type"": ""MultiPoint""}"
9494,2013:1361719,2013-05-07T09:48:00,WOODBINE AVE,MORTIMER AVE,,3,Non-Fatal Injury,,No Control,Cyclist Collision,Clear,Daylight,Dry,Major Arterial,false,-79.31579168810852,43.69264407958652,2,Bicycle,South,3,23,Major,Other Safety Equipment Used,,,,,Going Ahead,,Cyclist loses control and hits object (e.g. pole or TTC track),Lost control,Normal,cyclist,NA,Beaches-East York (19),55 Division,Woodbine-Lumsden,false,false,true,false,false,false,false,false,false,false,"{""coordinates"": [[-79.31579168810852, 43.69264407958652]], ""type"": ""MultiPoint""}"
9495,2013:1355187,2013-05-07T21:00:00,LAWRENCE AVE E,KINGSTON RD,,3,Non-Fatal Injury,At Intersection,Traffic Signal,Cyclist Collision,Clear,Dark with Artificial Lighting,Dry,Major Arterial,false,-79.18958640257851,43.76764493585534,2,Bicycle,North,3,14,Major,No Equipment Available,,,,,Going Ahead,,"Cyclist without right-of-way rides into path of driver (at intersection, laneway, or driveway)",Disobeyed Traffic Control,Inattentive,cyclist,NA,Scarborough-Guildwood (24),43 Division,West Hill,false,true,true,false,false,false,false,false,true,true,"{""coordinates"": [[-79.18958640257851, 43.76764493585534]], ""type"": ""MultiPoint""}"
9496,2013:1355187,2013-05-07T21:00:00,LAWRENCE AVE E,KINGSTON RD,,3,Non-Fatal Injury,At Intersection,Traffic Signal,Cyclist Collision,Clear,Dark with Artificial Lighting,Dry,Major Arterial,false,-79.18958640257851,43.76764493585534,1,,,1,NA,,Other Safety Equipment Used,,,,,,,,,,owner,NA,Scarborough-Guildwood (24),43 Division,West Hill,false,true,true,false,false,false,false,false,true,true,"{""coordinates"": [[-79.18958640257851, 43.76764493585534]], ""type"": ""MultiPoint""}"
9497,2013:1355187,2013-05-07T21:00:00,LAWRENCE AVE E,KINGSTON RD,,3,Non-Fatal Injury,At Intersection,Traffic Signal,Cyclist Collision,Clear,Dark with Artificial Lighting,Dry,Major Arterial,false,-79.18958640257851,43.76764493585534,1,Municipal Transit Bus (TTC),East,2,37,None,Use Unknown,Driving properly,Normal,,,Going Ahead,,,,,driver,NA,Scarborough-Guildwood (24),43 Division,West Hill,false,true,true,false,false,false,false,false,true,true,"{""coordinates"": [[-79.18958640257851, 43.76764493585534]], ""type"": ""MultiPoint""}"
9498,2013:1362406,2013-05-08T11:40:00,NORTH QUEEN ST,VANSCO RD,,3,Non-Fatal Injury,,Stop Sign,Turning Movement,Clear,Daylight,Dry,Minor Arterial,false,-79.53579120153411,43.62354441339381,1,Automobile or Station Wagon,North,1,58,None,Lap and Shoulder Belt,Improper turn,Inattentive,,,Turning Left,,,,,driver,NA,Etobicoke-Lakeshore (3),22 Division,Etobicoke City Centre,false,true,false,false,false,true,false,false,false,false,"{""coordinates"": [[-79.53579120153411, 43.62354441339381]], ""type"": ""MultiPoint""}"
9499,2013:1362406,2013-05-08T11:40:00,NORTH QUEEN ST,VANSCO RD,,3,Non-Fatal Injury,,Stop Sign,Turning Movement,Clear,Daylight,Dry,Minor Arterial,false,-79.53579120153411,43.62354441339381,2,,,2,79,Major,Lap and Shoulder Belt,,,,,,,,,,passenger,NA,Etobicoke-Lakeshore (3),22 Division,Etobicoke City Centre,false,true,false,false,false,true,false,false,false,false,"{""coordinates"": [[-79.53579120153411, 43.62354441339381]], ""type"": ""MultiPoint""}"
9500,2013:1362406,2013-05-08T11:40:00,NORTH QUEEN ST,VANSCO RD,,3,Non-Fatal Injury,,Stop Sign,Turning Movement,Clear,Daylight,Dry,Minor Arterial,false,-79.53579120153411,43.62354441339381,2,Automobile or Station Wagon,East,3,76,None,Lap Belt Only,Driving properly,Normal,,,Going Ahead,,,,,driver,NA,Etobicoke-Lakeshore (3),22 Division,Etobicoke City Centre,false,true,false,false,false,true,false,false,false,false,"{""coordinates"": [[-79.53579120153411, 43.62354441339381]], ""type"": ""MultiPoint""}"
9501,2013:1362376,2013-05-08T14:23:00,EGLINTON AVE W,BRAEMAR AVE,,3,Non-Fatal Injury,At Intersection,No Control,Turning Movement,Clear,Daylight,Dry,Major Arterial,false,-79.40959084211386,43.70434420602721,1,Automobile or Station Wagon,West,2,22,None,Other Safety Equipment Used,Driving properly,Normal,,,Turning Left,,,,,driver,NA,Toronto-St. Paul's (12),53 Division,Yonge-Eglinton,true,true,false,true,false,false,false,false,false,false,"{""coordinates"": [[-79.40959084211386, 43.70434420602721]], ""type"": ""MultiPoint""}"
9502,2013:1362376,2013-05-08T14:23:00,EGLINTON AVE W,BRAEMAR AVE,,3,Non-Fatal Injury,At Intersection,No Control,Turning Movement,Clear,Daylight,Dry,Major Arterial,false,-79.40959084211386,43.70434420602721,1,,,1,NA,,Other Safety Equipment Used,,,,,,,,,,owner,NA,Toronto-St. Paul's (12),53 Division,Yonge-Eglinton,true,true,false,true,false,false,false,false,false,false,"{""coordinates"": [[-79.40959084211386, 43.70434420602721]], ""type"": ""MultiPoint""}"
9503,2013:1362376,2013-05-08T14:23:00,EGLINTON AVE W,BRAEMAR AVE,,3,Non-Fatal Injury,At Intersection,No Control,Turning Movement,Clear,Daylight,Dry,Major Arterial,false,-79.40959084211386,43.70434420602721,2,Motorcycle,East,3,21,Major,No Equipment Available,Improper passing,Inattentive,,,Going Ahead,,,,,motorcyclist,NA,Toronto-St. Paul's (12),53 Division,Yonge-Eglinton,true,true,false,true,false,false,false,false,false,false,"{""coordinates"": [[-79.40959084211386, 43.70434420602721]], ""type"": ""MultiPoint""}"
9504,2013:1386536,2013-10-05T19:22:00,4750 DUFFERIN ST,,,3,Non-Fatal Injury,,No Control,Turning Movement,Clear,Dark,Dry,Major Arterial,false,-79.46870783707811,43.77627326162151,1,,,1,54,Minor,Helmet,,,,,,,,,,motorcyclist,NA,York Centre (6),32 Division,Bathurst Manor,true,false,false,true,false,false,false,false,false,false,"{""coordinates"": [[-79.46870783707811, 43.77627326162151]], ""type"": ""MultiPoint""}"
9505,2013:1362428,2013-05-09T08:00:00,VICTORIA PARK AVE,MUSGRAVE ST,,2,Non-Fatal Injury,At Intersection,Traffic Signal,Pedestrian Collision(internal code),Clear,Daylight,Dry,Major Arterial,true,-79.28699064103857,43.687944039737125,1,Automobile or Station Wagon,West,1,60,None,Lap and Shoulder Belt,Driving properly,Normal,,,Going Ahead,,,,,driver,NA,Scarborough Southwest (20),41 Division,Birchcliffe-Cliffside,false,false,false,false,false,false,true,false,true,false,"{""coordinates"": [[-79.28699064103857, 43.687944039737125]], ""type"": ""MultiPoint""}"
9506,2013:1362428,2013-05-09T08:00:00,VICTORIA PARK AVE,MUSGRAVE ST,,2,Non-Fatal Injury,At Intersection,Traffic Signal,Pedestrian Collision(internal code),Clear,Daylight,Dry,Major Arterial,true,-79.28699064103857,43.687944039737125,2,,South,2,18,Major,Other Safety Equipment Used,,,Crossing without right-of-way (intersection),Normal,,Driver going straight hits pedestrian crossing without right-of-way (at intersection),,,,pedestrian,NA,Scarborough Southwest (20),41 Division,Birchcliffe-Cliffside,false,false,false,false,false,false,true,false,true,false,"{""coordinates"": [[-79.28699064103857, 43.687944039737125]], ""type"": ""MultiPoint""}"
9507,2013:1362767,2013-05-09T17:38:00,KING ST W,SIMCOE ST,,5,Non-Fatal Injury,,Traffic Signal,Other,Clear,Daylight,Dry,Major Arterial,false,-79.38609688699688,43.647382187186246,2,Truck - Open (Flatbed),South,5,57,None,Lap and Shoulder Belt,Driving properly,Normal,,,Stopped,,,,,driver,NA,Spadina-Fort York (10),52 Division,Yonge-Bay Corridor,false,false,false,false,false,false,false,false,false,true,"{""coordinates"": [[-79.38609688699688, 43.647382187186246]], ""type"": ""MultiPoint""}"
9508,2013:1362767,2013-05-09T17:38:00,KING ST W,SIMCOE ST,,5,Non-Fatal Injury,,Traffic Signal,Other,Clear,Daylight,Dry,Major Arterial,false,-79.38609688699688,43.647382187186246,1,,,2,32,Major,No Equipment Available,,,,,,,,,,passenger,NA,Spadina-Fort York (10),52 Division,Yonge-Bay Corridor,false,false,false,false,false,false,false,false,false,true,"{""coordinates"": [[-79.38609688699688, 43.647382187186246]], ""type"": ""MultiPoint""}"
9509,2013:1362767,2013-05-09T17:38:00,KING ST W,SIMCOE ST,,5,Non-Fatal Injury,,Traffic Signal,Other,Clear,Daylight,Dry,Major Arterial,false,-79.38609688699688,43.647382187186246,2,,,4,NA,,Other Safety Equipment Used,,,,,,,,,,owner,NA,Spadina-Fort York (10),52 Division,Yonge-Bay Corridor,false,false,false,false,false,false,false,false,false,true,"{""coordinates"": [[-79.38609688699688, 43.647382187186246]], ""type"": ""MultiPoint""}"
9510,2013:1362767,2013-05-09T17:38:00,KING ST W,SIMCOE ST,,5,Non-Fatal Injury,,Traffic Signal,Other,Clear,Daylight,Dry,Major Arterial,false,-79.38609688699688,43.647382187186246,1,,,1,NA,,Other Safety Equipment Used,,,,,,,,,,owner,NA,Spadina-Fort York (10),52 Division,Yonge-Bay Corridor,false,false,false,false,false,false,false,false,false,true,"{""coordinates"": [[-79.38609688699688, 43.647382187186246]], ""type"": ""MultiPoint""}"