X_id,collision_id,accdate,stname1,stname2,stname3,per_inv,acclass,accloc,traffictl,impactype,visible,light,rdsfcond,road_class,failtorem,longitude,latitude,veh_no,vehtype,initdir,per_no,invage,injury,safequip,drivact,drivcond,pedact,pedcond,manoeuvre,pedtype,cyclistype,cycact,cyccond,road_user,fatal_no,wardname,division,neighbourhood,aggressive,distracted,cyclist,motorcyclist,other_micromobility,older_adult,pedestrian,red_light,school_child,heavy_truck,geometry
9817,2013:1367728,2013-07-24T13:26:00,SPADINA AVE,NASSAU ST,,2,Non-Fatal Injury,,Traffic Signal,Pedestrian Collision(internal code),Clear,Daylight,Dry,Major Arterial,false,-79.39921989948165,43.65584020452896,2,,East,1,69,Major,Other Safety Equipment Used,,,Running onto roadway,Normal,,Driver going straight hits pedestrian crossing without right-of-way (at intersection),,,,pedestrian,NA,University-Rosedale (11),52 Division,Kensington-Chinatown,false,false,false,false,false,true,true,false,false,true,"{""coordinates"": [[-79.39921989948165, 43.655840204528964]], ""type"": ""MultiPoint""}"
9818,2013:1367728,2013-07-24T13:26:00,SPADINA AVE,NASSAU ST,,2,Non-Fatal Injury,,Traffic Signal,Pedestrian Collision(internal code),Clear,Daylight,Dry,Major Arterial,false,-79.39921989948165,43.65584020452896,1,Municipal Transit Bus (TTC),South,2,38,None,Other Safety Equipment Used,Driving properly,Normal,,,Going Ahead,,,,,driver,NA,University-Rosedale (11),52 Division,Kensington-Chinatown,false,false,false,false,false,true,true,false,false,true,"{""coordinates"": [[-79.39921989948165, 43.655840204528964]], ""type"": ""MultiPoint""}"
9819,2013:1367772,2013-07-24T13:40:00,ROYAL YORK Rd,BLOOR St W,,2,Non-Fatal Injury,,Traffic Signal,Pedestrian Collision(internal code),Clear,Daylight,Dry,Major Arterial,false,-79.51139112550553,43.64734437072361,2,,West,2,55,Major,Other Safety Equipment Used,,,Crossing - marked crosswalk without right-of-way,Unknown,,Driver going straight hits pedestrian crossing without right-of-way (at intersection),,,,pedestrian,NA,Etobicoke-Lakeshore (3),22 Division,Stonegate-Queensway,false,false,false,false,false,false,true,false,false,false,"{""coordinates"": [[-79.51139112550553, 43.64734437072361]], ""type"": ""MultiPoint""}"
9820,2013:1367772,2013-07-24T13:40:00,ROYAL YORK Rd,BLOOR St W,,2,Non-Fatal Injury,,Traffic Signal,Pedestrian Collision(internal code),Clear,Daylight,Dry,Major Arterial,false,-79.51139112550553,43.64734437072361,1,Automobile or Station Wagon,South,1,23,None,Other Safety Equipment Used,Driving properly,Normal,,,Going Ahead,,,,,driver,NA,Etobicoke-Lakeshore (3),22 Division,Stonegate-Queensway,false,false,false,false,false,false,true,false,false,false,"{""coordinates"": [[-79.51139112550553, 43.64734437072361]], ""type"": ""MultiPoint""}"
9821,2013:1380543,2013-07-24T18:45:00,FRONT ST W,BLUE JAYS WAY,,2,Non-Fatal Injury,,Traffic Signal,Cyclist Collision,Clear,Daylight,Dry,Minor Arterial,false,-79.39127790332186,43.64340719585475,1,Automobile or Station Wagon,West,1,38,None,Other Safety Equipment Used,Failed to yield right-of-way,Normal,,,Turning Left,,,,,driver,NA,Spadina-Fort York (10),52 Division,Harbourfront-CityPlace,true,false,true,false,false,false,false,false,false,false,"{""coordinates"": [[-79.39127790332186, 43.64340719585475]], ""type"": ""MultiPoint""}"
9822,2013:1380543,2013-07-24T18:45:00,FRONT ST W,BLUE JAYS WAY,,2,Non-Fatal Injury,,Traffic Signal,Cyclist Collision,Clear,Daylight,Dry,Minor Arterial,false,-79.39127790332186,43.64340719585475,2,Bicycle,East,2,26,Major,Helmet,,,,,Going Ahead,,Driver turns left into path of cyclist,Driving Properly,Unknown,cyclist,NA,Spadina-Fort York (10),52 Division,Harbourfront-CityPlace,true,false,true,false,false,false,false,false,false,false,"{""coordinates"": [[-79.39127790332186, 43.64340719585475]], ""type"": ""MultiPoint""}"
9823,2013:1380106,2013-07-25T08:20:00,GLENROY Ave,HUMBERVALE Blvd,,2,Non-Fatal Injury,At Intersection,Stop Sign,Cyclist Collision,Clear,Daylight,Dry,Local,false,-79.50790112989574,43.642500368878046,2,Bicycle,South,2,17,Major,No Equipment Available,,,,,Going Ahead,,"Cyclist without right-of-way rides into path of driver (at intersection, laneway, or driveway)",Failed to Yield Right of Way,Inattentive,cyclist,NA,Etobicoke-Lakeshore (3),22 Division,Stonegate-Queensway,false,true,true,false,false,false,false,false,true,false,"{""coordinates"": [[-79.50790112989574, 43.642500368878046]], ""type"": ""MultiPoint""}"
9824,2013:1380106,2013-07-25T08:20:00,GLENROY Ave,HUMBERVALE Blvd,,2,Non-Fatal Injury,At Intersection,Stop Sign,Cyclist Collision,Clear,Daylight,Dry,Local,false,-79.50790112989574,43.642500368878046,1,Automobile or Station Wagon,West,1,52,None,Lap and Shoulder Belt,Driving properly,Normal,,,Going Ahead,,,,,driver,NA,Etobicoke-Lakeshore (3),22 Division,Stonegate-Queensway,false,true,true,false,false,false,false,false,true,false,"{""coordinates"": [[-79.50790112989574, 43.642500368878046]], ""type"": ""MultiPoint""}"
9825,2013:1367977,2013-07-25T13:46:00,HIGHWAY 27 N,FINCH AVE W,,3,Fatal Injury,At Intersection,Traffic Signal,Pedestrian Collision(internal code),Clear,Daylight,Dry,Major Arterial,false,-79.60307008070058,43.73415942979686,1,Automobile or Station Wagon,North,3,42,None,Other Safety Equipment Used,Failed to yield right-of-way,Normal,,,Turning Left,,,,,driver,NA,Etobicoke North (1),23 Division,West Humber-Clairville,true,false,false,false,false,false,true,false,false,false,"{""coordinates"": [[-79.60307008070058, 43.73415942979686]], ""type"": ""MultiPoint""}"
9826,2013:1367977,2013-07-25T13:46:00,HIGHWAY 27 N,FINCH AVE W,,3,Fatal Injury,At Intersection,Traffic Signal,Pedestrian Collision(internal code),Clear,Daylight,Dry,Major Arterial,false,-79.60307008070058,43.73415942979686,1,,,2,NA,,Other Safety Equipment Used,,,,,,,,,,owner,NA,Etobicoke North (1),23 Division,West Humber-Clairville,true,false,false,false,false,false,true,false,false,false,"{""coordinates"": [[-79.60307008070058, 43.73415942979686]], ""type"": ""MultiPoint""}"
9827,2013:1367977,2013-07-25T13:46:00,HIGHWAY 27 N,FINCH AVE W,,3,Fatal Injury,At Intersection,Traffic Signal,Pedestrian Collision(internal code),Clear,Daylight,Dry,Major Arterial,false,-79.60307008070058,43.73415942979686,1,,South,1,27,Fatal,Other Safety Equipment Used,,,Crossing with right-of-way (intersection),Unknown,,Transit vehicle driver hits pedestrian anywhere along roadway,,,,pedestrian,25,Etobicoke North (1),23 Division,West Humber-Clairville,true,false,false,false,false,false,true,false,false,false,"{""coordinates"": [[-79.60307008070058, 43.73415942979686]], ""type"": ""MultiPoint""}"
9828,2013:1368204,2013-07-27T02:57:00,HIGHWAY 27 N,STEELES AVE W,,6,Non-Fatal Injury,,Traffic Signal,Angle,Clear,Dark,Dry,Major Arterial,false,-79.61407105713343,43.75544543002057,2,Automobile or Station Wagon,North,4,26,Minor,Other Safety Equipment Used,Disobeyed traffic control,Inattentive,,,Going Ahead,,,,,driver,NA,Etobicoke North (1),23 Division,West Humber-Clairville,true,true,false,false,false,false,false,true,true,false,"{""coordinates"": [[-79.61407105713343, 43.75544543002057]], ""type"": ""MultiPoint""}"
9829,2013:1368204,2013-07-27T02:57:00,HIGHWAY 27 N,STEELES AVE W,,6,Non-Fatal Injury,,Traffic Signal,Angle,Clear,Dark,Dry,Major Arterial,false,-79.61407105713343,43.75544543002057,2,,,2,25,Minor,Lap and Shoulder Belt,,,,,,,,,,passenger,NA,Etobicoke North (1),23 Division,West Humber-Clairville,true,true,false,false,false,false,false,true,true,false,"{""coordinates"": [[-79.61407105713343, 43.75544543002057]], ""type"": ""MultiPoint""}"
9830,2013:1368204,2013-07-27T02:57:00,HIGHWAY 27 N,STEELES AVE W,,6,Non-Fatal Injury,,Traffic Signal,Angle,Clear,Dark,Dry,Major Arterial,false,-79.61407105713343,43.75544543002057,1,Automobile or Station Wagon,East,1,28,Minimal,Lap and Shoulder Belt,Driving properly,Normal,,,Going Ahead,,,,,driver,NA,Etobicoke North (1),23 Division,West Humber-Clairville,true,true,false,false,false,false,false,true,true,false,"{""coordinates"": [[-79.61407105713343, 43.75544543002057]], ""type"": ""MultiPoint""}"
9831,2013:1368204,2013-07-27T02:57:00,HIGHWAY 27 N,STEELES AVE W,,6,Non-Fatal Injury,,Traffic Signal,Angle,Clear,Dark,Dry,Major Arterial,false,-79.61407105713343,43.75544543002057,2,,,3,NA,,Lap and Shoulder Belt,,,,,,,,,,owner,NA,Etobicoke North (1),23 Division,West Humber-Clairville,true,true,false,false,false,false,false,true,true,false,"{""coordinates"": [[-79.61407105713343, 43.75544543002057]], ""type"": ""MultiPoint""}"
9832,2013:1368204,2013-07-27T02:57:00,HIGHWAY 27 N,STEELES AVE W,,6,Non-Fatal Injury,,Traffic Signal,Angle,Clear,Dark,Dry,Major Arterial,false,-79.61407105713343,43.75544543002057,4,,,6,16,Major,Equipment Not Used But Available,,,,,,,,,,passenger,NA,Etobicoke North (1),23 Division,West Humber-Clairville,true,true,false,false,false,false,false,true,true,false,"{""coordinates"": [[-79.61407105713343, 43.75544543002057]], ""type"": ""MultiPoint""}"
9833,2013:1368204,2013-07-27T02:57:00,HIGHWAY 27 N,STEELES AVE W,,6,Non-Fatal Injury,,Traffic Signal,Angle,Clear,Dark,Dry,Major Arterial,false,-79.61407105713343,43.75544543002057,3,Automobile or Station Wagon,East,5,34,Minimal,Lap and Shoulder Belt,Driving properly,Normal,,,Going Ahead,,,,,driver,NA,Etobicoke North (1),23 Division,West Humber-Clairville,true,true,false,false,false,false,false,true,true,false,"{""coordinates"": [[-79.61407105713343, 43.75544543002057]], ""type"": ""MultiPoint""}"
9834,2013:1368246,2013-07-27T10:26:00,MCCOWAN RD,STEELES AVE E,,2,Non-Fatal Injury,,Traffic Signal,Pedestrian Collision(internal code),Clear,Daylight,Dry,Major Arterial,false,-79.27518847358549,43.83103303465975,1,Automobile or Station Wagon,South,1,50,None,Other Safety Equipment Used,Driving properly,Normal,,,Going Ahead,,,,,driver,NA,Scarborough North (23),42 Division,Milliken,false,false,false,false,false,true,true,false,false,false,"{""coordinates"": [[-79.27518847358549, 43.83103303465975]], ""type"": ""MultiPoint""}"
9835,2013:1368246,2013-07-27T10:26:00,MCCOWAN RD,STEELES AVE E,,2,Non-Fatal Injury,,Traffic Signal,Pedestrian Collision(internal code),Clear,Daylight,Dry,Major Arterial,false,-79.27518847358549,43.83103303465975,2,,East,2,72,Major,Other Safety Equipment Used,,,Crossing without right-of-way (intersection),Unknown,,Driver going straight hits pedestrian crossing without right-of-way (at intersection),,,,pedestrian,NA,Scarborough North (23),42 Division,Milliken,false,false,false,false,false,true,true,false,false,false,"{""coordinates"": [[-79.27518847358549, 43.83103303465975]], ""type"": ""MultiPoint""}"
9836,2013:1368270,2013-07-28T00:01:00,SHEPPARD AVE E,DON MILLS RD,,3,Fatal Injury,,No Control,Pedestrian Collision(internal code),Rain,Dark with Artificial Lighting,Wet,Major Arterial,false,-79.34788864052003,43.77494211589263,2,,South,3,83,Fatal,Other Safety Equipment Used,,,Crossing - no traffic control,Inattentive,,Driver hits pedestrian at midblock,,,,pedestrian,26,Don Valley North (17),33 Division,Don Valley Village,false,true,false,false,false,true,true,false,false,false,"{""coordinates"": [[-79.34788864052003, 43.77494211589263]], ""type"": ""MultiPoint""}"
9837,2013:1368270,2013-07-28T00:01:00,SHEPPARD AVE E,DON MILLS RD,,3,Fatal Injury,,No Control,Pedestrian Collision(internal code),Rain,Dark with Artificial Lighting,Wet,Major Arterial,false,-79.34788864052003,43.77494211589263,1,Passenger Van,East,2,44,None,Other Safety Equipment Used,Driving properly,Normal,,,Changing Lanes,,,,,driver,NA,Don Valley North (17),33 Division,Don Valley Village,false,true,false,false,false,true,true,false,false,false,"{""coordinates"": [[-79.34788864052003, 43.77494211589263]], ""type"": ""MultiPoint""}"
9838,2013:1368270,2013-07-28T00:01:00,SHEPPARD AVE E,DON MILLS RD,,3,Fatal Injury,,No Control,Pedestrian Collision(internal code),Rain,Dark with Artificial Lighting,Wet,Major Arterial,false,-79.34788864052003,43.77494211589263,1,,,1,26,None,Other Safety Equipment Used,,,,,,,,,,passenger,NA,Don Valley North (17),33 Division,Don Valley Village,false,true,false,false,false,true,true,false,false,false,"{""coordinates"": [[-79.34788864052003, 43.77494211589263]], ""type"": ""MultiPoint""}"
9839,2013:1380620,2013-07-28T18:40:00,QUEEN St E,VANCOUVER Ave,,5,Non-Fatal Injury,At Intersection,No Control,Cyclist Collision,Clear,Daylight,Dry,Minor Arterial,false,-79.32397074139138,43.664682093254,3,Bicycle,West,5,44,Major,Equipment Not Used But Available,,,,,Going Ahead,,Dooring,Driving Properly,Normal,cyclist,NA,Toronto-Danforth (14),55 Division,Greenwood-Coxwell,false,true,true,false,false,false,false,false,false,false,"{""coordinates"": [[-79.32397074139138, 43.664682093254]], ""type"": ""MultiPoint""}"
9840,2013:1380620,2013-07-28T18:40:00,QUEEN St E,VANCOUVER Ave,,5,Non-Fatal Injury,At Intersection,No Control,Cyclist Collision,Clear,Daylight,Dry,Minor Arterial,false,-79.32397074139138,43.664682093254,2,,,3,NA,,Other Safety Equipment Used,,,,,,,,,,owner,NA,Toronto-Danforth (14),55 Division,Greenwood-Coxwell,false,true,true,false,false,false,false,false,false,false,"{""coordinates"": [[-79.32397074139138, 43.664682093254]], ""type"": ""MultiPoint""}"
9841,2013:1380620,2013-07-28T18:40:00,QUEEN St E,VANCOUVER Ave,,5,Non-Fatal Injury,At Intersection,No Control,Cyclist Collision,Clear,Daylight,Dry,Minor Arterial,false,-79.32397074139138,43.664682093254,2,Automobile or Station Wagon,West,4,37,None,Other Safety Equipment Used,Other,Inattentive,,,Parked,,,,,driver,NA,Toronto-Danforth (14),55 Division,Greenwood-Coxwell,false,true,true,false,false,false,false,false,false,false,"{""coordinates"": [[-79.32397074139138, 43.664682093254]], ""type"": ""MultiPoint""}"
9842,2013:1380620,2013-07-28T18:40:00,QUEEN St E,VANCOUVER Ave,,5,Non-Fatal Injury,At Intersection,No Control,Cyclist Collision,Clear,Daylight,Dry,Minor Arterial,false,-79.32397074139138,43.664682093254,1,Automobile or Station Wagon,West,2,25,None,Other Safety Equipment Used,Driving properly,Normal,,,Going Ahead,,,,,driver,NA,Toronto-Danforth (14),55 Division,Greenwood-Coxwell,false,true,true,false,false,false,false,false,false,false,"{""coordinates"": [[-79.32397074139138, 43.664682093254]], ""type"": ""MultiPoint""}"
9843,2013:1380620,2013-07-28T18:40:00,QUEEN St E,VANCOUVER Ave,,5,Non-Fatal Injury,At Intersection,No Control,Cyclist Collision,Clear,Daylight,Dry,Minor Arterial,false,-79.32397074139138,43.664682093254,1,,,1,NA,,Other Safety Equipment Used,,,,,,,,,,owner,NA,Toronto-Danforth (14),55 Division,Greenwood-Coxwell,false,true,true,false,false,false,false,false,false,false,"{""coordinates"": [[-79.32397074139138, 43.664682093254]], ""type"": ""MultiPoint""}"
9844,2013:1380661,2013-07-28T21:58:00,SHEPPARD AVE E,ROUGE RIVER DR,,2,Non-Fatal Injury,,Traffic Signal,Pedestrian Collision(internal code),Clear,Dark with Artificial Lighting,Dry,Major Arterial,false,-79.1803853637552,43.80627593628831,2,,North,2,51,Major,No Equipment Available,,,Crossing with right-of-way (intersection),Normal,,Driver turns left into pedestrian crossing with right-of-way (at intersection),,,,pedestrian,NA,Scarborough-Rouge Park (25),42 Division,West Rouge,true,false,false,false,false,false,true,false,false,false,"{""coordinates"": [[-79.1803853637552, 43.80627593628831]], ""type"": ""MultiPoint""}"
9845,2008:1064595,2008-10-05T14:45:00,KIPLING AVE,BROOKMERE RD,,2,Non-Fatal Injury,At Intersection,Traffic Signal,Cyclist Collision,Clear,Daylight,Dry,Major Arterial,true,-79.5747105563213,43.72811310142965,1,Bicycle,East,2,35,Major,No Equipment Available,,,,,Going Ahead,,,,,cyclist,NA,Etobicoke North (1),23 Division,West Humber-Clairville,false,false,true,false,false,false,false,false,false,false,"{""coordinates"": [[-79.5747105563213, 43.72811310142965]], ""type"": ""MultiPoint""}"
9846,2013:1380661,2013-07-28T21:58:00,SHEPPARD AVE E,ROUGE RIVER DR,,2,Non-Fatal Injury,,Traffic Signal,Pedestrian Collision(internal code),Clear,Dark with Artificial Lighting,Dry,Major Arterial,false,-79.1803853637552,43.80627593628831,1,Automobile or Station Wagon,South,1,22,None,Other Safety Equipment Used,Failed to yield right-of-way,Normal,,,Turning Left,,,,,driver,NA,Scarborough-Rouge Park (25),42 Division,West Rouge,true,false,false,false,false,false,true,false,false,false,"{""coordinates"": [[-79.1803853637552, 43.80627593628831]], ""type"": ""MultiPoint""}"
9847,2013:1380770,2013-07-29T11:11:00,DANFORTH Ave,LINNSMORE Cres,,3,Non-Fatal Injury,,No Control,Pedestrian Collision(internal code),Clear,Daylight,Dry,Major Arterial,false,-79.33059073031178,43.681844101133386,1,Automobile or Station Wagon,North,2,62,None,Other Safety Equipment Used,Improper turn,Normal,,,Turning Left,,,,,driver,NA,Toronto-Danforth (14),55 Division,Greenwood-Coxwell,false,false,false,false,false,true,true,false,false,false,"{""coordinates"": [[-79.33059073031178, 43.681844101133386]], ""type"": ""MultiPoint""}"
9848,2013:1380770,2013-07-29T11:11:00,DANFORTH Ave,LINNSMORE Cres,,3,Non-Fatal Injury,,No Control,Pedestrian Collision(internal code),Clear,Daylight,Dry,Major Arterial,false,-79.33059073031178,43.681844101133386,2,,South,3,70,Major,No Equipment Available,,,Crossing - no traffic control,Unknown,,Driver hits pedestrian at midblock,,,,pedestrian,NA,Toronto-Danforth (14),55 Division,Greenwood-Coxwell,false,false,false,false,false,true,true,false,false,false,"{""coordinates"": [[-79.33059073031178, 43.681844101133386]], ""type"": ""MultiPoint""}"
9849,2013:1380770,2013-07-29T11:11:00,DANFORTH Ave,LINNSMORE Cres,,3,Non-Fatal Injury,,No Control,Pedestrian Collision(internal code),Clear,Daylight,Dry,Major Arterial,false,-79.33059073031178,43.681844101133386,1,,,1,NA,,Other Safety Equipment Used,,,,,,,,,,owner,NA,Toronto-Danforth (14),55 Division,Greenwood-Coxwell,false,false,false,false,false,true,true,false,false,false,"{""coordinates"": [[-79.33059073031178, 43.681844101133386]], ""type"": ""MultiPoint""}"
9850,2013:1368450,2013-07-29T16:04:00,LANGDEN AVE,CLIFF ST,,2,Fatal Injury,,No Control,Pedestrian Collision(internal code),Clear,Daylight,Dry,Local,false,-79.48479102086333,43.68064331886216,1,Automobile or Station Wagon,West,1,71,None,Lap and Shoulder Belt,Other,Inattentive,,,Reversing,,,,,driver,NA,York South-Weston (5),12 Division,Rockcliffe-Smythe,false,true,false,false,false,true,true,false,false,false,"{""coordinates"": [[-79.48479102086333, 43.68064331886216]], ""type"": ""MultiPoint""}"
9851,2013:1368450,2013-07-29T16:04:00,LANGDEN AVE,CLIFF ST,,2,Fatal Injury,,No Control,Pedestrian Collision(internal code),Clear,Daylight,Dry,Local,false,-79.48479102086333,43.68064331886216,2,,Unknown,2,69,Fatal,Other Safety Equipment Used,,,Other,Normal,,Driver reversing hits pedestrian,,,,pedestrian,29,York South-Weston (5),12 Division,Rockcliffe-Smythe,false,true,false,false,false,true,true,false,false,false,"{""coordinates"": [[-79.48479102086333, 43.68064331886216]], ""type"": ""MultiPoint""}"
9852,2013:1381080,2013-08-01T19:43:00,STEELES AVE W,ISLINGTON AVE,,2,Non-Fatal Injury,At Intersection,Traffic Signal,Cyclist Collision,Clear,Dusk,Dry,Major Arterial,false,-79.57485599641235,43.76433338380069,1,Automobile or Station Wagon,North,1,56,None,Lap and Shoulder Belt,Failed to yield right-of-way,Normal,,,Turning Left,,,,,driver,NA,Humber River-Black Creek (7),31 Division,Humber Summit,true,false,true,false,false,false,false,false,false,false,"{""coordinates"": [[-79.57485599641235, 43.76433338380069]], ""type"": ""MultiPoint""}"
9853,2013:1381080,2013-08-01T19:43:00,STEELES AVE W,ISLINGTON AVE,,2,Non-Fatal Injury,At Intersection,Traffic Signal,Cyclist Collision,Clear,Dusk,Dry,Major Arterial,false,-79.57485599641235,43.76433338380069,2,Bicycle,South,2,52,Major,No Equipment Available,,,,,Going Ahead,,Driver turns left into path of cyclist,Other,Normal,cyclist,NA,Humber River-Black Creek (7),31 Division,Humber Summit,true,false,true,false,false,false,false,false,false,false,"{""coordinates"": [[-79.57485599641235, 43.76433338380069]], ""type"": ""MultiPoint""}"
9854,2013:1369174,2013-08-02T16:37:00,ELLESMERE Rd,SARATOGA Dr,,4,Non-Fatal Injury,At Intersection,No Control,Turning Movement,Rain,Daylight,Wet,Major Arterial,false,-79.25364248859087,43.771665001498675,2,Automobile or Station Wagon,North,2,40,None,Lap and Shoulder Belt,Driving properly,Unknown,,,Stopped,,,,,driver,NA,Scarborough Centre (21),43 Division,Bendale-Glen Andrew,false,false,false,false,false,true,false,false,false,false,"{""coordinates"": [[-79.25364248859087, 43.771665001498675]], ""type"": ""MultiPoint""}"
9855,2013:1370122,2013-08-13T11:33:00,STEELES AVE E,MIDDLEFIELD RD,,13,Fatal Injury,At Intersection,Traffic Signal,Pedestrian Collision(internal code),Clear,Daylight,Dry,Major Arterial,false,-79.26799346118838,43.83264302684706,3,,,10,18,Minor,Other Safety Equipment Used,,,,,,,,,,passenger,NA,Scarborough North (23),42 Division,Milliken,true,false,false,false,false,false,true,false,true,true,"{""coordinates"": [[-79.26799346118838, 43.83264302684706]], ""type"": ""MultiPoint""}"
9856,2013:1369174,2013-08-02T16:37:00,ELLESMERE Rd,SARATOGA Dr,,4,Non-Fatal Injury,At Intersection,No Control,Turning Movement,Rain,Daylight,Wet,Major Arterial,false,-79.25364248859087,43.771665001498675,3,Automobile or Station Wagon,West,4,84,Minimal,Lap and Shoulder Belt,Improper turn,Normal,,,Turning Left,,,,,driver,NA,Scarborough Centre (21),43 Division,Bendale-Glen Andrew,false,false,false,false,false,true,false,false,false,false,"{""coordinates"": [[-79.25364248859087, 43.771665001498675]], ""type"": ""MultiPoint""}"
9857,2013:1369174,2013-08-02T16:37:00,ELLESMERE Rd,SARATOGA Dr,,4,Non-Fatal Injury,At Intersection,No Control,Turning Movement,Rain,Daylight,Wet,Major Arterial,false,-79.25364248859087,43.771665001498675,3,,,3,79,Major,Lap and Shoulder Belt,,,,,,,,,,passenger,NA,Scarborough Centre (21),43 Division,Bendale-Glen Andrew,false,false,false,false,false,true,false,false,false,false,"{""coordinates"": [[-79.25364248859087, 43.771665001498675]], ""type"": ""MultiPoint""}"
9858,2013:1369174,2013-08-02T16:37:00,ELLESMERE Rd,SARATOGA Dr,,4,Non-Fatal Injury,At Intersection,No Control,Turning Movement,Rain,Daylight,Wet,Major Arterial,false,-79.25364248859087,43.771665001498675,1,Automobile or Station Wagon,East,1,39,None,Lap and Shoulder Belt,Driving properly,Normal,,,Going Ahead,,,,,driver,NA,Scarborough Centre (21),43 Division,Bendale-Glen Andrew,false,false,false,false,false,true,false,false,false,false,"{""coordinates"": [[-79.25364248859087, 43.771665001498675]], ""type"": ""MultiPoint""}"
9859,2013:1369145,2013-08-02T18:02:00,DAVENPORT Rd,BELMONT St,,2,Non-Fatal Injury,At Intersection,Traffic Signal,Cyclist Collision,Clear,Daylight,Dry,Major Arterial,false,-79.39289085785083,43.67474419061307,1,Automobile or Station Wagon,North,1,24,None,Lap and Shoulder Belt,Disobeyed traffic control,Normal,,,Going Ahead,,,,,driver,NA,University-Rosedale (11),53 Division,Annex,true,false,true,false,false,false,false,true,false,false,"{""coordinates"": [[-79.39289085785083, 43.674744190613076]], ""type"": ""MultiPoint""}"
9860,2013:1369145,2013-08-02T18:02:00,DAVENPORT Rd,BELMONT St,,2,Non-Fatal Injury,At Intersection,Traffic Signal,Cyclist Collision,Clear,Daylight,Dry,Major Arterial,false,-79.39289085785083,43.67474419061307,2,Bicycle,East,2,26,Major,Helmet,,,,,Going Ahead,,"Driver without right-of-way drives into path of cyclist (at intersection, laneway, or driveway)",Driving Properly,Normal,cyclist,NA,University-Rosedale (11),53 Division,Annex,true,false,true,false,false,false,false,true,false,false,"{""coordinates"": [[-79.39289085785083, 43.674744190613076]], ""type"": ""MultiPoint""}"
9861,2013:1369173,2013-08-03T03:05:00,STEELES AVE W,ISLINGTON AVE,,2,Fatal Injury,,No Control,SMV Other,Clear,Dark with Artificial Lighting,Dry,Major Arterial,false,-79.57729000021823,43.76374238665726,1,Automobile or Station Wagon,East,1,25,Fatal,Other Safety Equipment Used,Exceeding speed limit,Ability Impaired - Alcohol Over .08,,,Going Ahead,,,,,driver,27,Humber River-Black Creek (7),31 Division,Humber Summit,true,false,false,false,false,false,false,false,false,false,"{""coordinates"": [[-79.57729000021823, 43.76374238665726]], ""type"": ""MultiPoint""}"
9862,2013:1369173,2013-08-03T03:05:00,STEELES AVE W,ISLINGTON AVE,,2,Fatal Injury,,No Control,SMV Other,Clear,Dark with Artificial Lighting,Dry,Major Arterial,false,-79.57729000021823,43.76374238665726,2,,,2,NA,,Other Safety Equipment Used,,,,,,,,,,other,NA,Humber River-Black Creek (7),31 Division,Humber Summit,true,false,false,false,false,false,false,false,false,false,"{""coordinates"": [[-79.57729000021823, 43.76374238665726]], ""type"": ""MultiPoint""}"
9863,2013:1383782,2013-08-03T16:10:00,DANFORTH Ave,BROADVIEW Ave,,4,Non-Fatal Injury,,Traffic Signal,Angle,Clear,Daylight,Dry,Major Arterial,false,-79.35885979144021,43.676191141882285,2,,,2,NA,,Other Safety Equipment Used,,,,,,,,,,owner,NA,Toronto-Danforth (14),55 Division,North Riverdale,true,true,false,true,false,true,false,true,false,false,"{""coordinates"": [[-79.35885979144021, 43.676191141882285]], ""type"": ""MultiPoint""}"
9864,2013:1383782,2013-08-03T16:10:00,DANFORTH Ave,BROADVIEW Ave,,4,Non-Fatal Injury,,Traffic Signal,Angle,Clear,Daylight,Dry,Major Arterial,false,-79.35885979144021,43.676191141882285,2,Automobile or Station Wagon,East,3,42,None,Other Safety Equipment Used,Driving properly,Normal,,,Stopped,,,,,driver,NA,Toronto-Danforth (14),55 Division,North Riverdale,true,true,false,true,false,true,false,true,false,false,"{""coordinates"": [[-79.35885979144021, 43.676191141882285]], ""type"": ""MultiPoint""}"
9865,2013:1383782,2013-08-03T16:10:00,DANFORTH Ave,BROADVIEW Ave,,4,Non-Fatal Injury,,Traffic Signal,Angle,Clear,Daylight,Dry,Major Arterial,false,-79.35885979144021,43.676191141882285,1,Motorcycle,West,1,43,Major,Helmet,Driving properly,Normal,,,Going Ahead,,,,,motorcyclist,NA,Toronto-Danforth (14),55 Division,North Riverdale,true,true,false,true,false,true,false,true,false,false,"{""coordinates"": [[-79.35885979144021, 43.676191141882285]], ""type"": ""MultiPoint""}"
9866,2013:1383782,2013-08-03T16:10:00,DANFORTH Ave,BROADVIEW Ave,,4,Non-Fatal Injury,,Traffic Signal,Angle,Clear,Daylight,Dry,Major Arterial,false,-79.35885979144021,43.676191141882285,3,Automobile or Station Wagon,South,4,77,Minimal,Lap and Shoulder Belt,Disobeyed traffic control,Inattentive,,,Going Ahead,,,,,driver,NA,Toronto-Danforth (14),55 Division,North Riverdale,true,true,false,true,false,true,false,true,false,false,"{""coordinates"": [[-79.35885979144021, 43.676191141882285]], ""type"": ""MultiPoint""}"
9867,2013:1381629,2013-08-03T19:04:00,ELMHURST Ave,YONGE St,,4,Non-Fatal Injury,,No Control,Pedestrian Collision(internal code),Clear,Daylight,Dry,Collector,false,-79.41215175911368,43.76301019486538,2,,North,3,18,Minimal,Other Safety Equipment Used,,,Other,Normal,,Driver reversing hits pedestrian,,,,pedestrian,NA,Willowdale (18),32 Division,Lansing-Westgate,false,true,false,false,false,false,true,false,true,false,"{""coordinates"": [[-79.41215175911368, 43.76301019486538]], ""type"": ""MultiPoint""}"
9868,2013:1381629,2013-08-03T19:04:00,ELMHURST Ave,YONGE St,,4,Non-Fatal Injury,,No Control,Pedestrian Collision(internal code),Clear,Daylight,Dry,Collector,false,-79.41215175911368,43.76301019486538,1,,,1,NA,,Other Safety Equipment Used,,,,,,,,,,owner,NA,Willowdale (18),32 Division,Lansing-Westgate,false,true,false,false,false,false,true,false,true,false,"{""coordinates"": [[-79.41215175911368, 43.76301019486538]], ""type"": ""MultiPoint""}"