X_id,collision_id,accdate,stname1,stname2,stname3,per_inv,acclass,accloc,traffictl,impactype,visible,light,rdsfcond,road_class,failtorem,longitude,latitude,veh_no,vehtype,initdir,per_no,invage,injury,safequip,drivact,drivcond,pedact,pedcond,manoeuvre,pedtype,cyclistype,cycact,cyccond,road_user,fatal_no,wardname,division,neighbourhood,aggressive,distracted,cyclist,motorcyclist,other_micromobility,older_adult,pedestrian,red_light,school_child,heavy_truck,geometry
10282,2013:3000936395,2013-11-08T19:00:00,955 BAY ST,,,2,Non-Fatal Injury,Private Driveway,No Control,Pedestrian Collision(internal code),Clear,Dark with Artificial Lighting,Dry,Major Arterial,false,-79.38718086302848,43.66435818487684,0,Automobile or Station Wagon,West,1,49,None,,Failed to yield right-of-way,Inattentive,,,Turning Left,,,,,driver,NA,University-Rosedale (11),52 Division,Bay-Cloverhill,true,true,false,false,false,false,true,false,false,false,"{""coordinates"": [[-79.38718086302848, 43.66435818487684]], ""type"": ""MultiPoint""}"
10283,2013:3000937530,2013-11-08T23:04:00,F G GARDINER XY W,PARKSIDE DR,,2,Non-Fatal Injury,Non-Intersection,No Control,Pedestrian Collision(internal code),Clear,Dark with Artificial Lighting,Dry,,false,-79.44698702258627,43.6379262813224,1,Automobile or Station Wagon,West,1,54,,,Driving properly,Normal,,,Going Ahead,,,,,driver,NA,Parkdale-High Park (4),11 Division,South Parkdale,false,false,false,false,false,false,true,false,false,false,"{""coordinates"": [[-79.44698702258627, 43.6379262813224]], ""type"": ""MultiPoint""}"
10284,2013:3000937530,2013-11-08T23:04:00,F G GARDINER XY W,PARKSIDE DR,,2,Non-Fatal Injury,Non-Intersection,No Control,Pedestrian Collision(internal code),Clear,Dark with Artificial Lighting,Dry,,false,-79.44698702258627,43.6379262813224,0,,Unknown,2,29,Major,,,,Other,Unknown,,Driver hits pedestrian at midblock,,,,pedestrian,NA,Parkdale-High Park (4),11 Division,South Parkdale,false,false,false,false,false,false,true,false,false,false,"{""coordinates"": [[-79.44698702258627, 43.6379262813224]], ""type"": ""MultiPoint""}"
10285,2013:3013962476,2013-11-13T07:50:00,WILSON AVE,INGLESIDE DR,1 m West of,1,Non-Fatal Injury,Non-Intersection,No Control,SMV Other,Clear,Daylight,Dry,Major Arterial,false,-79.47845892473164,43.72790328897789,1,Truck - Open (Flatbed),West,1,55,Major,Lap and Shoulder Belt,Failed to yield right-of-way,Normal,,,Going Ahead,,,,,driver,NA,York Centre (6),31 Division,Downsview,true,false,false,false,false,false,false,false,false,true,"{""coordinates"": [[-79.47845892473164, 43.72790328897789]], ""type"": ""MultiPoint""}"
10286,2013:3000972719,2013-11-14T19:45:00,545 THE WEST MALL,,,3,Non-Fatal Injury,Non-Intersection,No Control,Pedestrian Collision(internal code),Clear,Dark with Artificial Lighting,Dry,Minor Arterial,false,-79.56978319344074,43.65168543984075,1,Automobile or Station Wagon,South,1,45,None,Use Unknown,Driving properly,Normal,,,Going Ahead,,,,,driver,NA,Etobicoke Centre (2),22 Division,Etobicoke West Mall,false,false,false,false,false,false,true,false,true,false,"{""coordinates"": [[-79.56978319344074, 43.65168543984075]], ""type"": ""MultiPoint""}"
10287,2013:3000972719,2013-11-14T19:45:00,545 THE WEST MALL,,,3,Non-Fatal Injury,Non-Intersection,No Control,Pedestrian Collision(internal code),Clear,Dark with Artificial Lighting,Dry,Minor Arterial,false,-79.56978319344074,43.65168543984075,0,,West,2,18,Major,,,,Playing or working on highway,Had Been Drinking,,Driver hits pedestrian at midblock,,,,pedestrian,NA,Etobicoke Centre (2),22 Division,Etobicoke West Mall,false,false,false,false,false,false,true,false,true,false,"{""coordinates"": [[-79.56978319344074, 43.65168543984075]], ""type"": ""MultiPoint""}"
10288,2013:3000972719,2013-11-14T19:45:00,545 THE WEST MALL,,,3,Non-Fatal Injury,Non-Intersection,No Control,Pedestrian Collision(internal code),Clear,Dark with Artificial Lighting,Dry,Minor Arterial,false,-79.56978319344074,43.65168543984075,0,,,3,NA,,,,,,,,,,,,other,NA,Etobicoke Centre (2),22 Division,Etobicoke West Mall,false,false,false,false,false,false,true,false,true,false,"{""coordinates"": [[-79.56978319344074, 43.65168543984075]], ""type"": ""MultiPoint""}"
10289,2013:977199,2013-11-15T14:40:00,64 ST CLAIR AVE W,,,6,Fatal Injury,,No Control,Pedestrian Collision(internal code),Clear,Daylight,Dry,Major Arterial,false,-79.39692284551077,43.68750919311947,0,,,5,39,None,,,,,,,,,,,passenger,NA,Toronto-St. Paul's (12),53 Division,Yonge-St.Clair,false,true,false,false,false,true,true,false,false,true,"{""coordinates"": [[-79.39692284551077, 43.68750919311947]], ""type"": ""MultiPoint""}"
10290,2013:977199,2013-11-15T14:40:00,64 ST CLAIR AVE W,,,6,Fatal Injury,,No Control,Pedestrian Collision(internal code),Clear,Daylight,Dry,Major Arterial,false,-79.39692284551077,43.68750919311947,0,,,2,NA,None,,,,,,,,,,,passenger,NA,Toronto-St. Paul's (12),53 Division,Yonge-St.Clair,false,true,false,false,false,true,true,false,false,true,"{""coordinates"": [[-79.39692284551077, 43.68750919311947]], ""type"": ""MultiPoint""}"
10291,2013:977199,2013-11-15T14:40:00,64 ST CLAIR AVE W,,,6,Fatal Injury,,No Control,Pedestrian Collision(internal code),Clear,Daylight,Dry,Major Arterial,false,-79.39692284551077,43.68750919311947,0,,,1,NA,None,,,,,,,,,,,passenger,NA,Toronto-St. Paul's (12),53 Division,Yonge-St.Clair,false,true,false,false,false,true,true,false,false,true,"{""coordinates"": [[-79.39692284551077, 43.68750919311947]], ""type"": ""MultiPoint""}"
10292,2013:977199,2013-11-15T14:40:00,64 ST CLAIR AVE W,,,6,Fatal Injury,,No Control,Pedestrian Collision(internal code),Clear,Daylight,Dry,Major Arterial,false,-79.39692284551077,43.68750919311947,0,Automobile or Station Wagon,West,4,41,None,,Driving properly,Normal,,,Going Ahead,,,,,driver,NA,Toronto-St. Paul's (12),53 Division,Yonge-St.Clair,false,true,false,false,false,true,true,false,false,true,"{""coordinates"": [[-79.39692284551077, 43.68750919311947]], ""type"": ""MultiPoint""}"
10293,2013:977199,2013-11-15T14:40:00,64 ST CLAIR AVE W,,,6,Fatal Injury,,No Control,Pedestrian Collision(internal code),Clear,Daylight,Dry,Major Arterial,false,-79.39692284551077,43.68750919311947,0,,South,3,81,Fatal,,,,Crossing - no traffic control,Inattentive,,Transit vehicle driver hits pedestrian anywhere along roadway,,,,pedestrian,53,Toronto-St. Paul's (12),53 Division,Yonge-St.Clair,false,true,false,false,false,true,true,false,false,true,"{""coordinates"": [[-79.39692284551077, 43.68750919311947]], ""type"": ""MultiPoint""}"
10294,2013:977199,2013-11-15T14:40:00,64 ST CLAIR AVE W,,,6,Fatal Injury,,No Control,Pedestrian Collision(internal code),Clear,Daylight,Dry,Major Arterial,false,-79.39692284551077,43.68750919311947,0,Streetcar,West,6,26,None,,Driving properly,Normal,,,Going Ahead,,,,,driver,NA,Toronto-St. Paul's (12),53 Division,Yonge-St.Clair,false,true,false,false,false,true,true,false,false,true,"{""coordinates"": [[-79.39692284551077, 43.68750919311947]], ""type"": ""MultiPoint""}"
10295,2013:3000983486,2013-11-16T15:16:00,FAIRFAX CR,WARDEN AV,,3,Non-Fatal Injury,At Intersection,Traffic Signal,Turning Movement,Clear,Daylight,Dry,Major Arterial,false,-79.28275659773895,43.71616903416239,1,Automobile or Station Wagon,North,1,76,Major,Use Unknown,Failed to yield right-of-way,Normal,,,Turning Left,,,,,driver,NA,Scarborough Southwest (20),41 Division,Clairlea-Birchmount,true,false,false,false,false,true,false,false,false,false,"{""coordinates"": [[-79.28275659773895, 43.71616903416239]], ""type"": ""MultiPoint""}"
10296,2013:3000983486,2013-11-16T15:16:00,FAIRFAX CR,WARDEN AV,,3,Non-Fatal Injury,At Intersection,Traffic Signal,Turning Movement,Clear,Daylight,Dry,Major Arterial,false,-79.28275659773895,43.71616903416239,2,Pickup Truck,South,2,41,None,Lap and Shoulder Belt,Driving properly,Normal,,,Going Ahead,,,,,driver,NA,Scarborough Southwest (20),41 Division,Clairlea-Birchmount,true,false,false,false,false,true,false,false,false,false,"{""coordinates"": [[-79.28275659773895, 43.71616903416239]], ""type"": ""MultiPoint""}"
10297,2013:3000983486,2013-11-16T15:16:00,FAIRFAX CR,WARDEN AV,,3,Non-Fatal Injury,At Intersection,Traffic Signal,Turning Movement,Clear,Daylight,Dry,Major Arterial,false,-79.28275659773895,43.71616903416239,2,,,3,64,None,Lap and Shoulder Belt,,,,,,,,,,passenger,NA,Scarborough Southwest (20),41 Division,Clairlea-Birchmount,true,false,false,false,false,true,false,false,false,false,"{""coordinates"": [[-79.28275659773895, 43.71616903416239]], ""type"": ""MultiPoint""}"
10298,2013:3000986891,2013-11-17T04:12:00,LANSDOWNE AVE,BRANDON AVE,,2,Non-Fatal Injury,Non-Intersection,No Control,Pedestrian Collision(internal code),Rain,Dark with Artificial Lighting,Wet,Minor Arterial,false,-79.44707897121238,43.668279270221085,0,Automobile or Station Wagon,North,1,60,None,,Driving properly,Normal,,,Going Ahead,,,,,driver,NA,Davenport (9),13 Division,Junction-Wallace Emerson,false,false,false,false,false,false,true,false,false,false,"{""coordinates"": [[-79.44707897121238, 43.668279270221085]], ""type"": ""MultiPoint""}"
10299,2013:3000986891,2013-11-17T04:12:00,LANSDOWNE AVE,BRANDON AVE,,2,Non-Fatal Injury,Non-Intersection,No Control,Pedestrian Collision(internal code),Rain,Dark with Artificial Lighting,Wet,Minor Arterial,false,-79.44707897121238,43.668279270221085,0,,South,2,28,Major,,,,Running onto roadway,Ability Impaired - Alcohol,,Driver hits pedestrian at midblock,,,,pedestrian,NA,Davenport (9),13 Division,Junction-Wallace Emerson,false,false,false,false,false,false,true,false,false,false,"{""coordinates"": [[-79.44707897121238, 43.668279270221085]], ""type"": ""MultiPoint""}"
10300,2013:3000989119,2013-11-17T15:06:00,MEADOWVALE RD,DEAN PARK RD,,3,Non-Fatal Injury,At Intersection,Traffic Signal,Angle,Clear,Daylight,Dry,Minor Arterial,false,-79.16878134993402,43.8042119246853,1,,,3,4,None,Lap and Shoulder Belt,,,,,,,,,,passenger,NA,Scarborough-Rouge Park (25),42 Division,West Rouge,true,true,false,false,false,false,false,true,true,false,"{""coordinates"": [[-79.16878134993402, 43.8042119246853]], ""type"": ""MultiPoint""}"
10301,2013:3000989119,2013-11-17T15:06:00,MEADOWVALE RD,DEAN PARK RD,,3,Non-Fatal Injury,At Intersection,Traffic Signal,Angle,Clear,Daylight,Dry,Minor Arterial,false,-79.16878134993402,43.8042119246853,1,Automobile or Station Wagon,South,1,61,Major,Air Bag Deployed,Disobeyed traffic control,Inattentive,,,Going Ahead,,,,,driver,NA,Scarborough-Rouge Park (25),42 Division,West Rouge,true,true,false,false,false,false,false,true,true,false,"{""coordinates"": [[-79.16878134993402, 43.8042119246853]], ""type"": ""MultiPoint""}"
10302,2013:3000989119,2013-11-17T15:06:00,MEADOWVALE RD,DEAN PARK RD,,3,Non-Fatal Injury,At Intersection,Traffic Signal,Angle,Clear,Daylight,Dry,Minor Arterial,false,-79.16878134993402,43.8042119246853,2,Passenger Van,West,2,26,None,Lap and Shoulder Belt,Driving properly,Normal,,,Going Ahead,,,,,driver,NA,Scarborough-Rouge Park (25),42 Division,West Rouge,true,true,false,false,false,false,false,true,true,false,"{""coordinates"": [[-79.16878134993402, 43.8042119246853]], ""type"": ""MultiPoint""}"
10303,2013:3000996799,2013-11-18T20:35:00,BATHURST ST,FRONTENAC AVE,,2,Non-Fatal Injury,Non-Intersection,No Control,SMV Other,Clear,Dark with Artificial Lighting,Dry,Major Arterial,false,-79.42921085706409,43.71679822853964,1,,,2,33,Major,Use Unknown,,,,,,,,,,passenger,NA,Eglinton-Lawrence (8),53 Division,Bedford Park-Nortown,false,false,false,false,false,false,false,false,false,false,"{""coordinates"": [[-79.42921085706409, 43.71679822853964]], ""type"": ""MultiPoint""}"
10304,2013:3000996799,2013-11-18T20:35:00,BATHURST ST,FRONTENAC AVE,,2,Non-Fatal Injury,Non-Intersection,No Control,SMV Other,Clear,Dark with Artificial Lighting,Dry,Major Arterial,false,-79.42921085706409,43.71679822853964,1,Automobile or Station Wagon,South,1,23,Minimal,Lap and Shoulder Belt,Lost control,Ability Impaired - Alcohol,,,Other,,,,,driver,NA,Eglinton-Lawrence (8),53 Division,Bedford Park-Nortown,false,false,false,false,false,false,false,false,false,false,"{""coordinates"": [[-79.42921085706409, 43.71679822853964]], ""type"": ""MultiPoint""}"
10305,2013:3001000463,2013-11-19T13:27:00,MOUNT PLEASANT RD,TED ROGERS WAY,,5,Non-Fatal Injury,Intersection-Related,Traffic Signal,Rear End,Clear,Daylight,Dry,Major Arterial,false,-79.37989484055407,43.66996217311882,3,Automobile or Station Wagon,West,3,36,None,Lap and Shoulder Belt,Driving properly,Normal,,,Going Ahead,,,,,driver,NA,Toronto Centre (13),51 Division,North St.James Town,true,true,false,false,false,true,false,false,false,false,"{""coordinates"": [[-79.37989484055407, 43.66996217311882]], ""type"": ""MultiPoint""}"
10306,2013:3001000463,2013-11-19T13:27:00,MOUNT PLEASANT RD,TED ROGERS WAY,,5,Non-Fatal Injury,Intersection-Related,Traffic Signal,Rear End,Clear,Daylight,Dry,Major Arterial,false,-79.37989484055407,43.66996217311882,2,Automobile or Station Wagon,West,2,65,None,Lap and Shoulder Belt,Driving properly,Normal,,,Going Ahead,,,,,driver,NA,Toronto Centre (13),51 Division,North St.James Town,true,true,false,false,false,true,false,false,false,false,"{""coordinates"": [[-79.37989484055407, 43.66996217311882]], ""type"": ""MultiPoint""}"
10307,2013:3001000463,2013-11-19T13:27:00,MOUNT PLEASANT RD,TED ROGERS WAY,,5,Non-Fatal Injury,Intersection-Related,Traffic Signal,Rear End,Clear,Daylight,Dry,Major Arterial,false,-79.37989484055407,43.66996217311882,1,,,4,43,Major,Lap and Shoulder Belt,,,,,,,,,,passenger,NA,Toronto Centre (13),51 Division,North St.James Town,true,true,false,false,false,true,false,false,false,false,"{""coordinates"": [[-79.37989484055407, 43.66996217311882]], ""type"": ""MultiPoint""}"
10308,2013:3001000463,2013-11-19T13:27:00,MOUNT PLEASANT RD,TED ROGERS WAY,,5,Non-Fatal Injury,Intersection-Related,Traffic Signal,Rear End,Clear,Daylight,Dry,Major Arterial,false,-79.37989484055407,43.66996217311882,2,,,5,62,Minor,Lap and Shoulder Belt,,,,,,,,,,passenger,NA,Toronto Centre (13),51 Division,North St.James Town,true,true,false,false,false,true,false,false,false,false,"{""coordinates"": [[-79.37989484055407, 43.66996217311882]], ""type"": ""MultiPoint""}"
10309,2013:3001000463,2013-11-19T13:27:00,MOUNT PLEASANT RD,TED ROGERS WAY,,5,Non-Fatal Injury,Intersection-Related,Traffic Signal,Rear End,Clear,Daylight,Dry,Major Arterial,false,-79.37989484055407,43.66996217311882,1,Automobile or Station Wagon,West,1,47,None,Lap and Shoulder Belt,Following too closely,Inattentive,,,Going Ahead,,,,,driver,NA,Toronto Centre (13),51 Division,North St.James Town,true,true,false,false,false,true,false,false,false,false,"{""coordinates"": [[-79.37989484055407, 43.66996217311882]], ""type"": ""MultiPoint""}"
10310,2013:3001002195,2013-11-19T18:20:00,VICTORIA PARK AVE,SUNRISE AVE,,2,Non-Fatal Injury,,Traffic Signal,Pedestrian Collision(internal code),Clear,Dark with Artificial Lighting,Dry,Major Arterial,false,-79.3005866247358,43.71977405774451,0,,East,2,27,Major,,,,Crossing with right-of-way (intersection),Normal,,Driver turns left into pedestrian crossing with right-of-way (at intersection),,,,pedestrian,NA,Scarborough Southwest (20),41 Division,Clairlea-Birchmount,true,true,false,false,false,false,true,false,false,false,"{""coordinates"": [[-79.3005866247358, 43.719774057744516]], ""type"": ""MultiPoint""}"
10311,2013:3001002195,2013-11-19T18:20:00,VICTORIA PARK AVE,SUNRISE AVE,,2,Non-Fatal Injury,,Traffic Signal,Pedestrian Collision(internal code),Clear,Dark with Artificial Lighting,Dry,Major Arterial,false,-79.3005866247358,43.71977405774451,1,Automobile or Station Wagon,East,1,63,None,,Failed to yield right-of-way,Inattentive,,,Turning Left,,,,,driver,NA,Scarborough Southwest (20),41 Division,Clairlea-Birchmount,true,true,false,false,false,false,true,false,false,false,"{""coordinates"": [[-79.3005866247358, 43.719774057744516]], ""type"": ""MultiPoint""}"
10312,2013:3001005166,2013-11-20T09:37:00,SHEPPARD AVE W,KODIAK CRES,,2,Fatal Injury,,Traffic Signal,Cyclist Collision,Clear,Daylight,Dry,Major Arterial,false,-79.46721286410798,43.75186726474874,0,Automobile or Station Wagon,North,2,20,,,Disobeyed traffic control,Unknown,,,Going Ahead,,,,,driver,NA,York Centre (6),32 Division,Downsview,true,false,true,false,false,false,false,true,false,false,"{""coordinates"": [[-79.46721286410798, 43.75186726474874]], ""type"": ""MultiPoint""}"
10313,2013:3001005166,2013-11-20T09:37:00,SHEPPARD AVE W,KODIAK CRES,,2,Fatal Injury,,Traffic Signal,Cyclist Collision,Clear,Daylight,Dry,Major Arterial,false,-79.46721286410798,43.75186726474874,0,Bicycle,West,1,23,Fatal,,,,,,Going Ahead,,"Driver without right-of-way drives into path of cyclist (at intersection, laneway, or driveway)",Driving Properly,Normal,cyclist,54,York Centre (6),32 Division,Downsview,true,false,true,false,false,false,false,true,false,false,"{""coordinates"": [[-79.46721286410798, 43.75186726474874]], ""type"": ""MultiPoint""}"
10314,2013:3001013927,2013-11-21T16:50:00,YONGE ST,FRONT ST,,2,Non-Fatal Injury,Non-Intersection,No Control,Pedestrian Collision(internal code),Clear,Dusk with Artificial Lighting,Dry,Major Arterial,false,-79.37678187013883,43.64643617351635,1,Automobile or Station Wagon,North,1,41,None,Lap and Shoulder Belt,Driving properly,Normal,,,Slowing or Stopping,,,,,driver,NA,Toronto Centre (13),52 Division,St Lawrence-East Bayfront-The Islands,false,true,false,false,false,true,true,false,false,false,"{""coordinates"": [[-79.37678187013883, 43.646436173516356]], ""type"": ""MultiPoint""}"
10315,2013:3001013927,2013-11-21T16:50:00,YONGE ST,FRONT ST,,2,Non-Fatal Injury,Non-Intersection,No Control,Pedestrian Collision(internal code),Clear,Dusk with Artificial Lighting,Dry,Major Arterial,false,-79.37678187013883,43.64643617351635,0,,West,2,65,Major,No Equipment Available,,,Crossing - no traffic control,Inattentive,,Driver hits pedestrian at midblock,,,,pedestrian,NA,Toronto Centre (13),52 Division,St Lawrence-East Bayfront-The Islands,false,true,false,false,false,true,true,false,false,false,"{""coordinates"": [[-79.37678187013883, 43.646436173516356]], ""type"": ""MultiPoint""}"
10316,2013:3001015663,2013-11-22T00:31:00,HOSKIN AVE,ST GEORGE ST,,2,Non-Fatal Injury,Intersection-Related,Traffic Signal,Cyclist Collision,Rain,Dark with Artificial Lighting,Wet,Minor Arterial,false,-79.39843388501173,43.66409820125008,1,Bicycle,South,1,23,Major,Use Unknown,,,,,Going Ahead,,"Cyclist without right-of-way rides into path of driver (at intersection, laneway, or driveway)",Disobeyed Traffic Control,Unknown,cyclist,NA,University-Rosedale (11),52 Division,University,false,false,true,false,false,false,false,false,false,false,"{""coordinates"": [[-79.39843388501173, 43.664098201250084]], ""type"": ""MultiPoint""}"
10317,2013:3001015663,2013-11-22T00:31:00,HOSKIN AVE,ST GEORGE ST,,2,Non-Fatal Injury,Intersection-Related,Traffic Signal,Cyclist Collision,Rain,Dark with Artificial Lighting,Wet,Minor Arterial,false,-79.39843388501173,43.66409820125008,2,Automobile or Station Wagon,East,2,23,None,Use Unknown,Driving properly,Unknown,,,Going Ahead,,,,,driver,NA,University-Rosedale (11),52 Division,University,false,false,true,false,false,false,false,false,false,false,"{""coordinates"": [[-79.39843388501173, 43.664098201250084]], ""type"": ""MultiPoint""}"
10318,2013:3001021983,2013-11-23T00:01:00,HIGHWAY 427 S,27 S 427 C S RAMP,,1,Non-Fatal Injury,Non-Intersection,No Control,SMV Other,Clear,Dark with Artificial Lighting,Dry,,false,-79.57491716704773,43.66929443587032,1,Automobile or Station Wagon,South,1,25,Major,Use Unknown,Lost control,Ability Impaired - Alcohol,,,Going Ahead,,,,,driver,NA,Etobicoke Centre (2),22 Division,Eringate-Centennial-West Deane,false,false,false,false,false,false,false,false,false,false,"{""coordinates"": [[-79.57491716704773, 43.66929443587032]], ""type"": ""MultiPoint""}"
10319,2013:3001022701,2013-11-23T01:30:00,WINSTON PARK BLVD,ANTHONY RD,,1,Non-Fatal Injury,At/Near Private Drive,Stop Sign,SMV Unattended Vehicle,Clear,Dark with Artificial Lighting,Dry,Local,true,-79.47113391208902,43.727819279481224,1,Automobile or Station Wagon,West,1,25,Major,Use Unknown,Lost control,Unknown,,,Turning Left,,,,,driver,NA,York Centre (6),32 Division,Downsview,false,false,false,false,false,false,false,false,false,false,"{""coordinates"": [[-79.47113391208902, 43.727819279481224]], ""type"": ""MultiPoint""}"
10320,2013:3001029733,2013-11-24T10:18:00,EGLINTON AVE E,OSWEGO RD,,6,Fatal Injury,Non-Intersection,No Control,Approaching Head On,Clear,Daylight,Dry,Major Arterial,false,-79.2447015070113,43.737416986916415,1,Automobile or Station Wagon,,6,44,Minor,Lap and Shoulder Belt,,,,,,,,,,passenger,NA,Scarborough Southwest (20),43 Division,Eglinton East,true,false,false,false,false,false,false,false,false,false,"{""coordinates"": [[-79.2447015070113, 43.737416986916415]], ""type"": ""MultiPoint""}"
10321,2013:3001029733,2013-11-24T10:18:00,EGLINTON AVE E,OSWEGO RD,,6,Fatal Injury,Non-Intersection,No Control,Approaching Head On,Clear,Daylight,Dry,Major Arterial,false,-79.2447015070113,43.737416986916415,1,,,4,31,Fatal,Equipment Not Used But Available,,,,,,,,,,passenger,57,Scarborough Southwest (20),43 Division,Eglinton East,true,false,false,false,false,false,false,false,false,false,"{""coordinates"": [[-79.2447015070113, 43.737416986916415]], ""type"": ""MultiPoint""}"
10322,2013:3001029733,2013-11-24T10:18:00,EGLINTON AVE E,OSWEGO RD,,6,Fatal Injury,Non-Intersection,No Control,Approaching Head On,Clear,Daylight,Dry,Major Arterial,false,-79.2447015070113,43.737416986916415,2,Automobile or Station Wagon,East,2,45,Minor,Lap and Shoulder Belt,Driving properly,Normal,,,Going Ahead,,,,,driver,NA,Scarborough Southwest (20),43 Division,Eglinton East,true,false,false,false,false,false,false,false,false,false,"{""coordinates"": [[-79.2447015070113, 43.737416986916415]], ""type"": ""MultiPoint""}"
10323,2013:3001029733,2013-11-24T10:18:00,EGLINTON AVE E,OSWEGO RD,,6,Fatal Injury,Non-Intersection,No Control,Approaching Head On,Clear,Daylight,Dry,Major Arterial,false,-79.2447015070113,43.737416986916415,2,,,5,35,Minor,Lap and Shoulder Belt,,,,,,,,,,passenger,NA,Scarborough Southwest (20),43 Division,Eglinton East,true,false,false,false,false,false,false,false,false,false,"{""coordinates"": [[-79.2447015070113, 43.737416986916415]], ""type"": ""MultiPoint""}"
10324,2013:3001029733,2013-11-24T10:18:00,EGLINTON AVE E,OSWEGO RD,,6,Fatal Injury,Non-Intersection,No Control,Approaching Head On,Clear,Daylight,Dry,Major Arterial,false,-79.2447015070113,43.737416986916415,1,Automobile or Station Wagon,West,1,44,None,Lap and Shoulder Belt,Speed too fast for conditions,Normal,,,Changing Lanes,,,,,driver,NA,Scarborough Southwest (20),43 Division,Eglinton East,true,false,false,false,false,false,false,false,false,false,"{""coordinates"": [[-79.2447015070113, 43.737416986916415]], ""type"": ""MultiPoint""}"
10325,2013:3001029733,2013-11-24T10:18:00,EGLINTON AVE E,OSWEGO RD,,6,Fatal Injury,Non-Intersection,No Control,Approaching Head On,Clear,Daylight,Dry,Major Arterial,false,-79.2447015070113,43.737416986916415,1,,,3,31,None,Lap and Shoulder Belt,,,,,,,,,,passenger,NA,Scarborough Southwest (20),43 Division,Eglinton East,true,false,false,false,false,false,false,false,false,false,"{""coordinates"": [[-79.2447015070113, 43.737416986916415]], ""type"": ""MultiPoint""}"
10326,2013:131031283,2013-11-24T15:21:00,100 STEELES AVE W,,,2,Fatal Injury,,Traffic Signal,Pedestrian Collision(internal code),Clear,Dark with Artificial Lighting,Dry,Major Arterial,false,-79.42474774172814,43.79696420588094,0,,South,1,42,Fatal,,,,Crossing with right-of-way (intersection),Normal,,Driver turns right into pedestrian crossing with right-of-way (at intersection),,,,pedestrian,56,Willowdale (18),32 Division,Newtonbrook West,true,true,false,false,false,false,true,false,false,true,"{""coordinates"": [[-79.42474774172814, 43.79696420588094]], ""type"": ""MultiPoint""}"
10327,2013:131031283,2013-11-24T15:21:00,100 STEELES AVE W,,,2,Fatal Injury,,Traffic Signal,Pedestrian Collision(internal code),Clear,Dark with Artificial Lighting,Dry,Major Arterial,false,-79.42474774172814,43.79696420588094,0,Delivery Van,South,2,30,None,,Improper passing,Inattentive,,,Turning Right,,,,,driver,NA,Willowdale (18),32 Division,Newtonbrook West,true,true,false,false,false,false,true,false,false,true,"{""coordinates"": [[-79.42474774172814, 43.79696420588094]], ""type"": ""MultiPoint""}"
10328,2013:3001047627,2013-11-27T11:20:00,JARVIS ST,GERRARD ST E,,2,Non-Fatal Injury,At Intersection,Traffic Signal,Pedestrian Collision(internal code),Clear,Daylight,Dry,Major Arterial,false,-79.3758968473319,43.66041716933291,1,Automobile or Station Wagon,South,1,34,None,Lap and Shoulder Belt,Failed to yield right-of-way,Normal,,,Turning Left,,,,,driver,NA,Toronto Centre (13),51 Division,Downtown Yonge East,true,false,false,false,false,false,true,false,false,false,"{""coordinates"": [[-79.3758968473319, 43.66041716933291]], ""type"": ""MultiPoint""}"
10329,2013:3001047627,2013-11-27T11:20:00,JARVIS ST,GERRARD ST E,,2,Non-Fatal Injury,At Intersection,Traffic Signal,Pedestrian Collision(internal code),Clear,Daylight,Dry,Major Arterial,false,-79.3758968473319,43.66041716933291,0,,North,2,31,Major,No Equipment Available,,,Crossing with right-of-way (intersection),Normal,,Driver turns left into pedestrian crossing with right-of-way (at intersection),,,,pedestrian,NA,Toronto Centre (13),51 Division,Downtown Yonge East,true,false,false,false,false,false,true,false,false,false,"{""coordinates"": [[-79.3758968473319, 43.66041716933291]], ""type"": ""MultiPoint""}"
10330,2013:3001054757,2013-11-28T14:23:00,295 THE WEST MALL,,,1,Non-Fatal Injury,Non-Intersection,No Control,SMV Other,Clear,Daylight,Dry,Minor Arterial,false,-79.56191721425255,43.63509943962557,1,Automobile or Station Wagon,North,1,81,Major,Lap and Shoulder Belt,Lost control,Unknown,,,Going Ahead,,,,,driver,NA,Etobicoke Centre (2),22 Division,Markland Wood,false,false,false,false,false,true,false,false,false,false,"{""coordinates"": [[-79.56191721425255, 43.63509943962557]], ""type"": ""MultiPoint""}"
10331,2013:131058335,2013-11-29T05:58:00,1491 LAKE SHORE BLVD W,,,1,Fatal Injury,,No Control,SMV Other,Clear,Dawn with Artificial Lighting,Dry,Major Arterial,false,-79.4477430246218,43.637613282580745,0,Automobile or Station Wagon,East,1,26,Fatal,,Lost control,Unknown,,,Going Ahead,,,,,driver,58,Parkdale-High Park (4),11 Division,South Parkdale,false,false,false,false,false,false,false,false,false,false,"{""coordinates"": [[-79.4477430246218, 43.637613282580745]], ""type"": ""MultiPoint""}"
10332,2013:3001061187,2013-11-29T15:45:00,WILLOWDALE AVE,PEMBERTON AVE,,2,Non-Fatal Injury,At Intersection,No Control,Pedestrian Collision(internal code),Clear,Daylight,Dry,Minor Arterial,false,-79.40745172994178,43.78248818709739,0,Automobile or Station Wagon,South,1,NA,,,Driving properly,Unknown,,,Going Ahead,,,,,driver,NA,Willowdale (18),32 Division,Newtonbrook East,false,false,false,false,false,false,true,false,true,false,"{""coordinates"": [[-79.40745172994178, 43.78248818709739]], ""type"": ""MultiPoint""}"