X_id,collision_id,accdate,stname1,stname2,stname3,per_inv,acclass,accloc,traffictl,impactype,visible,light,rdsfcond,road_class,failtorem,longitude,latitude,veh_no,vehtype,initdir,per_no,invage,injury,safequip,drivact,drivcond,pedact,pedcond,manoeuvre,pedtype,cyclistype,cycact,cyccond,road_user,fatal_no,wardname,division,neighbourhood,aggressive,distracted,cyclist,motorcyclist,other_micromobility,older_adult,pedestrian,red_light,school_child,heavy_truck,geometry
10531,2014:4008010046,2014-03-05T18:00:00,FINCH AVE E,BRIDLETOWNE CRCL,,4,Non-Fatal Injury,Intersection-Related,Traffic Signal,Rear End,Clear,Dusk with Artificial Lighting,Dry,Major Arterial,false,-79.31930157414706,43.795839082277176,4,Automobile or Station Wagon,East,3,38,Major,Lap and Shoulder Belt,Driving properly,Normal,,,Slowing or Stopping,,,,,driver,NA,Scarborough-Agincourt (22),42 Division,L'Amoreaux West,false,true,false,false,false,false,false,false,false,false,"{""coordinates"": [[-79.31930157414706, 43.795839082277176]], ""type"": ""MultiPoint""}"
10532,2014:4008010046,2014-03-05T18:00:00,FINCH AVE E,BRIDLETOWNE CRCL,,4,Non-Fatal Injury,Intersection-Related,Traffic Signal,Rear End,Clear,Dusk with Artificial Lighting,Dry,Major Arterial,false,-79.31930157414706,43.795839082277176,3,Automobile or Station Wagon,East,2,50,Major,Lap and Shoulder Belt,Driving properly,Normal,,,Stopped,,,,,driver,NA,Scarborough-Agincourt (22),42 Division,L'Amoreaux West,false,true,false,false,false,false,false,false,false,false,"{""coordinates"": [[-79.31930157414706, 43.795839082277176]], ""type"": ""MultiPoint""}"
10533,2014:4001647653,2014-03-05T23:09:00,MCCOWAN RD,BENLEIGH DR,30 m North of,3,Non-Fatal Injury,Non-Intersection,No Control,SMV Other,Clear,Dark with Artificial Lighting,Wet,Major Arterial,true,-79.24643348782519,43.75896599142906,1,,,2,22,Minimal,Use Unknown,,,,,,,,,,passenger,NA,Scarborough Centre (21),43 Division,Bendale-Glen Andrew,true,false,false,false,false,false,false,false,false,false,"{""coordinates"": [[-79.24643348782519, 43.75896599142906]], ""type"": ""MultiPoint""}"
10534,2014:4001647653,2014-03-05T23:09:00,MCCOWAN RD,BENLEIGH DR,30 m North of,3,Non-Fatal Injury,Non-Intersection,No Control,SMV Other,Clear,Dark with Artificial Lighting,Wet,Major Arterial,true,-79.24643348782519,43.75896599142906,1,,,3,21,Major,Use Unknown,,,,,,,,,,passenger,NA,Scarborough Centre (21),43 Division,Bendale-Glen Andrew,true,false,false,false,false,false,false,false,false,false,"{""coordinates"": [[-79.24643348782519, 43.75896599142906]], ""type"": ""MultiPoint""}"
10535,2014:4001647653,2014-03-05T23:09:00,MCCOWAN RD,BENLEIGH DR,30 m North of,3,Non-Fatal Injury,Non-Intersection,No Control,SMV Other,Clear,Dark with Artificial Lighting,Wet,Major Arterial,true,-79.24643348782519,43.75896599142906,1,Automobile or Station Wagon,North,1,35,None,Use Unknown,Exceeding speed limit,Unknown,,,Going Ahead,,,,,driver,NA,Scarborough Centre (21),43 Division,Bendale-Glen Andrew,true,false,false,false,false,false,false,false,false,false,"{""coordinates"": [[-79.24643348782519, 43.75896599142906]], ""type"": ""MultiPoint""}"
10536,2014:141649049,2014-03-06T07:35:00,PRINCE EDWARD DR N,SHAND AVE,,1,Fatal Injury,,No Control,SMV Other,Snow,Daylight,Slush,Collector,false,-79.50911410418433,43.65728936291803,1,Automobile or Station Wagon,South,1,51,Fatal,,Lost control,Unknown,,,Pulling Onto Shoulder or Toward Curb,,,,,driver,6,Etobicoke-Lakeshore (3),22 Division,Kingsway South,false,false,false,false,false,false,false,false,false,false,"{""coordinates"": [[-79.50911410418433, 43.65728936291803]], ""type"": ""MultiPoint""}"
10537,2014:4001652316,2014-03-06T17:30:00,BLOOR ST W,DURIE ST,,2,Non-Fatal Injury,At Intersection,Traffic Signal,Pedestrian Collision(internal code),Clear,Daylight,Dry,Major Arterial,false,-79.4790770639723,43.650491324206975,1,Pickup Truck,West,1,28,None,Lap and Shoulder Belt,Disobeyed traffic control,Inattentive,,,Going Ahead,,,,,driver,NA,Parkdale-High Park (4),11 Division,High Park-Swansea,true,true,false,false,false,false,true,true,false,false,"{""coordinates"": [[-79.4790770639723, 43.650491324206975]], ""type"": ""MultiPoint""}"
10538,2014:4001652316,2014-03-06T17:30:00,BLOOR ST W,DURIE ST,,2,Non-Fatal Injury,At Intersection,Traffic Signal,Pedestrian Collision(internal code),Clear,Daylight,Dry,Major Arterial,false,-79.4790770639723,43.650491324206975,0,,South,2,60,Major,No Equipment Available,,,Crossing with right-of-way (intersection),Normal,,Driver going straight hits pedestrian crossing with right-of-way (at intersection),,,,pedestrian,NA,Parkdale-High Park (4),11 Division,High Park-Swansea,true,true,false,false,false,false,true,true,false,false,"{""coordinates"": [[-79.4790770639723, 43.650491324206975]], ""type"": ""MultiPoint""}"
10539,2014:4008010238,2014-03-07T06:50:00,DON VALLEY PARKWAY S,LAWRENCE AVE E,,2,Non-Fatal Injury,Non-Intersection,No Control,Rear End,Clear,Daylight,Dry,,false,-79.33224065223328,43.74026609741736,1,Automobile or Station Wagon,South,2,28,Major,Lap and Shoulder Belt,Following too closely,Inattentive,,,Slowing or Stopping,,,,,driver,NA,Don Valley East (16),33 Division,Banbury-Don Mills,true,true,false,false,false,false,false,false,false,false,"{""coordinates"": [[-79.33224065223328, 43.74026609741736]], ""type"": ""MultiPoint""}"
10540,2014:4008010238,2014-03-07T06:50:00,DON VALLEY PARKWAY S,LAWRENCE AVE E,,2,Non-Fatal Injury,Non-Intersection,No Control,Rear End,Clear,Daylight,Dry,,false,-79.33224065223328,43.74026609741736,2,Automobile or Station Wagon,South,1,60,Major,Lap and Shoulder Belt,Driving properly,Normal,,,Stopped,,,,,driver,NA,Don Valley East (16),33 Division,Banbury-Don Mills,true,true,false,false,false,false,false,false,false,false,"{""coordinates"": [[-79.33224065223328, 43.74026609741736]], ""type"": ""MultiPoint""}"
10541,2014:4001655411,2014-03-07T08:25:00,STEELES AVE E,PHARMACY AVE,,4,Non-Fatal Injury,At Intersection,Traffic Signal,Pedestrian Collision(internal code),Clear,Daylight,Dry,Major Arterial,false,-79.3364525813534,43.81684610273987,3,Automobile or Station Wagon,North,2,63,None,Lap and Shoulder Belt,Driving properly,Normal,,,Stopped,,,,,driver,NA,Scarborough-Agincourt (22),42 Division,Steeles,true,false,false,false,false,false,true,false,false,false,"{""coordinates"": [[-79.3364525813534, 43.81684610273987]], ""type"": ""MultiPoint""}"
10542,2014:4001655411,2014-03-07T08:25:00,STEELES AVE E,PHARMACY AVE,,4,Non-Fatal Injury,At Intersection,Traffic Signal,Pedestrian Collision(internal code),Clear,Daylight,Dry,Major Arterial,false,-79.3364525813534,43.81684610273987,0,,Unknown,4,31,Major,,,,On sidewalk or shoulder,Normal,,Driver hits pedestrian on sidewalk or shoulder,,,,pedestrian,NA,Scarborough-Agincourt (22),42 Division,Steeles,true,false,false,false,false,false,true,false,false,false,"{""coordinates"": [[-79.3364525813534, 43.81684610273987]], ""type"": ""MultiPoint""}"
10543,2014:4001655411,2014-03-07T08:25:00,STEELES AVE E,PHARMACY AVE,,4,Non-Fatal Injury,At Intersection,Traffic Signal,Pedestrian Collision(internal code),Clear,Daylight,Dry,Major Arterial,false,-79.3364525813534,43.81684610273987,1,Automobile or Station Wagon,West,3,52,Minimal,Lap and Shoulder Belt,Failed to yield right-of-way,Normal,,,Turning Left,,,,,driver,NA,Scarborough-Agincourt (22),42 Division,Steeles,true,false,false,false,false,false,true,false,false,false,"{""coordinates"": [[-79.3364525813534, 43.81684610273987]], ""type"": ""MultiPoint""}"
10544,2014:4001655411,2014-03-07T08:25:00,STEELES AVE E,PHARMACY AVE,,4,Non-Fatal Injury,At Intersection,Traffic Signal,Pedestrian Collision(internal code),Clear,Daylight,Dry,Major Arterial,false,-79.3364525813534,43.81684610273987,2,Automobile or Station Wagon,East,1,27,Minimal,Lap and Shoulder Belt,Driving properly,Normal,,,Going Ahead,,,,,driver,NA,Scarborough-Agincourt (22),42 Division,Steeles,true,false,false,false,false,false,true,false,false,false,"{""coordinates"": [[-79.3364525813534, 43.81684610273987]], ""type"": ""MultiPoint""}"
10545,2014:4001659738,2014-03-07T20:53:00,LOWER JARVIS ST,LAKE SHORE BLVD E,,2,Non-Fatal Injury,At Intersection,Traffic Signal,Pedestrian Collision(internal code),Clear,Dark with Artificial Lighting,Dry,Major Arterial,false,-79.36981585775364,43.645559163299225,1,,North,1,33,Major,No Equipment Available,,,Other,Unknown,,Driver going straight hits pedestrian crossing with right-of-way (at intersection),,,,pedestrian,NA,Spadina-Fort York (10),51 Division,St Lawrence-East Bayfront-The Islands,true,false,false,false,false,false,true,false,false,false,"{""coordinates"": [[-79.36981585775364, 43.645559163299225]], ""type"": ""MultiPoint""}"
10546,2014:4001659738,2014-03-07T20:53:00,LOWER JARVIS ST,LAKE SHORE BLVD E,,2,Non-Fatal Injury,At Intersection,Traffic Signal,Pedestrian Collision(internal code),Clear,Dark with Artificial Lighting,Dry,Major Arterial,false,-79.36981585775364,43.645559163299225,0,,North,2,NA,None,,Failed to yield right-of-way,Unknown,,,Going Ahead,,,,,driver,NA,Spadina-Fort York (10),51 Division,St Lawrence-East Bayfront-The Islands,true,false,false,false,false,false,true,false,false,false,"{""coordinates"": [[-79.36981585775364, 43.645559163299225]], ""type"": ""MultiPoint""}"
10547,2014:4001680945,2014-03-09T00:30:00,QUEEN ST W,SPADINA AVE,,2,Non-Fatal Injury,At Intersection,Traffic Signal,Pedestrian Collision(internal code),Clear,Dark with Artificial Lighting,Dry,Major Arterial,false,-79.39637390503118,43.64875220213798,0,,South,1,NA,None,,Other,Unknown,,,Turning Right,,,,,driver,NA,Spadina-Fort York (10),52 Division,Wellington Place,false,false,false,false,false,false,true,false,false,false,"{""coordinates"": [[-79.39637390503118, 43.64875220213798]], ""type"": ""MultiPoint""}"
10548,2014:4001680945,2014-03-09T00:30:00,QUEEN ST W,SPADINA AVE,,2,Non-Fatal Injury,At Intersection,Traffic Signal,Pedestrian Collision(internal code),Clear,Dark with Artificial Lighting,Dry,Major Arterial,false,-79.39637390503118,43.64875220213798,0,,South,2,29,Major,No Equipment Available,,,Crossing with right-of-way (intersection),Normal,,Driver turns right into pedestrian crossing with right-of-way (at intersection),,,,pedestrian,NA,Spadina-Fort York (10),52 Division,Wellington Place,false,false,false,false,false,false,true,false,false,false,"{""coordinates"": [[-79.39637390503118, 43.64875220213798]], ""type"": ""MultiPoint""}"
10549,2014:4001678969,2014-03-11T03:35:00,7001 STEELES AVE W,,,1,Non-Fatal Injury,Non-Intersection,No Control,SMV Other,Clear,Dark,Dry,Major Arterial,false,-79.6340220878261,43.75121545375588,1,Automobile or Station Wagon,East,1,45,Major,Lap and Shoulder Belt,Exceeding speed limit,Fatigue/Fell Asleep,,,Going Ahead,,,,,driver,NA,Etobicoke North (1),23 Division,West Humber-Clairville,true,false,false,false,false,false,false,false,false,false,"{""coordinates"": [[-79.6340220878261, 43.75121545375588]], ""type"": ""MultiPoint""}"
10550,2014:4001694942,2014-03-13T17:55:00,QUEEN ST E,SHERBOURNE ST,,2,Non-Fatal Injury,Intersection-Related,Traffic Signal,Pedestrian Collision(internal code),Clear,Daylight,Dry,Major Arterial,false,-79.36946484372709,43.65451216107501,0,,North,2,22,Minimal,No Equipment Available,,,Crossing without right-of-way (intersection),Normal,,Driver going straight hits pedestrian crossing without right-of-way (at intersection),,,,pedestrian,NA,Toronto Centre (13),51 Division,Moss Park,false,false,false,false,false,false,true,false,false,false,"{""coordinates"": [[-79.36946484372709, 43.654512161075004]], ""type"": ""MultiPoint""}"
10551,2014:4001694942,2014-03-13T17:55:00,QUEEN ST E,SHERBOURNE ST,,2,Non-Fatal Injury,Intersection-Related,Traffic Signal,Pedestrian Collision(internal code),Clear,Daylight,Dry,Major Arterial,false,-79.36946484372709,43.65451216107501,1,Automobile or Station Wagon,West,1,45,Major,Lap and Shoulder Belt,Driving properly,Normal,,,Going Ahead,,,,,driver,NA,Toronto Centre (13),51 Division,Moss Park,false,false,false,false,false,false,true,false,false,false,"{""coordinates"": [[-79.36946484372709, 43.654512161075004]], ""type"": ""MultiPoint""}"
10552,2014:4001700272,2014-03-14T15:45:00,YORK ST,YORK ST GARDINER W RAMP,,3,Non-Fatal Injury,At Intersection,Traffic Signal,Pedestrian Collision(internal code),Clear,Daylight,Dry,Major Arterial,false,-79.38086288578592,43.6414201806855,1,,,2,22,None,Lap and Shoulder Belt,,,,,,,,,,passenger,NA,Spadina-Fort York (10),52 Division,Harbourfront-CityPlace,true,true,false,false,false,false,true,false,false,false,"{""coordinates"": [[-79.38086288578592, 43.6414201806855]], ""type"": ""MultiPoint""}"
10553,2014:4001700272,2014-03-14T15:45:00,YORK ST,YORK ST GARDINER W RAMP,,3,Non-Fatal Injury,At Intersection,Traffic Signal,Pedestrian Collision(internal code),Clear,Daylight,Dry,Major Arterial,false,-79.38086288578592,43.6414201806855,1,Automobile or Station Wagon,South,1,22,None,Lap and Shoulder Belt,Failed to yield right-of-way,Inattentive,,,Turning Right,,,,,driver,NA,Spadina-Fort York (10),52 Division,Harbourfront-CityPlace,true,true,false,false,false,false,true,false,false,false,"{""coordinates"": [[-79.38086288578592, 43.6414201806855]], ""type"": ""MultiPoint""}"
10554,2014:4001700272,2014-03-14T15:45:00,YORK ST,YORK ST GARDINER W RAMP,,3,Non-Fatal Injury,At Intersection,Traffic Signal,Pedestrian Collision(internal code),Clear,Daylight,Dry,Major Arterial,false,-79.38086288578592,43.6414201806855,0,,North,3,56,Major,No Equipment Available,,,Crossing with right-of-way (intersection),Normal,,Driver turns right into pedestrian crossing with right-of-way (at intersection),,,,pedestrian,NA,Spadina-Fort York (10),52 Division,Harbourfront-CityPlace,true,true,false,false,false,false,true,false,false,false,"{""coordinates"": [[-79.38086288578592, 43.6414201806855]], ""type"": ""MultiPoint""}"
10555,2014:4001701923,2014-03-14T20:41:00,DANFORTH RD,TRUDELLE ST,,6,Non-Fatal Injury,Intersection-Related,Traffic Signal,Pedestrian Collision(internal code),Clear,Dark with Artificial Lighting,Dry,Major Arterial,false,-79.2455325053467,43.73990398803738,1,Automobile or Station Wagon,South,3,17,None,Lap and Shoulder Belt,Failed to yield right-of-way,Unknown,,,Turning Left,,,,,driver,NA,Scarborough Centre (21),43 Division,Eglinton East,true,false,false,false,false,false,true,false,true,false,"{""coordinates"": [[-79.2455325053467, 43.73990398803738]], ""type"": ""MultiPoint""}"
10556,2014:4001701923,2014-03-14T20:41:00,DANFORTH RD,TRUDELLE ST,,6,Non-Fatal Injury,Intersection-Related,Traffic Signal,Pedestrian Collision(internal code),Clear,Dark with Artificial Lighting,Dry,Major Arterial,false,-79.2455325053467,43.73990398803738,3,,,5,3,None,Child Safety Seat Used Incorrectly,,,,,,,,,,passenger,NA,Scarborough Centre (21),43 Division,Eglinton East,true,false,false,false,false,false,true,false,true,false,"{""coordinates"": [[-79.2455325053467, 43.73990398803738]], ""type"": ""MultiPoint""}"
10557,2014:4001701923,2014-03-14T20:41:00,DANFORTH RD,TRUDELLE ST,,6,Non-Fatal Injury,Intersection-Related,Traffic Signal,Pedestrian Collision(internal code),Clear,Dark with Artificial Lighting,Dry,Major Arterial,false,-79.2455325053467,43.73990398803738,3,,,4,28,None,Lap and Shoulder Belt,,,,,,,,,,passenger,NA,Scarborough Centre (21),43 Division,Eglinton East,true,false,false,false,false,false,true,false,true,false,"{""coordinates"": [[-79.2455325053467, 43.73990398803738]], ""type"": ""MultiPoint""}"
10558,2014:4001701923,2014-03-14T20:41:00,DANFORTH RD,TRUDELLE ST,,6,Non-Fatal Injury,Intersection-Related,Traffic Signal,Pedestrian Collision(internal code),Clear,Dark with Artificial Lighting,Dry,Major Arterial,false,-79.2455325053467,43.73990398803738,2,Automobile or Station Wagon,North,1,43,None,Lap and Shoulder Belt,Driving properly,Unknown,,,Going Ahead,,,,,driver,NA,Scarborough Centre (21),43 Division,Eglinton East,true,false,false,false,false,false,true,false,true,false,"{""coordinates"": [[-79.2455325053467, 43.73990398803738]], ""type"": ""MultiPoint""}"
10559,2014:4001701923,2014-03-14T20:41:00,DANFORTH RD,TRUDELLE ST,,6,Non-Fatal Injury,Intersection-Related,Traffic Signal,Pedestrian Collision(internal code),Clear,Dark with Artificial Lighting,Dry,Major Arterial,false,-79.2455325053467,43.73990398803738,0,,Unknown,6,50,Major,,,,Crossing with right-of-way (intersection),Unknown,,Driver going straight hits pedestrian crossing with right-of-way (at intersection),,,,pedestrian,NA,Scarborough Centre (21),43 Division,Eglinton East,true,false,false,false,false,false,true,false,true,false,"{""coordinates"": [[-79.2455325053467, 43.73990398803738]], ""type"": ""MultiPoint""}"
10560,2014:4001701923,2014-03-14T20:41:00,DANFORTH RD,TRUDELLE ST,,6,Non-Fatal Injury,Intersection-Related,Traffic Signal,Pedestrian Collision(internal code),Clear,Dark with Artificial Lighting,Dry,Major Arterial,false,-79.2455325053467,43.73990398803738,3,Automobile or Station Wagon,West,2,32,None,Lap and Shoulder Belt,Driving properly,Unknown,,,Stopped,,,,,driver,NA,Scarborough Centre (21),43 Division,Eglinton East,true,false,false,false,false,false,true,false,true,false,"{""coordinates"": [[-79.2455325053467, 43.73990398803738]], ""type"": ""MultiPoint""}"
10561,2014:4001715026,2014-03-17T07:00:00,711 KENNEDY RD,,,2,Non-Fatal Injury,Non-Intersection,No Control,Pedestrian Collision(internal code),Clear,Dark,Dry,Major Arterial,false,-79.26642255364631,43.72859001307661,1,Automobile or Station Wagon,North,1,19,None,Lap and Shoulder Belt,Driving properly,Normal,,,Going Ahead,,,,,driver,NA,Scarborough Southwest (20),41 Division,Kennedy Park,false,false,false,false,false,true,true,false,true,false,"{""coordinates"": [[-79.26642255364631, 43.72859001307661]], ""type"": ""MultiPoint""}"
10562,2014:4001715026,2014-03-17T07:00:00,711 KENNEDY RD,,,2,Non-Fatal Injury,Non-Intersection,No Control,Pedestrian Collision(internal code),Clear,Dark,Dry,Major Arterial,false,-79.26642255364631,43.72859001307661,0,,East,2,84,Major,,,,Crossing - no traffic control,Unknown,,Driver hits pedestrian at midblock,,,,pedestrian,NA,Scarborough Southwest (20),41 Division,Kennedy Park,false,false,false,false,false,true,true,false,true,false,"{""coordinates"": [[-79.26642255364631, 43.72859001307661]], ""type"": ""MultiPoint""}"
10563,2014:4001727505,2014-03-19T06:15:00,DON VALLEY PARKWAY S,GERRARD ST E,,2,Non-Fatal Injury,Non-Intersection,No Control,Pedestrian Collision(internal code),Clear,Dark,Dry,Minor Arterial,false,-79.355953802819,43.66459013959004,1,Automobile or Station Wagon,South,1,33,None,Lap and Shoulder Belt,Driving properly,Normal,,,Going Ahead,,,,,driver,NA,Toronto-Danforth (14),55 Division,South Riverdale,false,false,false,false,false,false,true,false,false,false,"{""coordinates"": [[-79.355953802819, 43.66459013959004]], ""type"": ""MultiPoint""}"
10564,2014:4001729186,2014-03-19T06:15:00,DON VALLEY PARKWAY S,GERRARD ST E,,2,Non-Fatal Injury,Non-Intersection,No Control,Pedestrian Collision(internal code),Clear,Dark,Dry,Minor Arterial,false,-79.3558698030285,43.66433513950872,1,,Unknown,2,35,Major,Use Unknown,,,Other,Unknown,,Driver hits pedestrian at midblock,,,,pedestrian,NA,Toronto-Danforth (14),55 Division,South Riverdale,false,false,false,false,false,false,true,false,false,false,"{""coordinates"": [[-79.3558698030285, 43.66433513950872]], ""type"": ""MultiPoint""}"
10565,2014:4001727505,2014-03-19T06:15:00,DON VALLEY PARKWAY S,GERRARD ST E,,2,Non-Fatal Injury,Non-Intersection,No Control,Pedestrian Collision(internal code),Clear,Dark,Dry,Minor Arterial,false,-79.355953802819,43.66459013959004,0,,Unknown,2,35,Major,,,,Other,Unknown,,Driver hits pedestrian at midblock,,,,pedestrian,NA,Toronto-Danforth (14),55 Division,South Riverdale,false,false,false,false,false,false,true,false,false,false,"{""coordinates"": [[-79.355953802819, 43.66459013959004]], ""type"": ""MultiPoint""}"
10566,2014:4001729186,2014-03-19T06:15:00,DON VALLEY PARKWAY S,GERRARD ST E,,2,Non-Fatal Injury,Non-Intersection,No Control,Pedestrian Collision(internal code),Clear,Dark,Dry,Minor Arterial,false,-79.3558698030285,43.66433513950872,1,Automobile or Station Wagon,South,1,60,None,Lap and Shoulder Belt,Driving properly,Normal,,,Going Ahead,,,,,driver,NA,Toronto-Danforth (14),55 Division,South Riverdale,false,false,false,false,false,false,true,false,false,false,"{""coordinates"": [[-79.3558698030285, 43.66433513950872]], ""type"": ""MultiPoint""}"
10567,2014:4001738828,2014-03-21T01:26:00,321 SCARBOROUGH GOLF CLUB RD,,,1,Non-Fatal Injury,Non-Intersection,No Control,SMV Other,Clear,Dark with Artificial Lighting,Loose Sand or Gravel,Minor Arterial,false,-79.21204744456816,43.752610955234346,1,Automobile or Station Wagon,North,1,32,Major,Use Unknown,Lost control,Unknown,,,Going Ahead,,,,,driver,NA,Scarborough-Guildwood (24),43 Division,Golfdale-Cedarbrae-Woburn,false,false,false,false,false,false,false,false,false,false,"{""coordinates"": [[-79.21204744456816, 43.752610955234346]], ""type"": ""MultiPoint""}"
10568,2014:4001748870,2014-03-22T17:50:00,PATON RD,LANSDOWNE AVE,,2,Non-Fatal Injury,Intersection-Related,Stop Sign,Pedestrian Collision(internal code),Clear,Daylight,Dry,Minor Arterial,false,-79.44360797751318,43.660631267993494,1,Automobile or Station Wagon,West,1,40,None,Lap and Shoulder Belt,Failed to yield right-of-way,Normal,,,Other,,,,,driver,NA,Davenport (9),11 Division,Junction-Wallace Emerson,true,false,false,false,false,true,true,false,false,false,"{""coordinates"": [[-79.44360797751318, 43.660631267993494]], ""type"": ""MultiPoint""}"
10569,2014:4001748870,2014-03-22T17:50:00,PATON RD,LANSDOWNE AVE,,2,Non-Fatal Injury,Intersection-Related,Stop Sign,Pedestrian Collision(internal code),Clear,Daylight,Dry,Minor Arterial,false,-79.44360797751318,43.660631267993494,0,,South,2,87,Major,No Equipment Available,,,Crossing with right-of-way (intersection),Normal,,Driver reversing hits pedestrian,,,,pedestrian,NA,Davenport (9),11 Division,Junction-Wallace Emerson,true,false,false,false,false,true,true,false,false,false,"{""coordinates"": [[-79.44360797751318, 43.660631267993494]], ""type"": ""MultiPoint""}"
10570,2014:4001752528,2014-03-23T10:59:00,BATHURST ST,HOTSPUR RD,,5,Non-Fatal Injury,At Intersection,No Control,Turning Movement,Clear,Daylight,Dry,Major Arterial,false,-79.43300283660899,43.73317122804475,3,,,4,23,None,Lap and Shoulder Belt,,,,,,,,,,passenger,NA,Eglinton-Lawrence (8),32 Division,Bedford Park-Nortown,true,false,false,false,false,false,false,false,false,false,"{""coordinates"": [[-79.43300283660899, 43.73317122804475]], ""type"": ""MultiPoint""}"
10571,2014:4001752528,2014-03-23T10:59:00,BATHURST ST,HOTSPUR RD,,5,Non-Fatal Injury,At Intersection,No Control,Turning Movement,Clear,Daylight,Dry,Major Arterial,false,-79.43300283660899,43.73317122804475,3,,,5,33,None,Lap and Shoulder Belt,,,,,,,,,,passenger,NA,Eglinton-Lawrence (8),32 Division,Bedford Park-Nortown,true,false,false,false,false,false,false,false,false,false,"{""coordinates"": [[-79.43300283660899, 43.73317122804475]], ""type"": ""MultiPoint""}"
10572,2014:4001752528,2014-03-23T10:59:00,BATHURST ST,HOTSPUR RD,,5,Non-Fatal Injury,At Intersection,No Control,Turning Movement,Clear,Daylight,Dry,Major Arterial,false,-79.43300283660899,43.73317122804475,3,Automobile or Station Wagon,East,3,50,None,Lap and Shoulder Belt,Driving properly,Normal,,,Stopped,,,,,driver,NA,Eglinton-Lawrence (8),32 Division,Bedford Park-Nortown,true,false,false,false,false,false,false,false,false,false,"{""coordinates"": [[-79.43300283660899, 43.73317122804475]], ""type"": ""MultiPoint""}"
10573,2014:4001752528,2014-03-23T10:59:00,BATHURST ST,HOTSPUR RD,,5,Non-Fatal Injury,At Intersection,No Control,Turning Movement,Clear,Daylight,Dry,Major Arterial,false,-79.43300283660899,43.73317122804475,1,Automobile or Station Wagon,North,1,39,Minimal,Lap and Shoulder Belt,Failed to yield right-of-way,Normal,,,Turning Left,,,,,driver,NA,Eglinton-Lawrence (8),32 Division,Bedford Park-Nortown,true,false,false,false,false,false,false,false,false,false,"{""coordinates"": [[-79.43300283660899, 43.73317122804475]], ""type"": ""MultiPoint""}"
10574,2014:4001752528,2014-03-23T10:59:00,BATHURST ST,HOTSPUR RD,,5,Non-Fatal Injury,At Intersection,No Control,Turning Movement,Clear,Daylight,Dry,Major Arterial,false,-79.43300283660899,43.73317122804475,2,Automobile or Station Wagon,South,2,57,Major,Lap and Shoulder Belt,Driving properly,Normal,,,Going Ahead,,,,,driver,NA,Eglinton-Lawrence (8),32 Division,Bedford Park-Nortown,true,false,false,false,false,false,false,false,false,false,"{""coordinates"": [[-79.43300283660899, 43.73317122804475]], ""type"": ""MultiPoint""}"
10575,2014:4001769884,2014-03-26T09:55:00,FRONT ST E,SCOTT ST,,2,Non-Fatal Injury,Intersection-Related,Stop Sign,Pedestrian Collision(internal code),Clear,Daylight,Dry,Minor Arterial,false,-79.37576686662669,43.647443171797285,1,Automobile or Station Wagon,South,1,29,None,Lap and Shoulder Belt,Improper turn,Inattentive,,,Turning Left,,,,,driver,NA,Toronto Centre (13),51 Division,St Lawrence-East Bayfront-The Islands,false,true,false,false,false,false,true,false,false,false,"{""coordinates"": [[-79.37576686662669, 43.647443171797285]], ""type"": ""MultiPoint""}"
10576,2014:4001769884,2014-03-26T09:55:00,FRONT ST E,SCOTT ST,,2,Non-Fatal Injury,Intersection-Related,Stop Sign,Pedestrian Collision(internal code),Clear,Daylight,Dry,Minor Arterial,false,-79.37576686662669,43.647443171797285,0,,North,2,34,Major,No Equipment Available,,,Crossing - no traffic control,Normal,,Driver turns left into pedestrian crossing with right-of-way (at intersection),,,,pedestrian,NA,Toronto Centre (13),51 Division,St Lawrence-East Bayfront-The Islands,false,true,false,false,false,false,true,false,false,false,"{""coordinates"": [[-79.37576686662669, 43.647443171797285]], ""type"": ""MultiPoint""}"
10577,2014:4001774208,2014-03-27T23:03:00,SHEPPARD AVE E,OLD LESLIE ST,,1,Non-Fatal Injury,Non-Intersection,No Control,SMV Other,Clear,Dark with Artificial Lighting,Dry,Major Arterial,false,-79.36747367649596,43.77117313969459,1,Automobile or Station Wagon,West,1,74,Major,Lap and Shoulder Belt,Lost control,Medical or Physical Disability,,,Going Ahead,,,,,driver,NA,Don Valley North (17),33 Division,Bayview Village,false,false,false,false,false,true,false,false,false,false,"{""coordinates"": [[-79.36747367649596, 43.77117313969459]], ""type"": ""MultiPoint""}"
10578,2014:4001784791,2014-03-28T16:44:00,QUEEN ST W,BATHURST ST,,2,Non-Fatal Injury,Non-Intersection,No Control,Pedestrian Collision(internal code),Clear,Daylight,Dry,Major Arterial,false,-79.40282091978426,43.64740921207317,1,Automobile or Station Wagon,East,1,28,None,Lap and Shoulder Belt,Driving properly,Normal,,,Going Ahead,,,,,driver,NA,Spadina-Fort York (10),14 Division,Wellington Place,false,true,false,false,false,false,true,false,false,false,"{""coordinates"": [[-79.40282091978426, 43.647409212073164]], ""type"": ""MultiPoint""}"
10579,2014:4001784791,2014-03-28T16:44:00,QUEEN ST W,BATHURST ST,,2,Non-Fatal Injury,Non-Intersection,No Control,Pedestrian Collision(internal code),Clear,Daylight,Dry,Major Arterial,false,-79.40282091978426,43.64740921207317,0,,South,2,41,Major,No Equipment Available,,,Crossing - no traffic control,Inattentive,,Driver hits pedestrian at midblock,,,,pedestrian,NA,Spadina-Fort York (10),14 Division,Wellington Place,false,true,false,false,false,false,true,false,false,false,"{""coordinates"": [[-79.40282091978426, 43.647409212073164]], ""type"": ""MultiPoint""}"