X_id,collision_id,accdate,stname1,stname2,stname3,per_inv,acclass,accloc,traffictl,impactype,visible,light,rdsfcond,road_class,failtorem,longitude,latitude,veh_no,vehtype,initdir,per_no,invage,injury,safequip,drivact,drivcond,pedact,pedcond,manoeuvre,pedtype,cyclistype,cycact,cyccond,road_user,fatal_no,wardname,division,neighbourhood,aggressive,distracted,cyclist,motorcyclist,other_micromobility,older_adult,pedestrian,red_light,school_child,heavy_truck,geometry
11531,2015:5000693331,2015-04-27T00:00:00,MCCOWAN RD,FINCH AVE E,5 m East of,4,Non-Fatal Injury,At Intersection,Traffic Signal,Turning Movement,Clear,Dark,Dry,Major Arterial,false,-79.26649847943801,43.80801502192094,2,Automobile or Station Wagon,South,2,29,Minimal,Lap and Shoulder Belt,Driving properly,Normal,,,Going Ahead,,,,,driver,NA,Scarborough North (23),42 Division,Agincourt North,false,false,false,false,false,false,false,false,true,false,"{""coordinates"": [[-79.26649847943801, 43.80801502192094]], ""type"": ""MultiPoint""}"
11532,2015:5000693331,2015-04-27T00:00:00,MCCOWAN RD,FINCH AVE E,5 m East of,4,Non-Fatal Injury,At Intersection,Traffic Signal,Turning Movement,Clear,Dark,Dry,Major Arterial,false,-79.26649847943801,43.80801502192094,1,,,4,19,Major,Lap and Shoulder Belt,,,,,,,,,,passenger,NA,Scarborough North (23),42 Division,Agincourt North,false,false,false,false,false,false,false,false,true,false,"{""coordinates"": [[-79.26649847943801, 43.80801502192094]], ""type"": ""MultiPoint""}"
11533,2015:5000693331,2015-04-27T00:00:00,MCCOWAN RD,FINCH AVE E,5 m East of,4,Non-Fatal Injury,At Intersection,Traffic Signal,Turning Movement,Clear,Dark,Dry,Major Arterial,false,-79.26649847943801,43.80801502192094,1,,,3,21,Minimal,Lap and Shoulder Belt,,,,,,,,,,passenger,NA,Scarborough North (23),42 Division,Agincourt North,false,false,false,false,false,false,false,false,true,false,"{""coordinates"": [[-79.26649847943801, 43.80801502192094]], ""type"": ""MultiPoint""}"
11534,2015:5000706229,2015-04-29T00:40:00,MARTIN GROVE RD,DIXON RD,,2,Non-Fatal Injury,At Intersection,Traffic Signal,Pedestrian Collision(internal code),Clear,Dark with Artificial Lighting,Dry,Major Arterial,false,-79.57082011994653,43.69157941809873,1,Passenger Van,South,1,57,None,Lap and Shoulder Belt,Failed to yield right-of-way,Inattentive,,,Turning Left,,,,,driver,NA,Etobicoke Centre (2),23 Division,West Humber-Clairville,true,true,false,false,false,false,true,false,false,false,"{""coordinates"": [[-79.57082011994653, 43.69157941809873]], ""type"": ""MultiPoint""}"
11535,2015:5000706229,2015-04-29T00:40:00,MARTIN GROVE RD,DIXON RD,,2,Non-Fatal Injury,At Intersection,Traffic Signal,Pedestrian Collision(internal code),Clear,Dark with Artificial Lighting,Dry,Major Arterial,false,-79.57082011994653,43.69157941809873,1,,North,2,26,Major,No Equipment Available,,,Crossing with right-of-way (intersection),Normal,,Driver turns left into pedestrian crossing with right-of-way (at intersection),,,,pedestrian,NA,Etobicoke Centre (2),23 Division,West Humber-Clairville,true,true,false,false,false,false,true,false,false,false,"{""coordinates"": [[-79.57082011994653, 43.69157941809873]], ""type"": ""MultiPoint""}"
11536,2015:5000716436,2015-04-30T16:37:00,2628 MCCOWAN RD,,,3,Non-Fatal Injury,Non-Intersection,No Control,Approaching Head On,Clear,Daylight,Dry,Major Arterial,false,-79.266132479591107,43.80713802138209,1,Automobile or Station Wagon,North,1,42,Minimal,Lap and Shoulder Belt,Lost control,Inattentive,,,Going Ahead,,,,,driver,NA,Scarborough North (23),42 Division,Agincourt North,false,true,false,false,false,false,false,false,false,false,"{""coordinates"": [[-79.2661324795911, 43.80713802138209]], ""type"": ""MultiPoint""}"
11537,2019:9000846736,2019-05-10T01:24:00,BRIMLEY RD,MCNICOLL AVE,,3,Fatal Injury,Non-Intersection,No Control,SMV Other,Rain,Dark with Artificial Lighting,Wet,Major Arterial,false,-79.28220779435821,43.81644647623501,1,,,3,16,Minor,,,,,,,,,,,passenger,NA,Scarborough North (23),42 Division,Milliken,false,false,false,false,false,false,false,false,true,false,"{""coordinates"": [[-79.28220779435821, 43.81644647623501]], ""type"": ""MultiPoint""}"
11538,2015:5000716436,2015-04-30T16:37:00,2628 MCCOWAN RD,,,3,Non-Fatal Injury,Non-Intersection,No Control,Approaching Head On,Clear,Daylight,Dry,Major Arterial,false,-79.266132479591107,43.80713802138209,2,,,3,57,Major,Lap and Shoulder Belt,,,,,,,,,,passenger,NA,Scarborough North (23),42 Division,Agincourt North,false,true,false,false,false,false,false,false,false,false,"{""coordinates"": [[-79.2661324795911, 43.80713802138209]], ""type"": ""MultiPoint""}"
11539,2015:5000716436,2015-04-30T16:37:00,2628 MCCOWAN RD,,,3,Non-Fatal Injury,Non-Intersection,No Control,Approaching Head On,Clear,Daylight,Dry,Major Arterial,false,-79.266132479591107,43.80713802138209,2,Automobile or Station Wagon,South,2,59,Minor,Lap and Shoulder Belt,Driving properly,Normal,,,Going Ahead,,,,,driver,NA,Scarborough North (23),42 Division,Agincourt North,false,true,false,false,false,false,false,false,false,false,"{""coordinates"": [[-79.2661324795911, 43.80713802138209]], ""type"": ""MultiPoint""}"
11540,2015:5000746528,2015-05-05T13:41:00,3833 MCNICOLL AVE,,,4,Non-Fatal Injury,Non-Intersection,No Control,Turning Movement,Clear,Daylight,Dry,Minor Arterial,false,-79.23826942357071,43.826581994995536,1,Automobile or Station Wagon,North,1,42,None,Lap and Shoulder Belt,Failed to yield right-of-way,Inattentive,,,Turning Left,,,,,driver,NA,Scarborough North (23),42 Division,Morningside Heights,true,true,false,false,false,true,false,false,true,false,"{""coordinates"": [[-79.23826942357071, 43.826581994995536]], ""type"": ""MultiPoint""}"
11541,2015:5000746528,2015-05-05T13:41:00,3833 MCNICOLL AVE,,,4,Non-Fatal Injury,Non-Intersection,No Control,Turning Movement,Clear,Daylight,Dry,Minor Arterial,false,-79.23826942357071,43.826581994995536,2,Automobile or Station Wagon,West,2,73,Minimal,Lap and Shoulder Belt,Driving properly,Normal,,,Going Ahead,,,,,driver,NA,Scarborough North (23),42 Division,Morningside Heights,true,true,false,false,false,true,false,false,true,false,"{""coordinates"": [[-79.23826942357071, 43.826581994995536]], ""type"": ""MultiPoint""}"
11542,2015:5000746528,2015-05-05T13:41:00,3833 MCNICOLL AVE,,,4,Non-Fatal Injury,Non-Intersection,No Control,Turning Movement,Clear,Daylight,Dry,Minor Arterial,false,-79.23826942357071,43.826581994995536,2,,,4,66,Major,Lap and Shoulder Belt,,,,,,,,,,passenger,NA,Scarborough North (23),42 Division,Morningside Heights,true,true,false,false,false,true,false,false,true,false,"{""coordinates"": [[-79.23826942357071, 43.826581994995536]], ""type"": ""MultiPoint""}"
11543,2015:5000746528,2015-05-05T13:41:00,3833 MCNICOLL AVE,,,4,Non-Fatal Injury,Non-Intersection,No Control,Turning Movement,Clear,Daylight,Dry,Minor Arterial,false,-79.23826942357071,43.826581994995536,1,,,3,15,None,Lap and Shoulder Belt,,,,,,,,,,passenger,NA,Scarborough North (23),42 Division,Morningside Heights,true,true,false,false,false,true,false,false,true,false,"{""coordinates"": [[-79.23826942357071, 43.826581994995536]], ""type"": ""MultiPoint""}"
11544,2015:5000754325,2015-05-06T16:49:00,LAWRENCE AVE W,BRUCEWOOD CRES,1 m North of,2,Non-Fatal Injury,At Intersection,Traffic Signal,Turning Movement,Clear,Daylight,Dry,Major Arterial,false,-79.43293386098318,43.71842023293337,2,Automobile or Station Wagon,West,2,22,Minor,Lap and Shoulder Belt,Disobeyed traffic control,Normal,,,Going Ahead,,,,,driver,NA,Eglinton-Lawrence (8),13 Division,Englemount-Lawrence,true,false,false,true,false,false,false,true,false,false,"{""coordinates"": [[-79.43293386098318, 43.71842023293337]], ""type"": ""MultiPoint""}"
11545,2015:5000754325,2015-05-06T16:49:00,LAWRENCE AVE W,BRUCEWOOD CRES,1 m North of,2,Non-Fatal Injury,At Intersection,Traffic Signal,Turning Movement,Clear,Daylight,Dry,Major Arterial,false,-79.43293386098318,43.71842023293337,2,Motorcycle,East,1,49,Major,Helmet,Improper turn,Normal,,,Turning Left,,,,,motorcyclist,NA,Eglinton-Lawrence (8),13 Division,Englemount-Lawrence,true,false,false,true,false,false,false,true,false,false,"{""coordinates"": [[-79.43293386098318, 43.71842023293337]], ""type"": ""MultiPoint""}"
11546,2015:5000756531,2015-05-07T01:00:00,ROSEDALE VALLEY RD,BAYVIEW AVE,,2,Fatal Injury,Non-Intersection,No Control,SMV Other,Clear,Dark with Artificial Lighting,Dry,Minor Arterial,false,-79.36584081135923,43.67162515263488,1,,,1,20,Major,,,,,,,,,,,motorcyclist,NA,Toronto Centre (13),51 Division,Cabbagetown-South St.James Town,false,false,false,true,false,false,false,false,false,false,"{""coordinates"": [[-79.36584081135923, 43.67162515263488]], ""type"": ""MultiPoint""}"
11547,2015:5000756531,2015-05-07T01:00:00,ROSEDALE VALLEY RD,BAYVIEW AVE,,2,Fatal Injury,Non-Intersection,No Control,SMV Other,Clear,Dark with Artificial Lighting,Dry,Minor Arterial,false,-79.36584081135923,43.67162515263488,1,Motorcycle,West,2,28,Fatal,,Lost control,Unknown,,,Going Ahead,,,,,motorcyclist,20,Toronto Centre (13),51 Division,Cabbagetown-South St.James Town,false,false,false,true,false,false,false,false,false,false,"{""coordinates"": [[-79.36584081135923, 43.67162515263488]], ""type"": ""MultiPoint""}"
11548,2015:5000756568,2015-05-07T01:15:00,ROSEDALE VALLEY RD,BAYVIEW AVE,,2,Non-Fatal Injury,Non-Intersection,No Control,SMV Other,Clear,Dark with Artificial Lighting,Dry,Minor Arterial,false,-79.36440680934776,43.671144150666834,1,,,1,20,Major,Helmet,,,,,,,,,,motorcyclist,NA,Toronto Centre (13),51 Division,Cabbagetown-South St.James Town,true,false,false,true,false,false,false,false,false,false,"{""coordinates"": [[-79.36440680934776, 43.671144150666834]], ""type"": ""MultiPoint""}"
11549,2015:5000756568,2015-05-07T01:15:00,ROSEDALE VALLEY RD,BAYVIEW AVE,,2,Non-Fatal Injury,Non-Intersection,No Control,SMV Other,Clear,Dark with Artificial Lighting,Dry,Minor Arterial,false,-79.36440680934776,43.671144150666834,1,Motorcycle,West,2,28,Major,Helmet,Exceeding speed limit,Normal,,,Going Ahead,,,,,motorcyclist,NA,Toronto Centre (13),51 Division,Cabbagetown-South St.James Town,true,false,false,true,false,false,false,false,false,false,"{""coordinates"": [[-79.36440680934776, 43.671144150666834]], ""type"": ""MultiPoint""}"
11550,2015:5000760761,2015-05-07T16:31:00,MARKHAM RD,GREENCREST CRCT,2 m North of,3,Non-Fatal Injury,At Intersection,Traffic Signal,Pedestrian Collision(internal code),Clear,Daylight,Dry,Major Arterial,false,-79.22467449160636,43.7577687311356,1,,East,3,16,Major,Use Unknown,,,Crossing without right-of-way (intersection),Inattentive,,Driver going straight hits pedestrian crossing without right-of-way (at intersection),,,,pedestrian,NA,Scarborough-Guildwood (24),43 Division,Golfdale-Cedarbrae-Woburn,false,true,false,false,false,false,true,false,true,false,"{""coordinates"": [[-79.22467449160636, 43.7577687311356]], ""type"": ""MultiPoint""}"
11551,2015:5000760761,2015-05-07T16:31:00,MARKHAM RD,GREENCREST CRCT,2 m North of,3,Non-Fatal Injury,At Intersection,Traffic Signal,Pedestrian Collision(internal code),Clear,Daylight,Dry,Major Arterial,false,-79.22467449160636,43.7577687311356,1,,East,2,17,Major,Use Unknown,,,Crossing without right-of-way (intersection),Inattentive,,Driver going straight hits pedestrian crossing without right-of-way (at intersection),,,,pedestrian,NA,Scarborough-Guildwood (24),43 Division,Golfdale-Cedarbrae-Woburn,false,true,false,false,false,false,true,false,true,false,"{""coordinates"": [[-79.22467449160636, 43.7577687311356]], ""type"": ""MultiPoint""}"
11552,2015:5000760761,2015-05-07T16:31:00,MARKHAM RD,GREENCREST CRCT,2 m North of,3,Non-Fatal Injury,At Intersection,Traffic Signal,Pedestrian Collision(internal code),Clear,Daylight,Dry,Major Arterial,false,-79.22467449160636,43.7577687311356,1,Automobile or Station Wagon,North,1,29,None,Lap and Shoulder Belt,Driving properly,Normal,,,Going Ahead,,,,,driver,NA,Scarborough-Guildwood (24),43 Division,Golfdale-Cedarbrae-Woburn,false,true,false,false,false,false,true,false,true,false,"{""coordinates"": [[-79.22467449160636, 43.7577687311356]], ""type"": ""MultiPoint""}"
11553,2015:5000778695,2015-05-10T10:58:00,DON VALLEY PARKWAY S,LEASIDE BDGE,,2,Non-Fatal Injury,Non-Intersection,No Control,Pedestrian Collision(internal code),Clear,Daylight,Dry,,false,-79.34843874060759,43.69795412399883,1,,Unknown,2,33,Major,Use Unknown,,,Other,Unknown,,Driver hits pedestrian at midblock,,,,pedestrian,NA,Toronto-Danforth (14),55 Division,Old East York,false,false,false,false,false,false,true,false,false,false,"{""coordinates"": [[-79.34843874060759, 43.69795412399883]], ""type"": ""MultiPoint""}"
11554,2015:5000778695,2015-05-10T10:58:00,DON VALLEY PARKWAY S,LEASIDE BDGE,,2,Non-Fatal Injury,Non-Intersection,No Control,Pedestrian Collision(internal code),Clear,Daylight,Dry,,false,-79.34843874060759,43.69795412399883,1,Automobile or Station Wagon,South,1,50,None,Lap and Shoulder Belt,Driving properly,Normal,,,Going Ahead,,,,,driver,NA,Toronto-Danforth (14),55 Division,Old East York,false,false,false,false,false,false,true,false,false,false,"{""coordinates"": [[-79.34843874060759, 43.69795412399883]], ""type"": ""MultiPoint""}"
11555,2015:5000780857,2015-05-10T18:30:00,50 CARLTON ST,,4 m South of,2,Non-Fatal Injury,Non-Intersection,No Control,Cyclist Collision,Clear,Daylight,Dry,Major Arterial,false,-79.38018483566168,43.66162712212585,1,Bicycle,East,1,60,Major,Use Unknown,,,,,Changing Lanes,,Sideswipe with cyclist and driver travelling in same direction,Improper Lane Change,Had Been Drinking,cyclist,NA,Toronto Centre (13),51 Division,Downtown Yonge East,false,false,true,false,false,false,false,false,false,true,"{""coordinates"": [[-79.38018483566168, 43.66162712212585]], ""type"": ""MultiPoint""}"
11556,2015:5000780857,2015-05-10T18:30:00,50 CARLTON ST,,4 m South of,2,Non-Fatal Injury,Non-Intersection,No Control,Cyclist Collision,Clear,Daylight,Dry,Major Arterial,false,-79.38018483566168,43.66162712212585,2,Truck - Closed,West,2,45,None,Lap and Shoulder Belt,Driving properly,Normal,,,Going Ahead,,,,,driver,NA,Toronto Centre (13),51 Division,Downtown Yonge East,false,false,true,false,false,false,false,false,false,true,"{""coordinates"": [[-79.38018483566168, 43.66162712212585]], ""type"": ""MultiPoint""}"
11557,2015:5000789698,2015-05-12T07:35:00,25 RACINE RD,,5 m North of,2,Non-Fatal Injury,At/Near Private Drive,No Control,Turning Movement,Clear,Daylight,Dry,Collector,false,-79.57508507994949,43.715784409025744,2,Automobile or Station Wagon,East,2,20,Minimal,Lap and Shoulder Belt,Exceeding speed limit,Normal,,,Going Ahead,,,,,driver,NA,Etobicoke North (1),23 Division,West Humber-Clairville,true,false,false,false,false,false,false,false,false,false,"{""coordinates"": [[-79.57508507994949, 43.715784409025744]], ""type"": ""MultiPoint""}"
11558,2015:5000789698,2015-05-12T07:35:00,25 RACINE RD,,5 m North of,2,Non-Fatal Injury,At/Near Private Drive,No Control,Turning Movement,Clear,Daylight,Dry,Collector,false,-79.57508507994949,43.715784409025744,2,Automobile or Station Wagon,West,1,59,Major,Lap and Shoulder Belt,Improper turn,Unknown,,,Turning Left,,,,,driver,NA,Etobicoke North (1),23 Division,West Humber-Clairville,true,false,false,false,false,false,false,false,false,false,"{""coordinates"": [[-79.57508507994949, 43.715784409025744]], ""type"": ""MultiPoint""}"
11559,2015:5000800766,2015-05-13T22:08:00,DANFORTH RD,BRIMLEY RD,,2,Fatal Injury,At Intersection,Traffic Signal,Pedestrian Collision(internal code),Clear,Dark,Dry,Major Arterial,false,-79.24737951350818,43.73516198952987,0,,North,2,31,Fatal,,,,Crossing without right-of-way (intersection),Unknown,,Driver going straight hits pedestrian crossing without right-of-way (at intersection),,,,pedestrian,21,Scarborough Southwest (20),43 Division,Eglinton East,false,false,false,false,false,true,true,false,false,false,"{""coordinates"": [[-79.24737951350818, 43.73516198952987]], ""type"": ""MultiPoint""}"
11560,2015:5000800766,2015-05-13T22:08:00,DANFORTH RD,BRIMLEY RD,,2,Fatal Injury,At Intersection,Traffic Signal,Pedestrian Collision(internal code),Clear,Dark,Dry,Major Arterial,false,-79.24737951350818,43.73516198952987,0,Automobile or Station Wagon,East,1,84,None,,Driving properly,Unknown,,,Going Ahead,,,,,driver,NA,Scarborough Southwest (20),43 Division,Eglinton East,false,false,false,false,false,true,true,false,false,false,"{""coordinates"": [[-79.24737951350818, 43.73516198952987]], ""type"": ""MultiPoint""}"
11561,2015:5000804946,2015-05-14T15:38:00,DUNVEGAN RD,ST CLAIR AVE W,,3,Non-Fatal Injury,Non-Intersection,No Control,Cyclist Collision,Clear,Daylight,Dry,Local,false,-79.405063861875675,43.68671220469553,2,Bicycle,North,2,22,Major,Helmet,,,,,Going Ahead,,Driver turns left into path of cyclist,Driving Properly,Normal,cyclist,NA,Toronto-St. Paul's (12),53 Division,Casa Loma,false,false,true,false,false,false,false,false,true,false,"{""coordinates"": [[-79.40506386187568, 43.68671220469553]], ""type"": ""MultiPoint""}"
11562,2015:5000804946,2015-05-14T15:38:00,DUNVEGAN RD,ST CLAIR AVE W,,3,Non-Fatal Injury,Non-Intersection,No Control,Cyclist Collision,Clear,Daylight,Dry,Local,false,-79.405063861875675,43.68671220469553,1,,,3,4,None,Lap and Shoulder Belt,,,,,,,,,,passenger,NA,Toronto-St. Paul's (12),53 Division,Casa Loma,false,false,true,false,false,false,false,false,true,false,"{""coordinates"": [[-79.40506386187568, 43.68671220469553]], ""type"": ""MultiPoint""}"
11563,2015:5000804946,2015-05-14T15:38:00,DUNVEGAN RD,ST CLAIR AVE W,,3,Non-Fatal Injury,Non-Intersection,No Control,Cyclist Collision,Clear,Daylight,Dry,Local,false,-79.405063861875675,43.68671220469553,1,Automobile or Station Wagon,South,1,47,None,Lap and Shoulder Belt,Improper turn,Normal,,,Turning Left,,,,,driver,NA,Toronto-St. Paul's (12),53 Division,Casa Loma,false,false,true,false,false,false,false,false,true,false,"{""coordinates"": [[-79.40506386187568, 43.68671220469553]], ""type"": ""MultiPoint""}"
11564,2015:5000805635,2015-05-14T17:30:00,GERRARD ST E,GREENWOOD AVE,4 m East of,2,Non-Fatal Injury,Non-Intersection,Traffic Signal,Turning Movement,Clear,Daylight,Dry,Minor Arterial,false,-79.32801474055861,43.670911098528194,1,Automobile or Station Wagon,North,1,48,None,Use Unknown,Improper turn,Normal,,,Turning Right,,,,,driver,NA,Toronto-Danforth (14),55 Division,Greenwood-Coxwell,false,false,false,true,false,false,false,false,false,false,"{""coordinates"": [[-79.32801474055861, 43.670911098528194]], ""type"": ""MultiPoint""}"
11565,2015:5000805635,2015-05-14T17:30:00,GERRARD ST E,GREENWOOD AVE,4 m East of,2,Non-Fatal Injury,Non-Intersection,Traffic Signal,Turning Movement,Clear,Daylight,Dry,Minor Arterial,false,-79.32801474055861,43.670911098528194,2,Motorcycle,East,2,32,Major,Helmet,Driving properly,Normal,,,Going Ahead,,,,,motorcyclist,NA,Toronto-Danforth (14),55 Division,Greenwood-Coxwell,false,false,false,true,false,false,false,false,false,false,"{""coordinates"": [[-79.32801474055861, 43.670911098528194]], ""type"": ""MultiPoint""}"
11566,2015:5000811243,2015-05-15T15:35:00,MORTIMER AVE,GLEBEMOUNT AVE,,2,Non-Fatal Injury,At Intersection,Stop Sign,Angle,Clear,Daylight,Wet,Minor Arterial,false,-79.32065169869972,43.69143408640195,1,Automobile or Station Wagon,North,1,19,None,Lap and Shoulder Belt,Failed to yield right-of-way,Inattentive,,,Going Ahead,,,,,driver,NA,Beaches-East York (19),55 Division,Danforth East York,true,true,false,true,false,false,false,false,true,false,"{""coordinates"": [[-79.32065169869972, 43.69143408640195]], ""type"": ""MultiPoint""}"
11567,2015:5000811243,2015-05-15T15:35:00,MORTIMER AVE,GLEBEMOUNT AVE,,2,Non-Fatal Injury,At Intersection,Stop Sign,Angle,Clear,Daylight,Wet,Minor Arterial,false,-79.32065169869972,43.69143408640195,2,Motorcycle,East,2,59,Major,Helmet,Driving properly,Normal,,,Overtaking,,,,,motorcyclist,NA,Beaches-East York (19),55 Division,Danforth East York,true,true,false,true,false,false,false,false,true,false,"{""coordinates"": [[-79.32065169869972, 43.69143408640195]], ""type"": ""MultiPoint""}"
11568,2015:5000814166,2015-05-16T02:11:00,755 QUEEN ST E,,10 m North of,5,Non-Fatal Injury,Non-Intersection,No Control,Pedestrian Collision(internal code),Clear,Dark with Artificial Lighting,Dry,Minor Arterial,true,-79.34792679501787,43.65929212870359,1,,,5,22,None,Use Unknown,,,,,,,,,,passenger,NA,Toronto-Danforth (14),55 Division,South Riverdale,false,false,false,false,false,false,true,false,false,false,"{""coordinates"": [[-79.34792679501787, 43.65929212870359]], ""type"": ""MultiPoint""}"
11569,2015:5000814166,2015-05-16T02:11:00,755 QUEEN ST E,,10 m North of,5,Non-Fatal Injury,Non-Intersection,No Control,Pedestrian Collision(internal code),Clear,Dark with Artificial Lighting,Dry,Minor Arterial,true,-79.34792679501787,43.65929212870359,1,Automobile or Station Wagon,East,1,23,None,Use Unknown,Other,Had Been Drinking,,,Going Ahead,,,,,driver,NA,Toronto-Danforth (14),55 Division,South Riverdale,false,false,false,false,false,false,true,false,false,false,"{""coordinates"": [[-79.34792679501787, 43.65929212870359]], ""type"": ""MultiPoint""}"
11570,2015:5000814166,2015-05-16T02:11:00,755 QUEEN ST E,,10 m North of,5,Non-Fatal Injury,Non-Intersection,No Control,Pedestrian Collision(internal code),Clear,Dark with Artificial Lighting,Dry,Minor Arterial,true,-79.34792679501787,43.65929212870359,1,,,3,22,None,Use Unknown,,,,,,,,,,passenger,NA,Toronto-Danforth (14),55 Division,South Riverdale,false,false,false,false,false,false,true,false,false,false,"{""coordinates"": [[-79.34792679501787, 43.65929212870359]], ""type"": ""MultiPoint""}"
11571,2015:5000814166,2015-05-16T02:11:00,755 QUEEN ST E,,10 m North of,5,Non-Fatal Injury,Non-Intersection,No Control,Pedestrian Collision(internal code),Clear,Dark with Artificial Lighting,Dry,Minor Arterial,true,-79.34792679501787,43.65929212870359,1,,South,2,36,Major,No Equipment Available,,,Crossing - no traffic control,Normal,,Driver hits pedestrian at midblock,,,,pedestrian,NA,Toronto-Danforth (14),55 Division,South Riverdale,false,false,false,false,false,false,true,false,false,false,"{""coordinates"": [[-79.34792679501787, 43.65929212870359]], ""type"": ""MultiPoint""}"
11572,2015:5000814166,2015-05-16T02:11:00,755 QUEEN ST E,,10 m North of,5,Non-Fatal Injury,Non-Intersection,No Control,Pedestrian Collision(internal code),Clear,Dark with Artificial Lighting,Dry,Minor Arterial,true,-79.34792679501787,43.65929212870359,1,,,4,23,None,Use Unknown,,,,,,,,,,passenger,NA,Toronto-Danforth (14),55 Division,South Riverdale,false,false,false,false,false,false,true,false,false,false,"{""coordinates"": [[-79.34792679501787, 43.65929212870359]], ""type"": ""MultiPoint""}"
11573,2015:5000814405,2015-05-16T03:25:00,BLOOR ST W,INDIAN GRV,50 m West of,3,Fatal Injury,Non-Intersection,No Control,Pedestrian Collision(internal code),Clear,Dark with Artificial Lighting,Dry,Major Arterial,false,-79.45782901435973,43.655168290883445,1,,,3,30,None,Lap and Shoulder Belt,,,,,,,,,,passenger,NA,Parkdale-High Park (4),11 Division,High Park-Swansea,false,false,false,false,false,true,true,false,false,false,"{""coordinates"": [[-79.45782901435973, 43.655168290883445]], ""type"": ""MultiPoint""}"
11574,2015:5001220959,2015-07-18T12:11:00,STEELES AVE E,MAXOME AVE,,4,Non-Fatal Injury,At Intersection,Traffic Signal,Turning Movement,Clear,Daylight,Dry,Major Arterial,false,-79.40623870766154,43.801046183783654,3,,,4,10,None,Lap and Shoulder Belt,,,,,,,,,,passenger,NA,Willowdale (18),32 Division,Newtonbrook East,true,true,false,false,false,true,false,false,true,false,"{""coordinates"": [[-79.40623870766154, 43.801046183783654]], ""type"": ""MultiPoint""}"
11575,2015:5000814405,2015-05-16T03:25:00,BLOOR ST W,INDIAN GRV,50 m West of,3,Fatal Injury,Non-Intersection,No Control,Pedestrian Collision(internal code),Clear,Dark with Artificial Lighting,Dry,Major Arterial,false,-79.45782901435973,43.655168290883445,1,,North,2,43,Fatal,Use Unknown,,,Crossing - no traffic control,Had Been Drinking,,Driver hits pedestrian at midblock,,,,pedestrian,23,Parkdale-High Park (4),11 Division,High Park-Swansea,false,false,false,false,false,true,true,false,false,false,"{""coordinates"": [[-79.45782901435973, 43.655168290883445]], ""type"": ""MultiPoint""}"
11576,2015:5000814405,2015-05-16T03:25:00,BLOOR ST W,INDIAN GRV,50 m West of,3,Fatal Injury,Non-Intersection,No Control,Pedestrian Collision(internal code),Clear,Dark with Artificial Lighting,Dry,Major Arterial,false,-79.45782901435973,43.655168290883445,1,Automobile or Station Wagon,East,1,65,None,Lap and Shoulder Belt,Driving properly,Normal,,,Going Ahead,,,,,driver,NA,Parkdale-High Park (4),11 Division,High Park-Swansea,false,false,false,false,false,true,true,false,false,false,"{""coordinates"": [[-79.45782901435973, 43.655168290883445]], ""type"": ""MultiPoint""}"
11577,2015:5000832268,2015-05-19T08:23:00,ROXBOROUGH ST E,WRENTHAM PL,,2,Fatal Injury,,Stop Sign,Cyclist Collision,Clear,Daylight with Artificial Lighting,Dry,Collector,false,-79.38231283073532,43.679422174512105,0,Bicycle,North,1,75,Fatal,Helmet,,,,,Turning Left,,Cyclist turns left into path of driver,Improper Turn,Unknown,cyclist,26,University-Rosedale (11),53 Division,Rosedale-Moore Park,false,false,true,false,false,true,false,false,false,false,"{""coordinates"": [[-79.38231283073532, 43.679422174512105]], ""type"": ""MultiPoint""}"
11578,2015:5000832268,2015-05-19T08:23:00,ROXBOROUGH ST E,WRENTHAM PL,,2,Fatal Injury,,Stop Sign,Cyclist Collision,Clear,Daylight with Artificial Lighting,Dry,Collector,false,-79.38231283073532,43.679422174512105,0,Automobile or Station Wagon,East,2,43,Minimal,,Driving properly,Normal,,,Going Ahead,,,,,driver,NA,University-Rosedale (11),53 Division,Rosedale-Moore Park,false,false,true,false,false,true,false,false,false,false,"{""coordinates"": [[-79.38231283073532, 43.679422174512105]], ""type"": ""MultiPoint""}"
11579,2015:5000838309,2015-05-20T06:00:00,JANE ST,STEELES AVE W,,2,Non-Fatal Injury,At Intersection,Traffic Signal,SMV Other,Clear,Daylight,Dry,Major Arterial,false,-79.52169391618862,43.77540032286167,1,,,2,36,Major,Lap and Shoulder Belt,,,,,,,,,,passenger,NA,Humber River-Black Creek (7),31 Division,Black Creek,false,true,false,false,false,false,false,false,false,false,"{""coordinates"": [[-79.52169391618862, 43.77540032286167]], ""type"": ""MultiPoint""}"
11580,2015:5000838309,2015-05-20T06:00:00,JANE ST,STEELES AVE W,,2,Non-Fatal Injury,At Intersection,Traffic Signal,SMV Other,Clear,Daylight,Dry,Major Arterial,false,-79.52169391618862,43.77540032286167,1,Automobile or Station Wagon,North,1,40,Minor,Lap and Shoulder Belt,Lost control,Inattentive,,,Going Ahead,,,,,driver,NA,Humber River-Black Creek (7),31 Division,Black Creek,false,true,false,false,false,false,false,false,false,false,"{""coordinates"": [[-79.52169391618862, 43.77540032286167]], ""type"": ""MultiPoint""}"