X_id,collision_id,accdate,stname1,stname2,stname3,per_inv,acclass,accloc,traffictl,impactype,visible,light,rdsfcond,road_class,failtorem,longitude,latitude,veh_no,vehtype,initdir,per_no,invage,injury,safequip,drivact,drivcond,pedact,pedcond,manoeuvre,pedtype,cyclistype,cycact,cyccond,road_user,fatal_no,wardname,division,neighbourhood,aggressive,distracted,cyclist,motorcyclist,other_micromobility,older_adult,pedestrian,red_light,school_child,heavy_truck,geometry
11581,2015:5000841080,2015-05-20T14:53:00,HIGH PARK AVE,ANNETTE ST,,3,Non-Fatal Injury,Intersection-Related,Traffic Signal,Pedestrian Collision(internal code),Clear,Daylight,Dry,Minor Arterial,false,-79.46925002300489,43.662866304429784,1,,South,3,30,Major,No Equipment Available,,,Crossing with right-of-way (intersection),Normal,,Driver turns left into pedestrian crossing with right-of-way (at intersection),,,,pedestrian,NA,Parkdale-High Park (4),11 Division,Junction Area,true,false,false,false,false,false,true,false,false,false,"{""coordinates"": [[-79.46925002300489, 43.662866304429784]], ""type"": ""MultiPoint""}"
11582,2015:5000841080,2015-05-20T14:53:00,HIGH PARK AVE,ANNETTE ST,,3,Non-Fatal Injury,Intersection-Related,Traffic Signal,Pedestrian Collision(internal code),Clear,Daylight,Dry,Minor Arterial,false,-79.46925002300489,43.662866304429784,1,,,2,54,None,Lap and Shoulder Belt,,,,,,,,,,passenger,NA,Parkdale-High Park (4),11 Division,Junction Area,true,false,false,false,false,false,true,false,false,false,"{""coordinates"": [[-79.46925002300489, 43.662866304429784]], ""type"": ""MultiPoint""}"
11583,2015:5000841080,2015-05-20T14:53:00,HIGH PARK AVE,ANNETTE ST,,3,Non-Fatal Injury,Intersection-Related,Traffic Signal,Pedestrian Collision(internal code),Clear,Daylight,Dry,Minor Arterial,false,-79.46925002300489,43.662866304429784,1,Automobile or Station Wagon,North,1,36,None,Lap and Shoulder Belt,Failed to yield right-of-way,Normal,,,Turning Left,,,,,driver,NA,Parkdale-High Park (4),11 Division,Junction Area,true,false,false,false,false,false,true,false,false,false,"{""coordinates"": [[-79.46925002300489, 43.662866304429784]], ""type"": ""MultiPoint""}"
11584,2015:5000847589,2015-05-21T15:14:00,GLEN WATFORD DR,RURAL AVE,,2,Non-Fatal Injury,At Intersection,Stop Sign,Pedestrian Collision(internal code),Clear,Daylight,Dry,Collector,false,-79.27634051222117,43.78778203092273,1,Automobile or Station Wagon,North,1,46,None,Lap and Shoulder Belt,Failed to yield right-of-way,Inattentive,,,Turning Left,,,,,driver,NA,Scarborough North (23),42 Division,Agincourt South-Malvern West,true,true,false,false,false,false,true,false,true,false,"{""coordinates"": [[-79.27634051222117, 43.78778203092273]], ""type"": ""MultiPoint""}"
11585,2015:5000847589,2015-05-21T15:14:00,GLEN WATFORD DR,RURAL AVE,,2,Non-Fatal Injury,At Intersection,Stop Sign,Pedestrian Collision(internal code),Clear,Daylight,Dry,Collector,false,-79.27634051222117,43.78778203092273,1,,South,2,15,Major,No Equipment Available,,,Crossing with right-of-way (intersection),Normal,,Driver turns left into pedestrian crossing with right-of-way (at intersection),,,,pedestrian,NA,Scarborough North (23),42 Division,Agincourt South-Malvern West,true,true,false,false,false,false,true,false,true,false,"{""coordinates"": [[-79.27634051222117, 43.78778203092273]], ""type"": ""MultiPoint""}"
11586,2015:5000859369,2015-05-21T22:55:00,YONGE ST,FRONT ST E,10 m North of,3,Non-Fatal Injury,At Intersection,Traffic Signal,Cyclist Collision,Clear,Dark with Artificial Lighting,Dry,Major Arterial,false,-79.37693386987299,43.64681017366543,2,Bicycle,South,1,39,Major,No Equipment Available,,,,,Overtaking,,Sideswipe with cyclist and driver travelling in same direction,Improper Passing,Normal,cyclist,NA,Toronto Centre (13),51 Division,St Lawrence-East Bayfront-The Islands,false,false,true,false,false,false,false,false,false,false,"{""coordinates"": [[-79.37693386987299, 43.64681017366543]], ""type"": ""MultiPoint""}"
11587,2015:5000859369,2015-05-21T22:55:00,YONGE ST,FRONT ST E,10 m North of,3,Non-Fatal Injury,At Intersection,Traffic Signal,Cyclist Collision,Clear,Dark with Artificial Lighting,Dry,Major Arterial,false,-79.37693386987299,43.64681017366543,2,,,3,20,None,Lap and Shoulder Belt,,,,,,,,,,passenger,NA,Toronto Centre (13),51 Division,St Lawrence-East Bayfront-The Islands,false,false,true,false,false,false,false,false,false,false,"{""coordinates"": [[-79.37693386987299, 43.64681017366543]], ""type"": ""MultiPoint""}"
11588,2015:5000859369,2015-05-21T22:55:00,YONGE ST,FRONT ST E,10 m North of,3,Non-Fatal Injury,At Intersection,Traffic Signal,Cyclist Collision,Clear,Dark with Artificial Lighting,Dry,Major Arterial,false,-79.37693386987299,43.64681017366543,2,Pickup Truck,South,2,62,None,Lap and Shoulder Belt,Driving properly,Normal,,,Going Ahead,,,,,driver,NA,Toronto Centre (13),51 Division,St Lawrence-East Bayfront-The Islands,false,false,true,false,false,false,false,false,false,false,"{""coordinates"": [[-79.37693386987299, 43.64681017366543]], ""type"": ""MultiPoint""}"
11589,2015:5000851624,2015-05-22T08:22:00,DON MILLS RD,GREEN BELT DR,,4,Fatal Injury,Intersection-Related,Traffic Signal,Pedestrian Collision(internal code),Clear,Daylight,Dry,Major Arterial,false,-79.34084668480237,43.72764410992697,1,,Unknown,4,15,Minor,No Equipment Available,,,On sidewalk or shoulder,Normal,,Driver hits pedestrian on sidewalk or shoulder,,,,pedestrian,NA,Don Valley East (16),33 Division,Banbury-Don Mills,true,false,false,false,false,false,true,false,true,false,"{""coordinates"": [[-79.34084668480237, 43.72764410992697]], ""type"": ""MultiPoint""}"
11590,2015:5000851624,2015-05-22T08:22:00,DON MILLS RD,GREEN BELT DR,,4,Fatal Injury,Intersection-Related,Traffic Signal,Pedestrian Collision(internal code),Clear,Daylight,Dry,Major Arterial,false,-79.34084668480237,43.72764410992697,2,Automobile or Station Wagon,North,2,48,Minor,Lap and Shoulder Belt,Driving properly,Normal,,,Going Ahead,,,,,driver,NA,Don Valley East (16),33 Division,Banbury-Don Mills,true,false,false,false,false,false,true,false,true,false,"{""coordinates"": [[-79.34084668480237, 43.72764410992697]], ""type"": ""MultiPoint""}"
11591,2015:5000851624,2015-05-22T08:22:00,DON MILLS RD,GREEN BELT DR,,4,Fatal Injury,Intersection-Related,Traffic Signal,Pedestrian Collision(internal code),Clear,Daylight,Dry,Major Arterial,false,-79.34084668480237,43.72764410992697,1,,Unknown,3,46,Fatal,No Equipment Available,,,On sidewalk or shoulder,Normal,,Driver hits pedestrian on sidewalk or shoulder,,,,pedestrian,22,Don Valley East (16),33 Division,Banbury-Don Mills,true,false,false,false,false,false,true,false,true,false,"{""coordinates"": [[-79.34084668480237, 43.72764410992697]], ""type"": ""MultiPoint""}"
11592,2015:5000851624,2015-05-22T08:22:00,DON MILLS RD,GREEN BELT DR,,4,Fatal Injury,Intersection-Related,Traffic Signal,Pedestrian Collision(internal code),Clear,Daylight,Dry,Major Arterial,false,-79.34084668480237,43.72764410992697,1,Automobile or Station Wagon,South,1,26,None,Lap and Shoulder Belt,Failed to yield right-of-way,Normal,,,Turning Left,,,,,driver,NA,Don Valley East (16),33 Division,Banbury-Don Mills,true,false,false,false,false,false,true,false,true,false,"{""coordinates"": [[-79.34084668480237, 43.72764410992697]], ""type"": ""MultiPoint""}"
11593,2015:5000852729,2015-05-22T11:15:00,DANFORTH AVE,FERRIER AVE,,4,Non-Fatal Injury,Intersection-Related,No Control,Rear End,Clear,Daylight,Dry,Major Arterial,false,-79.34827076860161,43.67819712654723,1,,,4,0,None,Child Safety Seat Used Correctly,,,,,,,,,,passenger,NA,Toronto-Danforth (14),55 Division,North Riverdale,true,false,false,false,false,false,false,false,false,false,"{""coordinates"": [[-79.34827076860161, 43.67819712654723]], ""type"": ""MultiPoint""}"
11594,2015:5000852729,2015-05-22T11:15:00,DANFORTH AVE,FERRIER AVE,,4,Non-Fatal Injury,Intersection-Related,No Control,Rear End,Clear,Daylight,Dry,Major Arterial,false,-79.34827076860161,43.67819712654723,2,Pickup Truck,West,2,47,Major,Use Unknown,Other,Medical or Physical Disability,,,Slowing or Stopping,,,,,driver,NA,Toronto-Danforth (14),55 Division,North Riverdale,true,false,false,false,false,false,false,false,false,false,"{""coordinates"": [[-79.34827076860161, 43.67819712654723]], ""type"": ""MultiPoint""}"
11595,2015:5000852729,2015-05-22T11:15:00,DANFORTH AVE,FERRIER AVE,,4,Non-Fatal Injury,Intersection-Related,No Control,Rear End,Clear,Daylight,Dry,Major Arterial,false,-79.34827076860161,43.67819712654723,1,Automobile or Station Wagon,West,1,38,None,Lap and Shoulder Belt,Following too closely,Normal,,,Going Ahead,,,,,driver,NA,Toronto-Danforth (14),55 Division,North Riverdale,true,false,false,false,false,false,false,false,false,false,"{""coordinates"": [[-79.34827076860161, 43.67819712654723]], ""type"": ""MultiPoint""}"
11596,2015:5000852729,2015-05-22T11:15:00,DANFORTH AVE,FERRIER AVE,,4,Non-Fatal Injury,Intersection-Related,No Control,Rear End,Clear,Daylight,Dry,Major Arterial,false,-79.34827076860161,43.67819712654723,1,,,3,2,None,Child Safety Seat Used Correctly,,,,,,,,,,passenger,NA,Toronto-Danforth (14),55 Division,North Riverdale,true,false,false,false,false,false,false,false,false,false,"{""coordinates"": [[-79.34827076860161, 43.67819712654723]], ""type"": ""MultiPoint""}"
11597,2015:5000858647,2015-05-23T10:30:00,MARINE PARADE DR,PARK LAWN RD,,2,Non-Fatal Injury,At Intersection,Traffic Signal,Cyclist Collision,Clear,Daylight,Dry,Major Arterial,false,-79.48119811741691,43.622957339728835,1,Automobile or Station Wagon,East,1,54,None,Use Unknown,Failed to yield right-of-way,Normal,,,Turning Right,,,,,driver,NA,Etobicoke-Lakeshore (3),22 Division,Humber Bay Shores,true,false,true,false,false,false,false,false,false,false,"{""coordinates"": [[-79.48119811741691, 43.622957339728835]], ""type"": ""MultiPoint""}"
11598,2015:5000858647,2015-05-23T10:30:00,MARINE PARADE DR,PARK LAWN RD,,2,Non-Fatal Injury,At Intersection,Traffic Signal,Cyclist Collision,Clear,Daylight,Dry,Major Arterial,false,-79.48119811741691,43.622957339728835,2,Bicycle,East,2,45,Major,Helmet,,,,,Going Ahead,,"Driver turns right at non-signalized intersection (e.g. stop, yield, no control, driveway) and hits cyclist",Driving Properly,Normal,cyclist,NA,Etobicoke-Lakeshore (3),22 Division,Humber Bay Shores,true,false,true,false,false,false,false,false,false,false,"{""coordinates"": [[-79.48119811741691, 43.622957339728835]], ""type"": ""MultiPoint""}"
11599,2015:5000865695,2015-05-24T14:13:00,BATHURST ST,ULSTER ST,35 m North of,1,Non-Fatal Injury,Non-Intersection,Traffic Signal,SMV Other,Clear,Daylight,Other,Major Arterial,false,-79.409045912331365,43.65973421786427,1,Motorcycle,South,1,28,Major,Helmet,Driving properly,Other Condition,,,Going Ahead,,,,,motorcyclist,NA,University-Rosedale (11),14 Division,University,false,false,false,true,false,false,false,false,false,false,"{""coordinates"": [[-79.40904591233137, 43.65973421786427]], ""type"": ""MultiPoint""}"
11600,2015:5000873570,2015-05-25T18:28:00,MORNINGSIDE AVE,SHEPPARD AVE E,,3,Non-Fatal Injury,Intersection-Related,Traffic Signal,Turning Movement,Clear,Daylight,Dry,Major Arterial,false,-79.19976439216879,43.80196195378152,1,Automobile or Station Wagon,North,1,56,None,Use Unknown,Failed to yield right-of-way,Normal,,,Turning Left,,,,,driver,NA,Scarborough-Rouge Park (25),42 Division,Morningside Heights,true,false,false,true,false,false,false,false,true,false,"{""coordinates"": [[-79.19976439216879, 43.80196195378152]], ""type"": ""MultiPoint""}"
11601,2015:5000873570,2015-05-25T18:28:00,MORNINGSIDE AVE,SHEPPARD AVE E,,3,Non-Fatal Injury,Intersection-Related,Traffic Signal,Turning Movement,Clear,Daylight,Dry,Major Arterial,false,-79.19976439216879,43.80196195378152,2,,,3,16,Major,Use Unknown,,,,,,,,,,motorcyclist,NA,Scarborough-Rouge Park (25),42 Division,Morningside Heights,true,false,false,true,false,false,false,false,true,false,"{""coordinates"": [[-79.19976439216879, 43.80196195378152]], ""type"": ""MultiPoint""}"
11602,2015:5000873570,2015-05-25T18:28:00,MORNINGSIDE AVE,SHEPPARD AVE E,,3,Non-Fatal Injury,Intersection-Related,Traffic Signal,Turning Movement,Clear,Daylight,Dry,Major Arterial,false,-79.19976439216879,43.80196195378152,2,Motorcycle,South,2,22,Major,Use Unknown,Driving properly,Normal,,,Going Ahead,,,,,motorcyclist,NA,Scarborough-Rouge Park (25),42 Division,Morningside Heights,true,false,false,true,false,false,false,false,true,false,"{""coordinates"": [[-79.19976439216879, 43.80196195378152]], ""type"": ""MultiPoint""}"
11603,2015:5000879931,2015-05-26T18:55:00,ST CLAIR AVE E,O CONNOR DR,,3,Non-Fatal Injury,Intersection-Related,Traffic Signal,Pedestrian Collision(internal code),Clear,Daylight,Dry,Major Arterial,false,-79.31282466561134,43.705385074740015,1,Automobile or Station Wagon,North,1,61,Minimal,Lap and Shoulder Belt,Disobeyed traffic control,Inattentive,,,Going Ahead,,,,,driver,NA,Beaches-East York (19),55 Division,O'Connor-Parkview,true,true,false,false,false,false,true,true,false,false,"{""coordinates"": [[-79.31282466561134, 43.705385074740015]], ""type"": ""MultiPoint""}"
11604,2015:5000879931,2015-05-26T18:55:00,ST CLAIR AVE E,O CONNOR DR,,3,Non-Fatal Injury,Intersection-Related,Traffic Signal,Pedestrian Collision(internal code),Clear,Daylight,Dry,Major Arterial,false,-79.31282466561134,43.705385074740015,1,,East,2,42,Major,No Equipment Available,,,Crossing with right-of-way (intersection),Normal,,Driver going straight hits pedestrian crossing with right-of-way (at intersection),,,,pedestrian,NA,Beaches-East York (19),55 Division,O'Connor-Parkview,true,true,false,false,false,false,true,true,false,false,"{""coordinates"": [[-79.31282466561134, 43.705385074740015]], ""type"": ""MultiPoint""}"
11605,2015:5000879931,2015-05-26T18:55:00,ST CLAIR AVE E,O CONNOR DR,,3,Non-Fatal Injury,Intersection-Related,Traffic Signal,Pedestrian Collision(internal code),Clear,Daylight,Dry,Major Arterial,false,-79.31282466561134,43.705385074740015,1,,,3,26,None,Lap and Shoulder Belt,,,,,,,,,,passenger,NA,Beaches-East York (19),55 Division,O'Connor-Parkview,true,true,false,false,false,false,true,true,false,false,"{""coordinates"": [[-79.31282466561134, 43.705385074740015]], ""type"": ""MultiPoint""}"
11606,2015:5000887145,2015-05-27T21:20:00,TANGAMO RD,MOFORD CRES,17 m North of,1,Fatal Injury,Non-Intersection,Stop Sign,SMV Other,Clear,Dark with Artificial Lighting,Dry,Local,false,-79.55946010747007,43.69046940538332,1,Automobile or Station Wagon,South,1,16,Fatal,Use Unknown,Other,Unknown,,,Going Ahead,,,,,driver,24,Etobicoke Centre (2),23 Division,Willowridge-Martingrove-Richview,false,false,false,false,false,false,false,false,true,false,"{""coordinates"": [[-79.55946010747007, 43.69046940538332]], ""type"": ""MultiPoint""}"
11607,2015:5000891503,2015-05-28T14:20:00,BATHURST ST,FRONT ST W,25 m South of,2,Non-Fatal Injury,Non-Intersection,No Control,Cyclist Collision,Clear,Daylight,Dry,Major Arterial,false,-79.40163792710044,43.64129421193091,1,Bicycle,North,2,45,Major,No Equipment Available,,,,,Going Ahead,,Insufficient information to describe collision,Other,Had Been Drinking,cyclist,NA,Spadina-Fort York (10),14 Division,Wellington Place,false,false,true,false,false,false,false,false,false,false,"{""coordinates"": [[-79.40163792710044, 43.64129421193091]], ""type"": ""MultiPoint""}"
11608,2015:5000891503,2015-05-28T14:20:00,BATHURST ST,FRONT ST W,25 m South of,2,Non-Fatal Injury,Non-Intersection,No Control,Cyclist Collision,Clear,Daylight,Dry,Major Arterial,false,-79.40163792710044,43.64129421193091,2,Automobile or Station Wagon,South,1,52,None,Lap and Shoulder Belt,Driving properly,Normal,,,Going Ahead,,,,,driver,NA,Spadina-Fort York (10),14 Division,Wellington Place,false,false,true,false,false,false,false,false,false,false,"{""coordinates"": [[-79.40163792710044, 43.64129421193091]], ""type"": ""MultiPoint""}"
11609,2015:5000897044,2015-05-29T11:09:00,169 KINGSLAKE RD,,,1,Non-Fatal Injury,At/Near Private Drive,No Control,Other,Clear,Daylight,Dry,Collector,false,-79.34374561973564,43.789247110939876,1,Automobile or Station Wagon,East,1,41,Major,Equipment Not Used But Available,Other,Inattentive,,,Reversing,,,,,driver,NA,Don Valley North (17),33 Division,Don Valley Village,false,true,false,false,false,false,false,false,false,false,"{""coordinates"": [[-79.34374561973564, 43.789247110939876]], ""type"": ""MultiPoint""}"
11610,2015:5000897486,2015-05-29T12:30:00,THE QUEENSWAY,VIBE RD,33 m West of,2,Non-Fatal Injury,At/Near Private Drive,No Control,Angle,Clear,Daylight,Dry,Major Arterial,false,-79.52343418888556,43.62160339890319,1,Automobile or Station Wagon,North,1,23,None,Lap and Shoulder Belt,Failed to yield right-of-way,Inattentive,,,Going Ahead,,,,,driver,NA,Etobicoke-Lakeshore (3),22 Division,Etobicoke City Centre,true,true,false,false,false,true,false,false,false,false,"{""coordinates"": [[-79.52343418888556, 43.62160339890319]], ""type"": ""MultiPoint""}"
11611,2015:5000897486,2015-05-29T12:30:00,THE QUEENSWAY,VIBE RD,33 m West of,2,Non-Fatal Injury,At/Near Private Drive,No Control,Angle,Clear,Daylight,Dry,Major Arterial,false,-79.52343418888556,43.62160339890319,2,,West,2,88,Major,No Equipment Available,Driving properly,Normal,,,Going Ahead,,,,,driver,NA,Etobicoke-Lakeshore (3),22 Division,Etobicoke City Centre,true,true,false,false,false,true,false,false,false,false,"{""coordinates"": [[-79.52343418888556, 43.62160339890319]], ""type"": ""MultiPoint""}"
11612,2015:5000898741,2015-05-29T16:21:00,LAKE SHORE BLVD E,LESLIE ST,374 m West of,2,Non-Fatal Injury,Non-Intersection,No Control,Rear End,Clear,Daylight,Dry,Major Arterial,false,-79.33143276521578,43.65781610475826,1,Truck - Dump,West,1,60,None,Use Unknown,Following too closely,Normal,,,Changing Lanes,,,,,driver,NA,Toronto-Danforth (14),55 Division,South Riverdale,true,false,false,false,false,false,false,false,false,true,"{""coordinates"": [[-79.33143276521578, 43.65781610475826]], ""type"": ""MultiPoint""}"
11613,2015:5000898741,2015-05-29T16:21:00,LAKE SHORE BLVD E,LESLIE ST,374 m West of,2,Non-Fatal Injury,Non-Intersection,No Control,Rear End,Clear,Daylight,Dry,Major Arterial,false,-79.33143276521578,43.65781610475826,2,Automobile or Station Wagon,West,2,44,Major,Use Unknown,Driving properly,Normal,,,Going Ahead,,,,,driver,NA,Toronto-Danforth (14),55 Division,South Riverdale,true,false,false,false,false,false,false,false,false,true,"{""coordinates"": [[-79.33143276521578, 43.65781610475826]], ""type"": ""MultiPoint""}"
11614,2015:5000901118,2015-05-30T00:02:00,DUNDAS ST W,EDNA AVE,2 m North of,2,Non-Fatal Injury,At Intersection,No Control,Cyclist Collision,Clear,Dark with Artificial Lighting,Dry,Minor Arterial,false,-79.4526710008381,43.65721328251509,1,Bicycle,West,1,51,Major,No Equipment Available,,,,,Going Ahead,,"Cyclist without right-of-way rides into path of driver (at intersection, laneway, or driveway)",Failed to Yield Right of Way,Normal,cyclist,NA,Parkdale-High Park (4),11 Division,High Park North,false,false,true,false,false,false,false,false,false,false,"{""coordinates"": [[-79.4526710008381, 43.65721328251509]], ""type"": ""MultiPoint""}"
11615,2015:5000901118,2015-05-30T00:02:00,DUNDAS ST W,EDNA AVE,2 m North of,2,Non-Fatal Injury,At Intersection,No Control,Cyclist Collision,Clear,Dark with Artificial Lighting,Dry,Minor Arterial,false,-79.4526710008381,43.65721328251509,2,Automobile or Station Wagon,North,2,44,None,Lap and Shoulder Belt,Driving properly,Normal,,,Going Ahead,,,,,driver,NA,Parkdale-High Park (4),11 Division,High Park North,false,false,true,false,false,false,false,false,false,false,"{""coordinates"": [[-79.4526710008381, 43.65721328251509]], ""type"": ""MultiPoint""}"
11616,2015:5000907993,2015-05-31T02:41:00,YONGE ST,SHEPPARD AVE W,,2,Non-Fatal Injury,At Intersection,Traffic Signal,Pedestrian Collision(internal code),Rain,Dark with Artificial Lighting,Wet,Major Arterial,false,-79.41092275873719,43.76149919351927,1,,West,2,52,Major,Use Unknown,,,Crossing without right-of-way (intersection),Unknown,,Driver going straight hits pedestrian crossing without right-of-way (at intersection),,,,pedestrian,NA,Willowdale (18),32 Division,Avondale,false,false,false,false,false,false,true,false,false,false,"{""coordinates"": [[-79.41092275873719, 43.76149919351927]], ""type"": ""MultiPoint""}"
11617,2015:5000907993,2015-05-31T02:41:00,YONGE ST,SHEPPARD AVE W,,2,Non-Fatal Injury,At Intersection,Traffic Signal,Pedestrian Collision(internal code),Rain,Dark with Artificial Lighting,Wet,Major Arterial,false,-79.41092275873719,43.76149919351927,1,Automobile or Station Wagon,South,1,39,None,Lap and Shoulder Belt,Driving properly,Normal,,,Going Ahead,,,,,driver,NA,Willowdale (18),32 Division,Avondale,false,false,false,false,false,false,true,false,false,false,"{""coordinates"": [[-79.41092275873719, 43.76149919351927]], ""type"": ""MultiPoint""}"
11618,2015:5000912141,2015-05-31T21:04:00,BLOOR ST W,WESTMORELAND AVE,,2,Fatal Injury,,No Control,Pedestrian Collision(internal code),Rain,Dusk,Wet,Major Arterial,true,-79.43040895157615,43.660932248653104,0,Automobile or Station Wagon,West,2,NA,None,,Speed too fast for conditions,Unknown,,,Going Ahead,,,,,driver,NA,Davenport (9),14 Division,Dufferin Grove,true,false,false,false,false,false,true,false,false,false,"{""coordinates"": [[-79.43040895157615, 43.660932248653104]], ""type"": ""MultiPoint""}"
11619,2015:5000912141,2015-05-31T21:04:00,BLOOR ST W,WESTMORELAND AVE,,2,Fatal Injury,,No Control,Pedestrian Collision(internal code),Rain,Dusk,Wet,Major Arterial,true,-79.43040895157615,43.660932248653104,0,,South,1,39,Fatal,,,,Crossing - no traffic control,Normal,,Driver hits pedestrian at midblock,,,,pedestrian,25,Davenport (9),14 Division,Dufferin Grove,true,false,false,false,false,false,true,false,false,false,"{""coordinates"": [[-79.43040895157615, 43.660932248653104]], ""type"": ""MultiPoint""}"
11620,2015:5000922282,2015-06-02T12:33:00,LAWRENCE AVE E,MCCOWAN RD,,3,Fatal Injury,At Intersection,Traffic Signal,Pedestrian Collision(internal code),Clear,Daylight,Dry,Major Arterial,false,-79.24541848913664,43.75553698983094,0,,North,2,70,Fatal,,,,Crossing without right-of-way (intersection),Unknown,,Driver going straight hits pedestrian crossing without right-of-way (at intersection),,,,pedestrian,27,Scarborough Centre (21),43 Division,Bendale South,false,false,false,false,false,true,true,false,false,false,"{""coordinates"": [[-79.24541848913664, 43.75553698983094]], ""type"": ""MultiPoint""}"
11621,2015:5000922282,2015-06-02T12:33:00,LAWRENCE AVE E,MCCOWAN RD,,3,Fatal Injury,At Intersection,Traffic Signal,Pedestrian Collision(internal code),Clear,Daylight,Dry,Major Arterial,false,-79.24541848913664,43.75553698983094,2,Automobile or Station Wagon,West,3,84,Minor,Lap and Shoulder Belt,Driving properly,Normal,,,Going Ahead,,,,,driver,NA,Scarborough Centre (21),43 Division,Bendale South,false,false,false,false,false,true,true,false,false,false,"{""coordinates"": [[-79.24541848913664, 43.75553698983094]], ""type"": ""MultiPoint""}"
11622,2015:5000922282,2015-06-02T12:33:00,LAWRENCE AVE E,MCCOWAN RD,,3,Fatal Injury,At Intersection,Traffic Signal,Pedestrian Collision(internal code),Clear,Daylight,Dry,Major Arterial,false,-79.24541848913664,43.75553698983094,1,Automobile or Station Wagon,West,1,82,None,,Driving properly,Normal,,,Going Ahead,,,,,driver,NA,Scarborough Centre (21),43 Division,Bendale South,false,false,false,false,false,true,true,false,false,false,"{""coordinates"": [[-79.24541848913664, 43.75553698983094]], ""type"": ""MultiPoint""}"
11623,2015:5000924528,2015-06-02T18:54:00,SPENVALLEY DR,ARLETA AVE,,2,Non-Fatal Injury,At Intersection,Stop Sign,Pedestrian Collision(internal code),Clear,Daylight,Dry,Collector,false,-79.50149893525663,43.743639310916045,1,,South,2,76,Major,Use Unknown,,,Crossing with right-of-way (intersection),Normal,,Driver turns left into pedestrian crossing with right-of-way (at intersection),,,,pedestrian,NA,Humber River-Black Creek (7),31 Division,Glenfield-Jane Heights,true,false,false,false,false,true,true,false,false,false,"{""coordinates"": [[-79.50149893525663, 43.743639310916045]], ""type"": ""MultiPoint""}"
11624,2015:5000924528,2015-06-02T18:54:00,SPENVALLEY DR,ARLETA AVE,,2,Non-Fatal Injury,At Intersection,Stop Sign,Pedestrian Collision(internal code),Clear,Daylight,Dry,Collector,false,-79.50149893525663,43.743639310916045,1,Automobile or Station Wagon,East,1,75,None,Lap and Shoulder Belt,Failed to yield right-of-way,Normal,,,Turning Left,,,,,driver,NA,Humber River-Black Creek (7),31 Division,Glenfield-Jane Heights,true,false,false,false,false,true,true,false,false,false,"{""coordinates"": [[-79.50149893525663, 43.743639310916045]], ""type"": ""MultiPoint""}"
11625,2015:5000926071,2015-06-03T00:51:00,BAYVIEW AVE,BOWAN CRT,,3,Non-Fatal Injury,At Intersection,Stop Sign,Turning Movement,Clear,Dark with Artificial Lighting,Dry,Major Arterial,false,-79.39418369489823,43.795053170221806,1,,,3,30,Major,Air Bag Deployed,,,,,,,,,,passenger,NA,Don Valley North (17),33 Division,Bayview Woods-Steeles,true,false,false,false,false,false,false,false,false,true,"{""coordinates"": [[-79.39418369489823, 43.795053170221806]], ""type"": ""MultiPoint""}"
11626,2015:5000926071,2015-06-03T00:51:00,BAYVIEW AVE,BOWAN CRT,,3,Non-Fatal Injury,At Intersection,Stop Sign,Turning Movement,Clear,Dark with Artificial Lighting,Dry,Major Arterial,false,-79.39418369489823,43.795053170221806,2,Bus - Other,West,2,58,None,Lap and Shoulder Belt,Other,Had Been Drinking,,,Turning Left,,,,,driver,NA,Don Valley North (17),33 Division,Bayview Woods-Steeles,true,false,false,false,false,false,false,false,false,true,"{""coordinates"": [[-79.39418369489823, 43.795053170221806]], ""type"": ""MultiPoint""}"
11627,2020:0002253261,2020-11-28T16:38:00,ELLESMERE RD,NEILSON RD,,3,Fatal Injury,At Intersection,Traffic Signal,Angle,Clear,Dusk,Dry,Major Arterial,false,-79.2049448319055,43.78252610170388,NA,,,1,6,Minimal,,,,,,,,,,,passenger,NA,Scarborough-Guildwood (24),43 Division,Morningside,true,true,false,false,false,false,false,false,true,false,"{""coordinates"": [[-79.2049448319055, 43.78252610170388]], ""type"": ""MultiPoint""}"
11628,2015:5000926071,2015-06-03T00:51:00,BAYVIEW AVE,BOWAN CRT,,3,Non-Fatal Injury,At Intersection,Stop Sign,Turning Movement,Clear,Dark with Artificial Lighting,Dry,Major Arterial,false,-79.39418369489823,43.795053170221806,1,Automobile or Station Wagon,North,1,35,Major,Air Bag Deployed,Exceeding speed limit,Had Been Drinking,,,Going Ahead,,,,,driver,NA,Don Valley North (17),33 Division,Bayview Woods-Steeles,true,false,false,false,false,false,false,false,false,true,"{""coordinates"": [[-79.39418369489823, 43.795053170221806]], ""type"": ""MultiPoint""}"
11629,2015:5000931328,2015-06-03T20:01:00,BRIMLEY RD,EGLINTON AVE E,,2,Non-Fatal Injury,At Intersection,Traffic Signal,Pedestrian Collision(internal code),Clear,Dawn with Artificial Lighting,Dry,Major Arterial,false,-79.2480505127885,43.7366229903762,1,,South,2,29,Major,Use Unknown,,,Crossing with right-of-way (intersection),Normal,,Driver turns left into pedestrian crossing with right-of-way (at intersection),,,,pedestrian,NA,Scarborough Southwest (20),41 Division,Kennedy Park,true,false,false,false,false,false,true,false,false,false,"{""coordinates"": [[-79.2480505127885, 43.7366229903762]], ""type"": ""MultiPoint""}"