X_id,collision_id,accdate,stname1,stname2,stname3,per_inv,acclass,accloc,traffictl,impactype,visible,light,rdsfcond,road_class,failtorem,longitude,latitude,veh_no,vehtype,initdir,per_no,invage,injury,safequip,drivact,drivcond,pedact,pedcond,manoeuvre,pedtype,cyclistype,cycact,cyccond,road_user,fatal_no,wardname,division,neighbourhood,aggressive,distracted,cyclist,motorcyclist,other_micromobility,older_adult,pedestrian,red_light,school_child,heavy_truck,geometry
11780,2015:5001276114,2015-07-26T13:28:00,6486 KINGSTON RD,,15 m West of,4,Fatal Injury,Non-Intersection,No Control,Turning Movement,Clear,Daylight,Dry,Minor Arterial,false,-79.15599434046739,43.792664909216676,2,Passenger Van,West,2,68,None,Lap and Shoulder Belt,Driving properly,Normal,,,Turning Left,,,,,driver,NA,Scarborough-Rouge Park (25),43 Division,Centennial Scarborough,true,false,false,true,false,true,false,false,false,false,"{""coordinates"": [[-79.15599434046739, 43.792664909216676]], ""type"": ""MultiPoint""}"
11781,2015:5001276114,2015-07-26T13:28:00,6486 KINGSTON RD,,15 m West of,4,Fatal Injury,Non-Intersection,No Control,Turning Movement,Clear,Daylight,Dry,Minor Arterial,false,-79.15599434046739,43.792664909216676,1,Motorcycle,East,1,34,Fatal,Helmet,Exceeding speed limit,Normal,,,Going Ahead,,,,,motorcyclist,35,Scarborough-Rouge Park (25),43 Division,Centennial Scarborough,true,false,false,true,false,true,false,false,false,false,"{""coordinates"": [[-79.15599434046739, 43.792664909216676]], ""type"": ""MultiPoint""}"
11782,2015:5001276114,2015-07-26T13:28:00,6486 KINGSTON RD,,15 m West of,4,Fatal Injury,Non-Intersection,No Control,Turning Movement,Clear,Daylight,Dry,Minor Arterial,false,-79.15599434046739,43.792664909216676,3,Automobile or Station Wagon,West,3,72,None,Lap and Shoulder Belt,Driving properly,Normal,,,Stopped,,,,,driver,NA,Scarborough-Rouge Park (25),43 Division,Centennial Scarborough,true,false,false,true,false,true,false,false,false,false,"{""coordinates"": [[-79.15599434046739, 43.792664909216676]], ""type"": ""MultiPoint""}"
11783,2015:5001281908,2015-07-27T11:15:00,PHARMACY AVE,CORINTHIAN BLVD,,2,Non-Fatal Injury,Intersection-Related,Traffic Signal,Turning Movement,Clear,Daylight,Dry,Minor Arterial,false,-79.32355058693786,43.789472087025565,1,Automobile or Station Wagon,North,1,71,Major,Lap and Shoulder Belt,Improper turn,Medical or Physical Disability,,,Making U-Turn,,,,,driver,NA,Scarborough-Agincourt (22),42 Division,L'Amoreaux West,false,false,false,false,false,true,false,false,false,false,"{""coordinates"": [[-79.32355058693786, 43.789472087025565]], ""type"": ""MultiPoint""}"
11784,2015:5001281908,2015-07-27T11:15:00,PHARMACY AVE,CORINTHIAN BLVD,,2,Non-Fatal Injury,Intersection-Related,Traffic Signal,Turning Movement,Clear,Daylight,Dry,Minor Arterial,false,-79.32355058693786,43.789472087025565,2,Automobile or Station Wagon,North,2,33,None,Lap and Shoulder Belt,Driving properly,Normal,,,Going Ahead,,,,,driver,NA,Scarborough-Agincourt (22),42 Division,L'Amoreaux West,false,false,false,false,false,true,false,false,false,false,"{""coordinates"": [[-79.32355058693786, 43.789472087025565]], ""type"": ""MultiPoint""}"
11785,2015:5001312732,2015-07-31T21:30:00,63 WALLINGFORD RD,,,2,Non-Fatal Injury,Private Driveway,No Control,Pedestrian Collision(internal code),Clear,Dark with Artificial Lighting,Wet,Local,false,-79.32635862245449,43.75670008927799,1,Automobile or Station Wagon,East,1,48,None,Use Unknown,Other,Inattentive,,,Reversing,,,,,driver,NA,Don Valley East (16),33 Division,Fenside-Parkwoods,false,true,false,false,false,true,true,false,false,false,"{""coordinates"": [[-79.32635862245449, 43.75670008927799]], ""type"": ""MultiPoint""}"
11786,2015:5001312732,2015-07-31T21:30:00,63 WALLINGFORD RD,,,2,Non-Fatal Injury,Private Driveway,No Control,Pedestrian Collision(internal code),Clear,Dark with Artificial Lighting,Wet,Local,false,-79.32635862245449,43.75670008927799,1,,Unknown,2,73,Major,No Equipment Available,,,Other,Normal,,Driver hits pedestrian at private driveway,,,,pedestrian,NA,Don Valley East (16),33 Division,Fenside-Parkwoods,false,true,false,false,false,true,true,false,false,false,"{""coordinates"": [[-79.32635862245449, 43.75670008927799]], ""type"": ""MultiPoint""}"
11787,2015:5001313535,2015-08-01T00:31:00,1939 KENNEDY RD,,18 m South of,3,Non-Fatal Injury,Non-Intersection,No Control,Rear End,Clear,Dark,Dry,Major Arterial,false,-79.2819325378011,43.76861003551341,2,Motorcycle,North,2,37,Major,Helmet,Driving properly,Normal,,,Going Ahead,,,,,motorcyclist,NA,Scarborough Centre (21),41 Division,Dorset Park,true,false,false,true,false,false,false,false,false,false,"{""coordinates"": [[-79.2819325378011, 43.76861003551341]], ""type"": ""MultiPoint""}"
11788,2015:5001313535,2015-08-01T00:31:00,1939 KENNEDY RD,,18 m South of,3,Non-Fatal Injury,Non-Intersection,No Control,Rear End,Clear,Dark,Dry,Major Arterial,false,-79.2819325378011,43.76861003551341,2,,,3,35,Major,Helmet,,,,,,,,,,motorcyclist,NA,Scarborough Centre (21),41 Division,Dorset Park,true,false,false,true,false,false,false,false,false,false,"{""coordinates"": [[-79.2819325378011, 43.76861003551341]], ""type"": ""MultiPoint""}"
11789,2015:5001313535,2015-08-01T00:31:00,1939 KENNEDY RD,,18 m South of,3,Non-Fatal Injury,Non-Intersection,No Control,Rear End,Clear,Dark,Dry,Major Arterial,false,-79.2819325378011,43.76861003551341,1,Automobile or Station Wagon,North,1,41,None,Lap and Shoulder Belt,Following too closely,Had Been Drinking,,,Going Ahead,,,,,driver,NA,Scarborough Centre (21),41 Division,Dorset Park,true,false,false,true,false,false,false,false,false,false,"{""coordinates"": [[-79.2819325378011, 43.76861003551341]], ""type"": ""MultiPoint""}"
11790,2015:5001332825,2015-08-04T11:36:00,KEELE STREET,MAPLE LEAF DRIVE,40 m North of,3,Fatal Injury,Non-Intersection,No Control,Sideswipe,Clear,Daylight,Dry,Major Arterial,false,-79.4795649490924,43.715345296015926,1,Automobile or Station Wagon,North,1,88,Fatal,Lap and Shoulder Belt,Lost control,Normal,,,Going Ahead,,,,,driver,37,York South-Weston (5),12 Division,Maple Leaf,false,false,false,false,false,true,false,false,false,true,"{""coordinates"": [[-79.4795649490924, 43.715345296015926]], ""type"": ""MultiPoint""}"
11791,2015:5001332825,2015-08-04T11:36:00,KEELE STREET,MAPLE LEAF DRIVE,40 m North of,3,Fatal Injury,Non-Intersection,No Control,Sideswipe,Clear,Daylight,Dry,Major Arterial,false,-79.4795649490924,43.715345296015926,2,Truck - Other,North,2,36,None,Lap and Shoulder Belt,Driving properly,Normal,,,Stopped,,,,,driver,NA,York South-Weston (5),12 Division,Maple Leaf,false,false,false,false,false,true,false,false,false,true,"{""coordinates"": [[-79.4795649490924, 43.715345296015926]], ""type"": ""MultiPoint""}"
11792,2015:5001353530,2015-08-07T17:15:00,SHEPPARD AVE W,JOHN DRURY DR,,2,Non-Fatal Injury,At Intersection,Traffic Signal,Pedestrian Collision(internal code),Clear,Daylight,Dry,Major Arterial,true,-79.48276889569247,43.74827728535165,1,Automobile or Station Wagon,West,1,NA,None,Use Unknown,Driving properly,Normal,,,Going Ahead,,,,,driver,NA,York Centre (6),31 Division,Downsview,false,false,false,false,false,false,true,false,true,false,"{""coordinates"": [[-79.48276889569247, 43.74827728535165]], ""type"": ""MultiPoint""}"
11793,2015:5001353530,2015-08-07T17:15:00,SHEPPARD AVE W,JOHN DRURY DR,,2,Non-Fatal Injury,At Intersection,Traffic Signal,Pedestrian Collision(internal code),Clear,Daylight,Dry,Major Arterial,true,-79.48276889569247,43.74827728535165,1,,North,2,16,Major,No Equipment Available,,,Crossing without right-of-way (intersection),Normal,,Driver going straight hits pedestrian crossing without right-of-way (at intersection),,,,pedestrian,NA,York Centre (6),31 Division,Downsview,false,false,false,false,false,false,true,false,true,false,"{""coordinates"": [[-79.48276889569247, 43.74827728535165]], ""type"": ""MultiPoint""}"
11794,2015:5001353806,2015-08-07T18:11:00,OLD SHEPPARD AVE,BRIAN DR,9 m East of,2,Non-Fatal Injury,Intersection-Related,Stop Sign,Cyclist Collision,Clear,Daylight,Dry,Collector,false,-79.33250061154916,43.77884109738506,1,Bicycle,West,1,58,Major,Helmet,,,,,Overtaking,,Driver turns left into path of cyclist,Improper Passing,Inattentive,cyclist,NA,Don Valley North (17),33 Division,Pleasant View,false,true,true,false,false,false,false,false,false,false,"{""coordinates"": [[-79.33250061154916, 43.77884109738506]], ""type"": ""MultiPoint""}"
11795,2015:5001353806,2015-08-07T18:11:00,OLD SHEPPARD AVE,BRIAN DR,9 m East of,2,Non-Fatal Injury,Intersection-Related,Stop Sign,Cyclist Collision,Clear,Daylight,Dry,Collector,false,-79.33250061154916,43.77884109738506,2,Automobile or Station Wagon,South,2,22,None,Lap and Shoulder Belt,Driving properly,Normal,,,Turning Left,,,,,driver,NA,Don Valley North (17),33 Division,Pleasant View,false,true,true,false,false,false,false,false,false,false,"{""coordinates"": [[-79.33250061154916, 43.77884109738506]], ""type"": ""MultiPoint""}"
11796,2015:5001361534,2015-08-09T00:40:00,KIPLING AVE,FINCH AVE W,18 m North of,6,Non-Fatal Injury,At Intersection,Traffic Signal,Rear End,Clear,Dark with Artificial Lighting,Dry,Major Arterial,false,-79.5820960371612,43.743253400851984,2,,,6,27,Major,Lap and Shoulder Belt,,,,,,,,,,passenger,NA,Etobicoke North (1),23 Division,Thistletown-Beaumond Heights,true,false,false,false,false,false,false,false,true,false,"{""coordinates"": [[-79.5820960371612, 43.743253400851984]], ""type"": ""MultiPoint""}"
11797,2015:5001361534,2015-08-09T00:40:00,KIPLING AVE,FINCH AVE W,18 m North of,6,Non-Fatal Injury,At Intersection,Traffic Signal,Rear End,Clear,Dark with Artificial Lighting,Dry,Major Arterial,false,-79.5820960371612,43.743253400851984,1,Automobile or Station Wagon,South,1,62,None,Lap and Shoulder Belt,Following too closely,Fatigue/Fell Asleep,,,Going Ahead,,,,,driver,NA,Etobicoke North (1),23 Division,Thistletown-Beaumond Heights,true,false,false,false,false,false,false,false,true,false,"{""coordinates"": [[-79.5820960371612, 43.743253400851984]], ""type"": ""MultiPoint""}"
11798,2015:5001361534,2015-08-09T00:40:00,KIPLING AVE,FINCH AVE W,18 m North of,6,Non-Fatal Injury,At Intersection,Traffic Signal,Rear End,Clear,Dark with Artificial Lighting,Dry,Major Arterial,false,-79.5820960371612,43.743253400851984,2,,,4,59,Minimal,Lap and Shoulder Belt,,,,,,,,,,passenger,NA,Etobicoke North (1),23 Division,Thistletown-Beaumond Heights,true,false,false,false,false,false,false,false,true,false,"{""coordinates"": [[-79.5820960371612, 43.743253400851984]], ""type"": ""MultiPoint""}"
11799,2015:5001361534,2015-08-09T00:40:00,KIPLING AVE,FINCH AVE W,18 m North of,6,Non-Fatal Injury,At Intersection,Traffic Signal,Rear End,Clear,Dark with Artificial Lighting,Dry,Major Arterial,false,-79.5820960371612,43.743253400851984,2,,,5,6,Minimal,Lap and Shoulder Belt,,,,,,,,,,passenger,NA,Etobicoke North (1),23 Division,Thistletown-Beaumond Heights,true,false,false,false,false,false,false,false,true,false,"{""coordinates"": [[-79.5820960371612, 43.743253400851984]], ""type"": ""MultiPoint""}"
11800,2015:5001361534,2015-08-09T00:40:00,KIPLING AVE,FINCH AVE W,18 m North of,6,Non-Fatal Injury,At Intersection,Traffic Signal,Rear End,Clear,Dark with Artificial Lighting,Dry,Major Arterial,false,-79.5820960371612,43.743253400851984,2,,,3,30,Minimal,Lap and Shoulder Belt,,,,,,,,,,passenger,NA,Etobicoke North (1),23 Division,Thistletown-Beaumond Heights,true,false,false,false,false,false,false,false,true,false,"{""coordinates"": [[-79.5820960371612, 43.743253400851984]], ""type"": ""MultiPoint""}"
11801,2015:5001361534,2015-08-09T00:40:00,KIPLING AVE,FINCH AVE W,18 m North of,6,Non-Fatal Injury,At Intersection,Traffic Signal,Rear End,Clear,Dark with Artificial Lighting,Dry,Major Arterial,false,-79.5820960371612,43.743253400851984,2,Automobile or Station Wagon,South,2,30,Minimal,Lap and Shoulder Belt,Driving properly,Normal,,,Stopped,,,,,driver,NA,Etobicoke North (1),23 Division,Thistletown-Beaumond Heights,true,false,false,false,false,false,false,false,true,false,"{""coordinates"": [[-79.5820960371612, 43.743253400851984]], ""type"": ""MultiPoint""}"
11802,2015:5001362618,2015-08-09T07:00:00,FINCH AVE E,BIRCHMOUNT RD,,2,Non-Fatal Injury,At Intersection,Traffic Signal,Pedestrian Collision(internal code),Clear,Daylight,Dry,Major Arterial,false,-79.30598054996359,43.79898206685328,1,,South,2,73,Major,No Equipment Available,,,Crossing with right-of-way (intersection),Normal,,Driver turns right into pedestrian crossing with right-of-way (at intersection),,,,pedestrian,NA,Scarborough-Agincourt (22),42 Division,East L'Amoreaux,true,false,false,false,false,true,true,false,false,false,"{""coordinates"": [[-79.30598054996359, 43.798982066853284]], ""type"": ""MultiPoint""}"
11803,2015:5001362618,2015-08-09T07:00:00,FINCH AVE E,BIRCHMOUNT RD,,2,Non-Fatal Injury,At Intersection,Traffic Signal,Pedestrian Collision(internal code),Clear,Daylight,Dry,Major Arterial,false,-79.30598054996359,43.79898206685328,1,Automobile or Station Wagon,East,1,56,None,Lap and Shoulder Belt,Failed to yield right-of-way,Normal,,,Turning Right,,,,,driver,NA,Scarborough-Agincourt (22),42 Division,East L'Amoreaux,true,false,false,false,false,true,true,false,false,false,"{""coordinates"": [[-79.30598054996359, 43.798982066853284]], ""type"": ""MultiPoint""}"
11804,2015:5001366372,2015-08-09T21:10:00,MEADOWVALE RD,SHEPPARD AVE E,35 m North of,2,Fatal Injury,Intersection-Related,No Control,Pedestrian Collision(internal code),Clear,Dark with Artificial Lighting,Dry,Collector,false,-79.17103134982403,43.80885092805108,1,Automobile or Station Wagon,South,1,74,None,Lap and Shoulder Belt,Driving properly,Normal,,,Going Ahead,,,,,driver,NA,Scarborough-Rouge Park (25),42 Division,Morningside Heights,false,false,false,false,false,true,true,false,false,false,"{""coordinates"": [[-79.17103134982403, 43.80885092805108]], ""type"": ""MultiPoint""}"
11805,2015:5001366372,2015-08-09T21:10:00,MEADOWVALE RD,SHEPPARD AVE E,35 m North of,2,Fatal Injury,Intersection-Related,No Control,Pedestrian Collision(internal code),Clear,Dark with Artificial Lighting,Dry,Collector,false,-79.17103134982403,43.80885092805108,1,,Unknown,2,37,Fatal,Use Unknown,,,Crossing - no traffic control,Normal,,Driver hits pedestrian at midblock,,,,pedestrian,36,Scarborough-Rouge Park (25),42 Division,Morningside Heights,false,false,false,false,false,true,true,false,false,false,"{""coordinates"": [[-79.17103134982403, 43.80885092805108]], ""type"": ""MultiPoint""}"
11806,2015:5001369619,2015-08-10T11:30:00,ISLINGTON AVE,THE WESTWAY,,4,Non-Fatal Injury,At Intersection,Traffic Signal,Angle,Clear,Daylight,Dry,Major Arterial,false,-79.5428580896513,43.68861238687472,1,,,4,84,Major,Lap and Shoulder Belt,,,,,,,,,,passenger,NA,Etobicoke Centre (2),23 Division,Willowridge-Martingrove-Richview,true,true,false,false,false,true,false,true,false,false,"{""coordinates"": [[-79.5428580896513, 43.68861238687472]], ""type"": ""MultiPoint""}"
11807,2015:5001369619,2015-08-10T11:30:00,ISLINGTON AVE,THE WESTWAY,,4,Non-Fatal Injury,At Intersection,Traffic Signal,Angle,Clear,Daylight,Dry,Major Arterial,false,-79.5428580896513,43.68861238687472,1,Automobile or Station Wagon,South,1,72,None,Lap and Shoulder Belt,Disobeyed traffic control,Inattentive,,,Going Ahead,,,,,driver,NA,Etobicoke Centre (2),23 Division,Willowridge-Martingrove-Richview,true,true,false,false,false,true,false,true,false,false,"{""coordinates"": [[-79.5428580896513, 43.68861238687472]], ""type"": ""MultiPoint""}"
11808,2015:5001369619,2015-08-10T11:30:00,ISLINGTON AVE,THE WESTWAY,,4,Non-Fatal Injury,At Intersection,Traffic Signal,Angle,Clear,Daylight,Dry,Major Arterial,false,-79.5428580896513,43.68861238687472,2,,,3,3,Minor,Lap and Shoulder Belt,,,,,,,,,,passenger,NA,Etobicoke Centre (2),23 Division,Willowridge-Martingrove-Richview,true,true,false,false,false,true,false,true,false,false,"{""coordinates"": [[-79.5428580896513, 43.68861238687472]], ""type"": ""MultiPoint""}"
11809,2015:5001369619,2015-08-10T11:30:00,ISLINGTON AVE,THE WESTWAY,,4,Non-Fatal Injury,At Intersection,Traffic Signal,Angle,Clear,Daylight,Dry,Major Arterial,false,-79.5428580896513,43.68861238687472,2,Automobile or Station Wagon,West,2,40,Minor,Lap and Shoulder Belt,Driving properly,Normal,,,Going Ahead,,,,,driver,NA,Etobicoke Centre (2),23 Division,Willowridge-Martingrove-Richview,true,true,false,false,false,true,false,true,false,false,"{""coordinates"": [[-79.5428580896513, 43.68861238687472]], ""type"": ""MultiPoint""}"
11810,2015:5001375207,2015-08-11T09:20:00,ANNETTE ST,KEELE ST,,2,Non-Fatal Injury,At Intersection,Traffic Signal,Cyclist Collision,Clear,Daylight,Dry,Major Arterial,false,-79.46379501117268,43.6636412961891,1,Truck - Open (Flatbed),West,1,66,None,Lap and Shoulder Belt,Improper turn,Inattentive,,,Turning Right,,,,,driver,NA,Parkdale-High Park (4),11 Division,Junction Area,false,true,true,false,false,true,false,false,false,true,"{""coordinates"": [[-79.46379501117268, 43.6636412961891]], ""type"": ""MultiPoint""}"
11811,2015:5001375207,2015-08-11T09:20:00,ANNETTE ST,KEELE ST,,2,Non-Fatal Injury,At Intersection,Traffic Signal,Cyclist Collision,Clear,Daylight,Dry,Major Arterial,false,-79.46379501117268,43.6636412961891,2,Bicycle,West,2,55,Major,Helmet,,,,,Going Ahead,,Driver turns right on green or amber at signalized intersection and hits cyclist,Driving Properly,Normal,cyclist,NA,Parkdale-High Park (4),11 Division,Junction Area,false,true,true,false,false,true,false,false,false,true,"{""coordinates"": [[-79.46379501117268, 43.6636412961891]], ""type"": ""MultiPoint""}"
11812,2015:5001377095,2015-08-11T14:20:00,71 MCCOOL CRT,,,1,Non-Fatal Injury,Non-Intersection,No Control,SMV Unattended Vehicle,Clear,Daylight,Dry,Local,false,-79.28409988557448,43.818224127473975,1,Motorcycle,East,1,24,Major,Helmet,Lost control,Normal,,,Going Ahead,,,,,motorcyclist,NA,Scarborough North (23),42 Division,Milliken,false,false,false,true,false,false,false,false,false,false,"{""coordinates"": [[-79.28409988557448, 43.818224127473975]], ""type"": ""MultiPoint""}"
11813,2015:5001378649,2015-08-11T18:40:00,HAKIMI AVE,ASHTONBEE RD,97 m South of,2,Non-Fatal Injury,Non-Intersection,Stop Sign,Pedestrian Collision(internal code),Clear,Daylight,Dry,Local,false,-79.29169859717015,43.7290320459254,1,,West,2,70,Major,No Equipment Available,,,Crossing - no traffic control,Normal,,Driver hits pedestrian at midblock,,,,pedestrian,NA,Scarborough Centre (21),41 Division,Wexford/Maryvale,false,true,false,false,false,true,true,false,false,false,"{""coordinates"": [[-79.29169859717015, 43.7290320459254]], ""type"": ""MultiPoint""}"
11814,2015:5001378649,2015-08-11T18:40:00,HAKIMI AVE,ASHTONBEE RD,97 m South of,2,Non-Fatal Injury,Non-Intersection,Stop Sign,Pedestrian Collision(internal code),Clear,Daylight,Dry,Local,false,-79.29169859717015,43.7290320459254,1,Automobile or Station Wagon,East,1,43,None,Lap and Shoulder Belt,Improper turn,Inattentive,,,Turning Left,,,,,driver,NA,Scarborough Centre (21),41 Division,Wexford/Maryvale,false,true,false,false,false,true,true,false,false,false,"{""coordinates"": [[-79.29169859717015, 43.7290320459254]], ""type"": ""MultiPoint""}"
11815,2015:5001383996,2015-08-12T15:24:00,WILSON AVE,KELVIN AVE,,2,Non-Fatal Injury,At Intersection,Stop Sign,Cyclist Collision,Clear,Daylight,Dry,Major Arterial,false,-79.53189502531525,43.71568835958731,1,Bicycle,North,1,16,Major,Equipment Not Used But Available,,,,,Going Ahead,,"Cyclist without right-of-way rides into path of driver (at intersection, laneway, or driveway)",Failed to Yield Right of Way,Inattentive,cyclist,NA,Humber River-Black Creek (7),31 Division,Pelmo Park-Humberlea,false,true,true,false,false,false,false,false,true,false,"{""coordinates"": [[-79.53189502531525, 43.71568835958731]], ""type"": ""MultiPoint""}"
11816,2015:5001383996,2015-08-12T15:24:00,WILSON AVE,KELVIN AVE,,2,Non-Fatal Injury,At Intersection,Stop Sign,Cyclist Collision,Clear,Daylight,Dry,Major Arterial,false,-79.53189502531525,43.71568835958731,2,Automobile or Station Wagon,East,2,53,None,Use Unknown,Driving properly,Normal,,,Going Ahead,,,,,driver,NA,Humber River-Black Creek (7),31 Division,Pelmo Park-Humberlea,false,true,true,false,false,false,false,false,true,false,"{""coordinates"": [[-79.53189502531525, 43.71568835958731]], ""type"": ""MultiPoint""}"
11817,2015:5001379991,2015-08-12T23:07:00,ST CLAIR AVE W,KEELE ST,,2,Non-Fatal Injury,At Intersection,Traffic Signal,Pedestrian Collision(internal code),Clear,Dark with Artificial Lighting,Dry,Major Arterial,false,-79.46761000292028,43.67252129801143,1,Automobile or Station Wagon,East,1,21,Minor,Lap and Shoulder Belt,Driving properly,Normal,,,Going Ahead,,,,,driver,NA,York South-Weston (5),11 Division,Junction Area,false,true,false,false,false,false,true,false,true,false,"{""coordinates"": [[-79.46761000292028, 43.67252129801143]], ""type"": ""MultiPoint""}"
11818,2015:5001379991,2015-08-12T23:07:00,ST CLAIR AVE W,KEELE ST,,2,Non-Fatal Injury,At Intersection,Traffic Signal,Pedestrian Collision(internal code),Clear,Dark with Artificial Lighting,Dry,Major Arterial,false,-79.46761000292028,43.67252129801143,1,,Unknown,2,19,Major,No Equipment Available,,,Crossing without right-of-way (intersection),Inattentive,,Driver going straight hits pedestrian crossing without right-of-way (at intersection),,,,pedestrian,NA,York South-Weston (5),11 Division,Junction Area,false,true,false,false,false,false,true,false,true,false,"{""coordinates"": [[-79.46761000292028, 43.67252129801143]], ""type"": ""MultiPoint""}"
11819,2015:5001401225,2015-08-15T10:47:00,OLD WESTON RD,ROGERS RD,,4,Non-Fatal Injury,At Intersection,Traffic Signal,Approaching Head On,Clear,Daylight,Dry,Minor Arterial,false,-79.46767098661635,43.68188229418405,2,Automobile or Station Wagon,North,2,33,None,Lap and Shoulder Belt,Driving properly,Normal,,,Stopped,,,,,driver,NA,Davenport (9),12 Division,Keelesdale-Eglinton West,false,false,false,false,false,false,false,false,false,false,"{""coordinates"": [[-79.46767098661635, 43.68188229418405]], ""type"": ""MultiPoint""}"
11820,2015:5001401225,2015-08-15T10:47:00,OLD WESTON RD,ROGERS RD,,4,Non-Fatal Injury,At Intersection,Traffic Signal,Approaching Head On,Clear,Daylight,Dry,Minor Arterial,false,-79.46767098661635,43.68188229418405,2,,,4,34,None,Lap and Shoulder Belt,,,,,,,,,,passenger,NA,Davenport (9),12 Division,Keelesdale-Eglinton West,false,false,false,false,false,false,false,false,false,false,"{""coordinates"": [[-79.46767098661635, 43.68188229418405]], ""type"": ""MultiPoint""}"
11821,2015:5001401225,2015-08-15T10:47:00,OLD WESTON RD,ROGERS RD,,4,Non-Fatal Injury,At Intersection,Traffic Signal,Approaching Head On,Clear,Daylight,Dry,Minor Arterial,false,-79.46767098661635,43.68188229418405,1,Automobile or Station Wagon,South,1,61,Major,Lap and Shoulder Belt,Lost control,Medical or Physical Disability,,,Going Ahead,,,,,driver,NA,Davenport (9),12 Division,Keelesdale-Eglinton West,false,false,false,false,false,false,false,false,false,false,"{""coordinates"": [[-79.46767098661635, 43.68188229418405]], ""type"": ""MultiPoint""}"
11822,2015:5001401225,2015-08-15T10:47:00,OLD WESTON RD,ROGERS RD,,4,Non-Fatal Injury,At Intersection,Traffic Signal,Approaching Head On,Clear,Daylight,Dry,Minor Arterial,false,-79.46767098661635,43.68188229418405,1,,,3,61,None,Lap and Shoulder Belt,,,,,,,,,,passenger,NA,Davenport (9),12 Division,Keelesdale-Eglinton West,false,false,false,false,false,false,false,false,false,false,"{""coordinates"": [[-79.46767098661635, 43.68188229418405]], ""type"": ""MultiPoint""}"
11823,2015:5001404450,2015-08-15T21:00:00,DUFFERIN ST,HUNTER AVE,,2,Non-Fatal Injury,At Intersection,No Control,Cyclist Collision,Clear,Dark with Artificial Lighting,Dry,Major Arterial,false,-79.44974193169163,43.694425264211475,1,Automobile or Station Wagon,North,1,72,None,Use Unknown,Improper turn,Normal,,,Turning Left,,,,,driver,NA,Toronto-St. Paul's (12),13 Division,Oakwood Village,false,false,true,false,false,true,false,false,false,false,"{""coordinates"": [[-79.44974193169163, 43.694425264211475]], ""type"": ""MultiPoint""}"
11824,2015:5001404450,2015-08-15T21:00:00,DUFFERIN ST,HUNTER AVE,,2,Non-Fatal Injury,At Intersection,No Control,Cyclist Collision,Clear,Dark with Artificial Lighting,Dry,Major Arterial,false,-79.44974193169163,43.694425264211475,2,Bicycle,South,2,54,Major,Use Unknown,,,,,Going Ahead,,Driver turns left into path of cyclist,Driving Properly,Normal,cyclist,NA,Toronto-St. Paul's (12),13 Division,Oakwood Village,false,false,true,false,false,true,false,false,false,false,"{""coordinates"": [[-79.44974193169163, 43.694425264211475]], ""type"": ""MultiPoint""}"
11825,2015:5001404706,2015-08-15T21:52:00,LAKE SHORE BLVD W,JAMESON AVE,,3,Non-Fatal Injury,Non-Intersection,No Control,Approaching Head On,Clear,Dark with Artificial Lighting,Dry,Major Arterial,false,-79.43455900553299,43.63332526411975,1,Automobile or Station Wagon,East,1,53,Major,Lap and Shoulder Belt,Failed to yield right-of-way,Inattentive,,,Going Ahead,,,,,driver,NA,Parkdale-High Park (4),14 Division,South Parkdale,true,true,false,false,false,false,false,false,false,false,"{""coordinates"": [[-79.43455900553299, 43.63332526411975]], ""type"": ""MultiPoint""}"
11826,2015:5001446152,2015-08-22T15:16:00,678 KENNEDY RD,,4 m South of,2,Non-Fatal Injury,At/Near Private Drive,No Control,Turning Movement,Clear,Daylight,Dry,Major Arterial,false,-79.26568255448393,43.726831012024505,2,Motorcycle,South,2,31,Major,Helmet,Driving properly,Normal,,,Going Ahead,,,,,motorcyclist,NA,Scarborough Southwest (20),41 Division,Kennedy Park,true,true,false,true,false,false,false,false,false,false,"{""coordinates"": [[-79.26568255448393, 43.726831012024505]], ""type"": ""MultiPoint""}"
11827,2015:5001404706,2015-08-15T21:52:00,LAKE SHORE BLVD W,JAMESON AVE,,3,Non-Fatal Injury,Non-Intersection,No Control,Approaching Head On,Clear,Dark with Artificial Lighting,Dry,Major Arterial,false,-79.43455900553299,43.63332526411975,3,Automobile or Station Wagon,West,3,28,Minimal,Lap and Shoulder Belt,Driving properly,Normal,,,Going Ahead,,,,,driver,NA,Parkdale-High Park (4),14 Division,South Parkdale,true,true,false,false,false,false,false,false,false,false,"{""coordinates"": [[-79.43455900553299, 43.63332526411975]], ""type"": ""MultiPoint""}"
11828,2015:5001404706,2015-08-15T21:52:00,LAKE SHORE BLVD W,JAMESON AVE,,3,Non-Fatal Injury,Non-Intersection,No Control,Approaching Head On,Clear,Dark with Artificial Lighting,Dry,Major Arterial,false,-79.43455900553299,43.63332526411975,2,Automobile or Station Wagon,West,2,28,Minimal,Lap and Shoulder Belt,Driving properly,Normal,,,Going Ahead,,,,,driver,NA,Parkdale-High Park (4),14 Division,South Parkdale,true,true,false,false,false,false,false,false,false,false,"{""coordinates"": [[-79.43455900553299, 43.63332526411975]], ""type"": ""MultiPoint""}"
11829,2015:5001405584,2015-08-16T00:42:00,BELLAMY RD N,LAWRENCE AVE E,,5,Fatal Injury,Intersection-Related,Traffic Signal,Angle,Clear,Dark with Artificial Lighting,Dry,Major Arterial,false,-79.23526410603256,43.75771152137916,2,Automobile or Station Wagon,East,2,53,Minor,Use Unknown,Driving properly,Normal,,,Going Ahead,,,,,driver,NA,Scarborough-Guildwood (24),43 Division,Golfdale-Cedarbrae-Woburn,true,false,false,false,false,false,false,true,false,false,"{""coordinates"": [[-79.23526410603256, 43.75771152137916]], ""type"": ""MultiPoint""}"