X_id,collision_id,accdate,stname1,stname2,stname3,per_inv,acclass,accloc,traffictl,impactype,visible,light,rdsfcond,road_class,failtorem,longitude,latitude,veh_no,vehtype,initdir,per_no,invage,injury,safequip,drivact,drivcond,pedact,pedcond,manoeuvre,pedtype,cyclistype,cycact,cyccond,road_user,fatal_no,wardname,division,neighbourhood,aggressive,distracted,cyclist,motorcyclist,other_micromobility,older_adult,pedestrian,red_light,school_child,heavy_truck,geometry
12173,2015:5002054157,2015-11-30T17:15:00,BATHURST ST,MARMION AVE,7 m East of,2,Fatal Injury,Intersection-Related,No Control,Pedestrian Collision(internal code),Clear,Dark with Artificial Lighting,Dry,Major Arterial,false,-79.43141584472126,43.72661422818838,1,,Unknown,2,66,Fatal,No Equipment Available,,,Crossing - no traffic control,Normal,,Driver turns left into pedestrian crossing with right-of-way (at intersection),,,,pedestrian,60,Eglinton-Lawrence (8),32 Division,Bedford Park-Nortown,true,true,false,false,false,true,true,false,false,false,"{""coordinates"": [[-79.43141584472126, 43.72661422818838]], ""type"": ""MultiPoint""}"
12174,2015:5002054612,2015-11-30T18:33:00,FLORENCE AVE,BOTHAM RD,,2,Non-Fatal Injury,At Intersection,Stop Sign,Pedestrian Collision(internal code),Clear,Dark with Artificial Lighting,Dry,Collector,false,-79.4137077679451,43.75737519741252,1,,East,2,55,Major,Use Unknown,,,Crossing with right-of-way (intersection),Normal,,Driver turns left into pedestrian crossing with right-of-way (at intersection),,,,pedestrian,NA,Willowdale (18),32 Division,Lansing-Westgate,true,true,false,false,false,false,true,false,false,false,"{""coordinates"": [[-79.4137077679451, 43.75737519741252]], ""type"": ""MultiPoint""}"
12175,2015:5002054612,2015-11-30T18:33:00,FLORENCE AVE,BOTHAM RD,,2,Non-Fatal Injury,At Intersection,Stop Sign,Pedestrian Collision(internal code),Clear,Dark with Artificial Lighting,Dry,Collector,false,-79.4137077679451,43.75737519741252,1,Automobile or Station Wagon,West,1,49,None,Lap and Shoulder Belt,Failed to yield right-of-way,Inattentive,,,Turning Left,,,,,driver,NA,Willowdale (18),32 Division,Lansing-Westgate,true,true,false,false,false,false,true,false,false,false,"{""coordinates"": [[-79.4137077679451, 43.75737519741252]], ""type"": ""MultiPoint""}"
12176,2015:5002061502,2015-12-01T21:07:00,THE QUEENSWAY,NORTH QUEEN ST,3 m North of,2,Non-Fatal Injury,At Intersection,Traffic Signal,Pedestrian Collision(internal code),Rain,Dark,Wet,Major Arterial,false,-79.55614124573728,43.614206444146895,1,,East,2,19,Major,Use Unknown,,,Crossing with right-of-way (intersection),Normal,,Driver turns left into pedestrian crossing with right-of-way (at intersection),,,,pedestrian,NA,Etobicoke-Lakeshore (3),22 Division,Etobicoke City Centre,true,true,false,false,false,false,true,false,true,true,"{""coordinates"": [[-79.55614124573728, 43.614206444146895]], ""type"": ""MultiPoint""}"
12177,2015:5002061502,2015-12-01T21:07:00,THE QUEENSWAY,NORTH QUEEN ST,3 m North of,2,Non-Fatal Injury,At Intersection,Traffic Signal,Pedestrian Collision(internal code),Rain,Dark,Wet,Major Arterial,false,-79.55614124573728,43.614206444146895,1,Truck - Tractor,East,1,59,None,Lap and Shoulder Belt,Failed to yield right-of-way,Inattentive,,,Turning Left,,,,,driver,NA,Etobicoke-Lakeshore (3),22 Division,Etobicoke City Centre,true,true,false,false,false,false,true,false,true,true,"{""coordinates"": [[-79.55614124573728, 43.614206444146895]], ""type"": ""MultiPoint""}"
12178,2015:5002065903,2015-12-02T14:19:00,LAWRENCE AVE W,BATHURST ST,1 m West of,2,Fatal Injury,Intersection-Related,Traffic Signal,Pedestrian Collision(internal code),Clear,Daylight,Dry,Major Arterial,false,-79.42981385408915,43.71924722853129,1,,North,2,92,Fatal,Use Unknown,,,Crossing without right-of-way (intersection),Inattentive,,Driver turns left into pedestrian crossing without right-of-way (at intersection),,,,pedestrian,62,Eglinton-Lawrence (8),53 Division,Englemount-Lawrence,true,true,false,false,false,true,true,false,false,false,"{""coordinates"": [[-79.42981385408915, 43.71924722853129]], ""type"": ""MultiPoint""}"
12179,2016:6000092951,2016-01-16T11:37:00,BATHURST ST,DUNDAS ST W,57 m North of,6,Non-Fatal Injury,Non-Intersection,No Control,Turning Movement,Clear,Daylight,Dry,Major Arterial,false,-79.40627691782261,43.6529142157008,2,,,5,9,None,Lap and Shoulder Belt,,,,,,,,,,passenger,NA,University-Rosedale (11),14 Division,Trinity-Bellwoods,false,true,false,false,false,false,false,false,true,false,"{""coordinates"": [[-79.40627691782261, 43.6529142157008]], ""type"": ""MultiPoint""}"
12180,2015:5002065903,2015-12-02T14:19:00,LAWRENCE AVE W,BATHURST ST,1 m West of,2,Fatal Injury,Intersection-Related,Traffic Signal,Pedestrian Collision(internal code),Clear,Daylight,Dry,Major Arterial,false,-79.42981385408915,43.71924722853129,1,Automobile or Station Wagon,East,1,49,None,Lap and Shoulder Belt,Failed to yield right-of-way,Inattentive,,,Turning Left,,,,,driver,NA,Eglinton-Lawrence (8),53 Division,Englemount-Lawrence,true,true,false,false,false,true,true,false,false,false,"{""coordinates"": [[-79.42981385408915, 43.71924722853129]], ""type"": ""MultiPoint""}"
12181,2015:5002074254,2015-12-03T20:38:00,KINGSTON RD,FAIRCROFT BLVD,119 m West of,2,Fatal Injury,Non-Intersection,No Control,SMV Unattended Vehicle,Clear,Dark with Artificial Lighting,Dry,Major Arterial,false,-79.22742049069018,43.72945596756645,2,Delivery Van,Unknown,2,NA,None,Use Unknown,,,,,Parked,,,,,other,NA,Scarborough Southwest (20),43 Division,Cliffcrest,false,true,false,false,false,false,false,false,false,true,"{""coordinates"": [[-79.22742049069018, 43.72945596756645]], ""type"": ""MultiPoint""}"
12182,2015:5002074254,2015-12-03T20:38:00,KINGSTON RD,FAIRCROFT BLVD,119 m West of,2,Fatal Injury,Non-Intersection,No Control,SMV Unattended Vehicle,Clear,Dark with Artificial Lighting,Dry,Major Arterial,false,-79.22742049069018,43.72945596756645,1,Automobile or Station Wagon,West,1,32,Fatal,Lap and Shoulder Belt,Lost control,Inattentive,,,Going Ahead,,,,,driver,61,Scarborough Southwest (20),43 Division,Cliffcrest,false,true,false,false,false,false,false,false,false,true,"{""coordinates"": [[-79.22742049069018, 43.72945596756645]], ""type"": ""MultiPoint""}"
12183,2015:5002075350,2015-12-04T01:09:00,ISABELLA ST,SHERBOURNE ST,70 m West of,3,Non-Fatal Injury,Non-Intersection,No Control,Pedestrian Collision(internal code),Clear,Dark,Dry,Collector,false,-79.37664383513642,43.6694541685552,1,,,2,23,None,Lap and Shoulder Belt,,,,,,,,,,passenger,NA,Toronto Centre (13),51 Division,North St.James Town,false,true,false,false,false,false,true,false,false,false,"{""coordinates"": [[-79.37664383513642, 43.6694541685552]], ""type"": ""MultiPoint""}"
12184,2015:5002075350,2015-12-04T01:09:00,ISABELLA ST,SHERBOURNE ST,70 m West of,3,Non-Fatal Injury,Non-Intersection,No Control,Pedestrian Collision(internal code),Clear,Dark,Dry,Collector,false,-79.37664383513642,43.6694541685552,1,Automobile or Station Wagon,West,1,45,None,Lap and Shoulder Belt,Driving properly,Normal,,,Going Ahead,,,,,driver,NA,Toronto Centre (13),51 Division,North St.James Town,false,true,false,false,false,false,true,false,false,false,"{""coordinates"": [[-79.37664383513642, 43.6694541685552]], ""type"": ""MultiPoint""}"
12185,2015:5002075350,2015-12-04T01:09:00,ISABELLA ST,SHERBOURNE ST,70 m West of,3,Non-Fatal Injury,Non-Intersection,No Control,Pedestrian Collision(internal code),Clear,Dark,Dry,Collector,false,-79.37664383513642,43.6694541685552,1,,North,3,29,Major,No Equipment Available,,,Running onto roadway,Inattentive,,Driver hits pedestrian at midblock,,,,pedestrian,NA,Toronto Centre (13),51 Division,North St.James Town,false,true,false,false,false,false,true,false,false,false,"{""coordinates"": [[-79.37664383513642, 43.6694541685552]], ""type"": ""MultiPoint""}"
12186,2015:5002088367,2015-12-06T00:02:00,KING ST W,BRANT ST,10 m South of,2,Non-Fatal Injury,Non-Intersection,Pedestrian Crossover,Pedestrian Collision(internal code),Clear,Dark with Artificial Lighting,Dry,Major Arterial,true,-79.39763291346374,43.64494120498129,1,Automobile or Station Wagon,East,1,NA,None,Lap and Shoulder Belt,Failed to yield right-of-way,Unknown,,,Going Ahead,,,,,driver,NA,Spadina-Fort York (10),14 Division,Wellington Place,true,false,false,false,false,false,true,false,false,false,"{""coordinates"": [[-79.39763291346374, 43.64494120498129]], ""type"": ""MultiPoint""}"
12187,2015:5002088367,2015-12-06T00:02:00,KING ST W,BRANT ST,10 m South of,2,Non-Fatal Injury,Non-Intersection,Pedestrian Crossover,Pedestrian Collision(internal code),Clear,Dark with Artificial Lighting,Dry,Major Arterial,true,-79.39763291346374,43.64494120498129,1,,North,2,40,Major,No Equipment Available,,,Crossing - pedestrian crossover,Normal,,Driver hits pedestrian at PXO/pedestrian midblock signal,,,,pedestrian,NA,Spadina-Fort York (10),14 Division,Wellington Place,true,false,false,false,false,false,true,false,false,false,"{""coordinates"": [[-79.39763291346374, 43.64494120498129]], ""type"": ""MultiPoint""}"
12188,2015:5002094213,2015-12-07T06:55:00,FINCH AVE W,WESTON RD,,2,Non-Fatal Injury,At Intersection,Traffic Signal,Pedestrian Collision(internal code),Clear,Dark with Artificial Lighting,Dry,Major Arterial,false,-79.54236297200562,43.7520813522962,1,Automobile or Station Wagon,East,1,61,None,Lap and Shoulder Belt,Driving properly,Normal,,,Going Ahead,,,,,driver,NA,Humber River-Black Creek (7),31 Division,Humbermede,false,true,false,false,false,false,true,false,false,false,"{""coordinates"": [[-79.54236297200562, 43.7520813522962]], ""type"": ""MultiPoint""}"
12189,2015:5002094213,2015-12-07T06:55:00,FINCH AVE W,WESTON RD,,2,Non-Fatal Injury,At Intersection,Traffic Signal,Pedestrian Collision(internal code),Clear,Dark with Artificial Lighting,Dry,Major Arterial,false,-79.54236297200562,43.7520813522962,1,,Unknown,2,36,Major,No Equipment Available,,,Crossing without right-of-way (intersection),Inattentive,,Driver going straight hits pedestrian crossing without right-of-way (at intersection),,,,pedestrian,NA,Humber River-Black Creek (7),31 Division,Humbermede,false,true,false,false,false,false,true,false,false,false,"{""coordinates"": [[-79.54236297200562, 43.7520813522962]], ""type"": ""MultiPoint""}"
12190,2015:5002098323,2015-12-07T19:05:00,STEELES AVE W,JANE ST,1 m East of,3,Non-Fatal Injury,At Intersection,Traffic Signal,Sideswipe,Clear,Dark with Artificial Lighting,Dry,Major Arterial,true,-79.52171691613859,43.77546132286897,2,Intercity Coach Bus,West,2,36,None,Lap and Shoulder Belt,Driving properly,Normal,,,Going Ahead,,,,,driver,NA,Humber River-Black Creek (7),31 Division,York University Heights,false,true,false,false,false,true,false,false,false,true,"{""coordinates"": [[-79.52171691613859, 43.77546132286897]], ""type"": ""MultiPoint""}"
12191,2015:5002098323,2015-12-07T19:05:00,STEELES AVE W,JANE ST,1 m East of,3,Non-Fatal Injury,At Intersection,Traffic Signal,Sideswipe,Clear,Dark with Artificial Lighting,Dry,Major Arterial,true,-79.52171691613859,43.77546132286897,2,,,3,69,Major,No Equipment Available,,,,,,,,,,passenger,NA,Humber River-Black Creek (7),31 Division,York University Heights,false,true,false,false,false,true,false,false,false,true,"{""coordinates"": [[-79.52171691613859, 43.77546132286897]], ""type"": ""MultiPoint""}"
12192,2015:5002098323,2015-12-07T19:05:00,STEELES AVE W,JANE ST,1 m East of,3,Non-Fatal Injury,At Intersection,Traffic Signal,Sideswipe,Clear,Dark with Artificial Lighting,Dry,Major Arterial,true,-79.52171691613859,43.77546132286897,1,Automobile or Station Wagon,West,1,NA,None,Use Unknown,Improper lane change,Inattentive,,,Changing Lanes,,,,,driver,NA,Humber River-Black Creek (7),31 Division,York University Heights,false,true,false,false,false,true,false,false,false,true,"{""coordinates"": [[-79.52171691613859, 43.77546132286897]], ""type"": ""MultiPoint""}"
12193,2015:5002105318,2015-12-08T21:15:00,LOWTHER AVE,SPADINA RD,5 m South of,4,Non-Fatal Injury,Intersection-Related,Traffic Signal,Cyclist Collision,Rain,Dark with Artificial Lighting,Wet,Minor Arterial,false,-79.40476588947287,43.66894720911065,2,Automobile or Station Wagon,South,2,50,None,Lap and Shoulder Belt,Driving properly,Normal,,,Going Ahead,,,,,driver,NA,University-Rosedale (11),53 Division,Annex,false,false,true,false,false,false,false,false,true,false,"{""coordinates"": [[-79.40476588947287, 43.66894720911065]], ""type"": ""MultiPoint""}"
12194,2015:5002105318,2015-12-08T21:15:00,LOWTHER AVE,SPADINA RD,5 m South of,4,Non-Fatal Injury,Intersection-Related,Traffic Signal,Cyclist Collision,Rain,Dark with Artificial Lighting,Wet,Minor Arterial,false,-79.40476588947287,43.66894720911065,2,,,3,15,None,Lap and Shoulder Belt,,,,,,,,,,passenger,NA,University-Rosedale (11),53 Division,Annex,false,false,true,false,false,false,false,false,true,false,"{""coordinates"": [[-79.40476588947287, 43.66894720911065]], ""type"": ""MultiPoint""}"
12195,2015:5002105318,2015-12-08T21:15:00,LOWTHER AVE,SPADINA RD,5 m South of,4,Non-Fatal Injury,Intersection-Related,Traffic Signal,Cyclist Collision,Rain,Dark with Artificial Lighting,Wet,Minor Arterial,false,-79.40476588947287,43.66894720911065,1,Bicycle,North,1,20,Major,No Equipment Available,,,,,Turning Left,,Cyclist turns left into path of driver,Improper Turn,Normal,cyclist,NA,University-Rosedale (11),53 Division,Annex,false,false,true,false,false,false,false,false,true,false,"{""coordinates"": [[-79.40476588947287, 43.66894720911065]], ""type"": ""MultiPoint""}"
12196,2015:5002105318,2015-12-08T21:15:00,LOWTHER AVE,SPADINA RD,5 m South of,4,Non-Fatal Injury,Intersection-Related,Traffic Signal,Cyclist Collision,Rain,Dark with Artificial Lighting,Wet,Minor Arterial,false,-79.40476588947287,43.66894720911065,2,,,4,14,None,Lap and Shoulder Belt,,,,,,,,,,passenger,NA,University-Rosedale (11),53 Division,Annex,false,false,true,false,false,false,false,false,true,false,"{""coordinates"": [[-79.40476588947287, 43.66894720911065]], ""type"": ""MultiPoint""}"
12197,2015:5002127671,2015-12-12T06:46:00,QUEEN ST E,VICTORIA ST,2 m West of,2,Non-Fatal Injury,Intersection-Related,Traffic Signal,Pedestrian Collision(internal code),Clear,Dark with Artificial Lighting,Dry,Major Arterial,false,-79.37807886325783,43.652670174141115,1,Pickup Truck,West,1,46,None,Lap and Shoulder Belt,Driving properly,Normal,,,Going Ahead,,,,,driver,NA,Toronto Centre (13),51 Division,Downtown Yonge East,false,false,false,false,false,false,true,false,false,false,"{""coordinates"": [[-79.37807886325783, 43.652670174141115]], ""type"": ""MultiPoint""}"
12198,2015:5002127671,2015-12-12T06:46:00,QUEEN ST E,VICTORIA ST,2 m West of,2,Non-Fatal Injury,Intersection-Related,Traffic Signal,Pedestrian Collision(internal code),Clear,Dark with Artificial Lighting,Dry,Major Arterial,false,-79.37807886325783,43.652670174141115,1,,Unknown,2,40,Major,Use Unknown,,,Other,Medical or Physical Disability,,Other,,,,pedestrian,NA,Toronto Centre (13),51 Division,Downtown Yonge East,false,false,false,false,false,false,true,false,false,false,"{""coordinates"": [[-79.37807886325783, 43.652670174141115]], ""type"": ""MultiPoint""}"
12199,2015:5002131445,2015-12-12T19:41:00,JANE ST,WEATHERELL ST,,3,Non-Fatal Injury,At Intersection,No Control,Sideswipe,Clear,Dark with Artificial Lighting,Dry,Major Arterial,false,-79.48544007433951,43.65164033310454,2,Motorcycle,South,2,19,Major,Helmet,Driving properly,Normal,,,Going Ahead,,,,,motorcyclist,NA,Parkdale-High Park (4),11 Division,Lambton Baby Point,false,false,false,true,false,false,false,false,true,false,"{""coordinates"": [[-79.48544007433951, 43.65164033310454]], ""type"": ""MultiPoint""}"
12200,2015:5002131445,2015-12-12T19:41:00,JANE ST,WEATHERELL ST,,3,Non-Fatal Injury,At Intersection,No Control,Sideswipe,Clear,Dark with Artificial Lighting,Dry,Major Arterial,false,-79.48544007433951,43.65164033310454,1,,,3,23,None,Lap and Shoulder Belt,,,,,,,,,,passenger,NA,Parkdale-High Park (4),11 Division,Lambton Baby Point,false,false,false,true,false,false,false,false,true,false,"{""coordinates"": [[-79.48544007433951, 43.65164033310454]], ""type"": ""MultiPoint""}"
12201,2015:5002131445,2015-12-12T19:41:00,JANE ST,WEATHERELL ST,,3,Non-Fatal Injury,At Intersection,No Control,Sideswipe,Clear,Dark with Artificial Lighting,Dry,Major Arterial,false,-79.48544007433951,43.65164033310454,1,Automobile or Station Wagon,South,1,24,None,Lap and Shoulder Belt,Improper lane change,Normal,,,Changing Lanes,,,,,driver,NA,Parkdale-High Park (4),11 Division,Lambton Baby Point,false,false,false,true,false,false,false,false,true,false,"{""coordinates"": [[-79.48544007433951, 43.65164033310454]], ""type"": ""MultiPoint""}"
12202,2015:5002136221,2015-12-13T15:56:00,PARKSIDE DR,INDIAN VALLEY CRES,,4,Non-Fatal Injury,At Intersection,Traffic Signal,Cyclist Collision,Rain,Daylight,Wet,Major Arterial,false,-79.45850002265456,43.651125293474635,1,,,3,13,None,Lap and Shoulder Belt,,,,,,,,,,passenger,NA,Parkdale-High Park (4),11 Division,High Park-Swansea,true,false,true,false,false,false,false,false,true,false,"{""coordinates"": [[-79.45850002265456, 43.651125293474635]], ""type"": ""MultiPoint""}"
12203,2015:5002136221,2015-12-13T15:56:00,PARKSIDE DR,INDIAN VALLEY CRES,,4,Non-Fatal Injury,At Intersection,Traffic Signal,Cyclist Collision,Rain,Daylight,Wet,Major Arterial,false,-79.45850002265456,43.651125293474635,1,,,4,10,None,Lap and Shoulder Belt,,,,,,,,,,passenger,NA,Parkdale-High Park (4),11 Division,High Park-Swansea,true,false,true,false,false,false,false,false,true,false,"{""coordinates"": [[-79.45850002265456, 43.651125293474635]], ""type"": ""MultiPoint""}"
12204,2015:5002136221,2015-12-13T15:56:00,PARKSIDE DR,INDIAN VALLEY CRES,,4,Non-Fatal Injury,At Intersection,Traffic Signal,Cyclist Collision,Rain,Daylight,Wet,Major Arterial,false,-79.45850002265456,43.651125293474635,2,Bicycle,South,2,25,Major,No Equipment Available,,,,,Stopped,,Rear end with cyclist and driver travelling in same direction,Driving Properly,Normal,cyclist,NA,Parkdale-High Park (4),11 Division,High Park-Swansea,true,false,true,false,false,false,false,false,true,false,"{""coordinates"": [[-79.45850002265456, 43.651125293474635]], ""type"": ""MultiPoint""}"
12205,2015:5002136221,2015-12-13T15:56:00,PARKSIDE DR,INDIAN VALLEY CRES,,4,Non-Fatal Injury,At Intersection,Traffic Signal,Cyclist Collision,Rain,Daylight,Wet,Major Arterial,false,-79.45850002265456,43.651125293474635,1,Automobile or Station Wagon,South,1,37,None,Lap and Shoulder Belt,Following too closely,Normal,,,Going Ahead,,,,,driver,NA,Parkdale-High Park (4),11 Division,High Park-Swansea,true,false,true,false,false,false,false,false,true,false,"{""coordinates"": [[-79.45850002265456, 43.651125293474635]], ""type"": ""MultiPoint""}"
12206,2015:5002137387,2015-12-13T20:13:00,DUFFERIN ST,CARTWRIGHT AVE,7 m North of,1,Non-Fatal Injury,At Intersection,No Control,Pedestrian Collision(internal code),Clear,Dark with Artificial Lighting,Dry,Major Arterial,true,-79.4568598941226,43.72378326248918,1,,East,1,25,Major,Use Unknown,,,Crossing - no traffic control,Inattentive,,Driver going straight hits pedestrian crossing without right-of-way (at intersection),,,,pedestrian,NA,Eglinton-Lawrence (8),32 Division,Yorkdale-Glen Park,false,true,false,false,false,false,true,false,false,false,"{""coordinates"": [[-79.4568598941226, 43.72378326248918]], ""type"": ""MultiPoint""}"
12207,2015:5002181080,2015-12-14T17:26:00,KING ST W,FRASER AVE,2 m West of,2,Non-Fatal Injury,At Intersection,Streetcar (Stop for),Pedestrian Collision(internal code),Rain,Dark with Artificial Lighting,Wet,Major Arterial,true,-79.42480097606854,43.63939124734363,1,Automobile or Station Wagon,East,1,NA,None,,Failed to yield right-of-way,Unknown,,,Going Ahead,,,,,driver,NA,Spadina-Fort York (10),14 Division,South Parkdale,true,false,false,false,false,false,true,false,false,false,"{""coordinates"": [[-79.42480097606854, 43.63939124734363]], ""type"": ""MultiPoint""}"
12208,2015:5002181080,2015-12-14T17:26:00,KING ST W,FRASER AVE,2 m West of,2,Non-Fatal Injury,At Intersection,Streetcar (Stop for),Pedestrian Collision(internal code),Rain,Dark with Artificial Lighting,Wet,Major Arterial,true,-79.42480097606854,43.63939124734363,2,,North,2,25,Major,No Equipment Available,,,Person getting on/off vehicle,Normal,,Driver going straight hits pedestrian crossing with right-of-way (at intersection),,,,pedestrian,NA,Spadina-Fort York (10),14 Division,South Parkdale,true,false,false,false,false,false,true,false,false,false,"{""coordinates"": [[-79.42480097606854, 43.63939124734363]], ""type"": ""MultiPoint""}"
12209,2015:5002147377,2015-12-15T11:00:00,JANE ST,SPEERS AVE,,3,Fatal Injury,At Intersection,No Control,Turning Movement,Clear,Daylight,Dry,Major Arterial,false,-79.50344501523765,43.7015633340102,2,Delivery Van,North,2,58,None,Lap and Shoulder Belt,Driving properly,Normal,,,Slowing or Stopping,,,,,driver,NA,York South-Weston (5),12 Division,Brookhaven-Amesbury,false,false,false,false,false,true,false,false,false,true,"{""coordinates"": [[-79.50344501523765, 43.7015633340102]], ""type"": ""MultiPoint""}"
12210,2015:5002147377,2015-12-15T11:00:00,JANE ST,SPEERS AVE,,3,Fatal Injury,At Intersection,No Control,Turning Movement,Clear,Daylight,Dry,Major Arterial,false,-79.50344501523765,43.7015633340102,1,,,3,80,Fatal,Lap and Shoulder Belt,,,,,,,,,,passenger,63,York South-Weston (5),12 Division,Brookhaven-Amesbury,false,false,false,false,false,true,false,false,false,true,"{""coordinates"": [[-79.50344501523765, 43.7015633340102]], ""type"": ""MultiPoint""}"
12211,2015:5002147377,2015-12-15T11:00:00,JANE ST,SPEERS AVE,,3,Fatal Injury,At Intersection,No Control,Turning Movement,Clear,Daylight,Dry,Major Arterial,false,-79.50344501523765,43.7015633340102,1,Automobile or Station Wagon,South,1,81,Major,Lap and Shoulder Belt,Improper turn,Unknown,,,Turning Left,,,,,driver,NA,York South-Weston (5),12 Division,Brookhaven-Amesbury,false,false,false,false,false,true,false,false,false,true,"{""coordinates"": [[-79.50344501523765, 43.7015633340102]], ""type"": ""MultiPoint""}"
12212,2015:5002156360,2015-12-16T16:45:00,FINCH AVE E,BRIMLEY RD,9 m East of,3,Non-Fatal Injury,At Intersection,Traffic Signal,Turning Movement,Clear,Dusk,Wet,Major Arterial,false,-79.27736249862144,43.805635034178195,2,Automobile or Station Wagon,East,1,57,None,Lap and Shoulder Belt,Improper turn,Unknown,,,Turning Left,,,,,driver,NA,Scarborough North (23),42 Division,Agincourt North,false,false,false,false,false,false,false,false,false,false,"{""coordinates"": [[-79.27736249862144, 43.805635034178195]], ""type"": ""MultiPoint""}"
12213,2015:5002156360,2015-12-16T16:45:00,FINCH AVE E,BRIMLEY RD,9 m East of,3,Non-Fatal Injury,At Intersection,Traffic Signal,Turning Movement,Clear,Dusk,Wet,Major Arterial,false,-79.27736249862144,43.805635034178195,2,Passenger Van,West,2,50,Major,Lap and Shoulder Belt,Driving properly,Unknown,,,Going Ahead,,,,,driver,NA,Scarborough North (23),42 Division,Agincourt North,false,false,false,false,false,false,false,false,false,false,"{""coordinates"": [[-79.27736249862144, 43.805635034178195]], ""type"": ""MultiPoint""}"
12214,2015:5002156360,2015-12-16T16:45:00,FINCH AVE E,BRIMLEY RD,9 m East of,3,Non-Fatal Injury,At Intersection,Traffic Signal,Turning Movement,Clear,Dusk,Wet,Major Arterial,false,-79.27736249862144,43.805635034178195,2,,,3,22,Major,Lap and Shoulder Belt,,,,,,,,,,passenger,NA,Scarborough North (23),42 Division,Agincourt North,false,false,false,false,false,false,false,false,false,false,"{""coordinates"": [[-79.27736249862144, 43.805635034178195]], ""type"": ""MultiPoint""}"
12215,2015:5002168343,2015-12-18T14:52:00,4727 SHEPPARD AVE E,,4 m East of,3,Non-Fatal Injury,At/Near Private Drive,No Control,Pedestrian Collision(internal code),Clear,Daylight,Dry,Major Arterial,false,-79.25034646727481,43.79142900064853,1,,North,3,89,Major,No Equipment Available,,,Crossing - no traffic control,Inattentive,,Driver hits pedestrian at midblock,,,,pedestrian,NA,Scarborough North (23),42 Division,Agincourt South-Malvern West,false,true,false,false,false,true,true,false,false,false,"{""coordinates"": [[-79.25034646727481, 43.79142900064853]], ""type"": ""MultiPoint""}"
12216,2015:5002168343,2015-12-18T14:52:00,4727 SHEPPARD AVE E,,4 m East of,3,Non-Fatal Injury,At/Near Private Drive,No Control,Pedestrian Collision(internal code),Clear,Daylight,Dry,Major Arterial,false,-79.25034646727481,43.79142900064853,1,Automobile or Station Wagon,East,1,81,None,Lap and Shoulder Belt,Driving properly,Normal,,,Going Ahead,,,,,driver,NA,Scarborough North (23),42 Division,Agincourt South-Malvern West,false,true,false,false,false,true,true,false,false,false,"{""coordinates"": [[-79.25034646727481, 43.79142900064853]], ""type"": ""MultiPoint""}"
12217,2015:5002168343,2015-12-18T14:52:00,4727 SHEPPARD AVE E,,4 m East of,3,Non-Fatal Injury,At/Near Private Drive,No Control,Pedestrian Collision(internal code),Clear,Daylight,Dry,Major Arterial,false,-79.25034646727481,43.79142900064853,1,,,2,78,None,Lap and Shoulder Belt,,,,,,,,,,passenger,NA,Scarborough North (23),42 Division,Agincourt South-Malvern West,false,true,false,false,false,true,true,false,false,false,"{""coordinates"": [[-79.25034646727481, 43.79142900064853]], ""type"": ""MultiPoint""}"
12218,2015:5002176400,2015-12-19T22:20:00,YONGE ST,SHELDRAKE BLVD,,3,Non-Fatal Injury,At Intersection,Stop Sign,Pedestrian Collision(internal code),Clear,Dark with Artificial Lighting,Dry,Major Arterial,false,-79.40009680828064,43.714937190386216,1,,,2,62,None,Lap and Shoulder Belt,,,,,,,,,,passenger,NA,Don Valley West (15),53 Division,Mount Pleasant East,false,true,false,false,false,true,true,false,false,false,"{""coordinates"": [[-79.40009680828064, 43.714937190386216]], ""type"": ""MultiPoint""}"
12219,2015:5002176400,2015-12-19T22:20:00,YONGE ST,SHELDRAKE BLVD,,3,Non-Fatal Injury,At Intersection,Stop Sign,Pedestrian Collision(internal code),Clear,Dark with Artificial Lighting,Dry,Major Arterial,false,-79.40009680828064,43.714937190386216,1,Automobile or Station Wagon,North,1,54,None,Lap and Shoulder Belt,Driving properly,Normal,,,Going Ahead,,,,,driver,NA,Don Valley West (15),53 Division,Mount Pleasant East,false,true,false,false,false,true,true,false,false,false,"{""coordinates"": [[-79.40009680828064, 43.714937190386216]], ""type"": ""MultiPoint""}"
12220,2015:5002176400,2015-12-19T22:20:00,YONGE ST,SHELDRAKE BLVD,,3,Non-Fatal Injury,At Intersection,Stop Sign,Pedestrian Collision(internal code),Clear,Dark with Artificial Lighting,Dry,Major Arterial,false,-79.40009680828064,43.714937190386216,1,,West,3,65,Major,Equipment Not Used But Available,,,Crossing without right-of-way (intersection),Inattentive,,Driver going straight hits pedestrian crossing without right-of-way (at intersection),,,,pedestrian,NA,Don Valley West (15),53 Division,Mount Pleasant East,false,true,false,false,false,true,true,false,false,false,"{""coordinates"": [[-79.40009680828064, 43.714937190386216]], ""type"": ""MultiPoint""}"
12221,2015:5002178129,2015-12-20T06:39:00,DUFFERIN ST,DAVENPORT RD,41 m South of,2,Non-Fatal Injury,Intersection-Related,No Control,Cyclist Collision,Clear,Dark with Artificial Lighting,Dry,Major Arterial,false,-79.44079995205405,43.6725522596596,1,Bicycle,West,1,32,Major,No Equipment Available,,,,,Going Ahead,,"Cyclist without right-of-way rides into path of driver (at intersection, laneway, or driveway)",Failed to Yield Right of Way,Ability Impaired - Alcohol,cyclist,NA,Davenport (9),13 Division,Junction-Wallace Emerson,false,false,true,false,false,false,false,false,false,false,"{""coordinates"": [[-79.44079995205405, 43.672552259659604]], ""type"": ""MultiPoint""}"