X_id,collision_id,accdate,stname1,stname2,stname3,per_inv,acclass,accloc,traffictl,impactype,visible,light,rdsfcond,road_class,failtorem,longitude,latitude,veh_no,vehtype,initdir,per_no,invage,injury,safequip,drivact,drivcond,pedact,pedcond,manoeuvre,pedtype,cyclistype,cycact,cyccond,road_user,fatal_no,wardname,division,neighbourhood,aggressive,distracted,cyclist,motorcyclist,other_micromobility,older_adult,pedestrian,red_light,school_child,heavy_truck,geometry
12222,2015:5002178129,2015-12-20T06:39:00,DUFFERIN ST,DAVENPORT RD,41 m South of,2,Non-Fatal Injury,Intersection-Related,No Control,Cyclist Collision,Clear,Dark with Artificial Lighting,Dry,Major Arterial,false,-79.44079995205405,43.6725522596596,2,Automobile or Station Wagon,South,2,39,None,Lap and Shoulder Belt,Driving properly,Normal,,,Going Ahead,,,,,driver,NA,Davenport (9),13 Division,Junction-Wallace Emerson,false,false,true,false,false,false,false,false,false,false,"{""coordinates"": [[-79.44079995205405, 43.672552259659604]], ""type"": ""MultiPoint""}"
12223,2015:5002186255,2015-12-21T17:20:00,1145 DANFORTH AVE,,,2,Non-Fatal Injury,Non-Intersection,No Control,Pedestrian Collision(internal code),Rain,Dark with Artificial Lighting,Wet,Major Arterial,false,-79.33361473686028,43.681203105460774,1,Automobile or Station Wagon,East,1,61,None,Lap and Shoulder Belt,Driving properly,Normal,,,Going Ahead,,,,,driver,NA,Toronto-Danforth (14),55 Division,Blake-Jones,false,false,false,false,false,false,true,false,false,false,"{""coordinates"": [[-79.33361473686028, 43.681203105460774]], ""type"": ""MultiPoint""}"
12224,2015:5002186255,2015-12-21T17:20:00,1145 DANFORTH AVE,,,2,Non-Fatal Injury,Non-Intersection,No Control,Pedestrian Collision(internal code),Rain,Dark with Artificial Lighting,Wet,Major Arterial,false,-79.33361473686028,43.681203105460774,1,,South,2,27,Major,No Equipment Available,,,Crossing - no traffic control,Ability Impaired - Alcohol Over .08,,Driver hits pedestrian at midblock,,,,pedestrian,NA,Toronto-Danforth (14),55 Division,Blake-Jones,false,false,false,false,false,false,true,false,false,false,"{""coordinates"": [[-79.33361473686028, 43.681203105460774]], ""type"": ""MultiPoint""}"
12225,2015:5002187382,2015-12-21T21:25:00,BATHURST ST,SHEPPARD AVE W,,2,Non-Fatal Injury,At Intersection,Traffic Signal,Pedestrian Collision(internal code),Rain,Dark with Artificial Lighting,Wet,Major Arterial,false,-79.43846481158504,43.75544922835123,1,Automobile or Station Wagon,North,1,21,None,Lap and Shoulder Belt,Disobeyed traffic control,Unknown,,,Going Ahead,,,,,driver,NA,York Centre (6),32 Division,Lansing-Westgate,true,true,false,false,false,false,true,true,true,false,"{""coordinates"": [[-79.43846481158504, 43.75544922835123]], ""type"": ""MultiPoint""}"
12226,2015:5002187382,2015-12-21T21:25:00,BATHURST ST,SHEPPARD AVE W,,2,Non-Fatal Injury,At Intersection,Traffic Signal,Pedestrian Collision(internal code),Rain,Dark with Artificial Lighting,Wet,Major Arterial,false,-79.43846481158504,43.75544922835123,1,,West,2,15,Major,Use Unknown,,,Crossing without right-of-way (intersection),Inattentive,,Driver going straight hits pedestrian crossing without right-of-way (at intersection),,,,pedestrian,NA,York Centre (6),32 Division,Lansing-Westgate,true,true,false,false,false,false,true,true,true,false,"{""coordinates"": [[-79.43846481158504, 43.75544922835123]], ""type"": ""MultiPoint""}"
12227,2015:5002189475,2015-12-22T09:11:00,SHERBOURNE ST,CARLTON ST,,2,Non-Fatal Injury,At Intersection,Traffic Controller,Cyclist Collision,Rain,Daylight,Wet,Minor Arterial,false,-79.37301983773612,43.66311816460233,2,Bicycle,South,2,58,Major,Helmet,,,,,Going Ahead,,Driver turns left into path of cyclist,Driving Properly,Normal,cyclist,NA,Toronto Centre (13),51 Division,Moss Park,true,false,true,false,false,false,false,false,false,true,"{""coordinates"": [[-79.37301983773612, 43.66311816460233]], ""type"": ""MultiPoint""}"
12228,2015:5002189475,2015-12-22T09:11:00,SHERBOURNE ST,CARLTON ST,,2,Non-Fatal Injury,At Intersection,Traffic Controller,Cyclist Collision,Rain,Daylight,Wet,Minor Arterial,false,-79.37301983773612,43.66311816460233,2,Truck - Closed,North,1,32,None,Lap and Shoulder Belt,Failed to yield right-of-way,Normal,,,Turning Left,,,,,driver,NA,Toronto Centre (13),51 Division,Moss Park,true,false,true,false,false,false,false,false,false,true,"{""coordinates"": [[-79.37301983773612, 43.66311816460233]], ""type"": ""MultiPoint""}"
12229,2015:5002192601,2015-12-22T18:30:00,DUFFERIN ST,1 AUTUMN AVE,,2,Non-Fatal Injury,At Intersection,No Control,Pedestrian Collision(internal code),Clear,Dark with Artificial Lighting,Dry,Major Arterial,false,-79.45241192092472,43.703573264392794,1,Truck - Other,South,1,51,None,Lap and Shoulder Belt,Failed to yield right-of-way,Inattentive,,,Turning Left,,,,,driver,NA,Eglinton-Lawrence (8),13 Division,Yorkdale-Glen Park,true,true,false,false,false,false,true,false,false,true,"{""coordinates"": [[-79.45241192092472, 43.703573264392794]], ""type"": ""MultiPoint""}"
12230,2015:5002192601,2015-12-22T18:30:00,DUFFERIN ST,1 AUTUMN AVE,,2,Non-Fatal Injury,At Intersection,No Control,Pedestrian Collision(internal code),Clear,Dark with Artificial Lighting,Dry,Major Arterial,false,-79.45241192092472,43.703573264392794,1,,South,2,33,Major,Use Unknown,,,Crossing with right-of-way (intersection),Normal,,Driver turns left into pedestrian crossing with right-of-way (at intersection),,,,pedestrian,NA,Eglinton-Lawrence (8),13 Division,Yorkdale-Glen Park,true,true,false,false,false,false,true,false,false,true,"{""coordinates"": [[-79.45241192092472, 43.703573264392794]], ""type"": ""MultiPoint""}"
12231,2016:6000477912,2016-03-20T03:03:00,BAY ST,WELLINGTON ST W,,8,Non-Fatal Injury,At Intersection,Traffic Signal,Angle,Clear,Dark with Artificial Lighting,Dry,Major Arterial,false,-79.37972687458937,43.64731817771801,1,,,6,14,Minimal,Use Unknown,,,,,,,,,,passenger,NA,Spadina-Fort York (10),52 Division,Yonge-Bay Corridor,true,false,false,false,false,false,false,true,true,false,"{""coordinates"": [[-79.37972687458937, 43.64731817771801]], ""type"": ""MultiPoint""}"
12232,2015:5002201232,2015-12-24T08:45:00,LAWRENCE AVE E,RAILSIDE RD,,2,Non-Fatal Injury,At Intersection,Traffic Signal,Pedestrian Collision(internal code),Clear,Daylight,Dry,Major Arterial,false,-79.31924862884736,43.74110208082225,1,Automobile or Station Wagon,South,1,59,None,Lap and Shoulder Belt,Failed to yield right-of-way,Normal,,,Turning Left,,,,,driver,NA,Don Valley East (16),33 Division,Victoria Village,true,false,false,false,false,false,true,false,false,false,"{""coordinates"": [[-79.31924862884736, 43.74110208082225]], ""type"": ""MultiPoint""}"
12233,2015:5002201232,2015-12-24T08:45:00,LAWRENCE AVE E,RAILSIDE RD,,2,Non-Fatal Injury,At Intersection,Traffic Signal,Pedestrian Collision(internal code),Clear,Daylight,Dry,Major Arterial,false,-79.31924862884736,43.74110208082225,1,,North,2,64,Major,Use Unknown,,,Crossing with right-of-way (intersection),Normal,,Driver turns left into pedestrian crossing with right-of-way (at intersection),,,,pedestrian,NA,Don Valley East (16),33 Division,Victoria Village,true,false,false,false,false,false,true,false,false,false,"{""coordinates"": [[-79.31924862884736, 43.74110208082225]], ""type"": ""MultiPoint""}"
12234,2015:5002206137,2015-12-25T08:19:00,QUEEN ST W,TRINITY DR,1 m East of,2,Non-Fatal Injury,At Intersection,Traffic Signal,Pedestrian Collision(internal code),Clear,Daylight,Dry,Major Arterial,false,-79.41315894347998,43.64529222807796,1,,South,1,35,Major,Use Unknown,,,Other,Other Condition,,Transit vehicle driver hits pedestrian anywhere along roadway,,,,pedestrian,NA,Spadina-Fort York (10),14 Division,West Queen West,false,false,false,false,false,false,true,false,false,true,"{""coordinates"": [[-79.41315894347998, 43.64529222807796]], ""type"": ""MultiPoint""}"
12235,2015:5002206137,2015-12-25T08:19:00,QUEEN ST W,TRINITY DR,1 m East of,2,Non-Fatal Injury,At Intersection,Traffic Signal,Pedestrian Collision(internal code),Clear,Daylight,Dry,Major Arterial,false,-79.41315894347998,43.64529222807796,1,Streetcar,East,2,33,None,Lap and Shoulder Belt,Driving properly,Normal,,,Going Ahead,,,,,driver,NA,Spadina-Fort York (10),14 Division,West Queen West,false,false,false,false,false,false,true,false,false,true,"{""coordinates"": [[-79.41315894347998, 43.64529222807796]], ""type"": ""MultiPoint""}"
12236,2015:5002211839,2015-12-26T16:18:00,1071 QUEEN ST W,,1 m South of,5,Non-Fatal Injury,Laneway,No Control,Pedestrian Collision(internal code),Clear,Daylight,Dry,Major Arterial,false,-79.42110096167538,43.64372024042565,1,,Unknown,5,26,Minimal,No Equipment Available,,,On sidewalk or shoulder,Normal,,Driver hits pedestrian on sidewalk or shoulder,,,,pedestrian,NA,Spadina-Fort York (10),14 Division,West Queen West,false,false,false,false,false,false,true,false,false,false,"{""coordinates"": [[-79.42110096167538, 43.643720240425644]], ""type"": ""MultiPoint""}"
12237,2015:5002211839,2015-12-26T16:18:00,1071 QUEEN ST W,,1 m South of,5,Non-Fatal Injury,Laneway,No Control,Pedestrian Collision(internal code),Clear,Daylight,Dry,Major Arterial,false,-79.42110096167538,43.64372024042565,1,,Unknown,3,26,Minimal,No Equipment Available,,,On sidewalk or shoulder,Normal,,Driver hits pedestrian on sidewalk or shoulder,,,,pedestrian,NA,Spadina-Fort York (10),14 Division,West Queen West,false,false,false,false,false,false,true,false,false,false,"{""coordinates"": [[-79.42110096167538, 43.643720240425644]], ""type"": ""MultiPoint""}"
12238,2015:5002211839,2015-12-26T16:18:00,1071 QUEEN ST W,,1 m South of,5,Non-Fatal Injury,Laneway,No Control,Pedestrian Collision(internal code),Clear,Daylight,Dry,Major Arterial,false,-79.42110096167538,43.64372024042565,1,,Unknown,4,26,Minimal,No Equipment Available,,,On sidewalk or shoulder,Normal,,Driver hits pedestrian on sidewalk or shoulder,,,,pedestrian,NA,Spadina-Fort York (10),14 Division,West Queen West,false,false,false,false,false,false,true,false,false,false,"{""coordinates"": [[-79.42110096167538, 43.643720240425644]], ""type"": ""MultiPoint""}"
12239,2015:5002211839,2015-12-26T16:18:00,1071 QUEEN ST W,,1 m South of,5,Non-Fatal Injury,Laneway,No Control,Pedestrian Collision(internal code),Clear,Daylight,Dry,Major Arterial,false,-79.42110096167538,43.64372024042565,1,Automobile or Station Wagon,West,1,35,None,Lap and Shoulder Belt,Lost control,Normal,,,Going Ahead,,,,,driver,NA,Spadina-Fort York (10),14 Division,West Queen West,false,false,false,false,false,false,true,false,false,false,"{""coordinates"": [[-79.42110096167538, 43.643720240425644]], ""type"": ""MultiPoint""}"
12240,2015:5002211839,2015-12-26T16:18:00,1071 QUEEN ST W,,1 m South of,5,Non-Fatal Injury,Laneway,No Control,Pedestrian Collision(internal code),Clear,Daylight,Dry,Major Arterial,false,-79.42110096167538,43.64372024042565,1,,Unknown,2,23,Major,No Equipment Available,,,On sidewalk or shoulder,Normal,,Driver hits pedestrian on sidewalk or shoulder,,,,pedestrian,NA,Spadina-Fort York (10),14 Division,West Queen West,false,false,false,false,false,false,true,false,false,false,"{""coordinates"": [[-79.42110096167538, 43.643720240425644]], ""type"": ""MultiPoint""}"
12241,2015:5002212262,2015-12-26T17:54:00,DUPONT ST,DELAWARE AVE,16 m East of,3,Non-Fatal Injury,Non-Intersection,No Control,Pedestrian Collision(internal code),Clear,Dusk with Artificial Lighting,Dry,Major Arterial,false,-79.43153793884906,43.669927247292,1,Passenger Van,East,1,63,None,Lap and Shoulder Belt,Driving properly,Normal,,,Going Ahead,,,,,driver,NA,Davenport (9),14 Division,Dovercourt Village,false,false,false,false,false,false,true,false,false,false,"{""coordinates"": [[-79.43153793884906, 43.669927247292]], ""type"": ""MultiPoint""}"
12242,2015:5002212262,2015-12-26T17:54:00,DUPONT ST,DELAWARE AVE,16 m East of,3,Non-Fatal Injury,Non-Intersection,No Control,Pedestrian Collision(internal code),Clear,Dusk with Artificial Lighting,Dry,Major Arterial,false,-79.43153793884906,43.669927247292,1,,South,3,41,Major,No Equipment Available,,,Crossing - no traffic control,Had Been Drinking,,Driver hits pedestrian at midblock,,,,pedestrian,NA,Davenport (9),14 Division,Dovercourt Village,false,false,false,false,false,false,true,false,false,false,"{""coordinates"": [[-79.43153793884906, 43.669927247292]], ""type"": ""MultiPoint""}"
12243,2015:5002212262,2015-12-26T17:54:00,DUPONT ST,DELAWARE AVE,16 m East of,3,Non-Fatal Injury,Non-Intersection,No Control,Pedestrian Collision(internal code),Clear,Dusk with Artificial Lighting,Dry,Major Arterial,false,-79.43153793884906,43.669927247292,1,,South,2,53,Major,No Equipment Available,,,Crossing - no traffic control,Had Been Drinking,,Driver hits pedestrian at midblock,,,,pedestrian,NA,Davenport (9),14 Division,Dovercourt Village,false,false,false,false,false,false,true,false,false,false,"{""coordinates"": [[-79.43153793884906, 43.669927247292]], ""type"": ""MultiPoint""}"
12244,2015:5002220976,2015-12-28T12:53:00,HAKIMI AVE,EGLINTON AVE E,20 m North of,2,Non-Fatal Injury,At/Near Private Drive,No Control,Angle,Clear,Daylight,Dry,Major Arterial,false,-79.29140859935886,43.726926045566614,2,Automobile or Station Wagon,South,2,24,Major,Lap and Shoulder Belt,Driving properly,Normal,,,Going Ahead,,,,,driver,NA,Scarborough Southwest (20),41 Division,Clairlea-Birchmount,true,true,false,false,false,false,false,false,false,false,"{""coordinates"": [[-79.29140859935886, 43.726926045566614]], ""type"": ""MultiPoint""}"
12245,2015:5002220976,2015-12-28T12:53:00,HAKIMI AVE,EGLINTON AVE E,20 m North of,2,Non-Fatal Injury,At/Near Private Drive,No Control,Angle,Clear,Daylight,Dry,Major Arterial,false,-79.29140859935886,43.726926045566614,2,Automobile or Station Wagon,West,1,44,None,Lap and Shoulder Belt,Failed to yield right-of-way,Inattentive,,,Going Ahead,,,,,driver,NA,Scarborough Southwest (20),41 Division,Clairlea-Birchmount,true,true,false,false,false,false,false,false,false,false,"{""coordinates"": [[-79.29140859935886, 43.726926045566614]], ""type"": ""MultiPoint""}"
12246,2015:5002234344,2015-12-30T18:24:00,CARLTON ST,SHERBOURNE ST,,2,Non-Fatal Injury,At Intersection,Traffic Signal,Pedestrian Collision(internal code),Clear,Dark,Dry,Minor Arterial,true,-79.37305083770421,43.663179164635245,1,Automobile or Station Wagon,West,1,29,None,Use Unknown,Failed to yield right-of-way,Inattentive,,,Turning Right,,,,,driver,NA,Toronto Centre (13),51 Division,Moss Park,true,true,false,false,false,false,true,false,false,false,"{""coordinates"": [[-79.37305083770421, 43.663179164635245]], ""type"": ""MultiPoint""}"
12247,2015:5002234344,2015-12-30T18:24:00,CARLTON ST,SHERBOURNE ST,,2,Non-Fatal Injury,At Intersection,Traffic Signal,Pedestrian Collision(internal code),Clear,Dark,Dry,Minor Arterial,true,-79.37305083770421,43.663179164635245,1,,East,2,39,Major,No Equipment Available,,,Crossing with right-of-way (intersection),Normal,,Driver turns right into pedestrian crossing with right-of-way (at intersection),,,,pedestrian,NA,Toronto Centre (13),51 Division,Moss Park,true,true,false,false,false,false,true,false,false,false,"{""coordinates"": [[-79.37305083770421, 43.663179164635245]], ""type"": ""MultiPoint""}"
12248,2015:5002235368,2015-12-30T21:15:00,250 MARLEE AVE,,1 m East of,3,Non-Fatal Injury,At/Near Private Drive,No Control,Angle,Clear,Dark with Artificial Lighting,Wet,Minor Arterial,false,-79.44240189953561,43.70550325010634,1,Automobile or Station Wagon,West,1,22,None,Lap and Shoulder Belt,Other,Normal,,,Going Ahead,,,,,driver,NA,Eglinton-Lawrence (8),13 Division,Yorkdale-Glen Park,false,false,false,false,false,true,false,false,false,false,"{""coordinates"": [[-79.44240189953561, 43.70550325010634]], ""type"": ""MultiPoint""}"
12249,2015:5002235368,2015-12-30T21:15:00,250 MARLEE AVE,,1 m East of,3,Non-Fatal Injury,At/Near Private Drive,No Control,Angle,Clear,Dark with Artificial Lighting,Wet,Minor Arterial,false,-79.44240189953561,43.70550325010634,2,Automobile or Station Wagon,South,2,70,Minimal,Lap and Shoulder Belt,Driving properly,Normal,,,Going Ahead,,,,,driver,NA,Eglinton-Lawrence (8),13 Division,Yorkdale-Glen Park,false,false,false,false,false,true,false,false,false,false,"{""coordinates"": [[-79.44240189953561, 43.70550325010634]], ""type"": ""MultiPoint""}"
12250,2015:5002235368,2015-12-30T21:15:00,250 MARLEE AVE,,1 m East of,3,Non-Fatal Injury,At/Near Private Drive,No Control,Angle,Clear,Dark with Artificial Lighting,Wet,Minor Arterial,false,-79.44240189953561,43.70550325010634,2,,,3,68,Major,Lap and Shoulder Belt,,,,,,,,,,passenger,NA,Eglinton-Lawrence (8),13 Division,Yorkdale-Glen Park,false,false,false,false,false,true,false,false,false,false,"{""coordinates"": [[-79.44240189953561, 43.70550325010634]], ""type"": ""MultiPoint""}"
12251,2015:5002235651,2015-12-30T23:39:00,DANFORTH AVE,GILLARD AVE,,2,Fatal Injury,At Intersection,No Control,Pedestrian Collision(internal code),Clear,Dark with Artificial Lighting,Dry,Major Arterial,true,-79.32826572527972,43.6823400978121,1,,South,2,63,Fatal,No Equipment Available,,,Crossing - no traffic control,Normal,,Driver going straight hits pedestrian crossing with right-of-way (at intersection),,,,pedestrian,64,Toronto-Danforth (14),55 Division,Greenwood-Coxwell,true,false,false,false,false,false,true,false,false,false,"{""coordinates"": [[-79.32826572527972, 43.6823400978121]], ""type"": ""MultiPoint""}"
12252,2015:5002235651,2015-12-30T23:39:00,DANFORTH AVE,GILLARD AVE,,2,Fatal Injury,At Intersection,No Control,Pedestrian Collision(internal code),Clear,Dark with Artificial Lighting,Dry,Major Arterial,true,-79.32826572527972,43.6823400978121,1,Automobile or Station Wagon,West,1,27,None,Use Unknown,Failed to yield right-of-way,Unknown,,,Going Ahead,,,,,driver,NA,Toronto-Danforth (14),55 Division,Greenwood-Coxwell,true,false,false,false,false,false,true,false,false,false,"{""coordinates"": [[-79.32826572527972, 43.6823400978121]], ""type"": ""MultiPoint""}"
12253,2016:6000004050,2016-01-01T19:04:00,MOUNT PLEASANT RD,DAVISVILLE AVE,,2,Non-Fatal Injury,At Intersection,Traffic Signal,Pedestrian Collision(internal code),Clear,Dark with Artificial Lighting,Dry,Major Arterial,false,-79.38695880737251,43.70030017626789,1,Automobile or Station Wagon,South,1,72,None,Lap and Shoulder Belt,Failed to yield right-of-way,Normal,,,Turning Right,,,,,driver,NA,Don Valley West (15),53 Division,Mount Pleasant East,true,false,false,false,false,true,true,false,false,false,"{""coordinates"": [[-79.38695880737251, 43.70030017626789]], ""type"": ""MultiPoint""}"
12254,2016:6000004050,2016-01-01T19:04:00,MOUNT PLEASANT RD,DAVISVILLE AVE,,2,Non-Fatal Injury,At Intersection,Traffic Signal,Pedestrian Collision(internal code),Clear,Dark with Artificial Lighting,Dry,Major Arterial,false,-79.38695880737251,43.70030017626789,1,,Unknown,2,53,Major,No Equipment Available,,,Other,Normal,,Driver turns right into pedestrian crossing with right-of-way (at intersection),,,,pedestrian,NA,Don Valley West (15),53 Division,Mount Pleasant East,true,false,false,false,false,true,true,false,false,false,"{""coordinates"": [[-79.38695880737251, 43.70030017626789]], ""type"": ""MultiPoint""}"
12255,2016:6000014911,2016-01-03T19:15:00,1400 KENNEDY RD,,196 m North of,5,Fatal Injury,Non-Intersection,No Control,Pedestrian Collision(internal code),Clear,Dark with Artificial Lighting,Dry,Major Arterial,false,-79.28068153927354,43.76449703354071,1,,,2,41,None,Lap and Shoulder Belt,,,,,,,,,,passenger,NA,Scarborough Centre (21),41 Division,Dorset Park,false,false,false,false,false,false,true,false,true,false,"{""coordinates"": [[-79.28068153927354, 43.76449703354071]], ""type"": ""MultiPoint""}"
12256,2016:6000014911,2016-01-03T19:15:00,1400 KENNEDY RD,,196 m North of,5,Fatal Injury,Non-Intersection,No Control,Pedestrian Collision(internal code),Clear,Dark with Artificial Lighting,Dry,Major Arterial,false,-79.28068153927354,43.76449703354071,1,,,3,9,None,Lap and Shoulder Belt,,,,,,,,,,passenger,NA,Scarborough Centre (21),41 Division,Dorset Park,false,false,false,false,false,false,true,false,true,false,"{""coordinates"": [[-79.28068153927354, 43.76449703354071]], ""type"": ""MultiPoint""}"
12257,2016:6000014911,2016-01-03T19:15:00,1400 KENNEDY RD,,196 m North of,5,Fatal Injury,Non-Intersection,No Control,Pedestrian Collision(internal code),Clear,Dark with Artificial Lighting,Dry,Major Arterial,false,-79.28068153927354,43.76449703354071,1,,Unknown,5,39,Fatal,Lap and Shoulder Belt,,,Crossing without right-of-way (intersection),Had Been Drinking,,Driver hits pedestrian at midblock,,,,pedestrian,1,Scarborough Centre (21),41 Division,Dorset Park,false,false,false,false,false,false,true,false,true,false,"{""coordinates"": [[-79.28068153927354, 43.76449703354071]], ""type"": ""MultiPoint""}"
12258,2016:6000014911,2016-01-03T19:15:00,1400 KENNEDY RD,,196 m North of,5,Fatal Injury,Non-Intersection,No Control,Pedestrian Collision(internal code),Clear,Dark with Artificial Lighting,Dry,Major Arterial,false,-79.28068153927354,43.76449703354071,1,Automobile or Station Wagon,South,1,42,None,Lap and Shoulder Belt,Driving properly,Normal,,,Going Ahead,,,,,driver,NA,Scarborough Centre (21),41 Division,Dorset Park,false,false,false,false,false,false,true,false,true,false,"{""coordinates"": [[-79.28068153927354, 43.76449703354071]], ""type"": ""MultiPoint""}"
12259,2016:6000014911,2016-01-03T19:15:00,1400 KENNEDY RD,,196 m North of,5,Fatal Injury,Non-Intersection,No Control,Pedestrian Collision(internal code),Clear,Dark with Artificial Lighting,Dry,Major Arterial,false,-79.28068153927354,43.76449703354071,1,,,4,6,None,Lap and Shoulder Belt,,,,,,,,,,passenger,NA,Scarborough Centre (21),41 Division,Dorset Park,false,false,false,false,false,false,true,false,true,false,"{""coordinates"": [[-79.28068153927354, 43.76449703354071]], ""type"": ""MultiPoint""}"
12260,2016:6000019763,2016-01-04T15:20:00,FENSIDE DR,VERSEND DR,,5,Non-Fatal Injury,At Intersection,Stop Sign,Angle,Clear,Daylight,Dry,Collector,false,-79.3287006205925,43.76278809235487,1,,,5,12,Major,Lap and Shoulder Belt,,,,,,,,,,passenger,NA,Don Valley East (16),33 Division,Fenside-Parkwoods,true,false,false,false,false,false,false,false,true,true,"{""coordinates"": [[-79.3287006205925, 43.76278809235487]], ""type"": ""MultiPoint""}"
12261,2016:6000019763,2016-01-04T15:20:00,FENSIDE DR,VERSEND DR,,5,Non-Fatal Injury,At Intersection,Stop Sign,Angle,Clear,Daylight,Dry,Collector,false,-79.3287006205925,43.76278809235487,2,School Bus,South,2,36,None,Lap and Shoulder Belt,Driving properly,Normal,,,Going Ahead,,,,,driver,NA,Don Valley East (16),33 Division,Fenside-Parkwoods,true,false,false,false,false,false,false,false,true,true,"{""coordinates"": [[-79.3287006205925, 43.76278809235487]], ""type"": ""MultiPoint""}"
12262,2016:6000019763,2016-01-04T15:20:00,FENSIDE DR,VERSEND DR,,5,Non-Fatal Injury,At Intersection,Stop Sign,Angle,Clear,Daylight,Dry,Collector,false,-79.3287006205925,43.76278809235487,1,,,4,12,None,Lap and Shoulder Belt,,,,,,,,,,passenger,NA,Don Valley East (16),33 Division,Fenside-Parkwoods,true,false,false,false,false,false,false,false,true,true,"{""coordinates"": [[-79.3287006205925, 43.76278809235487]], ""type"": ""MultiPoint""}"
12263,2016:6000019763,2016-01-04T15:20:00,FENSIDE DR,VERSEND DR,,5,Non-Fatal Injury,At Intersection,Stop Sign,Angle,Clear,Daylight,Dry,Collector,false,-79.3287006205925,43.76278809235487,1,Automobile or Station Wagon,East,1,50,None,Lap and Shoulder Belt,Disobeyed traffic control,Normal,,,Going Ahead,,,,,driver,NA,Don Valley East (16),33 Division,Fenside-Parkwoods,true,false,false,false,false,false,false,false,true,true,"{""coordinates"": [[-79.3287006205925, 43.76278809235487]], ""type"": ""MultiPoint""}"
12264,2016:6000019763,2016-01-04T15:20:00,FENSIDE DR,VERSEND DR,,5,Non-Fatal Injury,At Intersection,Stop Sign,Angle,Clear,Daylight,Dry,Collector,false,-79.3287006205925,43.76278809235487,1,,,3,22,None,Lap and Shoulder Belt,,,,,,,,,,passenger,NA,Don Valley East (16),33 Division,Fenside-Parkwoods,true,false,false,false,false,false,false,false,true,true,"{""coordinates"": [[-79.3287006205925, 43.76278809235487]], ""type"": ""MultiPoint""}"
12265,2016:6000023068,2016-01-05T06:40:00,STEELES AVE E,WAGGONERS WELL LN,60 m West of,2,Non-Fatal Injury,Non-Intersection,No Control,Pedestrian Collision(internal code),Clear,Dark with Artificial Lighting,Dry,Major Arterial,false,-79.36679463595304,43.80979313753135,1,Pickup Truck,East,1,71,None,Lap and Shoulder Belt,Driving properly,Normal,,,Going Ahead,,,,,driver,NA,Don Valley North (17),33 Division,Hillcrest Village,false,false,false,false,false,true,true,false,false,false,"{""coordinates"": [[-79.36679463595304, 43.80979313753135]], ""type"": ""MultiPoint""}"
12266,2016:6000023068,2016-01-05T06:40:00,STEELES AVE E,WAGGONERS WELL LN,60 m West of,2,Non-Fatal Injury,Non-Intersection,No Control,Pedestrian Collision(internal code),Clear,Dark with Artificial Lighting,Dry,Major Arterial,false,-79.36679463595304,43.80979313753135,1,,North,2,62,Major,Use Unknown,,,Crossing - no traffic control,Normal,,Driver hits pedestrian at midblock,,,,pedestrian,NA,Don Valley North (17),33 Division,Hillcrest Village,false,false,false,false,false,true,true,false,false,false,"{""coordinates"": [[-79.36679463595304, 43.80979313753135]], ""type"": ""MultiPoint""}"
12267,2016:6000026380,2016-01-05T16:28:00,EGLINTON AVE E,PHARMACY AVE,265 m East of,2,Non-Fatal Injury,Non-Intersection,No Control,Pedestrian Collision(internal code),Clear,Daylight,Dry,Major Arterial,false,-79.29469660602224,43.72621704986438,1,Automobile or Station Wagon,West,1,25,None,Lap and Shoulder Belt,Driving properly,Normal,,,Going Ahead,,,,,driver,NA,Scarborough Southwest (20),41 Division,Clairlea-Birchmount,false,false,false,false,false,false,true,false,true,false,"{""coordinates"": [[-79.29469660602224, 43.72621704986438]], ""type"": ""MultiPoint""}"
12268,2016:6000026380,2016-01-05T16:28:00,EGLINTON AVE E,PHARMACY AVE,265 m East of,2,Non-Fatal Injury,Non-Intersection,No Control,Pedestrian Collision(internal code),Clear,Daylight,Dry,Major Arterial,false,-79.29469660602224,43.72621704986438,1,,North,2,11,Major,No Equipment Available,,,Running onto roadway,Normal,,Driver hits pedestrian at midblock,,,,pedestrian,NA,Scarborough Southwest (20),41 Division,Clairlea-Birchmount,false,false,false,false,false,false,true,false,true,false,"{""coordinates"": [[-79.29469660602224, 43.72621704986438]], ""type"": ""MultiPoint""}"
12269,2016:6000032002,2016-01-06T14:29:00,BLACK CREEK DR,EGLINTON AVE W,13 m West of,2,Fatal Injury,Intersection-Related,Traffic Signal,Turning Movement,Clear,Daylight,Dry,Major Arterial,false,-79.48286900341795,43.68835631265189,1,Automobile or Station Wagon,East,1,43,Minimal,Lap and Shoulder Belt,Improper turn,Normal,,,Turning Left,,,,,driver,NA,York South-Weston (5),12 Division,Keelesdale-Eglinton West,false,false,false,false,false,true,false,false,false,false,"{""coordinates"": [[-79.48286900341795, 43.688356312651884]], ""type"": ""MultiPoint""}"