X_id,collision_id,accdate,stname1,stname2,stname3,per_inv,acclass,accloc,traffictl,impactype,visible,light,rdsfcond,road_class,failtorem,longitude,latitude,veh_no,vehtype,initdir,per_no,invage,injury,safequip,drivact,drivcond,pedact,pedcond,manoeuvre,pedtype,cyclistype,cycact,cyccond,road_user,fatal_no,wardname,division,neighbourhood,aggressive,distracted,cyclist,motorcyclist,other_micromobility,older_adult,pedestrian,red_light,school_child,heavy_truck,geometry
12767,2016:6001239571,2016-07-15T06:30:00,BAMBURGH CRCL,MONTAGUE PL,,2,Non-Fatal Injury,At Intersection,No Control,Pedestrian Collision(internal code),Clear,Daylight,Dry,Collector,false,-79.32246756420143,43.81184208662045,1,Automobile or Station Wagon,East,1,48,None,Use Unknown,Driving properly,Normal,,,Going Ahead,,,,,driver,NA,Scarborough-Agincourt (22),42 Division,Steeles,false,false,false,false,false,true,true,false,false,false,"{""coordinates"": [[-79.32246756420143, 43.81184208662045]], ""type"": ""MultiPoint""}"
12768,2016:6001249776,2016-07-16T18:21:00,MARKHAM RD,LAWRENCE AVE E,18 m South of,2,Non-Fatal Injury,Intersection-Related,No Control,SMV Other,Clear,Daylight,Dry,Major Arterial,false,-79.22531536005302,43.7598095951781,1,Passenger Van,West,1,46,None,Lap and Shoulder Belt,Driving properly,Normal,,,Turning Right,,,,,driver,NA,Scarborough-Guildwood (24),43 Division,Golfdale-Cedarbrae-Woburn,false,true,false,false,false,false,true,false,false,false,"{""coordinates"": [[-79.22531536005302, 43.7598095951781]], ""type"": ""MultiPoint""}"
12769,2016:6001249776,2016-07-16T18:21:00,MARKHAM RD,LAWRENCE AVE E,18 m South of,2,Non-Fatal Injury,Intersection-Related,No Control,SMV Other,Clear,Daylight,Dry,Major Arterial,false,-79.22531536005302,43.7598095951781,1,,Unknown,2,60,Major,Equipment Not Used But Available,,,Crossing without right-of-way (intersection),Inattentive,,Driver turns right into pedestrian crossing without right-of-way (at intersection),,,,pedestrian,NA,Scarborough-Guildwood (24),43 Division,Golfdale-Cedarbrae-Woburn,false,true,false,false,false,false,true,false,false,false,"{""coordinates"": [[-79.22531536005302, 43.7598095951781]], ""type"": ""MultiPoint""}"
12770,2016:6001250602,2016-07-16T21:11:00,STEELES AVE E,BESTVIEW DR,2 m North of,3,Non-Fatal Injury,Intersection-Related,No Control,Turning Movement,Clear,Dusk with Artificial Lighting,Dry,Major Arterial,false,-79.38335066600192,43.80602015681131,2,Automobile or Station Wagon,West,1,75,None,Use Unknown,Failed to yield right-of-way,Normal,,,Turning Left,,,,,driver,NA,Don Valley North (17),33 Division,Bayview Woods-Steeles,true,false,false,false,false,true,false,false,false,false,"{""coordinates"": [[-79.38335066600192, 43.80602015681131]], ""type"": ""MultiPoint""}"
12771,2016:6001250602,2016-07-16T21:11:00,STEELES AVE E,BESTVIEW DR,2 m North of,3,Non-Fatal Injury,Intersection-Related,No Control,Turning Movement,Clear,Dusk with Artificial Lighting,Dry,Major Arterial,false,-79.38335066600192,43.80602015681131,2,,,3,59,Major,Other Safety Equipment Used,,,,,,,,,,passenger,NA,Don Valley North (17),33 Division,Bayview Woods-Steeles,true,false,false,false,false,true,false,false,false,false,"{""coordinates"": [[-79.38335066600192, 43.80602015681131]], ""type"": ""MultiPoint""}"
12772,2016:6001250602,2016-07-16T21:11:00,STEELES AVE E,BESTVIEW DR,2 m North of,3,Non-Fatal Injury,Intersection-Related,No Control,Turning Movement,Clear,Dusk with Artificial Lighting,Dry,Major Arterial,false,-79.38335066600192,43.80602015681131,2,Automobile or Station Wagon,East,2,60,Minimal,Other Safety Equipment Used,Driving properly,Normal,,,Going Ahead,,,,,driver,NA,Don Valley North (17),33 Division,Bayview Woods-Steeles,true,false,false,false,false,true,false,false,false,false,"{""coordinates"": [[-79.38335066600192, 43.80602015681131]], ""type"": ""MultiPoint""}"
12773,2016:6001269035,2016-07-19T18:50:00,RICHMOND ST W,PORTLAND ST,27 m West of,2,Non-Fatal Injury,At/Near Private Drive,No Control,Cyclist Collision,Clear,Daylight,Dry,Major Arterial,false,-79.40108891718906,43.64689820962974,2,Automobile or Station Wagon,West,1,50,None,Lap and Shoulder Belt,Failed to yield right-of-way,Inattentive,,,Turning Right,,,,,driver,NA,Spadina-Fort York (10),14 Division,Wellington Place,true,true,true,false,false,false,false,false,false,false,"{""coordinates"": [[-79.40108891718906, 43.64689820962974]], ""type"": ""MultiPoint""}"
12774,2016:6001269035,2016-07-19T18:50:00,RICHMOND ST W,PORTLAND ST,27 m West of,2,Non-Fatal Injury,At/Near Private Drive,No Control,Cyclist Collision,Clear,Daylight,Dry,Major Arterial,false,-79.40108891718906,43.64689820962974,2,Bicycle,West,2,26,Major,Helmet,,,,,Going Ahead,,"Driver turns right at non-signalized intersection (e.g. stop, yield, no control, driveway) and hits cyclist",Driving Properly,Normal,cyclist,NA,Spadina-Fort York (10),14 Division,Wellington Place,true,true,true,false,false,false,false,false,false,false,"{""coordinates"": [[-79.40108891718906, 43.64689820962974]], ""type"": ""MultiPoint""}"
12775,2016:6001283246,2016-07-21T21:27:00,THE EAST MALL,RATHBURN RD,137 m South of,3,Non-Fatal Injury,Non-Intersection,No Control,Cyclist Collision,Clear,Dark with Artificial Lighting,Dry,Minor Arterial,false,-79.56346518237295,43.65320743125966,2,,,2,35,None,Lap and Shoulder Belt,,,,,,,,,,passenger,NA,Etobicoke Centre (2),22 Division,Islington,false,false,true,false,false,true,false,false,false,false,"{""coordinates"": [[-79.56346518237295, 43.65320743125966]], ""type"": ""MultiPoint""}"
12776,2016:6001283246,2016-07-21T21:27:00,THE EAST MALL,RATHBURN RD,137 m South of,3,Non-Fatal Injury,Non-Intersection,No Control,Cyclist Collision,Clear,Dark with Artificial Lighting,Dry,Minor Arterial,false,-79.56346518237295,43.65320743125966,2,Passenger Van,West,3,68,None,Lap and Shoulder Belt,Other,Normal,,,Reversing,,,,,driver,NA,Etobicoke Centre (2),22 Division,Islington,false,false,true,false,false,true,false,false,false,false,"{""coordinates"": [[-79.56346518237295, 43.65320743125966]], ""type"": ""MultiPoint""}"
12777,2016:6001283246,2016-07-21T21:27:00,THE EAST MALL,RATHBURN RD,137 m South of,3,Non-Fatal Injury,Non-Intersection,No Control,Cyclist Collision,Clear,Dark with Artificial Lighting,Dry,Minor Arterial,false,-79.56346518237295,43.65320743125966,2,Bicycle,South,1,24,Major,Helmet,,,,,Going Ahead,,Driver reversing hits cyclist,Driving Properly,Other Condition,cyclist,NA,Etobicoke Centre (2),22 Division,Islington,false,false,true,false,false,true,false,false,false,false,"{""coordinates"": [[-79.56346518237295, 43.65320743125966]], ""type"": ""MultiPoint""}"
12778,2016:6001283633,2016-07-21T22:47:00,JARVIS ST,DUNDAS ST E,7 m North of,2,Non-Fatal Injury,Intersection-Related,No Control,Pedestrian Collision(internal code),Clear,Dusk with Artificial Lighting,Dry,Major Arterial,false,-79.37453084984672,43.65699216803175,1,Automobile or Station Wagon,North,2,86,None,Lap and Shoulder Belt,Driving properly,Normal,,,Going Ahead,,,,,driver,NA,Toronto Centre (13),51 Division,Moss Park,false,false,false,false,false,true,true,false,false,false,"{""coordinates"": [[-79.37453084984672, 43.65699216803175]], ""type"": ""MultiPoint""}"
12779,2016:6001283633,2016-07-21T22:47:00,JARVIS ST,DUNDAS ST E,7 m North of,2,Non-Fatal Injury,Intersection-Related,No Control,Pedestrian Collision(internal code),Clear,Dusk with Artificial Lighting,Dry,Major Arterial,false,-79.37453084984672,43.65699216803175,1,Automobile or Station Wagon,East,1,61,Major,Use Unknown,,,Crossing - no traffic control,Normal,,Driver going straight hits pedestrian crossing without right-of-way (at intersection),,,,pedestrian,NA,Toronto Centre (13),51 Division,Moss Park,false,false,false,false,false,true,true,false,false,false,"{""coordinates"": [[-79.37453084984672, 43.65699216803175]], ""type"": ""MultiPoint""}"
12780,2016:6001284947,2016-07-22T06:30:00,LAWRENCE AVE W,WESTON RD,,2,Non-Fatal Injury,At Intersection,Traffic Signal,Turning Movement,Clear,Dawn with Artificial Lighting,Dry,Major Arterial,false,-79.51615603418945,43.7000863495448,2,Motorcycle,East,2,35,Major,Helmet,Driving properly,Normal,,,Going Ahead,,,,,motorcyclist,NA,York South-Weston (5),12 Division,Weston,true,true,false,true,false,false,false,false,false,false,"{""coordinates"": [[-79.51615603418945, 43.7000863495448]], ""type"": ""MultiPoint""}"
12781,2016:6001284947,2016-07-22T06:30:00,LAWRENCE AVE W,WESTON RD,,2,Non-Fatal Injury,At Intersection,Traffic Signal,Turning Movement,Clear,Dawn with Artificial Lighting,Dry,Major Arterial,false,-79.51615603418945,43.7000863495448,2,Automobile or Station Wagon,West,1,57,None,Lap and Shoulder Belt,Failed to yield right-of-way,Inattentive,,,Turning Left,,,,,driver,NA,York South-Weston (5),12 Division,Weston,true,true,false,true,false,false,false,false,false,false,"{""coordinates"": [[-79.51615603418945, 43.7000863495448]], ""type"": ""MultiPoint""}"
12782,2016:6001286776,2016-07-22T12:23:00,ST CLAIR AVE W,WESTON RD,,5,Non-Fatal Injury,At Intersection,Traffic Signal,Pedestrian Collision(internal code),Clear,Daylight,Dry,Major Arterial,false,-79.46758700298366,43.67246029800403,2,,Unknown,3,56,Minor,Use Unknown,,,On sidewalk or shoulder,Normal,,Driver hits pedestrian on sidewalk or shoulder,,,,pedestrian,NA,York South-Weston (5),11 Division,Junction Area,true,true,false,false,false,false,true,false,false,false,"{""coordinates"": [[-79.46758700298366, 43.67246029800403]], ""type"": ""MultiPoint""}"
12783,2016:6001286776,2016-07-22T12:23:00,ST CLAIR AVE W,WESTON RD,,5,Non-Fatal Injury,At Intersection,Traffic Signal,Pedestrian Collision(internal code),Clear,Daylight,Dry,Major Arterial,false,-79.46758700298366,43.67246029800403,2,,Unknown,1,42,Major,Use Unknown,,,On sidewalk or shoulder,Normal,,Driver hits pedestrian on sidewalk or shoulder,,,,pedestrian,NA,York South-Weston (5),11 Division,Junction Area,true,true,false,false,false,false,true,false,false,false,"{""coordinates"": [[-79.46758700298366, 43.67246029800403]], ""type"": ""MultiPoint""}"
12784,2016:6001286776,2016-07-22T12:23:00,ST CLAIR AVE W,WESTON RD,,5,Non-Fatal Injury,At Intersection,Traffic Signal,Pedestrian Collision(internal code),Clear,Daylight,Dry,Major Arterial,false,-79.46758700298366,43.67246029800403,2,Automobile or Station Wagon,West,5,29,Minimal,Lap and Shoulder Belt,Driving properly,Normal,,,Going Ahead,,,,,driver,NA,York South-Weston (5),11 Division,Junction Area,true,true,false,false,false,false,true,false,false,false,"{""coordinates"": [[-79.46758700298366, 43.67246029800403]], ""type"": ""MultiPoint""}"
12785,2016:6001286776,2016-07-22T12:23:00,ST CLAIR AVE W,WESTON RD,,5,Non-Fatal Injury,At Intersection,Traffic Signal,Pedestrian Collision(internal code),Clear,Daylight,Dry,Major Arterial,false,-79.46758700298366,43.67246029800403,2,Automobile or Station Wagon,East,4,25,Minor,Lap and Shoulder Belt,Failed to yield right-of-way,Inattentive,,,Turning Left,,,,,driver,NA,York South-Weston (5),11 Division,Junction Area,true,true,false,false,false,false,true,false,false,false,"{""coordinates"": [[-79.46758700298366, 43.67246029800403]], ""type"": ""MultiPoint""}"
12786,2016:6001286776,2016-07-22T12:23:00,ST CLAIR AVE W,WESTON RD,,5,Non-Fatal Injury,At Intersection,Traffic Signal,Pedestrian Collision(internal code),Clear,Daylight,Dry,Major Arterial,false,-79.46758700298366,43.67246029800403,2,,Unknown,2,36,Minor,Use Unknown,,,On sidewalk or shoulder,Normal,,Driver hits pedestrian on sidewalk or shoulder,,,,pedestrian,NA,York South-Weston (5),11 Division,Junction Area,true,true,false,false,false,false,true,false,false,false,"{""coordinates"": [[-79.46758700298366, 43.67246029800403]], ""type"": ""MultiPoint""}"
12787,2016:6001288485,2016-07-22T17:02:00,TRETHEWEY DR,PLATINUM DR,,2,Non-Fatal Injury,At Intersection,Stop Sign,Angle,Clear,Daylight,Dry,Minor Arterial,false,-79.49898201690154,43.697260330730344,2,Automobile or Station Wagon,South,1,51,None,Lap and Shoulder Belt,Failed to yield right-of-way,Inattentive,,,Going Ahead,,,,,driver,NA,York South-Weston (5),12 Division,Brookhaven-Amesbury,true,true,false,true,false,false,false,false,false,false,"{""coordinates"": [[-79.49898201690154, 43.697260330730344]], ""type"": ""MultiPoint""}"
12788,2016:6001288485,2016-07-22T17:02:00,TRETHEWEY DR,PLATINUM DR,,2,Non-Fatal Injury,At Intersection,Stop Sign,Angle,Clear,Daylight,Dry,Minor Arterial,false,-79.49898201690154,43.697260330730344,2,Motorcycle,East,2,42,Major,Helmet,Speed too fast for conditions,Normal,,,Going Ahead,,,,,motorcyclist,NA,York South-Weston (5),12 Division,Brookhaven-Amesbury,true,true,false,true,false,false,false,false,false,false,"{""coordinates"": [[-79.49898201690154, 43.697260330730344]], ""type"": ""MultiPoint""}"
12789,2016:6001289424,2016-07-22T19:48:00,ROYAL YORK RD,STRATH HUMBER CRT,12.5 M S of,3,Fatal Injury,At Intersection,No Control,Turning Movement,Clear,Daylight,Dry,Minor Arterial,false,-79.51758210761724,43.661375371104135,2,Motorcycle,South,1,31,Fatal,Helmet,Exceeding speed limit,Normal,,,Going Ahead,,,,,motorcyclist,47,Etobicoke Centre (2),22 Division,Edenbridge-Humber Valley,true,false,false,true,false,false,false,false,true,false,"{""coordinates"": [[-79.51758210761724, 43.661375371104135]], ""type"": ""MultiPoint""}"
12790,2016:6001289424,2016-07-22T19:48:00,ROYAL YORK RD,STRATH HUMBER CRT,12.5 M S of,3,Fatal Injury,At Intersection,No Control,Turning Movement,Clear,Daylight,Dry,Minor Arterial,false,-79.51758210761724,43.661375371104135,1,Automobile or Station Wagon,North,2,19,Minor,,Failed to yield right-of-way,Normal,,,Turning Left,,,,,driver,NA,Etobicoke Centre (2),22 Division,Edenbridge-Humber Valley,true,false,false,true,false,false,false,false,true,false,"{""coordinates"": [[-79.51758210761724, 43.661375371104135]], ""type"": ""MultiPoint""}"
12791,2016:6001289424,2016-07-22T19:48:00,ROYAL YORK RD,STRATH HUMBER CRT,12.5 M S of,3,Fatal Injury,At Intersection,No Control,Turning Movement,Clear,Daylight,Dry,Minor Arterial,false,-79.51758210761724,43.661375371104135,1,,,3,20,Major,,,,,,,,,,,passenger,NA,Etobicoke Centre (2),22 Division,Edenbridge-Humber Valley,true,false,false,true,false,false,false,false,true,false,"{""coordinates"": [[-79.51758210761724, 43.661375371104135]], ""type"": ""MultiPoint""}"
12792,2016:6001300022,2016-07-24T13:49:00,VICTORIA PARK AVE,HIGHWAY 401 C W,5 m South of,2,Non-Fatal Injury,Non-Intersection,No Control,Cyclist Collision,Clear,Daylight,Dry,Major Arterial,true,-79.31979760060082,43.768346081658606,1,Bicycle,South,1,25,None,Use Unknown,,,,,Merging,,"Cyclist without right-of-way rides into path of driver (at intersection, laneway, or driveway)",Failed to Yield Right of Way,Unknown,cyclist,NA,Don Valley East (16),33 Division,Fenside-Parkwoods,false,false,true,true,false,false,false,false,false,false,"{""coordinates"": [[-79.31979760060082, 43.768346081658606]], ""type"": ""MultiPoint""}"
12793,2016:6001300022,2016-07-24T13:49:00,VICTORIA PARK AVE,HIGHWAY 401 C W,5 m South of,2,Non-Fatal Injury,Non-Intersection,No Control,Cyclist Collision,Clear,Daylight,Dry,Major Arterial,true,-79.31979760060082,43.768346081658606,2,Motorcycle,East,2,56,Major,Use Unknown,Lost control,Normal,,,Going Ahead,,,,,motorcyclist,NA,Don Valley East (16),33 Division,Fenside-Parkwoods,false,false,true,true,false,false,false,false,false,false,"{""coordinates"": [[-79.31979760060082, 43.768346081658606]], ""type"": ""MultiPoint""}"
12794,2016:6001301961,2016-07-24T20:30:00,DANFORTH AVE,BIRCHMOUNT RD,130 m East of,2,Non-Fatal Injury,Non-Intersection,No Control,Other,Clear,Dusk,Dry,Minor Arterial,false,-79.26246258410652,43.69748500610024,1,,,2,22,Major,Equipment Not Used But Available,,,,,,,,,,passenger,NA,Scarborough Southwest (20),41 Division,Birchcliffe-Cliffside,true,false,false,false,false,false,false,false,false,false,"{""coordinates"": [[-79.26246258410652, 43.69748500610024]], ""type"": ""MultiPoint""}"
12795,2016:6001301961,2016-07-24T20:30:00,DANFORTH AVE,BIRCHMOUNT RD,130 m East of,2,Non-Fatal Injury,Non-Intersection,No Control,Other,Clear,Dusk,Dry,Minor Arterial,false,-79.26246258410652,43.69748500610024,1,Automobile or Station Wagon,West,1,23,None,Lap and Shoulder Belt,Exceeding speed limit,Had Been Drinking,,,Going Ahead,,,,,driver,NA,Scarborough Southwest (20),41 Division,Birchcliffe-Cliffside,true,false,false,false,false,false,false,false,false,false,"{""coordinates"": [[-79.26246258410652, 43.69748500610024]], ""type"": ""MultiPoint""}"
12796,2016:6001309573,2016-07-25T23:59:00,KENNEDY RD,MERRIAN RD,,2,Non-Fatal Injury,At Intersection,Traffic Signal,Cyclist Collision,Clear,Dark with Artificial Lighting,Dry,Major Arterial,false,-79.26588055422013,43.72733501230831,2,Police Vehicle,North,2,38,None,Lap and Shoulder Belt,Driving properly,Normal,,,Going Ahead,,,,,driver,NA,Scarborough Southwest (20),41 Division,Kennedy Park,false,true,true,false,false,false,false,false,false,false,"{""coordinates"": [[-79.26588055422013, 43.72733501230831]], ""type"": ""MultiPoint""}"
12797,2016:6001309573,2016-07-25T23:59:00,KENNEDY RD,MERRIAN RD,,2,Non-Fatal Injury,At Intersection,Traffic Signal,Cyclist Collision,Clear,Dark with Artificial Lighting,Dry,Major Arterial,false,-79.26588055422013,43.72733501230831,1,Bicycle,West,1,39,Major,Equipment Not Used But Available,,,,,Going Ahead,,"Cyclist without right-of-way rides into path of driver (at intersection, laneway, or driveway)",Disobeyed Traffic Control,Inattentive,cyclist,NA,Scarborough Southwest (20),41 Division,Kennedy Park,false,true,true,false,false,false,false,false,false,false,"{""coordinates"": [[-79.26588055422013, 43.72733501230831]], ""type"": ""MultiPoint""}"
12798,2016:6001310916,2016-07-26T08:36:00,WILSON HEIGHTS BLVD,CODSELL AVE,5 m South of,2,Non-Fatal Injury,At Intersection,Stop Sign,Turning Movement,Clear,Daylight,Dry,Collector,false,-79.45894984744764,43.75417525401124,2,Motorcycle,North,2,28,Major,Helmet,Driving properly,Unknown,,,Going Ahead,,,,,motorcyclist,NA,York Centre (6),32 Division,Bathurst Manor,true,false,false,true,false,false,false,false,false,false,"{""coordinates"": [[-79.45894984744764, 43.75417525401124]], ""type"": ""MultiPoint""}"
12799,2016:6001310916,2016-07-26T08:36:00,WILSON HEIGHTS BLVD,CODSELL AVE,5 m South of,2,Non-Fatal Injury,At Intersection,Stop Sign,Turning Movement,Clear,Daylight,Dry,Collector,false,-79.45894984744764,43.75417525401124,2,Automobile or Station Wagon,West,1,30,None,Lap and Shoulder Belt,Failed to yield right-of-way,Unknown,,,Turning Left,,,,,driver,NA,York Centre (6),32 Division,Bathurst Manor,true,false,false,true,false,false,false,false,false,false,"{""coordinates"": [[-79.45894984744764, 43.75417525401124]], ""type"": ""MultiPoint""}"
12800,2016:6001326720,2016-07-28T14:50:00,PARLIAMENT ST,SHUTER ST,,2,Fatal Injury,At Intersection,Traffic Signal,Pedestrian Collision(internal code),Clear,Daylight,Dry,Minor Arterial,false,-79.36499383146209,43.65693115405965,1,Truck - Dump,North,2,47,None,,Driving properly,Normal,,,Going Ahead,,,,,driver,NA,Toronto Centre (13),51 Division,Regent Park,false,false,false,false,false,true,true,false,false,true,"{""coordinates"": [[-79.36499383146209, 43.65693115405965]], ""type"": ""MultiPoint""}"
12801,2016:6001326720,2016-07-28T14:50:00,PARLIAMENT ST,SHUTER ST,,2,Fatal Injury,At Intersection,Traffic Signal,Pedestrian Collision(internal code),Clear,Daylight,Dry,Minor Arterial,false,-79.36499383146209,43.65693115405965,0,,West,1,82,Fatal,,,,Crossing without right-of-way (intersection),Normal,,Driver going straight hits pedestrian crossing without right-of-way (at intersection),,,,pedestrian,49,Toronto Centre (13),51 Division,Regent Park,false,false,false,false,false,true,true,false,false,true,"{""coordinates"": [[-79.36499383146209, 43.65693115405965]], ""type"": ""MultiPoint""}"
12802,2016:6001358700,2016-08-02T17:45:00,FRONT ST E,YONGE ST,5 m North of,2,Non-Fatal Injury,Intersection-Related,Traffic Signal,Rear End,Clear,Daylight,Dry,Major Arterial,false,-79.37693386987299,43.64681017366543,2,Motorcycle,East,2,19,Major,Helmet,Driving properly,Normal,,,Going Ahead,,,,,motorcyclist,NA,Toronto Centre (13),51 Division,St Lawrence-East Bayfront-The Islands,true,false,false,true,false,false,false,false,true,false,"{""coordinates"": [[-79.37693386987299, 43.64681017366543]], ""type"": ""MultiPoint""}"
12803,2016:6001333715,2016-07-29T16:45:00,JANE ST,SHOREHAM DR,121 m North of,2,Non-Fatal Injury,Non-Intersection,No Control,Cyclist Collision,Clear,Daylight,Dry,Major Arterial,false,-79.52058092216966,43.769674323289834,2,Bicycle,East,1,33,None,Lap and Shoulder Belt,,,,,Going Ahead,,"Cyclist without right-of-way rides into path of driver (at intersection, laneway, or driveway)",Failed to Yield Right of Way,Inattentive,cyclist,NA,Humber River-Black Creek (7),31 Division,Black Creek,false,true,true,false,false,false,false,false,false,false,"{""coordinates"": [[-79.52058092216966, 43.769674323289834]], ""type"": ""MultiPoint""}"
12804,2016:6001333715,2016-07-29T16:45:00,JANE ST,SHOREHAM DR,121 m North of,2,Non-Fatal Injury,Non-Intersection,No Control,Cyclist Collision,Clear,Daylight,Dry,Major Arterial,false,-79.52058092216966,43.769674323289834,2,Automobile or Station Wagon,South,2,54,Major,No Equipment Available,Driving properly,Normal,,,Going Ahead,,,,,driver,NA,Humber River-Black Creek (7),31 Division,Black Creek,false,true,true,false,false,false,false,false,false,false,"{""coordinates"": [[-79.52058092216966, 43.769674323289834]], ""type"": ""MultiPoint""}"
12805,2016:6001334259,2016-07-29T18:25:00,KINGSTON RD,GUILDCREST DR,,4,Fatal Injury,At Intersection,No Control,Pedestrian Collision(internal code),Clear,Daylight,Dry,Major Arterial,false,-79.20763744249085,43.74784994976404,2,Municipal Transit Bus (TTC),West,2,30,None,,Driving properly,Unknown,,,Going Ahead,,,,,driver,NA,Scarborough-Guildwood (24),43 Division,Guildwood,true,false,false,false,false,false,true,false,false,true,"{""coordinates"": [[-79.20763744249085, 43.74784994976404]], ""type"": ""MultiPoint""}"
12806,2016:6001334259,2016-07-29T18:25:00,KINGSTON RD,GUILDCREST DR,,4,Fatal Injury,At Intersection,No Control,Pedestrian Collision(internal code),Clear,Daylight,Dry,Major Arterial,false,-79.20763744249085,43.74784994976404,0,,East,4,64,Minimal,,,,Crossing with right-of-way (intersection),Unknown,,Driver going straight hits pedestrian crossing with right-of-way (at intersection),,,,pedestrian,NA,Scarborough-Guildwood (24),43 Division,Guildwood,true,false,false,false,false,false,true,false,false,true,"{""coordinates"": [[-79.20763744249085, 43.74784994976404]], ""type"": ""MultiPoint""}"
12807,2016:6001334259,2016-07-29T18:25:00,KINGSTON RD,GUILDCREST DR,,4,Fatal Injury,At Intersection,No Control,Pedestrian Collision(internal code),Clear,Daylight,Dry,Major Arterial,false,-79.20763744249085,43.74784994976404,1,Automobile or Station Wagon,North,1,26,None,,Failed to yield right-of-way,Normal,,,Going Ahead,,,,,driver,NA,Scarborough-Guildwood (24),43 Division,Guildwood,true,false,false,false,false,false,true,false,false,true,"{""coordinates"": [[-79.20763744249085, 43.74784994976404]], ""type"": ""MultiPoint""}"
12808,2016:6001334259,2016-07-29T18:25:00,KINGSTON RD,GUILDCREST DR,,4,Fatal Injury,At Intersection,No Control,Pedestrian Collision(internal code),Clear,Daylight,Dry,Major Arterial,false,-79.20763744249085,43.74784994976404,0,,East,3,61,Fatal,,,,Crossing with right-of-way (intersection),Unknown,,Driver going straight hits pedestrian crossing with right-of-way (at intersection),,,,pedestrian,48,Scarborough-Guildwood (24),43 Division,Guildwood,true,false,false,false,false,false,true,false,false,true,"{""coordinates"": [[-79.20763744249085, 43.74784994976404]], ""type"": ""MultiPoint""}"
12809,2016:6001341956,2016-07-30T22:48:00,PARK LAWN RD,THE QUEENSWAY,,2,Non-Fatal Injury,At Intersection,Traffic Signal,SMV Other,Clear,Dark with Artificial Lighting,Dry,Major Arterial,false,-79.49032212500326,43.628976350994215,1,,,2,17,Major,Use Unknown,,,,,,,,,,passenger,NA,Etobicoke-Lakeshore (3),22 Division,Stonegate-Queensway,true,false,false,false,false,false,false,false,true,false,"{""coordinates"": [[-79.49032212500326, 43.628976350994215]], ""type"": ""MultiPoint""}"
12810,2016:6001341956,2016-07-30T22:48:00,PARK LAWN RD,THE QUEENSWAY,,2,Non-Fatal Injury,At Intersection,Traffic Signal,SMV Other,Clear,Dark with Artificial Lighting,Dry,Major Arterial,false,-79.49032212500326,43.628976350994215,1,Automobile or Station Wagon,North,1,17,Major,Use Unknown,Failed to yield right-of-way,Unknown,,,Turning Right,,,,,driver,NA,Etobicoke-Lakeshore (3),22 Division,Stonegate-Queensway,true,false,false,false,false,false,false,false,true,false,"{""coordinates"": [[-79.49032212500326, 43.628976350994215]], ""type"": ""MultiPoint""}"
12811,2016:6001345276,2016-07-31T13:55:00,MORNINGSIDE AVE,ELLESMERE RD,282 m South of,3,Non-Fatal Injury,Non-Intersection,No Control,Turning Movement,Rain,Daylight,Wet,Major Arterial,false,-79.192378395718407,43.78297194224952,2,,,3,28,None,Lap and Shoulder Belt,,,,,,,,,,passenger,NA,Scarborough-Guildwood (24),43 Division,Morningside,true,true,false,false,false,false,false,false,false,false,"{""coordinates"": [[-79.1923783957184, 43.782971942249524]], ""type"": ""MultiPoint""}"
12812,2016:6001345276,2016-07-31T13:55:00,MORNINGSIDE AVE,ELLESMERE RD,282 m South of,3,Non-Fatal Injury,Non-Intersection,No Control,Turning Movement,Rain,Daylight,Wet,Major Arterial,false,-79.192378395718407,43.78297194224952,2,Automobile or Station Wagon,North,2,29,None,Lap and Shoulder Belt,Driving properly,Normal,,,Going Ahead,,,,,driver,NA,Scarborough-Guildwood (24),43 Division,Morningside,true,true,false,false,false,false,false,false,false,false,"{""coordinates"": [[-79.1923783957184, 43.782971942249524]], ""type"": ""MultiPoint""}"
12813,2016:6001345276,2016-07-31T13:55:00,MORNINGSIDE AVE,ELLESMERE RD,282 m South of,3,Non-Fatal Injury,Non-Intersection,No Control,Turning Movement,Rain,Daylight,Wet,Major Arterial,false,-79.192378395718407,43.78297194224952,1,Automobile or Station Wagon,North,1,61,Major,Lap and Shoulder Belt,Disobeyed traffic control,Inattentive,,,Making U-Turn,,,,,driver,NA,Scarborough-Guildwood (24),43 Division,Morningside,true,true,false,false,false,false,false,false,false,false,"{""coordinates"": [[-79.1923783957184, 43.782971942249524]], ""type"": ""MultiPoint""}"
12814,2016:6001348693,2016-08-01T01:56:00,MORNINGSIDE AVE,HALFWAY AVE,15 m East of,6,Non-Fatal Injury,At Intersection,No Control,Rear End,Clear,Dark with Artificial Lighting,Dry,Minor Arterial,false,-79.21368739877343,43.81784597041206,1,Automobile or Station Wagon,West,1,21,None,Lap and Shoulder Belt,Following too closely,Normal,,,Going Ahead,,,,,driver,NA,Scarborough-Rouge Park (25),42 Division,Malvern East,true,false,false,false,false,false,false,false,true,true,"{""coordinates"": [[-79.21368739877343, 43.81784597041206]], ""type"": ""MultiPoint""}"