X_id,collision_id,accdate,stname1,stname2,stname3,per_inv,acclass,accloc,traffictl,impactype,visible,light,rdsfcond,road_class,failtorem,longitude,latitude,veh_no,vehtype,initdir,per_no,invage,injury,safequip,drivact,drivcond,pedact,pedcond,manoeuvre,pedtype,cyclistype,cycact,cyccond,road_user,fatal_no,wardname,division,neighbourhood,aggressive,distracted,cyclist,motorcyclist,other_micromobility,older_adult,pedestrian,red_light,school_child,heavy_truck,geometry
13165,2016:6002090598,2016-11-25T02:51:00,FINCH AVE E,MIDLAND AVE,,6,Non-Fatal Injury,At Intersection,Traffic Signal,Turning Movement,"Airborne Matter (Fog, Mist, Smoke, Dust)",Dark with Artificial Lighting,Wet,Major Arterial,false,-79.28625051439592,43.803678044269155,1,Automobile or Station Wagon,West,1,20,None,Use Unknown,Exceeding speed limit,Normal,,,Going Ahead,,,,,driver,NA,Scarborough North (23),42 Division,Agincourt North,true,false,false,false,false,false,false,false,true,false,"{""coordinates"": [[-79.28625051439592, 43.803678044269155]], ""type"": ""MultiPoint""}"
13166,2016:6002093548,2016-11-25T14:03:00,DUNDAS ST W,CORDOVA AVE,34 m East of,6,Non-Fatal Injury,Intersection-Related,No Control,Approaching Head On,Clear,Daylight,Dry,Major Arterial,false,-79.52839314448646,43.64905339067564,4,Automobile or Station Wagon,East,4,22,None,Lap and Shoulder Belt,Driving properly,Normal,,,Going Ahead,,,,,driver,NA,Etobicoke-Lakeshore (3),22 Division,Islington,false,false,false,false,false,true,false,false,false,false,"{""coordinates"": [[-79.52839314448646, 43.64905339067564]], ""type"": ""MultiPoint""}"
13167,2016:6002093548,2016-11-25T14:03:00,DUNDAS ST W,CORDOVA AVE,34 m East of,6,Non-Fatal Injury,Intersection-Related,No Control,Approaching Head On,Clear,Daylight,Dry,Major Arterial,false,-79.52839314448646,43.64905339067564,2,,,6,77,Minor,Lap and Shoulder Belt,,,,,,,,,,passenger,NA,Etobicoke-Lakeshore (3),22 Division,Islington,false,false,false,false,false,true,false,false,false,false,"{""coordinates"": [[-79.52839314448646, 43.64905339067564]], ""type"": ""MultiPoint""}"
13168,2016:6002093548,2016-11-25T14:03:00,DUNDAS ST W,CORDOVA AVE,34 m East of,6,Non-Fatal Injury,Intersection-Related,No Control,Approaching Head On,Clear,Daylight,Dry,Major Arterial,false,-79.52839314448646,43.64905339067564,3,Automobile or Station Wagon,East,3,55,Minor,Lap and Shoulder Belt,Driving properly,Normal,,,Going Ahead,,,,,driver,NA,Etobicoke-Lakeshore (3),22 Division,Islington,false,false,false,false,false,true,false,false,false,false,"{""coordinates"": [[-79.52839314448646, 43.64905339067564]], ""type"": ""MultiPoint""}"
13169,2016:6002093548,2016-11-25T14:03:00,DUNDAS ST W,CORDOVA AVE,34 m East of,6,Non-Fatal Injury,Intersection-Related,No Control,Approaching Head On,Clear,Daylight,Dry,Major Arterial,false,-79.52839314448646,43.64905339067564,2,,,5,69,Minor,Lap and Shoulder Belt,,,,,,,,,,passenger,NA,Etobicoke-Lakeshore (3),22 Division,Islington,false,false,false,false,false,true,false,false,false,false,"{""coordinates"": [[-79.52839314448646, 43.64905339067564]], ""type"": ""MultiPoint""}"
13170,2016:6002093548,2016-11-25T14:03:00,DUNDAS ST W,CORDOVA AVE,34 m East of,6,Non-Fatal Injury,Intersection-Related,No Control,Approaching Head On,Clear,Daylight,Dry,Major Arterial,false,-79.52839314448646,43.64905339067564,1,Automobile or Station Wagon,West,1,42,Minor,Lap and Shoulder Belt,Lost control,Unknown,,,Going Ahead,,,,,driver,NA,Etobicoke-Lakeshore (3),22 Division,Islington,false,false,false,false,false,true,false,false,false,false,"{""coordinates"": [[-79.52839314448646, 43.64905339067564]], ""type"": ""MultiPoint""}"
13171,2016:6002093548,2016-11-25T14:03:00,DUNDAS ST W,CORDOVA AVE,34 m East of,6,Non-Fatal Injury,Intersection-Related,No Control,Approaching Head On,Clear,Daylight,Dry,Major Arterial,false,-79.52839314448646,43.64905339067564,2,Automobile or Station Wagon,East,2,85,Major,Air Bag Deployed,Driving properly,Normal,,,Going Ahead,,,,,driver,NA,Etobicoke-Lakeshore (3),22 Division,Islington,false,false,false,false,false,true,false,false,false,false,"{""coordinates"": [[-79.52839314448646, 43.64905339067564]], ""type"": ""MultiPoint""}"
13172,2016:6002100980,2016-11-26T18:07:00,YORK MILLS RD,SCARSDALE RD,8 m West of,3,Non-Fatal Injury,At Intersection,Traffic Signal,Pedestrian Collision(internal code),Rain,Dark with Artificial Lighting,Wet,Major Arterial,false,-79.35745667780967,43.7534201278658,1,,South,3,65,Minor,No Equipment Available,,,Crossing with right-of-way (intersection),Unknown,,Driver turns left into pedestrian crossing with right-of-way (at intersection),,,,pedestrian,NA,Don Valley East (16),33 Division,Banbury-Don Mills,true,true,false,false,false,true,true,false,false,false,"{""coordinates"": [[-79.35745667780967, 43.7534201278658]], ""type"": ""MultiPoint""}"
13173,2016:6002100980,2016-11-26T18:07:00,YORK MILLS RD,SCARSDALE RD,8 m West of,3,Non-Fatal Injury,At Intersection,Traffic Signal,Pedestrian Collision(internal code),Rain,Dark with Artificial Lighting,Wet,Major Arterial,false,-79.35745667780967,43.7534201278658,1,,South,2,64,Major,No Equipment Available,,,Crossing with right-of-way (intersection),Normal,,Driver turns left into pedestrian crossing with right-of-way (at intersection),,,,pedestrian,NA,Don Valley East (16),33 Division,Banbury-Don Mills,true,true,false,false,false,true,true,false,false,false,"{""coordinates"": [[-79.35745667780967, 43.7534201278658]], ""type"": ""MultiPoint""}"
13174,2016:6002100980,2016-11-26T18:07:00,YORK MILLS RD,SCARSDALE RD,8 m West of,3,Non-Fatal Injury,At Intersection,Traffic Signal,Pedestrian Collision(internal code),Rain,Dark with Artificial Lighting,Wet,Major Arterial,false,-79.35745667780967,43.7534201278658,1,Automobile or Station Wagon,North,1,43,None,Lap and Shoulder Belt,Failed to yield right-of-way,Inattentive,,,Turning Left,,,,,driver,NA,Don Valley East (16),33 Division,Banbury-Don Mills,true,true,false,false,false,true,true,false,false,false,"{""coordinates"": [[-79.35745667780967, 43.7534201278658]], ""type"": ""MultiPoint""}"
13175,2016:6002108596,2016-11-28T01:24:00,1595 BATHURST ST,LONSMOUNT DR,63 m North of,2,Non-Fatal Injury,Non-Intersection,No Control,Pedestrian Collision(internal code),Clear,Dark with Artificial Lighting,Dry,Major Arterial,false,-79.42100888649978,43.689775226023734,1,,West,2,71,Major,No Equipment Available,,,Crossing - no traffic control,Had Been Drinking,,Driver hits pedestrian at midblock,,,,pedestrian,NA,Toronto-St. Paul's (12),13 Division,Humewood-Cedarvale,false,false,false,false,false,true,true,false,false,false,"{""coordinates"": [[-79.42100888649978, 43.689775226023734]], ""type"": ""MultiPoint""}"
13176,2016:6002108596,2016-11-28T01:24:00,1595 BATHURST ST,LONSMOUNT DR,63 m North of,2,Non-Fatal Injury,Non-Intersection,No Control,Pedestrian Collision(internal code),Clear,Dark with Artificial Lighting,Dry,Major Arterial,false,-79.42100888649978,43.689775226023734,1,Automobile or Station Wagon,South,1,61,None,Lap and Shoulder Belt,Driving properly,Normal,,,Going Ahead,,,,,driver,NA,Toronto-St. Paul's (12),13 Division,Humewood-Cedarvale,false,false,false,false,false,true,true,false,false,false,"{""coordinates"": [[-79.42100888649978, 43.689775226023734]], ""type"": ""MultiPoint""}"
13177,2016:6002114627,2016-11-28T21:53:00,BLOOR ST E,PARLIAMENT ST,,4,Fatal Injury,At Intersection,Traffic Signal,SMV Other,Clear,Dark,Dry,Major Arterial,false,-79.37065482003375,43.671934159469835,0,,,4,20,Major,,,,,,,,,,,passenger,NA,Toronto Centre (13),51 Division,Cabbagetown-South St.James Town,false,false,false,false,false,false,false,false,false,false,"{""coordinates"": [[-79.37065482003375, 43.671934159469835]], ""type"": ""MultiPoint""}"
13178,2016:6002114627,2016-11-28T21:53:00,BLOOR ST E,PARLIAMENT ST,,4,Fatal Injury,At Intersection,Traffic Signal,SMV Other,Clear,Dark,Dry,Major Arterial,false,-79.37065482003375,43.671934159469835,0,,,2,25,Fatal,,,,,,,,,,,passenger,74,Toronto Centre (13),51 Division,Cabbagetown-South St.James Town,false,false,false,false,false,false,false,false,false,false,"{""coordinates"": [[-79.37065482003375, 43.671934159469835]], ""type"": ""MultiPoint""}"
13179,2016:6002114627,2016-11-28T21:53:00,BLOOR ST E,PARLIAMENT ST,,4,Fatal Injury,At Intersection,Traffic Signal,SMV Other,Clear,Dark,Dry,Major Arterial,false,-79.37065482003375,43.671934159469835,0,,,3,20,Minor,,,,,,,,,,,passenger,NA,Toronto Centre (13),51 Division,Cabbagetown-South St.James Town,false,false,false,false,false,false,false,false,false,false,"{""coordinates"": [[-79.37065482003375, 43.671934159469835]], ""type"": ""MultiPoint""}"
13180,2016:6002114627,2016-11-28T21:53:00,BLOOR ST E,PARLIAMENT ST,,4,Fatal Injury,At Intersection,Traffic Signal,SMV Other,Clear,Dark,Dry,Major Arterial,false,-79.37065482003375,43.671934159469835,0,Automobile or Station Wagon,East,1,23,None,,Lost control,Ability Impaired - Drugs,,,Going Ahead,,,,,driver,NA,Toronto Centre (13),51 Division,Cabbagetown-South St.James Town,false,false,false,false,false,false,false,false,false,false,"{""coordinates"": [[-79.37065482003375, 43.671934159469835]], ""type"": ""MultiPoint""}"
13181,2016:6002116209,2016-11-29T07:20:00,THE EAST MALL,RATHBURN RD,100 m North of,3,Non-Fatal Injury,Non-Intersection,No Control,Pedestrian Collision(internal code),Rain,Dawn with Artificial Lighting,Wet,Minor Arterial,false,-79.56501417912672,43.65601543154846,1,,,3,53,None,Use Unknown,,,,,,,,,,passenger,NA,Etobicoke Centre (2),22 Division,Eringate-Centennial-West Deane,false,false,false,false,false,true,true,false,false,false,"{""coordinates"": [[-79.56501417912672, 43.65601543154846]], ""type"": ""MultiPoint""}"
13182,2016:6002116209,2016-11-29T07:20:00,THE EAST MALL,RATHBURN RD,100 m North of,3,Non-Fatal Injury,Non-Intersection,No Control,Pedestrian Collision(internal code),Rain,Dawn with Artificial Lighting,Wet,Minor Arterial,false,-79.56501417912672,43.65601543154846,1,Automobile or Station Wagon,South,1,56,None,Use Unknown,Driving properly,Normal,,,Going Ahead,,,,,driver,NA,Etobicoke Centre (2),22 Division,Eringate-Centennial-West Deane,false,false,false,false,false,true,true,false,false,false,"{""coordinates"": [[-79.56501417912672, 43.65601543154846]], ""type"": ""MultiPoint""}"
13183,2016:6002116209,2016-11-29T07:20:00,THE EAST MALL,RATHBURN RD,100 m North of,3,Non-Fatal Injury,Non-Intersection,No Control,Pedestrian Collision(internal code),Rain,Dawn with Artificial Lighting,Wet,Minor Arterial,false,-79.56501417912672,43.65601543154846,1,,West,2,71,Major,Use Unknown,,,Crossing - no traffic control,Normal,,Driver hits pedestrian at midblock,,,,pedestrian,NA,Etobicoke Centre (2),22 Division,Eringate-Centennial-West Deane,false,false,false,false,false,true,true,false,false,false,"{""coordinates"": [[-79.56501417912672, 43.65601543154846]], ""type"": ""MultiPoint""}"
13184,2016:6002121630,2016-11-29T22:08:00,BENTWORTH AVE,DUFFERIN ST,9 m East of,2,Non-Fatal Injury,At Intersection,Traffic Signal,Pedestrian Collision(internal code),Clear,Dark with Artificial Lighting,Dry,Major Arterial,false,-79.45640189690131,43.72170426270371,1,Automobile or Station Wagon,East,1,37,None,Lap and Shoulder Belt,Failed to yield right-of-way,Inattentive,,,Turning Left,,,,,driver,NA,Eglinton-Lawrence (8),32 Division,Yorkdale-Glen Park,true,true,false,false,false,false,true,false,false,false,"{""coordinates"": [[-79.45640189690131, 43.72170426270371]], ""type"": ""MultiPoint""}"
13185,2016:6002121630,2016-11-29T22:08:00,BENTWORTH AVE,DUFFERIN ST,9 m East of,2,Non-Fatal Injury,At Intersection,Traffic Signal,Pedestrian Collision(internal code),Clear,Dark with Artificial Lighting,Dry,Major Arterial,false,-79.45640189690131,43.72170426270371,1,,West,2,25,Major,No Equipment Available,,,Crossing with right-of-way (intersection),Normal,,Driver turns left into pedestrian crossing with right-of-way (at intersection),,,,pedestrian,NA,Eglinton-Lawrence (8),32 Division,Yorkdale-Glen Park,true,true,false,false,false,false,true,false,false,false,"{""coordinates"": [[-79.45640189690131, 43.72170426270371]], ""type"": ""MultiPoint""}"
13186,2016:6002127930,2016-11-30T21:06:00,CONCORDE GT,CONCORDE PL,300 m East of,2,Non-Fatal Injury,At/Near Private Drive,No Control,Pedestrian Collision(internal code),Rain,Dark with Artificial Lighting,Wet,Collector,false,-79.32835766072438,43.72928409351201,1,Automobile or Station Wagon,West,1,38,None,Lap and Shoulder Belt,Speed too fast for conditions,Normal,,,Going Ahead,,,,,driver,NA,Don Valley East (16),33 Division,Banbury-Don Mills,true,false,false,false,false,true,true,false,false,false,"{""coordinates"": [[-79.32835766072438, 43.72928409351201]], ""type"": ""MultiPoint""}"
13187,2016:6002127930,2016-11-30T21:06:00,CONCORDE GT,CONCORDE PL,300 m East of,2,Non-Fatal Injury,At/Near Private Drive,No Control,Pedestrian Collision(internal code),Rain,Dark with Artificial Lighting,Wet,Collector,false,-79.32835766072438,43.72928409351201,1,,North,2,65,Major,Use Unknown,,,Crossing without right-of-way (intersection),Normal,,Driver going straight hits pedestrian crossing without right-of-way (at intersection),,,,pedestrian,NA,Don Valley East (16),33 Division,Banbury-Don Mills,true,false,false,false,false,true,true,false,false,false,"{""coordinates"": [[-79.32835766072438, 43.72928409351201]], ""type"": ""MultiPoint""}"
13188,2016:6002131954,2016-12-01T13:35:00,COSBURN AVE,CEDARVALE AVE,,2,Fatal Injury,At Intersection,Pedestrian Crossover,Pedestrian Collision(internal code),Clear,Daylight,Dry,Collector,false,-79.3156166822631,43.69675207907848,0,,North,2,69,Fatal,,,,Crossing - pedestrian crossover,Normal,,Driver hits pedestrian at PXO/pedestrian midblock signal,,,,pedestrian,75,Beaches-East York (19),55 Division,Woodbine-Lumsden,true,true,false,false,false,true,true,false,false,false,"{""coordinates"": [[-79.3156166822631, 43.69675207907848]], ""type"": ""MultiPoint""}"
13189,2016:6002131954,2016-12-01T13:35:00,COSBURN AVE,CEDARVALE AVE,,2,Fatal Injury,At Intersection,Pedestrian Crossover,Pedestrian Collision(internal code),Clear,Daylight,Dry,Collector,false,-79.3156166822631,43.69675207907848,1,Pickup Truck,South,1,60,None,,Failed to yield right-of-way,Inattentive,,,Turning Left,,,,,driver,NA,Beaches-East York (19),55 Division,Woodbine-Lumsden,true,true,false,false,false,true,true,false,false,false,"{""coordinates"": [[-79.3156166822631, 43.69675207907848]], ""type"": ""MultiPoint""}"
13190,2016:6002135820,2016-12-02T02:46:00,PORTLAND ST,ADELAIDE ST W,18 m North of,2,Non-Fatal Injury,Intersection-Related,No Control,SMV Unattended Vehicle,Clear,Dark with Artificial Lighting,Dry,Major Arterial,false,-79.40059291816573,43.645658209216094,1,Automobile or Station Wagon,North,1,21,Major,Use Unknown,Lost control,Unknown,,,Going Ahead,,,,,driver,NA,Spadina-Fort York (10),14 Division,Wellington Place,false,false,false,false,false,false,false,false,false,false,"{""coordinates"": [[-79.40059291816573, 43.645658209216094]], ""type"": ""MultiPoint""}"
13191,2016:6002135820,2016-12-02T02:46:00,PORTLAND ST,ADELAIDE ST W,18 m North of,2,Non-Fatal Injury,Intersection-Related,No Control,SMV Unattended Vehicle,Clear,Dark with Artificial Lighting,Dry,Major Arterial,false,-79.40059291816573,43.645658209216094,1,,,2,21,Minor,Use Unknown,,,,,,,,,,passenger,NA,Spadina-Fort York (10),14 Division,Wellington Place,false,false,false,false,false,false,false,false,false,false,"{""coordinates"": [[-79.40059291816573, 43.645658209216094]], ""type"": ""MultiPoint""}"
13192,2016:6002143224,2016-12-03T07:08:00,VICTORIA PARK AVE,YORK MILLS RD,50 m North of,2,Non-Fatal Injury,Non-Intersection,No Control,Pedestrian Collision(internal code),Clear,Dawn with Artificial Lighting,Dry,Major Arterial,false,-79.31767660171107,43.7633800788378,1,,East,2,50,Major,Use Unknown,,,Crossing - no traffic control,Had Been Drinking,,Driver hits pedestrian at midblock,,,,pedestrian,NA,Scarborough Centre (21),41 Division,Wexford/Maryvale,false,false,false,false,false,false,true,false,false,false,"{""coordinates"": [[-79.31767660171107, 43.7633800788378]], ""type"": ""MultiPoint""}"
13193,2016:6002143224,2016-12-03T07:08:00,VICTORIA PARK AVE,YORK MILLS RD,50 m North of,2,Non-Fatal Injury,Non-Intersection,No Control,Pedestrian Collision(internal code),Clear,Dawn with Artificial Lighting,Dry,Major Arterial,false,-79.31767660171107,43.7633800788378,1,Automobile or Station Wagon,North,1,47,None,Lap and Shoulder Belt,Driving properly,Normal,,,Going Ahead,,,,,driver,NA,Scarborough Centre (21),41 Division,Wexford/Maryvale,false,false,false,false,false,false,true,false,false,false,"{""coordinates"": [[-79.31767660171107, 43.7633800788378]], ""type"": ""MultiPoint""}"
13194,2016:6002149111,2016-12-04T07:06:00,SCARBOROUGH GOLF CLUB RD,KINGSTON RD,15 m South of,3,Non-Fatal Injury,At Intersection,Traffic Signal,Angle,Clear,Dawn,Dry,Major Arterial,false,-79.20931644686871,43.74592695114269,2,,,3,34,Major,Lap and Shoulder Belt,,,,,,,,,,passenger,NA,Scarborough-Guildwood (24),43 Division,Guildwood,true,false,false,false,false,false,false,true,true,false,"{""coordinates"": [[-79.20931644686871, 43.74592695114269]], ""type"": ""MultiPoint""}"
13195,2016:6002149111,2016-12-04T07:06:00,SCARBOROUGH GOLF CLUB RD,KINGSTON RD,15 m South of,3,Non-Fatal Injury,At Intersection,Traffic Signal,Angle,Clear,Dawn,Dry,Major Arterial,false,-79.20931644686871,43.74592695114269,1,Automobile or Station Wagon,West,1,18,None,Use Unknown,Disobeyed traffic control,Ability Impaired - Alcohol Over .08,,,Going Ahead,,,,,driver,NA,Scarborough-Guildwood (24),43 Division,Guildwood,true,false,false,false,false,false,false,true,true,false,"{""coordinates"": [[-79.20931644686871, 43.74592695114269]], ""type"": ""MultiPoint""}"
13196,2016:6002149111,2016-12-04T07:06:00,SCARBOROUGH GOLF CLUB RD,KINGSTON RD,15 m South of,3,Non-Fatal Injury,At Intersection,Traffic Signal,Angle,Clear,Dawn,Dry,Major Arterial,false,-79.20931644686871,43.74592695114269,2,Automobile or Station Wagon,South,2,55,Minor,Lap and Shoulder Belt,Driving properly,Normal,,,Going Ahead,,,,,driver,NA,Scarborough-Guildwood (24),43 Division,Guildwood,true,false,false,false,false,false,false,true,true,false,"{""coordinates"": [[-79.20931644686871, 43.74592695114269]], ""type"": ""MultiPoint""}"
13197,2016:6002195471,2016-12-11T15:14:00,BLACK CREEK DR,LAWRENCE AVE W,300 m South of,2,Non-Fatal Injury,Non-Intersection,No Control,SMV Other,Snow,Daylight,Loose Snow,Major Arterial,false,-79.49175699269927,43.70330231794845,1,Automobile or Station Wagon,North,1,79,Major,Equipment Not Used But Available,Lost control,Normal,,,Going Ahead,,,,,driver,NA,York South-Weston (5),12 Division,Brookhaven-Amesbury,false,false,false,false,false,true,false,false,false,false,"{""coordinates"": [[-79.49175699269927, 43.70330231794845]], ""type"": ""MultiPoint""}"
13198,2016:6002153175,2016-12-04T23:15:00,CARLTON STREET,HOMEWOOD AVENUE,,2,Non-Fatal Injury,At Intersection,No Control,Pedestrian Collision(internal code),Rain,Dark with Artificial Lighting,Wet,Minor Arterial,false,-79.37430984052934,43.66290816651759,1,,South,2,28,Major,Use Unknown,,,Crossing with right-of-way (intersection),Normal,,Driver turns left into pedestrian crossing with right-of-way (at intersection),,,,pedestrian,NA,Toronto Centre (13),51 Division,Moss Park,true,true,false,false,false,true,true,false,false,false,"{""coordinates"": [[-79.37430984052934, 43.66290816651759]], ""type"": ""MultiPoint""}"
13199,2016:6002153175,2016-12-04T23:15:00,CARLTON STREET,HOMEWOOD AVENUE,,2,Non-Fatal Injury,At Intersection,No Control,Pedestrian Collision(internal code),Rain,Dark with Artificial Lighting,Wet,Minor Arterial,false,-79.37430984052934,43.66290816651759,1,Automobile or Station Wagon,East,1,78,None,Lap and Shoulder Belt,Failed to yield right-of-way,Inattentive,,,Turning Left,,,,,driver,NA,Toronto Centre (13),51 Division,Moss Park,true,true,false,false,false,true,true,false,false,false,"{""coordinates"": [[-79.37430984052934, 43.66290816651759]], ""type"": ""MultiPoint""}"
13200,2016:6002160952,2016-12-06T07:12:00,BATHURST ST,REINER RD,,2,Fatal Injury,At Intersection,No Control,Pedestrian Collision(internal code),Clear,Daylight,Dry,Major Arterial,false,-79.43774781358933,43.75266822788674,0,,East,1,87,Fatal,,,,Crossing - no traffic control,Unknown,,Driver hits pedestrian at midblock,,,,pedestrian,76,York Centre (6),32 Division,Lansing-Westgate,false,false,false,false,false,true,true,false,false,false,"{""coordinates"": [[-79.43774781358933, 43.75266822788674]], ""type"": ""MultiPoint""}"
13201,2016:6002160952,2016-12-06T07:12:00,BATHURST ST,REINER RD,,2,Fatal Injury,At Intersection,No Control,Pedestrian Collision(internal code),Clear,Daylight,Dry,Major Arterial,false,-79.43774781358933,43.75266822788674,0,Automobile or Station Wagon,North,2,54,None,,Driving properly,Unknown,,,Going Ahead,,,,,driver,NA,York Centre (6),32 Division,Lansing-Westgate,false,false,false,false,false,true,true,false,false,false,"{""coordinates"": [[-79.43774781358933, 43.75266822788674]], ""type"": ""MultiPoint""}"
13202,2016:6002164193,2016-12-06T15:35:00,BLOOR ST W,ALBANY AVE,,2,Non-Fatal Injury,At Intersection,No Control,Cyclist Collision,Clear,Daylight,Dry,Major Arterial,true,-79.40995390516191,43.66531521760464,1,Automobile or Station Wagon,East,1,NA,None,Use Unknown,Failed to yield right-of-way,Inattentive,,,Turning Left,,,,,driver,NA,University-Rosedale (11),14 Division,University,true,true,true,false,false,true,false,false,false,false,"{""coordinates"": [[-79.40995390516191, 43.66531521760464]], ""type"": ""MultiPoint""}"
13203,2016:6002164193,2016-12-06T15:35:00,BLOOR ST W,ALBANY AVE,,2,Non-Fatal Injury,At Intersection,No Control,Cyclist Collision,Clear,Daylight,Dry,Major Arterial,true,-79.40995390516191,43.66531521760464,2,Bicycle,West,2,66,Major,Helmet,,,,,Going Ahead,,Driver turns left into path of cyclist,Driving Properly,Normal,cyclist,NA,University-Rosedale (11),14 Division,University,true,true,true,false,false,true,false,false,false,false,"{""coordinates"": [[-79.40995390516191, 43.66531521760464]], ""type"": ""MultiPoint""}"
13204,2016:6002165166,2016-12-06T18:36:00,DUFFERIN ST,KING ST W,,2,Non-Fatal Injury,At Intersection,Traffic Signal,Pedestrian Collision(internal code),Rain,Dark with Artificial Lighting,Wet,Major Arterial,false,-79.42733398192473,43.638887251324626,1,,South,1,84,Major,Use Unknown,,,Crossing without right-of-way (intersection),Inattentive,,Driver turns left into pedestrian crossing without right-of-way (at intersection),,,,pedestrian,NA,Spadina-Fort York (10),14 Division,South Parkdale,false,true,false,false,false,true,true,false,false,false,"{""coordinates"": [[-79.42733398192473, 43.638887251324626]], ""type"": ""MultiPoint""}"
13205,2016:6002165166,2016-12-06T18:36:00,DUFFERIN ST,KING ST W,,2,Non-Fatal Injury,At Intersection,Traffic Signal,Pedestrian Collision(internal code),Rain,Dark with Artificial Lighting,Wet,Major Arterial,false,-79.42733398192473,43.638887251324626,1,Automobile or Station Wagon,South,2,23,None,Lap and Shoulder Belt,Driving properly,Normal,,,Turning Left,,,,,driver,NA,Spadina-Fort York (10),14 Division,South Parkdale,false,true,false,false,false,true,true,false,false,false,"{""coordinates"": [[-79.42733398192473, 43.638887251324626]], ""type"": ""MultiPoint""}"
13206,2016:6002165176,2016-12-06T18:37:00,Queen St E,Dalhousie St,15 m East of,3,Non-Fatal Injury,Non-Intersection,No Control,Pedestrian Collision(internal code),Rain,Dark with Artificial Lighting,Wet,Major Arterial,false,-79.37510285661551,43.65323016963414,1,,South,3,74,Major,Use Unknown,,,Crossing - no traffic control,Normal,,Driver hits pedestrian at midblock,,,,pedestrian,NA,Toronto Centre (13),51 Division,Downtown Yonge East,false,false,false,false,false,true,true,false,false,false,"{""coordinates"": [[-79.37510285661551, 43.65323016963414]], ""type"": ""MultiPoint""}"
13207,2016:6002165176,2016-12-06T18:37:00,Queen St E,Dalhousie St,15 m East of,3,Non-Fatal Injury,Non-Intersection,No Control,Pedestrian Collision(internal code),Rain,Dark with Artificial Lighting,Wet,Major Arterial,false,-79.37510285661551,43.65323016963414,1,Automobile or Station Wagon,East,1,39,None,Lap and Shoulder Belt,Driving properly,Normal,,,Going Ahead,,,,,driver,NA,Toronto Centre (13),51 Division,Downtown Yonge East,false,false,false,false,false,true,true,false,false,false,"{""coordinates"": [[-79.37510285661551, 43.65323016963414]], ""type"": ""MultiPoint""}"
13208,2016:6002165176,2016-12-06T18:37:00,Queen St E,Dalhousie St,15 m East of,3,Non-Fatal Injury,Non-Intersection,No Control,Pedestrian Collision(internal code),Rain,Dark with Artificial Lighting,Wet,Major Arterial,false,-79.37510285661551,43.65323016963414,1,,South,2,77,Minor,Use Unknown,,,Crossing - no traffic control,Normal,,Driver hits pedestrian at midblock,,,,pedestrian,NA,Toronto Centre (13),51 Division,Downtown Yonge East,false,false,false,false,false,true,true,false,false,false,"{""coordinates"": [[-79.37510285661551, 43.65323016963414]], ""type"": ""MultiPoint""}"
13209,2016:6002166208,2016-12-06T22:20:00,COXWELL AVE,GERRARD ST E,,2,Non-Fatal Injury,At Intersection,Traffic Signal,Pedestrian Collision(internal code),Rain,Dark with Artificial Lighting,Wet,Minor Arterial,false,-79.3202627199252,43.675264087084265,1,Automobile or Station Wagon,West,2,50,None,Lap and Shoulder Belt,Failed to yield right-of-way,Inattentive,,,Turning Left,,,,,driver,NA,Beaches-East York (19),55 Division,Woodbine Corridor,true,true,false,false,false,false,true,false,false,false,"{""coordinates"": [[-79.3202627199252, 43.675264087084265]], ""type"": ""MultiPoint""}"
13210,2016:6002166208,2016-12-06T22:20:00,COXWELL AVE,GERRARD ST E,,2,Non-Fatal Injury,At Intersection,Traffic Signal,Pedestrian Collision(internal code),Rain,Dark with Artificial Lighting,Wet,Minor Arterial,false,-79.3202627199252,43.675264087084265,1,,West,1,50,Major,No Equipment Available,,,Crossing with right-of-way (intersection),Normal,,Driver turns left into pedestrian crossing with right-of-way (at intersection),,,,pedestrian,NA,Beaches-East York (19),55 Division,Woodbine Corridor,true,true,false,false,false,false,true,false,false,false,"{""coordinates"": [[-79.3202627199252, 43.675264087084265]], ""type"": ""MultiPoint""}"
13211,2016:6002166207,2016-12-06T22:20:00,GERRARD ST E,COXWELL AVE,,2,Non-Fatal Injury,At Intersection,Traffic Signal,Pedestrian Collision(internal code),Rain,Dark with Artificial Lighting,Wet,Minor Arterial,false,-79.3202857199795,43.67525608711762,1,Automobile or Station Wagon,West,1,50,None,Lap and Shoulder Belt,Failed to yield right-of-way,Inattentive,,,Turning Left,,,,,driver,NA,Toronto-Danforth (14),55 Division,Greenwood-Coxwell,true,true,false,false,false,false,true,false,false,false,"{""coordinates"": [[-79.3202857199795, 43.67525608711762]], ""type"": ""MultiPoint""}"