X_id,collision_id,accdate,stname1,stname2,stname3,per_inv,acclass,accloc,traffictl,impactype,visible,light,rdsfcond,road_class,failtorem,longitude,latitude,veh_no,vehtype,initdir,per_no,invage,injury,safequip,drivact,drivcond,pedact,pedcond,manoeuvre,pedtype,cyclistype,cycact,cyccond,road_user,fatal_no,wardname,division,neighbourhood,aggressive,distracted,cyclist,motorcyclist,other_micromobility,older_adult,pedestrian,red_light,school_child,heavy_truck,geometry
13212,2016:6002166207,2016-12-06T22:20:00,GERRARD ST E,COXWELL AVE,,2,Non-Fatal Injury,At Intersection,Traffic Signal,Pedestrian Collision(internal code),Rain,Dark with Artificial Lighting,Wet,Minor Arterial,false,-79.3202857199795,43.67525608711762,1,,West,2,50,Major,No Equipment Available,,,Crossing with right-of-way (intersection),Normal,,Driver turns left into pedestrian crossing with right-of-way (at intersection),,,,pedestrian,NA,Toronto-Danforth (14),55 Division,Greenwood-Coxwell,true,true,false,false,false,false,true,false,false,false,"{""coordinates"": [[-79.3202857199795, 43.67525608711762]], ""type"": ""MultiPoint""}"
13213,2016:6002180149,2016-12-09T02:55:00,KINGSTON RD,OLD KINGSTON RD,,1,Non-Fatal Injury,At Intersection,Traffic Signal,SMV Other,Clear,Dark with Artificial Lighting,Wet,Major Arterial,false,-79.18306338930543,43.77393093086446,1,Automobile or Station Wagon,East,1,23,Major,Lap and Shoulder Belt,Lost control,Ability Impaired - Alcohol,,,Going Ahead,,,,,driver,NA,Scarborough-Rouge Park (25),43 Division,West Hill,false,false,false,false,false,false,false,false,false,false,"{""coordinates"": [[-79.18306338930543, 43.77393093086446]], ""type"": ""MultiPoint""}"
13214,2017:7000955246,2017-05-30T13:05:00,960 LAWRENCE AVE W,,7 m South of,5,Non-Fatal Injury,At/Near Private Drive,No Control,Turning Movement,Clear,Daylight,Dry,Major Arterial,false,-79.4570659121776,43.71352926679452,1,,,5,80,Minimal,Lap and Shoulder Belt,,,,,,,,,,passenger,NA,Eglinton-Lawrence (8),13 Division,Yorkdale-Glen Park,true,true,false,false,false,true,false,false,false,true,"{""coordinates"": [[-79.4570659121776, 43.71352926679452]], ""type"": ""MultiPoint""}"
13215,2016:6002203625,2016-12-12T21:06:00,LAKE SHORE BLVD W,PARKSIDE DR,500 m East of,1,Non-Fatal Injury,Non-Intersection,No Control,SMV Other,Clear,Dark with Artificial Lighting,Dry,Major Arterial,false,-79.448925026532,43.63787228427,1,Automobile or Station Wagon,East,1,31,Major,Lap and Shoulder Belt,Lost control,Unknown,,,Going Ahead,,,,,driver,NA,Parkdale-High Park (4),11 Division,South Parkdale,false,false,false,false,false,false,false,false,false,false,"{""coordinates"": [[-79.448925026532, 43.637872284269996]], ""type"": ""MultiPoint""}"
13216,2016:6002204078,2016-12-12T22:55:00,232 SEATON ST,,12 m East of,2,Non-Fatal Injury,Non-Intersection,No Control,Pedestrian Collision(internal code),Clear,Dark with Artificial Lighting,Loose Snow,Local,true,-79.37027383638218,43.6604901611193,1,Automobile or Station Wagon,South,1,NA,None,Use Unknown,Other,Unknown,,,Pulling Away from Shoulder or Curb,,,,,driver,NA,Toronto Centre (13),51 Division,Moss Park,false,false,false,false,false,true,true,false,false,false,"{""coordinates"": [[-79.37027383638218, 43.6604901611193]], ""type"": ""MultiPoint""}"
13217,2016:6002204078,2016-12-12T22:55:00,232 SEATON ST,,12 m East of,2,Non-Fatal Injury,Non-Intersection,No Control,Pedestrian Collision(internal code),Clear,Dark with Artificial Lighting,Loose Snow,Local,true,-79.37027383638218,43.6604901611193,1,,Unknown,2,66,Major,No Equipment Available,,,Other,Normal,,Other,,,,pedestrian,NA,Toronto Centre (13),51 Division,Moss Park,false,false,false,false,false,true,true,false,false,false,"{""coordinates"": [[-79.37027383638218, 43.6604901611193]], ""type"": ""MultiPoint""}"
13218,2016:6002208039,2016-12-13T14:40:00,MIDLAND AVE,KILCULLEN CASTLE GT,,2,Fatal Injury,Non-Intersection,No Control,Pedestrian Collision(internal code),Clear,Daylight,Dry,Major Arterial,false,-79.29066851482968,43.8111590500863,0,Automobile or Station Wagon,South,1,59,None,,Driving properly,Normal,,,Going Ahead,,,,,driver,NA,Scarborough North (23),42 Division,Agincourt North,false,false,false,false,false,true,true,false,false,false,"{""coordinates"": [[-79.29066851482968, 43.8111590500863]], ""type"": ""MultiPoint""}"
13219,2016:6002208039,2016-12-13T14:40:00,MIDLAND AVE,KILCULLEN CASTLE GT,,2,Fatal Injury,Non-Intersection,No Control,Pedestrian Collision(internal code),Clear,Daylight,Dry,Major Arterial,false,-79.29066851482968,43.8111590500863,0,,West,2,73,Fatal,,,,Crossing - no traffic control,Normal,,Driver hits pedestrian at midblock,,,,pedestrian,77,Scarborough North (23),42 Division,Agincourt North,false,false,false,false,false,true,true,false,false,false,"{""coordinates"": [[-79.29066851482968, 43.8111590500863]], ""type"": ""MultiPoint""}"
13220,2016:6002213025,2016-12-14T10:36:00,PARK RD,CHURCH ST,,2,Non-Fatal Injury,At Intersection,Traffic Signal,Pedestrian Collision(internal code),Clear,Daylight,Dry,Major Arterial,false,-79.38476984655776,43.672098179637885,1,,North,2,28,Major,Use Unknown,,,Crossing with right-of-way (intersection),Normal,,Driver turns left into pedestrian crossing with right-of-way (at intersection),,,,pedestrian,NA,University-Rosedale (11),53 Division,Rosedale-Moore Park,true,true,false,false,false,false,true,false,false,false,"{""coordinates"": [[-79.38476984655776, 43.672098179637885]], ""type"": ""MultiPoint""}"
13221,2016:6002213025,2016-12-14T10:36:00,PARK RD,CHURCH ST,,2,Non-Fatal Injury,At Intersection,Traffic Signal,Pedestrian Collision(internal code),Clear,Daylight,Dry,Major Arterial,false,-79.38476984655776,43.672098179637885,1,Automobile or Station Wagon,South,1,50,None,Lap and Shoulder Belt,Failed to yield right-of-way,Inattentive,,,Turning Left,,,,,driver,NA,University-Rosedale (11),53 Division,Rosedale-Moore Park,true,true,false,false,false,false,true,false,false,false,"{""coordinates"": [[-79.38476984655776, 43.672098179637885]], ""type"": ""MultiPoint""}"
13222,2016:6002215528,2016-12-14T17:04:00,QUEENS QY W,YORK ST,69 m West of,2,Non-Fatal Injury,Non-Intersection,No Control,Pedestrian Collision(internal code),Clear,Dark,Dry,Minor Arterial,false,-79.3809088884585,43.639722181122245,1,,North,2,53,Major,Use Unknown,,,Crossing - no traffic control,Inattentive,,Driver hits pedestrian at midblock,,,,pedestrian,NA,Spadina-Fort York (10),52 Division,Harbourfront-CityPlace,false,true,false,false,false,true,true,false,false,false,"{""coordinates"": [[-79.3809088884585, 43.639722181122245]], ""type"": ""MultiPoint""}"
13223,2016:6002215528,2016-12-14T17:04:00,QUEENS QY W,YORK ST,69 m West of,2,Non-Fatal Injury,Non-Intersection,No Control,Pedestrian Collision(internal code),Clear,Dark,Dry,Minor Arterial,false,-79.3809088884585,43.639722181122245,1,Automobile or Station Wagon,East,1,65,None,Lap and Shoulder Belt,Driving properly,Normal,,,Going Ahead,,,,,driver,NA,Spadina-Fort York (10),52 Division,Harbourfront-CityPlace,false,true,false,false,false,true,true,false,false,false,"{""coordinates"": [[-79.3809088884585, 43.639722181122245]], ""type"": ""MultiPoint""}"
13224,2016:6002227092,2016-12-16T13:12:00,EGLINTON AVE E,PRUDHAM GT,55 m West of,2,Non-Fatal Injury,Non-Intersection,No Control,Pedestrian Collision(internal code),Clear,Daylight,Slush,Major Arterial,false,-79.28553358746481,43.72820803791442,1,,Unknown,2,69,Major,Use Unknown,,,Running onto roadway,Other Condition,,Transit vehicle driver hits pedestrian anywhere along roadway,,,,pedestrian,NA,Scarborough Southwest (20),41 Division,Clairlea-Birchmount,false,false,false,false,false,true,true,false,false,true,"{""coordinates"": [[-79.28553358746481, 43.72820803791442]], ""type"": ""MultiPoint""}"
13225,2016:6002227092,2016-12-16T13:12:00,EGLINTON AVE E,PRUDHAM GT,55 m West of,2,Non-Fatal Injury,Non-Intersection,No Control,Pedestrian Collision(internal code),Clear,Daylight,Slush,Major Arterial,false,-79.28553358746481,43.72820803791442,1,Municipal Transit Bus (TTC),East,1,28,None,Lap and Shoulder Belt,Driving properly,Normal,,,Going Ahead,,,,,driver,NA,Scarborough Southwest (20),41 Division,Clairlea-Birchmount,false,false,false,false,false,true,true,false,false,true,"{""coordinates"": [[-79.28553358746481, 43.72820803791442]], ""type"": ""MultiPoint""}"
13226,2016:6002241239,2016-12-18T22:36:00,SB DON VALLEY PKWY,POTTERY RD,400 m North of,2,Non-Fatal Injury,Non-Intersection,No Control,Pedestrian Collision(internal code),Clear,Dark with Artificial Lighting,Dry,,false,-79.36160678521033,43.68396114445365,1,Passenger Van,South,1,67,None,Lap and Shoulder Belt,Driving properly,Normal,,,Going Ahead,,,,,driver,NA,Toronto-Danforth (14),55 Division,Broadview North,false,false,false,false,false,true,true,false,false,false,"{""coordinates"": [[-79.36160678521033, 43.68396114445365]], ""type"": ""MultiPoint""}"
13227,2016:6002241239,2016-12-18T22:36:00,SB DON VALLEY PKWY,POTTERY RD,400 m North of,2,Non-Fatal Injury,Non-Intersection,No Control,Pedestrian Collision(internal code),Clear,Dark with Artificial Lighting,Dry,,false,-79.36160678521033,43.68396114445365,1,,Unknown,2,24,Major,No Equipment Available,,,Playing or working on highway,Medical or Physical Disability,,Driver hits pedestrian at midblock,,,,pedestrian,NA,Toronto-Danforth (14),55 Division,Broadview North,false,false,false,false,false,true,true,false,false,false,"{""coordinates"": [[-79.36160678521033, 43.68396114445365]], ""type"": ""MultiPoint""}"
13228,2016:6002243964,2016-12-19T11:32:00,BAYVIEW AVE,BAYVIEW MEWS LANE,,2,Non-Fatal Injury,At Intersection,Traffic Signal,Pedestrian Collision(internal code),Clear,Daylight,Dry,Major Arterial,false,-79.388622713313,43.76930816551697,1,Truck - Tank,South,1,28,None,Lap and Shoulder Belt,Driving properly,Normal,,,Going Ahead,,,,,driver,NA,Don Valley North (17),33 Division,Bayview Village,false,false,false,false,false,true,true,false,false,true,"{""coordinates"": [[-79.388622713313, 43.76930816551697]], ""type"": ""MultiPoint""}"
13229,2016:6002243964,2016-12-19T11:32:00,BAYVIEW AVE,BAYVIEW MEWS LANE,,2,Non-Fatal Injury,At Intersection,Traffic Signal,Pedestrian Collision(internal code),Clear,Daylight,Dry,Major Arterial,false,-79.388622713313,43.76930816551697,1,,Unknown,2,66,Major,Use Unknown,,,Other,Normal,,Other,,,,pedestrian,NA,Don Valley North (17),33 Division,Bayview Village,false,false,false,false,false,true,true,false,false,true,"{""coordinates"": [[-79.388622713313, 43.76930816551697]], ""type"": ""MultiPoint""}"
13230,2016:6002255305,2016-12-21T02:30:00,JARVIS ST,GERRARD ST E,84 m South of,2,Non-Fatal Injury,Non-Intersection,No Control,Sideswipe,Clear,Dark with Artificial Lighting,Wet,Major Arterial,true,-79.3755690460938,43.659624399716705,2,Automobile or Station Wagon,South,1,NA,None,Use Unknown,Driving properly,Normal,,,Going Ahead,,,,,driver,NA,Toronto Centre (13),51 Division,Moss Park,false,false,false,false,false,false,false,false,false,false,"{""coordinates"": [[-79.3755690460938, 43.659624399716705]], ""type"": ""MultiPoint""}"
13231,2016:6002255305,2016-12-21T02:30:00,JARVIS ST,GERRARD ST E,84 m South of,2,Non-Fatal Injury,Non-Intersection,No Control,Sideswipe,Clear,Dark with Artificial Lighting,Wet,Major Arterial,true,-79.3755690460938,43.659624399716705,1,Automobile or Station Wagon,South,2,31,Major,Lap and Shoulder Belt,Other,Normal,,,Changing Lanes,,,,,driver,NA,Toronto Centre (13),51 Division,Moss Park,false,false,false,false,false,false,false,false,false,false,"{""coordinates"": [[-79.3755690460938, 43.659624399716705]], ""type"": ""MultiPoint""}"
13232,2016:6002256949,2016-12-21T09:59:00,KEELE ST,401 C W KEELE RAMP ST,,2,Non-Fatal Injury,At Intersection,Traffic Signal,Pedestrian Collision(internal code),Clear,Daylight,Wet,Major Arterial,false,-79.48154893645462,43.72437129459005,1,,West,2,19,Major,No Equipment Available,,,Crossing without right-of-way (intersection),Inattentive,,Driver turns right into pedestrian crossing without right-of-way (at intersection),,,,pedestrian,NA,York Centre (6),31 Division,Downsview,false,true,false,false,false,false,true,false,true,true,"{""coordinates"": [[-79.48154893645462, 43.72437129459005]], ""type"": ""MultiPoint""}"
13233,2016:6002256949,2016-12-21T09:59:00,KEELE ST,401 C W KEELE RAMP ST,,2,Non-Fatal Injury,At Intersection,Traffic Signal,Pedestrian Collision(internal code),Clear,Daylight,Wet,Major Arterial,false,-79.48154893645462,43.72437129459005,1,Truck - Tractor,West,1,40,None,Lap and Shoulder Belt,Driving properly,Normal,,,Turning Right,,,,,driver,NA,York Centre (6),31 Division,Downsview,false,true,false,false,false,false,true,false,true,true,"{""coordinates"": [[-79.48154893645462, 43.72437129459005]], ""type"": ""MultiPoint""}"
13234,2016:6002258295,2016-12-21T13:40:00,F G GARDINER XY W,JAMESON AVE,16 m West of,7,Non-Fatal Injury,Non-Intersection,No Control,Rear End,Clear,Daylight,Dry,,false,-79.43495600676549,43.63306226481365,2,Automobile or Station Wagon,West,2,30,None,Lap and Shoulder Belt,Driving properly,Normal,,,Slowing or Stopping,,,,,driver,NA,Parkdale-High Park (4),14 Division,South Parkdale,true,false,false,false,false,false,false,false,false,false,"{""coordinates"": [[-79.43495600676549, 43.63306226481365]], ""type"": ""MultiPoint""}"
13235,2016:6002258295,2016-12-21T13:40:00,F G GARDINER XY W,JAMESON AVE,16 m West of,7,Non-Fatal Injury,Non-Intersection,No Control,Rear End,Clear,Daylight,Dry,,false,-79.43495600676549,43.63306226481365,2,,,5,27,None,Lap and Shoulder Belt,,,,,,,,,,passenger,NA,Parkdale-High Park (4),14 Division,South Parkdale,true,false,false,false,false,false,false,false,false,false,"{""coordinates"": [[-79.43495600676549, 43.63306226481365]], ""type"": ""MultiPoint""}"
13236,2016:6002258295,2016-12-21T13:40:00,F G GARDINER XY W,JAMESON AVE,16 m West of,7,Non-Fatal Injury,Non-Intersection,No Control,Rear End,Clear,Daylight,Dry,,false,-79.43495600676549,43.63306226481365,2,,,4,28,None,Lap and Shoulder Belt,,,,,,,,,,passenger,NA,Parkdale-High Park (4),14 Division,South Parkdale,true,false,false,false,false,false,false,false,false,false,"{""coordinates"": [[-79.43495600676549, 43.63306226481365]], ""type"": ""MultiPoint""}"
13237,2016:6002258295,2016-12-21T13:40:00,F G GARDINER XY W,JAMESON AVE,16 m West of,7,Non-Fatal Injury,Non-Intersection,No Control,Rear End,Clear,Daylight,Dry,,false,-79.43495600676549,43.63306226481365,1,Automobile or Station Wagon,West,1,37,Major,Lap and Shoulder Belt,Following too closely,Normal,,,Going Ahead,,,,,driver,NA,Parkdale-High Park (4),14 Division,South Parkdale,true,false,false,false,false,false,false,false,false,false,"{""coordinates"": [[-79.43495600676549, 43.63306226481365]], ""type"": ""MultiPoint""}"
13238,2016:6002258295,2016-12-21T13:40:00,F G GARDINER XY W,JAMESON AVE,16 m West of,7,Non-Fatal Injury,Non-Intersection,No Control,Rear End,Clear,Daylight,Dry,,false,-79.43495600676549,43.63306226481365,2,,,7,35,None,Lap and Shoulder Belt,,,,,,,,,,passenger,NA,Parkdale-High Park (4),14 Division,South Parkdale,true,false,false,false,false,false,false,false,false,false,"{""coordinates"": [[-79.43495600676549, 43.63306226481365]], ""type"": ""MultiPoint""}"
13239,2016:6002258295,2016-12-21T13:40:00,F G GARDINER XY W,JAMESON AVE,16 m West of,7,Non-Fatal Injury,Non-Intersection,No Control,Rear End,Clear,Daylight,Dry,,false,-79.43495600676549,43.63306226481365,3,Automobile or Station Wagon,West,3,61,None,Lap and Shoulder Belt,Driving properly,Normal,,,Slowing or Stopping,,,,,driver,NA,Parkdale-High Park (4),14 Division,South Parkdale,true,false,false,false,false,false,false,false,false,false,"{""coordinates"": [[-79.43495600676549, 43.63306226481365]], ""type"": ""MultiPoint""}"
13240,2016:6002258295,2016-12-21T13:40:00,F G GARDINER XY W,JAMESON AVE,16 m West of,7,Non-Fatal Injury,Non-Intersection,No Control,Rear End,Clear,Daylight,Dry,,false,-79.43495600676549,43.63306226481365,2,,,6,31,None,Lap and Shoulder Belt,,,,,,,,,,passenger,NA,Parkdale-High Park (4),14 Division,South Parkdale,true,false,false,false,false,false,false,false,false,false,"{""coordinates"": [[-79.43495600676549, 43.63306226481365]], ""type"": ""MultiPoint""}"
13241,2016:6002260647,2016-12-21T20:30:00,BIRCHMOUNT RD,CHALDEAN ST,9 m South of,2,Non-Fatal Injury,Intersection-Related,Stop Sign,Pedestrian Collision(internal code),Clear,Dark with Artificial Lighting,Wet,Major Arterial,false,-79.30349355116597,43.79325606354191,1,Automobile or Station Wagon,South,1,60,None,Lap and Shoulder Belt,Driving properly,Normal,,,Going Ahead,,,,,driver,NA,Scarborough-Agincourt (22),42 Division,East L'Amoreaux,false,false,false,false,false,false,true,false,false,false,"{""coordinates"": [[-79.30349355116597, 43.79325606354191]], ""type"": ""MultiPoint""}"
13242,2016:6002260647,2016-12-21T20:30:00,BIRCHMOUNT RD,CHALDEAN ST,9 m South of,2,Non-Fatal Injury,Intersection-Related,Stop Sign,Pedestrian Collision(internal code),Clear,Dark with Artificial Lighting,Wet,Major Arterial,false,-79.30349355116597,43.79325606354191,1,,West,2,55,Major,No Equipment Available,,,Crossing - no traffic control,Normal,,Driver going straight hits pedestrian crossing without right-of-way (at intersection),,,,pedestrian,NA,Scarborough-Agincourt (22),42 Division,East L'Amoreaux,false,false,false,false,false,false,true,false,false,false,"{""coordinates"": [[-79.30349355116597, 43.79325606354191]], ""type"": ""MultiPoint""}"
13243,2016:6002274801,2016-12-24T03:56:00,DUFFERIN ST,DOLOMITE DR,,1,Non-Fatal Injury,At Intersection,Traffic Signal,SMV Other,Rain,Dark with Artificial Lighting,Slush,Major Arterial,false,-79.4697758333729,43.78077126198185,1,Automobile or Station Wagon,South,1,25,Major,Lap and Shoulder Belt,Lost control,Ability Impaired - Alcohol,,,Going Ahead,,,,,driver,NA,York Centre (6),32 Division,Bathurst Manor,false,false,false,false,false,false,false,false,false,false,"{""coordinates"": [[-79.4697758333729, 43.78077126198185]], ""type"": ""MultiPoint""}"
13244,2016:6002279905,2016-12-25T07:05:00,55 BELMONT ST,,,2,Non-Fatal Injury,Non-Intersection,No Control,Pedestrian Collision(internal code),Clear,Dark with Artificial Lighting,Dry,Minor Arterial,false,-79.39094185378316,43.674993187776174,1,Automobile or Station Wagon,East,1,29,None,Lap and Shoulder Belt,Driving properly,Normal,,,Going Ahead,,,,,driver,NA,University-Rosedale (11),53 Division,Annex,false,true,false,false,false,true,true,false,false,false,"{""coordinates"": [[-79.39094185378316, 43.674993187776174]], ""type"": ""MultiPoint""}"
13245,2016:6002279905,2016-12-25T07:05:00,55 BELMONT ST,,,2,Non-Fatal Injury,Non-Intersection,No Control,Pedestrian Collision(internal code),Clear,Dark with Artificial Lighting,Dry,Minor Arterial,false,-79.39094185378316,43.674993187776174,1,,South,2,67,Major,Use Unknown,,,Crossing - no traffic control,Inattentive,,Driver hits pedestrian at midblock,,,,pedestrian,NA,University-Rosedale (11),53 Division,Annex,false,true,false,false,false,true,true,false,false,false,"{""coordinates"": [[-79.39094185378316, 43.674993187776174]], ""type"": ""MultiPoint""}"
13246,2016:6002282279,2016-12-25T21:41:00,LESLIE ST,401 C W LESLIE S RAMP,11 m North of,2,Non-Fatal Injury,Intersection-Related,Traffic Signal,Pedestrian Collision(internal code),Clear,Dark with Artificial Lighting,Dry,Major Arterial,false,-79.36362067422202,43.76716013513215,1,Automobile or Station Wagon,West,1,32,None,Lap and Shoulder Belt,Failed to yield right-of-way,Inattentive,,,Turning Right,,,,,driver,NA,Don Valley North (17),33 Division,Bayview Village,true,true,false,false,false,true,true,false,false,false,"{""coordinates"": [[-79.36362067422202, 43.76716013513215]], ""type"": ""MultiPoint""}"
13247,2016:6002282279,2016-12-25T21:41:00,LESLIE ST,401 C W LESLIE S RAMP,11 m North of,2,Non-Fatal Injury,Intersection-Related,Traffic Signal,Pedestrian Collision(internal code),Clear,Dark with Artificial Lighting,Dry,Major Arterial,false,-79.36362067422202,43.76716013513215,1,,West,2,79,Major,Use Unknown,,,Crossing with right-of-way (intersection),Normal,,Driver turns right into pedestrian crossing with right-of-way (at intersection),,,,pedestrian,NA,Don Valley North (17),33 Division,Bayview Village,true,true,false,false,false,true,true,false,false,false,"{""coordinates"": [[-79.36362067422202, 43.76716013513215]], ""type"": ""MultiPoint""}"
13248,2016:6002287717,2016-12-27T02:30:00,TAPSCOTT RD,PASSMORE AVE,5 m South of,2,Non-Fatal Injury,At Intersection,Stop Sign,SMV Other,Clear,Dark with Artificial Lighting,Dry,Minor Arterial,false,-79.24570042904828,43.83156700270574,1,,,2,21,Major,Use Unknown,,,,,,,,,,passenger,NA,Scarborough North (23),42 Division,Morningside Heights,false,false,false,false,false,false,false,false,false,false,"{""coordinates"": [[-79.24570042904828, 43.83156700270574]], ""type"": ""MultiPoint""}"
13249,2016:6002287717,2016-12-27T02:30:00,TAPSCOTT RD,PASSMORE AVE,5 m South of,2,Non-Fatal Injury,At Intersection,Stop Sign,SMV Other,Clear,Dark with Artificial Lighting,Dry,Minor Arterial,false,-79.24570042904828,43.83156700270574,1,Automobile or Station Wagon,South,1,23,Minor,Use Unknown,Lost control,Had Been Drinking,,,Going Ahead,,,,,driver,NA,Scarborough North (23),42 Division,Morningside Heights,false,false,false,false,false,false,false,false,false,false,"{""coordinates"": [[-79.24570042904828, 43.83156700270574]], ""type"": ""MultiPoint""}"
13250,2016:6002297420,2016-12-28T19:19:00,CALEDONIA RD,EGLINTON AVE W,,2,Non-Fatal Injury,Intersection-Related,Traffic Signal,Pedestrian Collision(internal code),Clear,Dark with Artificial Lighting,Dry,Major Arterial,true,-79.46216995706692,43.692957281947024,1,,South,2,29,Major,No Equipment Available,,,Crossing with right-of-way (intersection),Normal,,Driver turns left into pedestrian crossing with right-of-way (at intersection),,,,pedestrian,NA,Davenport (9),13 Division,Caledonia-Fairbank,true,false,false,false,false,false,true,false,false,false,"{""coordinates"": [[-79.46216995706692, 43.692957281947024]], ""type"": ""MultiPoint""}"
13251,2016:6002297420,2016-12-28T19:19:00,CALEDONIA RD,EGLINTON AVE W,,2,Non-Fatal Injury,Intersection-Related,Traffic Signal,Pedestrian Collision(internal code),Clear,Dark with Artificial Lighting,Dry,Major Arterial,true,-79.46216995706692,43.692957281947024,1,Automobile or Station Wagon,North,1,NA,None,Use Unknown,Failed to yield right-of-way,Unknown,,,Turning Left,,,,,driver,NA,Davenport (9),13 Division,Caledonia-Fairbank,true,false,false,false,false,false,true,false,false,false,"{""coordinates"": [[-79.46216995706692, 43.692957281947024]], ""type"": ""MultiPoint""}"
13252,2016:6002315243,2016-12-31T20:22:00,EGLINTON AVE E,BERMONDSEY RD,,6,Non-Fatal Injury,Intersection-Related,Traffic Signal,Turning Movement,Clear,Dark with Artificial Lighting,Wet,Major Arterial,false,-79.31348763927747,43.72595007440786,2,,,4,52,Minor,Lap and Shoulder Belt,,,,,,,,,,passenger,NA,Don Valley East (16),55 Division,Victoria Village,false,false,false,false,false,false,false,false,true,false,"{""coordinates"": [[-79.31348763927747, 43.72595007440786]], ""type"": ""MultiPoint""}"
13253,2016:6002315243,2016-12-31T20:22:00,EGLINTON AVE E,BERMONDSEY RD,,6,Non-Fatal Injury,Intersection-Related,Traffic Signal,Turning Movement,Clear,Dark with Artificial Lighting,Wet,Major Arterial,false,-79.31348763927747,43.72595007440786,2,Automobile or Station Wagon,East,2,53,None,Lap and Shoulder Belt,Driving properly,Normal,,,Going Ahead,,,,,driver,NA,Don Valley East (16),55 Division,Victoria Village,false,false,false,false,false,false,false,false,true,false,"{""coordinates"": [[-79.31348763927747, 43.72595007440786]], ""type"": ""MultiPoint""}"
13254,2016:6002315243,2016-12-31T20:22:00,EGLINTON AVE E,BERMONDSEY RD,,6,Non-Fatal Injury,Intersection-Related,Traffic Signal,Turning Movement,Clear,Dark with Artificial Lighting,Wet,Major Arterial,false,-79.31348763927747,43.72595007440786,1,Automobile or Station Wagon,West,1,26,None,Lap and Shoulder Belt,Improper turn,Normal,,,Turning Left,,,,,driver,NA,Don Valley East (16),55 Division,Victoria Village,false,false,false,false,false,false,false,false,true,false,"{""coordinates"": [[-79.31348763927747, 43.72595007440786]], ""type"": ""MultiPoint""}"
13255,2016:6002315243,2016-12-31T20:22:00,EGLINTON AVE E,BERMONDSEY RD,,6,Non-Fatal Injury,Intersection-Related,Traffic Signal,Turning Movement,Clear,Dark with Artificial Lighting,Wet,Major Arterial,false,-79.31348763927747,43.72595007440786,1,,,6,19,Major,Use Unknown,,,,,,,,,,passenger,NA,Don Valley East (16),55 Division,Victoria Village,false,false,false,false,false,false,false,false,true,false,"{""coordinates"": [[-79.31348763927747, 43.72595007440786]], ""type"": ""MultiPoint""}"
13256,2016:6002315243,2016-12-31T20:22:00,EGLINTON AVE E,BERMONDSEY RD,,6,Non-Fatal Injury,Intersection-Related,Traffic Signal,Turning Movement,Clear,Dark with Artificial Lighting,Wet,Major Arterial,false,-79.31348763927747,43.72595007440786,1,,,3,25,None,Lap and Shoulder Belt,,,,,,,,,,passenger,NA,Don Valley East (16),55 Division,Victoria Village,false,false,false,false,false,false,false,false,true,false,"{""coordinates"": [[-79.31348763927747, 43.72595007440786]], ""type"": ""MultiPoint""}"
13257,2016:6002315243,2016-12-31T20:22:00,EGLINTON AVE E,BERMONDSEY RD,,6,Non-Fatal Injury,Intersection-Related,Traffic Signal,Turning Movement,Clear,Dark with Artificial Lighting,Wet,Major Arterial,false,-79.31348763927747,43.72595007440786,1,,,5,23,Minor,Lap and Shoulder Belt,,,,,,,,,,passenger,NA,Don Valley East (16),55 Division,Victoria Village,false,false,false,false,false,false,false,false,true,false,"{""coordinates"": [[-79.31348763927747, 43.72595007440786]], ""type"": ""MultiPoint""}"
13258,2017:7000003346,2017-01-01T14:05:00,57 BIMINI CRES,,9 m South of,1,Non-Fatal Injury,Non-Intersection,No Control,SMV Other,Clear,Daylight,Other,Local,false,-79.52615793309123,43.766554330219954,1,Automobile or Station Wagon,West,1,85,Major,Equipment Not Used But Available,Other,Inattentive,,,Reversing,,,,,driver,NA,Humber River-Black Creek (7),31 Division,Black Creek,false,true,false,false,false,true,false,false,false,false,"{""coordinates"": [[-79.52615793309123, 43.766554330219954]], ""type"": ""MultiPoint""}"
13259,2017:7000010890,2017-01-03T00:10:00,F G GARDINER XY E,KIPLING AVE,900 m West of,7,Non-Fatal Injury,Non-Intersection,No Control,Rear End,Rain,Dark with Artificial Lighting,Wet,,false,-79.53525221512486,43.61585041683279,1,,,4,51,Minor,Lap and Shoulder Belt,,,,,,,,,,passenger,NA,Etobicoke-Lakeshore (3),22 Division,Alderwood,true,true,false,false,false,true,false,false,true,false,"{""coordinates"": [[-79.53525221512486, 43.61585041683279]], ""type"": ""MultiPoint""}"
13260,2017:7000010890,2017-01-03T00:10:00,F G GARDINER XY E,KIPLING AVE,900 m West of,7,Non-Fatal Injury,Non-Intersection,No Control,Rear End,Rain,Dark with Artificial Lighting,Wet,,false,-79.53525221512486,43.61585041683279,2,,,2,18,Major,Lap and Shoulder Belt,,,,,,,,,,passenger,NA,Etobicoke-Lakeshore (3),22 Division,Alderwood,true,true,false,false,false,true,false,false,true,false,"{""coordinates"": [[-79.53525221512486, 43.61585041683279]], ""type"": ""MultiPoint""}"
13261,2017:7000010890,2017-01-03T00:10:00,F G GARDINER XY E,KIPLING AVE,900 m West of,7,Non-Fatal Injury,Non-Intersection,No Control,Rear End,Rain,Dark with Artificial Lighting,Wet,,false,-79.53525221512486,43.61585041683279,2,,,1,24,Major,Lap and Shoulder Belt,,,,,,,,,,passenger,NA,Etobicoke-Lakeshore (3),22 Division,Alderwood,true,true,false,false,false,true,false,false,true,false,"{""coordinates"": [[-79.53525221512486, 43.61585041683279]], ""type"": ""MultiPoint""}"