X_id,collision_id,accdate,stname1,stname2,stname3,per_inv,acclass,accloc,traffictl,impactype,visible,light,rdsfcond,road_class,failtorem,longitude,latitude,veh_no,vehtype,initdir,per_no,invage,injury,safequip,drivact,drivcond,pedact,pedcond,manoeuvre,pedtype,cyclistype,cycact,cyccond,road_user,fatal_no,wardname,division,neighbourhood,aggressive,distracted,cyclist,motorcyclist,other_micromobility,older_adult,pedestrian,red_light,school_child,heavy_truck,geometry
13311,2017:7000169325,2017-01-27T14:50:00,FRONT ST W,YONGE ST,100 m West of,3,Non-Fatal Injury,Non-Intersection,No Control,Cyclist Collision,Clear,Daylight,Dry,Minor Arterial,false,-79.37782687249225,43.64623817511562,1,Automobile or Station Wagon,West,1,48,None,Equipment Not Used But Available,Other,Inattentive,,,Stopped,,,,,driver,NA,Spadina-Fort York (10),52 Division,St Lawrence-East Bayfront-The Islands,false,true,true,false,false,false,false,false,false,false,"{""coordinates"": [[-79.37782687249225, 43.64623817511562]], ""type"": ""MultiPoint""}"
13312,2017:7000178103,2017-01-29T01:10:00,F G GARDINER XY E,SPADINA AVE,350 m West,2,Fatal Injury,Non-Intersection,No Control,Pedestrian Collision(internal code),Clear,Dark,Dry,Major Arterial,false,-79.39563392042318,43.63795620374579,1,Automobile or Station Wagon,East,2,21,None,,Driving properly,Normal,,,Going Ahead,,,,,driver,NA,Spadina-Fort York (10),14 Division,Harbourfront-CityPlace,false,false,false,false,false,false,true,false,true,false,"{""coordinates"": [[-79.39563392042318, 43.63795620374579]], ""type"": ""MultiPoint""}"
13313,2017:7000178103,2017-01-29T01:10:00,F G GARDINER XY E,SPADINA AVE,350 m West,2,Fatal Injury,Non-Intersection,No Control,Pedestrian Collision(internal code),Clear,Dark,Dry,Major Arterial,false,-79.39563392042318,43.63795620374579,0,,West,1,19,Fatal,,,,Walking on roadway against traffic,Other Condition,,Driver hits pedestrian at midblock,,,,pedestrian,4,Spadina-Fort York (10),14 Division,Harbourfront-CityPlace,false,false,false,false,false,false,true,false,true,false,"{""coordinates"": [[-79.39563392042318, 43.63795620374579]], ""type"": ""MultiPoint""}"
13314,2017:7000178331,2017-01-29T02:00:00,OAKDALE RD,EDDYSTONE AVE,350 m North of,1,Non-Fatal Injury,Non-Intersection,No Control,SMV Other,Clear,Dark with Artificial Lighting,Dry,Minor Arterial,true,-79.52699737712345,43.7495942018699,1,Automobile or Station Wagon,North,1,24,Major,Use Unknown,Lost control,Unknown,,,Going Ahead,,,,,driver,NA,Humber River-Black Creek (7),31 Division,Glenfield-Jane Heights,false,false,false,false,false,false,false,false,false,false,"{""coordinates"": [[-79.52699737712345, 43.7495942018699]], ""type"": ""MultiPoint""}"
13315,2017:7000178684,2017-01-29T03:45:00,F G GARDINER XY W,SOUTH KINGSWAY RAMP,55 m West of,2,Fatal Injury,Non-Intersection,No Control,Rear End,Clear,Dark with Artificial Lighting,Dry,Major Arterial,false,-79.47266808148159,43.63349732201733,1,Automobile or Station Wagon,West,2,24,Fatal,Use Unknown,Lost control,Ability Impaired - Alcohol Over .08,,,Going Ahead,,,,,driver,9,Parkdale-High Park (4),11 Division,South Parkdale,false,false,false,false,false,false,false,false,false,false,"{""coordinates"": [[-79.47266808148159, 43.63349732201733]], ""type"": ""MultiPoint""}"
13316,2017:7000178684,2017-01-29T03:45:00,F G GARDINER XY W,SOUTH KINGSWAY RAMP,55 m West of,2,Fatal Injury,Non-Intersection,No Control,Rear End,Clear,Dark with Artificial Lighting,Dry,Major Arterial,false,-79.47266808148159,43.63349732201733,2,Pickup Truck,West,1,43,Minimal,Lap and Shoulder Belt,Driving properly,Normal,,,Going Ahead,,,,,driver,NA,Parkdale-High Park (4),11 Division,South Parkdale,false,false,false,false,false,false,false,false,false,false,"{""coordinates"": [[-79.47266808148159, 43.63349732201733]], ""type"": ""MultiPoint""}"
13317,2017:7000200382,2017-02-01T14:15:00,MORNINGSIDE AVE,401 C E MORNINGSIDE AVE S RAMP,,2,Non-Fatal Injury,At Intersection,Traffic Signal,Pedestrian Collision(internal code),Clear,Daylight,Dry,Major Arterial,false,-79.19647539290283,43.79479394898642,1,Automobile or Station Wagon,East,1,46,Major,Lap and Shoulder Belt,Failed to yield right-of-way,Inattentive,,,Going Ahead,,,,,driver,NA,Scarborough-Rouge Park (25),43 Division,Highland Creek,true,true,false,false,false,false,true,false,false,false,"{""coordinates"": [[-79.19647539290283, 43.79479394898642]], ""type"": ""MultiPoint""}"
13318,2017:7000200382,2017-02-01T14:15:00,MORNINGSIDE AVE,401 C E MORNINGSIDE AVE S RAMP,,2,Non-Fatal Injury,At Intersection,Traffic Signal,Pedestrian Collision(internal code),Clear,Daylight,Dry,Major Arterial,false,-79.19647539290283,43.79479394898642,1,,North,2,22,Minor,Use Unknown,,,Crossing with right-of-way (intersection),Normal,,Driver going straight hits pedestrian crossing with right-of-way (at intersection),,,,pedestrian,NA,Scarborough-Rouge Park (25),43 Division,Highland Creek,true,true,false,false,false,false,true,false,false,false,"{""coordinates"": [[-79.19647539290283, 43.79479394898642]], ""type"": ""MultiPoint""}"
13319,2017:7000203536,2017-02-02T02:19:00,BRIMLEY RD,ELGAR AVE,,2,Fatal Injury,At Intersection,Stop Sign,Turning Movement,Clear,Dark,Wet,Major Arterial,false,-79.25018651075229,43.74106399306319,0,Automobile or Station Wagon,West,2,18,None,,Improper turn,Normal,,,Turning Left,,,,,driver,NA,Scarborough Centre (21),43 Division,Eglinton East,false,false,false,false,false,false,false,false,true,false,"{""coordinates"": [[-79.25018651075229, 43.74106399306319]], ""type"": ""MultiPoint""}"
13320,2017:7000203536,2017-02-02T02:19:00,BRIMLEY RD,ELGAR AVE,,2,Fatal Injury,At Intersection,Stop Sign,Turning Movement,Clear,Dark,Wet,Major Arterial,false,-79.25018651075229,43.74106399306319,0,Automobile or Station Wagon,South,1,26,Fatal,,Driving properly,Unknown,,,Going Ahead,,,,,driver,5,Scarborough Centre (21),43 Division,Eglinton East,false,false,false,false,false,false,false,false,true,false,"{""coordinates"": [[-79.25018651075229, 43.74106399306319]], ""type"": ""MultiPoint""}"
13321,2017:7000214156,2017-02-03T14:30:00,BAY ST,GROSVENOR ST,,2,Non-Fatal Injury,At Intersection,Traffic Signal,Angle,Clear,Daylight,Dry,Major Arterial,false,-79.38634086442804,43.66239718410897,1,Automobile or Station Wagon,South,1,22,Major,Lap and Shoulder Belt,Other,Normal,,,Going Ahead,,,,,driver,NA,Toronto Centre (13),52 Division,Bay-Cloverhill,false,false,false,false,false,false,false,false,false,false,"{""coordinates"": [[-79.38634086442804, 43.66239718410897]], ""type"": ""MultiPoint""}"
13322,2017:7000214156,2017-02-03T14:30:00,BAY ST,GROSVENOR ST,,2,Non-Fatal Injury,At Intersection,Traffic Signal,Angle,Clear,Daylight,Dry,Major Arterial,false,-79.38634086442804,43.66239718410897,2,Automobile or Station Wagon,East,2,47,None,Use Unknown,Other,Normal,,,Going Ahead,,,,,driver,NA,Toronto Centre (13),52 Division,Bay-Cloverhill,false,false,false,false,false,false,false,false,false,false,"{""coordinates"": [[-79.38634086442804, 43.66239718410897]], ""type"": ""MultiPoint""}"
13323,2017:7000222779,2017-02-05T03:14:00,F G GARDINER XY W,GARDINER X W 427 X N RAMP,250 m West of,1,Non-Fatal Injury,Non-Intersection,No Control,SMV Other,Clear,Dark,Dry,,false,-79.53636621654336,43.61587741822591,1,Automobile or Station Wagon,West,1,21,Major,Air Bag Deployed,Other,Had Been Drinking,,,Going Ahead,,,,,driver,NA,Etobicoke-Lakeshore (3),22 Division,Alderwood,false,false,false,false,false,false,false,false,false,false,"{""coordinates"": [[-79.53636621654336, 43.61587741822591]], ""type"": ""MultiPoint""}"
13324,2017:7000224611,2017-02-05T13:30:00,DRIFTWOOD AVE,VENETIAN CRES,19 m South of,3,Non-Fatal Injury,Intersection-Related,Stop Sign,Turning Movement,Drifting Snow,Daylight,Wet,Collector,false,-79.51366793351728,43.754114320091816,0,,,1,57,Major,Lap and Shoulder Belt,,,,,,,,,,passenger,NA,Humber River-Black Creek (7),31 Division,Glenfield-Jane Heights,false,true,false,false,false,false,false,false,true,false,"{""coordinates"": [[-79.51366793351728, 43.754114320091816]], ""type"": ""MultiPoint""}"
13325,2017:7000224611,2017-02-05T13:30:00,DRIFTWOOD AVE,VENETIAN CRES,19 m South of,3,Non-Fatal Injury,Intersection-Related,Stop Sign,Turning Movement,Drifting Snow,Daylight,Wet,Collector,false,-79.51366793351728,43.754114320091816,2,Automobile or Station Wagon,North,2,59,Minimal,Lap and Shoulder Belt,Driving properly,Normal,,,Going Ahead,,,,,driver,NA,Humber River-Black Creek (7),31 Division,Glenfield-Jane Heights,false,true,false,false,false,false,false,false,true,false,"{""coordinates"": [[-79.51366793351728, 43.754114320091816]], ""type"": ""MultiPoint""}"
13326,2017:7000224611,2017-02-05T13:30:00,DRIFTWOOD AVE,VENETIAN CRES,19 m South of,3,Non-Fatal Injury,Intersection-Related,Stop Sign,Turning Movement,Drifting Snow,Daylight,Wet,Collector,false,-79.51366793351728,43.754114320091816,1,Automobile or Station Wagon,East,3,13,None,Use Unknown,Lost control,Inattentive,,,Turning Right,,,,,driver,NA,Humber River-Black Creek (7),31 Division,Glenfield-Jane Heights,false,true,false,false,false,false,false,false,true,false,"{""coordinates"": [[-79.51366793351728, 43.754114320091816]], ""type"": ""MultiPoint""}"
13327,2017:7000239280,2017-02-07T19:09:00,MORTIMER AVE,BROADVIEW AVE,42 m East of,2,Non-Fatal Injury,Non-Intersection,No Control,Pedestrian Collision(internal code),Rain,Dark with Artificial Lighting,Wet,Minor Arterial,false,-79.35628177529189,43.68395413698111,1,Automobile or Station Wagon,East,1,68,None,Lap and Shoulder Belt,Driving properly,Normal,,,Slowing or Stopping,,,,,driver,NA,Toronto-Danforth (14),55 Division,Broadview North,false,false,false,false,false,true,true,false,false,false,"{""coordinates"": [[-79.35628177529189, 43.68395413698111]], ""type"": ""MultiPoint""}"
13328,2017:7000239280,2017-02-07T19:09:00,MORTIMER AVE,BROADVIEW AVE,42 m East of,2,Non-Fatal Injury,Non-Intersection,No Control,Pedestrian Collision(internal code),Rain,Dark with Artificial Lighting,Wet,Minor Arterial,false,-79.35628177529189,43.68395413698111,1,,South,2,79,Major,Use Unknown,,,Crossing - no traffic control,Normal,,Driver hits pedestrian at midblock,,,,pedestrian,NA,Toronto-Danforth (14),55 Division,Broadview North,false,false,false,false,false,true,true,false,false,false,"{""coordinates"": [[-79.35628177529189, 43.68395413698111]], ""type"": ""MultiPoint""}"
13329,2017:7000244602,2017-02-08T15:10:00,4 THE DONWAY E,GUYTOI CRT,3 m North of,2,Non-Fatal Injury,At/Near Private Drive,No Control,Pedestrian Collision(internal code),Clear,Daylight,Dry,Minor Arterial,false,-79.34146467924688,43.73233611014591,1,,West,2,37,Major,No Equipment Available,,,On sidewalk or shoulder,Normal,,Driver hits pedestrian at private driveway,,,,pedestrian,NA,Don Valley East (16),33 Division,Banbury-Don Mills,true,true,false,false,false,false,true,false,false,false,"{""coordinates"": [[-79.34146467924688, 43.73233611014591]], ""type"": ""MultiPoint""}"
13330,2017:7000244602,2017-02-08T15:10:00,4 THE DONWAY E,GUYTOI CRT,3 m North of,2,Non-Fatal Injury,At/Near Private Drive,No Control,Pedestrian Collision(internal code),Clear,Daylight,Dry,Minor Arterial,false,-79.34146467924688,43.73233611014591,1,Automobile or Station Wagon,East,1,37,None,Lap and Shoulder Belt,Failed to yield right-of-way,Inattentive,,,Turning Left,,,,,driver,NA,Don Valley East (16),33 Division,Banbury-Don Mills,true,true,false,false,false,false,true,false,false,false,"{""coordinates"": [[-79.34146467924688, 43.73233611014591]], ""type"": ""MultiPoint""}"
13331,2017:7000256158,2017-02-10T10:03:00,QUEEN ST E,SHERBOURNE ST,5 m East of,2,Non-Fatal Injury,At Intersection,Traffic Signal,Pedestrian Collision(internal code),Clear,Daylight,Dry,Major Arterial,false,-79.36941884372852,43.65445116101887,1,,Unknown,1,38,Major,Use Unknown,,,Other,Other Condition,,Other,,,,pedestrian,NA,Toronto Centre (13),51 Division,Moss Park,false,false,false,false,false,false,true,false,false,true,"{""coordinates"": [[-79.36941884372852, 43.65445116101887]], ""type"": ""MultiPoint""}"
13332,2017:7000256158,2017-02-10T10:03:00,QUEEN ST E,SHERBOURNE ST,5 m East of,2,Non-Fatal Injury,At Intersection,Traffic Signal,Pedestrian Collision(internal code),Clear,Daylight,Dry,Major Arterial,false,-79.36941884372852,43.65445116101887,1,Municipal Transit Bus (TTC),West,2,48,None,Lap and Shoulder Belt,Driving properly,Normal,,,Going Ahead,,,,,driver,NA,Toronto Centre (13),51 Division,Moss Park,false,false,false,false,false,false,true,false,false,true,"{""coordinates"": [[-79.36941884372852, 43.65445116101887]], ""type"": ""MultiPoint""}"
13333,2017:7000264756,2017-02-11T20:11:00,MIDLAND AVE,SHEPPARD AVE E,,2,Non-Fatal Injury,At Intersection,Traffic Signal,Pedestrian Collision(internal code),Clear,Dark with Artificial Lighting,Wet,Major Arterial,false,-79.27852951790555,43.78527603323933,1,Automobile or Station Wagon,North,2,69,None,Lap and Shoulder Belt,Driving properly,Normal,,,Going Ahead,,,,,driver,NA,Scarborough North (23),42 Division,Agincourt South-Malvern West,false,true,false,false,false,true,true,false,false,false,"{""coordinates"": [[-79.27852951790555, 43.78527603323933]], ""type"": ""MultiPoint""}"
13334,2017:7000264756,2017-02-11T20:11:00,MIDLAND AVE,SHEPPARD AVE E,,2,Non-Fatal Injury,At Intersection,Traffic Signal,Pedestrian Collision(internal code),Clear,Dark with Artificial Lighting,Wet,Major Arterial,false,-79.27852951790555,43.78527603323933,1,,West,1,37,Major,Lap and Shoulder Belt,,,Crossing without right-of-way (intersection),Inattentive,,Driver going straight hits pedestrian crossing without right-of-way (at intersection),,,,pedestrian,NA,Scarborough North (23),42 Division,Agincourt South-Malvern West,false,true,false,false,false,true,true,false,false,false,"{""coordinates"": [[-79.27852951790555, 43.78527603323933]], ""type"": ""MultiPoint""}"
13335,2017:7000264793,2017-02-11T20:21:00,STEELES AVE W,ISLINGTON AVE,177 m West of,2,Non-Fatal Injury,Non-Intersection,No Control,Approaching Head On,Clear,Dark with Artificial Lighting,Dry,Major Arterial,false,-79.57662599926759,43.76383738590117,1,Automobile or Station Wagon,East,2,18,Major,Lap and Shoulder Belt,Lost control,Inattentive,,,Going Ahead,,,,,driver,NA,Humber River-Black Creek (7),31 Division,Humber Summit,false,true,false,false,false,false,false,false,true,false,"{""coordinates"": [[-79.57662599926759, 43.76383738590117]], ""type"": ""MultiPoint""}"
13336,2017:7000264793,2017-02-11T20:21:00,STEELES AVE W,ISLINGTON AVE,177 m West of,2,Non-Fatal Injury,Non-Intersection,No Control,Approaching Head On,Clear,Dark with Artificial Lighting,Dry,Major Arterial,false,-79.57662599926759,43.76383738590117,2,Passenger Van,West,1,60,Major,Lap and Shoulder Belt,Driving properly,Normal,,,Going Ahead,,,,,driver,NA,Humber River-Black Creek (7),31 Division,Humber Summit,false,true,false,false,false,false,false,false,true,false,"{""coordinates"": [[-79.57662599926759, 43.76383738590117]], ""type"": ""MultiPoint""}"
13337,2017:7000267446,2017-02-12T09:36:00,RICHMOND ST E,JARVIS ST,,3,Non-Fatal Injury,At Intersection,Traffic Signal,Pedestrian Collision(internal code),Rain,Daylight,Packed Snow,Major Arterial,false,-79.37279185301293,43.65263116634395,1,,,2,41,None,Lap and Shoulder Belt,,,,,,,,,,passenger,NA,Toronto Centre (13),51 Division,Moss Park,true,false,false,false,false,false,true,false,false,false,"{""coordinates"": [[-79.37279185301293, 43.65263116634395]], ""type"": ""MultiPoint""}"
13338,2017:7000267446,2017-02-12T09:36:00,RICHMOND ST E,JARVIS ST,,3,Non-Fatal Injury,At Intersection,Traffic Signal,Pedestrian Collision(internal code),Rain,Daylight,Packed Snow,Major Arterial,false,-79.37279185301293,43.65263116634395,1,,Unknown,3,63,Major,No Equipment Available,,,On sidewalk or shoulder,Normal,,Driver hits pedestrian on sidewalk or shoulder,,,,pedestrian,NA,Toronto Centre (13),51 Division,Moss Park,true,false,false,false,false,false,true,false,false,false,"{""coordinates"": [[-79.37279185301293, 43.65263116634395]], ""type"": ""MultiPoint""}"
13339,2017:7000267446,2017-02-12T09:36:00,RICHMOND ST E,JARVIS ST,,3,Non-Fatal Injury,At Intersection,Traffic Signal,Pedestrian Collision(internal code),Rain,Daylight,Packed Snow,Major Arterial,false,-79.37279185301293,43.65263116634395,1,Automobile or Station Wagon,West,1,33,None,Lap and Shoulder Belt,Speed too fast for conditions,Normal,,,Going Ahead,,,,,driver,NA,Toronto Centre (13),51 Division,Moss Park,true,false,false,false,false,false,true,false,false,false,"{""coordinates"": [[-79.37279185301293, 43.65263116634395]], ""type"": ""MultiPoint""}"
13340,2017:7000274781,2017-02-13T15:07:00,FINCH AVE W,YONGE ST,,2,Non-Fatal Injury,At Intersection,Traffic Signal,Pedestrian Collision(internal code),Clear,Daylight,Wet,Major Arterial,false,-79.41553874619727,43.77969519709194,1,,South,2,53,Major,No Equipment Available,,,Crossing without right-of-way (intersection),Inattentive,,Driver going straight hits pedestrian crossing without right-of-way (at intersection),,,,pedestrian,NA,Willowdale (18),32 Division,Yonge-Doris,false,true,false,false,false,false,true,false,false,false,"{""coordinates"": [[-79.41553874619727, 43.77969519709194]], ""type"": ""MultiPoint""}"
13341,2017:7000274781,2017-02-13T15:07:00,FINCH AVE W,YONGE ST,,2,Non-Fatal Injury,At Intersection,Traffic Signal,Pedestrian Collision(internal code),Clear,Daylight,Wet,Major Arterial,false,-79.41553874619727,43.77969519709194,1,Automobile or Station Wagon,East,1,37,None,Lap and Shoulder Belt,Driving properly,Normal,,,Going Ahead,,,,,driver,NA,Willowdale (18),32 Division,Yonge-Doris,false,true,false,false,false,false,true,false,false,false,"{""coordinates"": [[-79.41553874619727, 43.77969519709194]], ""type"": ""MultiPoint""}"
13342,2017:7000279545,2017-02-14T10:17:00,ISLINGTON AVE,EGLINTON AVE W,,2,Non-Fatal Injury,At Intersection,Traffic Signal,Turning Movement,Clear,Daylight,Dry,Major Arterial,false,-79.53897510112976,43.679765387071726,2,Automobile or Station Wagon,North,2,18,Minimal,Lap and Shoulder Belt,Other,Normal,,,Going Ahead,,,,,driver,NA,Etobicoke Centre (2),22 Division,Edenbridge-Humber Valley,false,false,false,false,false,false,false,false,true,false,"{""coordinates"": [[-79.53897510112976, 43.679765387071726]], ""type"": ""MultiPoint""}"
13343,2017:7000279545,2017-02-14T10:17:00,ISLINGTON AVE,EGLINTON AVE W,,2,Non-Fatal Injury,At Intersection,Traffic Signal,Turning Movement,Clear,Daylight,Dry,Major Arterial,false,-79.53897510112976,43.679765387071726,1,Automobile or Station Wagon,South,1,56,Major,Lap and Shoulder Belt,Other,Normal,,,Turning Left,,,,,driver,NA,Etobicoke Centre (2),22 Division,Edenbridge-Humber Valley,false,false,false,false,false,false,false,false,true,false,"{""coordinates"": [[-79.53897510112976, 43.679765387071726]], ""type"": ""MultiPoint""}"
13344,2017:7000303904,2017-02-18T00:29:00,KIPLING AVE,NEW TORONTO ST,112 m North,2,Fatal Injury,Underpass or Tunnel,No Control,SMV Other,Clear,Dark with Artificial Lighting,Dry,Major Arterial,false,-79.5196732150888,43.604772402869706,0,,,1,32,Minor,Lap and Shoulder Belt,,,,,,,,,,passenger,NA,Etobicoke-Lakeshore (3),22 Division,Mimico-Queensway,true,false,false,false,false,false,false,false,false,false,"{""coordinates"": [[-79.5196732150888, 43.604772402869706]], ""type"": ""MultiPoint""}"
13345,2017:7000303904,2017-02-18T00:29:00,KIPLING AVE,NEW TORONTO ST,112 m North,2,Fatal Injury,Underpass or Tunnel,No Control,SMV Other,Clear,Dark with Artificial Lighting,Dry,Major Arterial,false,-79.5196732150888,43.604772402869706,0,Pickup Truck,South,2,34,Fatal,Lap and Shoulder Belt,Failed to yield right-of-way,Had Been Drinking,,,Going Ahead,,,,,driver,7,Etobicoke-Lakeshore (3),22 Division,Mimico-Queensway,true,false,false,false,false,false,false,false,false,false,"{""coordinates"": [[-79.5196732150888, 43.604772402869706]], ""type"": ""MultiPoint""}"
13346,2017:7000304579,2017-02-18T03:47:00,DUFFERIN ST,DUPONT ST,,4,Non-Fatal Injury,At Intersection,Traffic Signal,Angle,Clear,Dark with Artificial Lighting,Dry,Major Arterial,false,-79.43899195560623,43.66839025853715,2,,,4,21,Minor,Lap and Shoulder Belt,,,,,,,,,,passenger,NA,Davenport (9),14 Division,Dovercourt Village,true,false,false,false,false,false,false,true,false,true,"{""coordinates"": [[-79.43899195560623, 43.66839025853715]], ""type"": ""MultiPoint""}"
13347,2017:7000304579,2017-02-18T03:47:00,DUFFERIN ST,DUPONT ST,,4,Non-Fatal Injury,At Intersection,Traffic Signal,Angle,Clear,Dark with Artificial Lighting,Dry,Major Arterial,false,-79.43899195560623,43.66839025853715,1,Automobile or Station Wagon,West,1,34,Major,Lap and Shoulder Belt,Disobeyed traffic control,Ability Impaired - Alcohol,,,Going Ahead,,,,,driver,NA,Davenport (9),14 Division,Dovercourt Village,true,false,false,false,false,false,false,true,false,true,"{""coordinates"": [[-79.43899195560623, 43.66839025853715]], ""type"": ""MultiPoint""}"
13348,2017:7000304579,2017-02-18T03:47:00,DUFFERIN ST,DUPONT ST,,4,Non-Fatal Injury,At Intersection,Traffic Signal,Angle,Clear,Dark with Artificial Lighting,Dry,Major Arterial,false,-79.43899195560623,43.66839025853715,3,Intercity Coach Bus,South,3,51,Minimal,Lap and Shoulder Belt,Driving properly,Normal,,,Going Ahead,,,,,driver,NA,Davenport (9),14 Division,Dovercourt Village,true,false,false,false,false,false,false,true,false,true,"{""coordinates"": [[-79.43899195560623, 43.66839025853715]], ""type"": ""MultiPoint""}"
13349,2017:7000304579,2017-02-18T03:47:00,DUFFERIN ST,DUPONT ST,,4,Non-Fatal Injury,At Intersection,Traffic Signal,Angle,Clear,Dark with Artificial Lighting,Dry,Major Arterial,false,-79.43899195560623,43.66839025853715,2,Automobile or Station Wagon,North,2,46,Minor,Lap and Shoulder Belt,Driving properly,Normal,,,Going Ahead,,,,,driver,NA,Davenport (9),14 Division,Dovercourt Village,true,false,false,false,false,false,false,true,false,true,"{""coordinates"": [[-79.43899195560623, 43.66839025853715]], ""type"": ""MultiPoint""}"
13350,2017:7000305009,2017-02-18T07:09:00,DON VALLEY PARKWAY S,PRINCE EDWARD VIADUCT,150 m North of,1,Non-Fatal Injury,Non-Intersection,No Control,SMV Other,Clear,Daylight,Dry,,false,-79.36195779639095,43.67679714618177,1,Automobile or Station Wagon,South,1,24,Major,Lap and Shoulder Belt,Lost control,Fatigue/Fell Asleep,,,Going Ahead,,,,,driver,NA,Toronto-Danforth (14),55 Division,Playter Estates-Danforth,false,false,false,false,false,false,false,false,false,false,"{""coordinates"": [[-79.36195779639095, 43.67679714618177]], ""type"": ""MultiPoint""}"
13351,2017:7000309465,2017-02-18T22:30:00,UNIVERSITY AVE,QUEEN ST W,11 m North of,4,Non-Fatal Injury,At Intersection,Traffic Signal,Pedestrian Collision(internal code),Clear,Dark with Artificial Lighting,Dry,Major Arterial,false,-79.38659288275697,43.650777187144655,1,,East,4,36,Minor,No Equipment Available,,,Crossing without right-of-way (intersection),Had Been Drinking,,Driver turns left into pedestrian crossing without right-of-way (at intersection),,,,pedestrian,NA,Spadina-Fort York (10),52 Division,Yonge-Bay Corridor,false,true,false,false,false,false,true,false,false,false,"{""coordinates"": [[-79.38659288275697, 43.650777187144655]], ""type"": ""MultiPoint""}"
13352,2017:7000309465,2017-02-18T22:30:00,UNIVERSITY AVE,QUEEN ST W,11 m North of,4,Non-Fatal Injury,At Intersection,Traffic Signal,Pedestrian Collision(internal code),Clear,Dark with Artificial Lighting,Dry,Major Arterial,false,-79.38659288275697,43.650777187144655,1,,East,3,38,Major,No Equipment Available,,,Crossing without right-of-way (intersection),Inattentive,,Driver turns left into pedestrian crossing without right-of-way (at intersection),,,,pedestrian,NA,Spadina-Fort York (10),52 Division,Yonge-Bay Corridor,false,true,false,false,false,false,true,false,false,false,"{""coordinates"": [[-79.38659288275697, 43.650777187144655]], ""type"": ""MultiPoint""}"
13353,2017:7000309465,2017-02-18T22:30:00,UNIVERSITY AVE,QUEEN ST W,11 m North of,4,Non-Fatal Injury,At Intersection,Traffic Signal,Pedestrian Collision(internal code),Clear,Dark with Artificial Lighting,Dry,Major Arterial,false,-79.38659288275697,43.650777187144655,1,Automobile or Station Wagon,East,1,32,None,Lap and Shoulder Belt,Driving properly,Normal,,,Turning Left,,,,,driver,NA,Spadina-Fort York (10),52 Division,Yonge-Bay Corridor,false,true,false,false,false,false,true,false,false,false,"{""coordinates"": [[-79.38659288275697, 43.650777187144655]], ""type"": ""MultiPoint""}"
13354,2017:7000309465,2017-02-18T22:30:00,UNIVERSITY AVE,QUEEN ST W,11 m North of,4,Non-Fatal Injury,At Intersection,Traffic Signal,Pedestrian Collision(internal code),Clear,Dark with Artificial Lighting,Dry,Major Arterial,false,-79.38659288275697,43.650777187144655,2,,Unknown,2,NA,None,Use Unknown,,,,,Unknown,,,,,other,NA,Spadina-Fort York (10),52 Division,Yonge-Bay Corridor,false,true,false,false,false,false,true,false,false,false,"{""coordinates"": [[-79.38659288275697, 43.650777187144655]], ""type"": ""MultiPoint""}"
13355,2017:7000311874,2017-02-19T10:57:00,KIPLING AVE,GARDINER C W KIPLING RAMP,,3,Non-Fatal Injury,At Intersection,Traffic Signal,Turning Movement,Clear,Daylight,Dry,Major Arterial,false,-79.52597519683356,43.619119403398095,1,,,3,11,None,Lap and Shoulder Belt,,,,,,,,,,passenger,NA,Etobicoke-Lakeshore (3),22 Division,Etobicoke City Centre,true,true,false,true,false,false,false,true,true,false,"{""coordinates"": [[-79.52597519683356, 43.619119403398095]], ""type"": ""MultiPoint""}"
13356,2017:7000311874,2017-02-19T10:57:00,KIPLING AVE,GARDINER C W KIPLING RAMP,,3,Non-Fatal Injury,At Intersection,Traffic Signal,Turning Movement,Clear,Daylight,Dry,Major Arterial,false,-79.52597519683356,43.619119403398095,1,Automobile or Station Wagon,North,1,39,None,Lap and Shoulder Belt,Disobeyed traffic control,Inattentive,,,Going Ahead,,,,,driver,NA,Etobicoke-Lakeshore (3),22 Division,Etobicoke City Centre,true,true,false,true,false,false,false,true,true,false,"{""coordinates"": [[-79.52597519683356, 43.619119403398095]], ""type"": ""MultiPoint""}"
13357,2017:7000311874,2017-02-19T10:57:00,KIPLING AVE,GARDINER C W KIPLING RAMP,,3,Non-Fatal Injury,At Intersection,Traffic Signal,Turning Movement,Clear,Daylight,Dry,Major Arterial,false,-79.52597519683356,43.619119403398095,2,Motorcycle,West,2,45,Major,Helmet,Driving properly,Normal,,,Turning Left,,,,,motorcyclist,NA,Etobicoke-Lakeshore (3),22 Division,Etobicoke City Centre,true,true,false,true,false,false,false,true,true,false,"{""coordinates"": [[-79.52597519683356, 43.619119403398095]], ""type"": ""MultiPoint""}"
13358,2017:7000313988,2017-02-19T17:27:00,1000 GERRARD ST E,,98 m West of,2,Non-Fatal Injury,Non-Intersection,No Control,Pedestrian Collision(internal code),Clear,Daylight,Dry,Minor Arterial,false,-79.33872576435117,43.66846211417611,1,,South,2,57,Major,No Equipment Available,,,Crossing without right-of-way (intersection),Normal,,Driver hits pedestrian at midblock,,,,pedestrian,NA,Toronto-Danforth (14),55 Division,South Riverdale,false,false,false,false,false,false,true,false,false,false,"{""coordinates"": [[-79.33872576435117, 43.66846211417611]], ""type"": ""MultiPoint""}"