X_id,collision_id,accdate,stname1,stname2,stname3,per_inv,acclass,accloc,traffictl,impactype,visible,light,rdsfcond,road_class,failtorem,longitude,latitude,veh_no,vehtype,initdir,per_no,invage,injury,safequip,drivact,drivcond,pedact,pedcond,manoeuvre,pedtype,cyclistype,cycact,cyccond,road_user,fatal_no,wardname,division,neighbourhood,aggressive,distracted,cyclist,motorcyclist,other_micromobility,older_adult,pedestrian,red_light,school_child,heavy_truck,geometry
13456,2017:7000600536,2017-04-05T14:54:00,4 RIDGEMOUNT RD,CHAPMAN RD,2 m East of,3,Non-Fatal Injury,At/Near Private Drive,No Control,Pedestrian Collision(internal code),Clear,Daylight,Dry,Local,false,-79.52219006248141,43.68897036234483,1,,North,3,86,Major,No Equipment Available,,,Other,Normal,,Driver reversing hits pedestrian,,,,pedestrian,NA,Etobicoke Centre (2),23 Division,Humber Heights-Westmount,false,false,false,false,false,true,true,false,false,false,"{""coordinates"": [[-79.52219006248141, 43.68897036234483]], ""type"": ""MultiPoint""}"
13457,2017:7000606743,2017-04-06T14:03:00,CLIFFSIDE DR,FOLCROFT AVE,10 m North of,2,Fatal Injury,Intersection-Related,No Control,Other,Rain,Daylight,Wet,Local,false,-79.25123955922496,43.70121199101796,0,,,1,59,Fatal,,,,,,,,,,,passenger,15,Scarborough Southwest (20),41 Division,Birchcliffe-Cliffside,false,false,false,false,false,false,false,false,false,true,"{""coordinates"": [[-79.25123955922496, 43.70121199101796]], ""type"": ""MultiPoint""}"
13458,2017:7000606743,2017-04-06T14:03:00,CLIFFSIDE DR,FOLCROFT AVE,10 m North of,2,Fatal Injury,Intersection-Related,No Control,Other,Rain,Daylight,Wet,Local,false,-79.25123955922496,43.70121199101796,0,Truck - Closed,North,2,51,None,,Driving properly,Normal,,,Going Ahead,,,,,driver,NA,Scarborough Southwest (20),41 Division,Birchcliffe-Cliffside,false,false,false,false,false,false,false,false,false,true,"{""coordinates"": [[-79.25123955922496, 43.70121199101796]], ""type"": ""MultiPoint""}"
13459,2017:7000607486,2017-04-06T15:49:00,NASSAU ST,BATHURST ST,,3,Non-Fatal Injury,At Intersection,Traffic Signal,Pedestrian Collision(internal code),Rain,Daylight,Wet,Major Arterial,false,-79.40679591677137,43.65421121610781,1,Automobile or Station Wagon,West,3,50,None,Lap and Shoulder Belt,Failed to yield right-of-way,Inattentive,,,Turning Left,,,,,driver,NA,University-Rosedale (11),14 Division,Kensington-Chinatown,true,true,false,false,false,true,true,false,false,false,"{""coordinates"": [[-79.40679591677137, 43.65421121610781]], ""type"": ""MultiPoint""}"
13460,2017:7000607486,2017-04-06T15:49:00,NASSAU ST,BATHURST ST,,3,Non-Fatal Injury,At Intersection,Traffic Signal,Pedestrian Collision(internal code),Rain,Daylight,Wet,Major Arterial,false,-79.40679591677137,43.65421121610781,1,,East,1,75,Major,No Equipment Available,,,Crossing with right-of-way (intersection),Normal,,Driver turns left into pedestrian crossing with right-of-way (at intersection),,,,pedestrian,NA,University-Rosedale (11),14 Division,Kensington-Chinatown,true,true,false,false,false,true,true,false,false,false,"{""coordinates"": [[-79.40679591677137, 43.65421121610781]], ""type"": ""MultiPoint""}"
13461,2017:7000607486,2017-04-06T15:49:00,NASSAU ST,BATHURST ST,,3,Non-Fatal Injury,At Intersection,Traffic Signal,Pedestrian Collision(internal code),Rain,Daylight,Wet,Major Arterial,false,-79.40679591677137,43.65421121610781,1,,,2,40,None,Lap and Shoulder Belt,,,,,,,,,,passenger,NA,University-Rosedale (11),14 Division,Kensington-Chinatown,true,true,false,false,false,true,true,false,false,false,"{""coordinates"": [[-79.40679591677137, 43.65421121610781]], ""type"": ""MultiPoint""}"
13462,2017:7000609601,2017-04-06T23:15:00,MARKHAM RD,PAINTED POST DR,10 m West of,2,Non-Fatal Injury,At Intersection,Traffic Signal,Pedestrian Collision(internal code),Rain,Dark with Artificial Lighting,Wet,Major Arterial,false,-79.22832045606788,43.767491974666456,1,,West,2,28,Major,Use Unknown,,,Crossing without right-of-way (intersection),Inattentive,,Driver going straight hits pedestrian crossing without right-of-way (at intersection),,,,pedestrian,NA,Scarborough-Guildwood (24),43 Division,Woburn North,false,true,false,false,false,false,true,false,false,false,"{""coordinates"": [[-79.22832045606788, 43.767491974666456]], ""type"": ""MultiPoint""}"
13463,2017:7000609601,2017-04-06T23:15:00,MARKHAM RD,PAINTED POST DR,10 m West of,2,Non-Fatal Injury,At Intersection,Traffic Signal,Pedestrian Collision(internal code),Rain,Dark with Artificial Lighting,Wet,Major Arterial,false,-79.22832045606788,43.767491974666456,1,Automobile or Station Wagon,South,1,27,None,Use Unknown,Driving properly,Normal,,,Going Ahead,,,,,driver,NA,Scarborough-Guildwood (24),43 Division,Woburn North,false,true,false,false,false,false,true,false,false,false,"{""coordinates"": [[-79.22832045606788, 43.767491974666456]], ""type"": ""MultiPoint""}"
13464,2017:7000633254,2017-04-10T16:10:00,MARTIN GROVE RD,DOSCO RD,7 m South of MARTIN GROVE RD,2,Non-Fatal Injury,At Intersection,No Control,Turning Movement,Clear,Daylight,Wet,Major Arterial,false,-79.57252911543345,43.695150418038985,2,Automobile or Station Wagon,South,2,23,Major,Lap and Shoulder Belt,Driving properly,Inattentive,,,Going Ahead,,,,,driver,NA,Etobicoke North (1),23 Division,West Humber-Clairville,true,true,false,false,false,false,false,false,false,false,"{""coordinates"": [[-79.57252911543345, 43.695150418038985]], ""type"": ""MultiPoint""}"
13465,2017:7000633254,2017-04-10T16:10:00,MARTIN GROVE RD,DOSCO RD,7 m South of MARTIN GROVE RD,2,Non-Fatal Injury,At Intersection,No Control,Turning Movement,Clear,Daylight,Wet,Major Arterial,false,-79.57252911543345,43.695150418038985,1,Passenger Van,East,1,46,None,Lap and Shoulder Belt,Failed to yield right-of-way,Inattentive,,,Turning Left,,,,,driver,NA,Etobicoke North (1),23 Division,West Humber-Clairville,true,true,false,false,false,false,false,false,false,false,"{""coordinates"": [[-79.57252911543345, 43.695150418038985]], ""type"": ""MultiPoint""}"
13466,2017:7000635280,2017-04-10T22:29:00,ST CLAIR AVE W,GUNNS RD,90 m West of,2,Non-Fatal Injury,Non-Intersection,No Control,Pedestrian Collision(internal code),Rain,Dark,Wet,Major Arterial,false,-79.4724090139842,43.671407305352574,1,Automobile or Station Wagon,West,1,35,None,Lap and Shoulder Belt,Driving properly,Normal,,,Going Ahead,,,,,driver,NA,York South-Weston (5),11 Division,Junction Area,false,true,false,false,false,false,true,false,false,false,"{""coordinates"": [[-79.4724090139842, 43.671407305352574]], ""type"": ""MultiPoint""}"
13467,2017:7000635280,2017-04-10T22:29:00,ST CLAIR AVE W,GUNNS RD,90 m West of,2,Non-Fatal Injury,Non-Intersection,No Control,Pedestrian Collision(internal code),Rain,Dark,Wet,Major Arterial,false,-79.4724090139842,43.671407305352574,1,,West,2,51,Major,Use Unknown,,,Running onto roadway,Inattentive,,Driver hits pedestrian at midblock,,,,pedestrian,NA,York South-Weston (5),11 Division,Junction Area,false,true,false,false,false,false,true,false,false,false,"{""coordinates"": [[-79.4724090139842, 43.671407305352574]], ""type"": ""MultiPoint""}"
13468,2017:7000637893,2017-04-11T10:56:00,WILSON AVE,DUFFERIN ST,10 m west,2,Fatal Injury,At Intersection,Traffic Signal,Pedestrian Collision(internal code),Clear,Daylight,Dry,Major Arterial,false,-79.45887388341067,43.73201926185365,0,Truck - Closed,East,2,63,None,,Failed to yield right-of-way,Inattentive,,,Turning Right,,,,,driver,NA,York Centre (6),32 Division,Clanton Park,true,true,false,false,false,false,true,false,false,true,"{""coordinates"": [[-79.45887388341067, 43.73201926185365]], ""type"": ""MultiPoint""}"
13469,2017:7000637893,2017-04-11T10:56:00,WILSON AVE,DUFFERIN ST,10 m west,2,Fatal Injury,At Intersection,Traffic Signal,Pedestrian Collision(internal code),Clear,Daylight,Dry,Major Arterial,false,-79.45887388341067,43.73201926185365,0,,East,1,54,Fatal,,,,Crossing with right-of-way (intersection),Normal,,Driver turns right into pedestrian crossing with right-of-way (at intersection),,,,pedestrian,16,York Centre (6),32 Division,Clanton Park,true,true,false,false,false,false,true,false,false,true,"{""coordinates"": [[-79.45887388341067, 43.73201926185365]], ""type"": ""MultiPoint""}"
13470,2017:7000641093,2017-04-11T19:19:00,GERRARD ST E,SACKVILLE ST,37 m East of,2,Non-Fatal Injury,Non-Intersection,No Control,Pedestrian Collision(internal code),Clear,Daylight,Dry,Minor Arterial,false,-79.36351382016935,43.66264915088267,1,Automobile or Station Wagon,East,1,41,None,Lap and Shoulder Belt,Driving properly,Normal,,,Going Ahead,,,,,driver,NA,Toronto Centre (13),51 Division,Regent Park,false,false,false,false,false,false,true,false,false,false,"{""coordinates"": [[-79.36351382016935, 43.66264915088267]], ""type"": ""MultiPoint""}"
13471,2017:7000641093,2017-04-11T19:19:00,GERRARD ST E,SACKVILLE ST,37 m East of,2,Non-Fatal Injury,Non-Intersection,No Control,Pedestrian Collision(internal code),Clear,Daylight,Dry,Minor Arterial,false,-79.36351382016935,43.66264915088267,1,,Unknown,2,42,Major,No Equipment Available,,,Crossing - no traffic control,Other Condition,,Driver hits pedestrian at midblock,,,,pedestrian,NA,Toronto Centre (13),51 Division,Regent Park,false,false,false,false,false,false,true,false,false,false,"{""coordinates"": [[-79.36351382016935, 43.66264915088267]], ""type"": ""MultiPoint""}"
13472,2017:7000649054,2017-04-13T01:44:00,CUMMER AVE,SNOWCREST AVE,150 m East,2,Fatal Injury,Non-Intersection,No Control,SMV Other,Clear,Dark with Artificial Lighting,Dry,Collector,false,-79.38078667313076,43.79533515446518,0,Automobile or Station Wagon,East,2,25,Fatal,,Lost control,Unknown,,,Going Ahead,,,,,driver,17,Don Valley North (17),33 Division,Bayview Woods-Steeles,false,false,false,false,false,false,false,false,false,false,"{""coordinates"": [[-79.38078667313076, 43.79533515446518]], ""type"": ""MultiPoint""}"
13473,2017:7000649054,2017-04-13T01:44:00,CUMMER AVE,SNOWCREST AVE,150 m East,2,Fatal Injury,Non-Intersection,No Control,SMV Other,Clear,Dark with Artificial Lighting,Dry,Collector,false,-79.38078667313076,43.79533515446518,0,,,1,27,Major,,,,,,,,,,,passenger,NA,Don Valley North (17),33 Division,Bayview Woods-Steeles,false,false,false,false,false,false,false,false,false,false,"{""coordinates"": [[-79.38078667313076, 43.79533515446518]], ""type"": ""MultiPoint""}"
13474,2017:7000659290,2017-04-14T18:05:00,SPADINA AVE,SULLIVAN ST,50 m North,2,Fatal Injury,Non-Intersection,No Control,Pedestrian Collision(internal code),Clear,Daylight,Dry,Major Arterial,false,-79.39740390303878,43.6513152030147,0,,East,1,65,Fatal,,,,Crossing - no traffic control,Had Been Drinking,,Transit vehicle driver hits pedestrian anywhere along roadway,,,,pedestrian,18,Spadina-Fort York (10),52 Division,Kensington-Chinatown,false,false,false,false,false,true,true,false,false,true,"{""coordinates"": [[-79.39740390303878, 43.6513152030147]], ""type"": ""MultiPoint""}"
13475,2017:7000659290,2017-04-14T18:05:00,SPADINA AVE,SULLIVAN ST,50 m North,2,Fatal Injury,Non-Intersection,No Control,Pedestrian Collision(internal code),Clear,Daylight,Dry,Major Arterial,false,-79.39740390303878,43.6513152030147,0,Streetcar,South,2,43,None,,Driving properly,Normal,,,Going Ahead,,,,,driver,NA,Spadina-Fort York (10),52 Division,Kensington-Chinatown,false,false,false,false,false,true,true,false,false,true,"{""coordinates"": [[-79.39740390303878, 43.6513152030147]], ""type"": ""MultiPoint""}"
13476,2017:7000665292,2017-04-15T20:02:00,61 TOPCLIFF AVE,,47 m East of,7,Non-Fatal Injury,Non-Intersection,No Control,Approaching Head On,Clear,Dark with Artificial Lighting,Dry,Local,false,-79.50829692382187,43.75645631355622,1,,,4,36,None,Use Unknown,,,,,,,,,,passenger,NA,Humber River-Black Creek (7),31 Division,Glenfield-Jane Heights,false,false,false,false,false,false,false,false,true,false,"{""coordinates"": [[-79.50829692382187, 43.75645631355622]], ""type"": ""MultiPoint""}"
13477,2017:7000665292,2017-04-15T20:02:00,61 TOPCLIFF AVE,,47 m East of,7,Non-Fatal Injury,Non-Intersection,No Control,Approaching Head On,Clear,Dark with Artificial Lighting,Dry,Local,false,-79.50829692382187,43.75645631355622,2,,,5,5,Minimal,Use Unknown,,,,,,,,,,passenger,NA,Humber River-Black Creek (7),31 Division,Glenfield-Jane Heights,false,false,false,false,false,false,false,false,true,false,"{""coordinates"": [[-79.50829692382187, 43.75645631355622]], ""type"": ""MultiPoint""}"
13478,2017:7000665292,2017-04-15T20:02:00,61 TOPCLIFF AVE,,47 m East of,7,Non-Fatal Injury,Non-Intersection,No Control,Approaching Head On,Clear,Dark with Artificial Lighting,Dry,Local,false,-79.50829692382187,43.75645631355622,1,Automobile or Station Wagon,East,2,22,Major,Use Unknown,Lost control,Normal,,,Going Ahead,,,,,driver,NA,Humber River-Black Creek (7),31 Division,Glenfield-Jane Heights,false,false,false,false,false,false,false,false,true,false,"{""coordinates"": [[-79.50829692382187, 43.75645631355622]], ""type"": ""MultiPoint""}"
13479,2017:7000665292,2017-04-15T20:02:00,61 TOPCLIFF AVE,,47 m East of,7,Non-Fatal Injury,Non-Intersection,No Control,Approaching Head On,Clear,Dark with Artificial Lighting,Dry,Local,false,-79.50829692382187,43.75645631355622,2,,,1,28,Minimal,Use Unknown,,,,,,,,,,passenger,NA,Humber River-Black Creek (7),31 Division,Glenfield-Jane Heights,false,false,false,false,false,false,false,false,true,false,"{""coordinates"": [[-79.50829692382187, 43.75645631355622]], ""type"": ""MultiPoint""}"
13480,2017:7000665292,2017-04-15T20:02:00,61 TOPCLIFF AVE,,47 m East of,7,Non-Fatal Injury,Non-Intersection,No Control,Approaching Head On,Clear,Dark with Artificial Lighting,Dry,Local,false,-79.50829692382187,43.75645631355622,2,,,6,6,Minimal,Use Unknown,,,,,,,,,,passenger,NA,Humber River-Black Creek (7),31 Division,Glenfield-Jane Heights,false,false,false,false,false,false,false,false,true,false,"{""coordinates"": [[-79.50829692382187, 43.75645631355622]], ""type"": ""MultiPoint""}"
13481,2017:7000665292,2017-04-15T20:02:00,61 TOPCLIFF AVE,,47 m East of,7,Non-Fatal Injury,Non-Intersection,No Control,Approaching Head On,Clear,Dark with Artificial Lighting,Dry,Local,false,-79.50829692382187,43.75645631355622,2,,,7,3,Minimal,Use Unknown,,,,,,,,,,passenger,NA,Humber River-Black Creek (7),31 Division,Glenfield-Jane Heights,false,false,false,false,false,false,false,false,true,false,"{""coordinates"": [[-79.50829692382187, 43.75645631355622]], ""type"": ""MultiPoint""}"
13482,2017:7000665292,2017-04-15T20:02:00,61 TOPCLIFF AVE,,47 m East of,7,Non-Fatal Injury,Non-Intersection,No Control,Approaching Head On,Clear,Dark with Artificial Lighting,Dry,Local,false,-79.50829692382187,43.75645631355622,2,Automobile or Station Wagon,West,3,33,Minimal,Use Unknown,Driving properly,Normal,,,Going Ahead,,,,,driver,NA,Humber River-Black Creek (7),31 Division,Glenfield-Jane Heights,false,false,false,false,false,false,false,false,true,false,"{""coordinates"": [[-79.50829692382187, 43.75645631355622]], ""type"": ""MultiPoint""}"
13483,2017:7000669891,2017-04-16T16:49:00,QUEENS QUAY W,YORK ST,47 m West of,2,Non-Fatal Injury,Non-Intersection,No Control,Pedestrian Collision(internal code),Clear,Daylight,Dry,Minor Arterial,false,-79.38092488847202,43.639734181143744,1,,North,2,37,Major,Use Unknown,,,Crossing - no traffic control,Inattentive,,Transit vehicle driver hits pedestrian anywhere along roadway,,,,pedestrian,NA,Spadina-Fort York (10),52 Division,Harbourfront-CityPlace,false,true,false,false,false,false,true,false,false,true,"{""coordinates"": [[-79.38092488847202, 43.639734181143744]], ""type"": ""MultiPoint""}"
13484,2017:7000669891,2017-04-16T16:49:00,QUEENS QUAY W,YORK ST,47 m West of,2,Non-Fatal Injury,Non-Intersection,No Control,Pedestrian Collision(internal code),Clear,Daylight,Dry,Minor Arterial,false,-79.38092488847202,43.639734181143744,1,Bus - Other,East,1,51,None,Lap and Shoulder Belt,Driving properly,Normal,,,Going Ahead,,,,,driver,NA,Spadina-Fort York (10),52 Division,Harbourfront-CityPlace,false,true,false,false,false,false,true,false,false,true,"{""coordinates"": [[-79.38092488847202, 43.639734181143744]], ""type"": ""MultiPoint""}"
13485,2017:7000670017,2017-04-16T16:59:00,MARTIN GROVE RD,TOLLINGTON RD,2 m North of,2,Non-Fatal Injury,At Intersection,No Control,Rear End,Clear,Daylight,Dry,Major Arterial,false,-79.56859212654773,43.686536418377536,2,Pickup Truck,South,2,43,Major,Lap and Shoulder Belt,Driving properly,Normal,,,Going Ahead,,,,,driver,NA,Etobicoke Centre (2),23 Division,Willowridge-Martingrove-Richview,true,false,false,false,false,false,false,false,false,true,"{""coordinates"": [[-79.56859212654773, 43.686536418377536]], ""type"": ""MultiPoint""}"
13486,2017:7000675895,2017-04-17T18:58:00,219 MARTIN GROVE RD,,100 m North of DONALBERT ROAD,1,Non-Fatal Injury,Non-Intersection,No Control,SMV Other,Clear,Daylight,Dry,Collector,false,-79.55170916403482,43.654844416015294,1,Motorcycle,South,1,17,Major,Helmet,Lost control,Normal,,,Going Ahead,,,,,motorcyclist,NA,Etobicoke Centre (2),22 Division,Islington,false,false,false,true,false,false,false,false,true,false,"{""coordinates"": [[-79.55170916403482, 43.654844416015294]], ""type"": ""MultiPoint""}"
13487,2017:7000676531,2017-04-17T21:32:00,WILSON HEIGHTS BLVD,COCKSFIELD AVE,,2,Non-Fatal Injury,Intersection-Related,No Control,Pedestrian Collision(internal code),Clear,Dark with Artificial Lighting,Dry,Collector,false,-79.45770684694604,43.75284325271413,1,Automobile or Station Wagon,North,1,86,None,Use Unknown,Improper turn,Inattentive,,,Turning Left,,,,,driver,NA,York Centre (6),32 Division,Bathurst Manor,false,true,false,false,false,true,true,false,false,false,"{""coordinates"": [[-79.45770684694604, 43.75284325271413]], ""type"": ""MultiPoint""}"
13488,2017:7000676531,2017-04-17T21:32:00,WILSON HEIGHTS BLVD,COCKSFIELD AVE,,2,Non-Fatal Injury,Intersection-Related,No Control,Pedestrian Collision(internal code),Clear,Dark with Artificial Lighting,Dry,Collector,false,-79.45770684694604,43.75284325271413,1,,North,2,61,Major,Use Unknown,,,Crossing with right-of-way (intersection),Normal,,Driver turns left into pedestrian crossing with right-of-way (at intersection),,,,pedestrian,NA,York Centre (6),32 Division,Bathurst Manor,false,true,false,false,false,true,true,false,false,false,"{""coordinates"": [[-79.45770684694604, 43.75284325271413]], ""type"": ""MultiPoint""}"
13489,2017:7000680975,2017-04-18T15:03:00,SHEPPARD AVE W,BATHURST ST,20 m West of,2,Non-Fatal Injury,At/Near Private Drive,No Control,Cyclist Collision,Clear,Daylight,Dry,Major Arterial,false,-79.43844281162316,43.75538422833394,1,Automobile or Station Wagon,North,1,56,None,Lap and Shoulder Belt,Failed to yield right-of-way,Inattentive,,,Turning Right,,,,,driver,NA,York Centre (6),32 Division,Lansing-Westgate,true,true,true,false,false,false,false,false,false,false,"{""coordinates"": [[-79.43844281162316, 43.75538422833394]], ""type"": ""MultiPoint""}"
13490,2017:7000680975,2017-04-18T15:03:00,SHEPPARD AVE W,BATHURST ST,20 m West of,2,Non-Fatal Injury,At/Near Private Drive,No Control,Cyclist Collision,Clear,Daylight,Dry,Major Arterial,false,-79.43844281162316,43.75538422833394,2,Bicycle,East,2,56,Major,Helmet,,,,,Going Ahead,,"Driver turns right at non-signalized intersection (e.g. stop, yield, no control, driveway) and hits cyclist",Driving Properly,Normal,cyclist,NA,York Centre (6),32 Division,Lansing-Westgate,true,true,true,false,false,false,false,false,false,false,"{""coordinates"": [[-79.43844281162316, 43.75538422833394]], ""type"": ""MultiPoint""}"
13491,2017:7000689594,2017-04-19T20:45:00,EGLINTON AVE E,COMMONWEALTH AVE,29 m East of,2,Non-Fatal Injury,At Intersection,No Control,Pedestrian Collision(internal code),Clear,Dark with Artificial Lighting,Dry,Major Arterial,false,-79.25680152957558,43.73473500101384,1,,South,2,48,Major,No Equipment Available,,,Crossing - no traffic control,Normal,,Driver hits pedestrian at midblock,,,,pedestrian,NA,Scarborough Southwest (20),41 Division,Kennedy Park,false,false,false,false,false,true,true,false,false,false,"{""coordinates"": [[-79.25680152957558, 43.73473500101384]], ""type"": ""MultiPoint""}"
13492,2017:7000689594,2017-04-19T20:45:00,EGLINTON AVE E,COMMONWEALTH AVE,29 m East of,2,Non-Fatal Injury,At Intersection,No Control,Pedestrian Collision(internal code),Clear,Dark with Artificial Lighting,Dry,Major Arterial,false,-79.25680152957558,43.73473500101384,1,Automobile or Station Wagon,West,1,69,None,Lap and Shoulder Belt,Driving properly,Normal,,,Going Ahead,,,,,driver,NA,Scarborough Southwest (20),41 Division,Kennedy Park,false,false,false,false,false,true,true,false,false,false,"{""coordinates"": [[-79.25680152957558, 43.73473500101384]], ""type"": ""MultiPoint""}"
13493,2017:7000891518,2017-05-20T17:40:00,EGLINTON AVE E,DANFORTH RD,,10,Non-Fatal Injury,Non-Intersection,No Control,Rear End,Clear,Daylight,Dry,Major Arterial,false,-79.24518150791805,43.73723398740468,2,Automobile or Station Wagon,East,2,47,Minimal,Use Unknown,Driving properly,Normal,,,Going Ahead,,,,,driver,NA,Scarborough Southwest (20),43 Division,Eglinton East,true,true,false,false,false,true,false,false,false,false,"{""coordinates"": [[-79.24518150791805, 43.73723398740468]], ""type"": ""MultiPoint""}"
13494,2017:7000689985,2017-04-19T22:06:00,COLLEGE ST,MC CAUL ST,17 m West of,3,Non-Fatal Injury,At Intersection,Streetcar (Stop for),Pedestrian Collision(internal code),Clear,Dark with Artificial Lighting,Dry,Major Arterial,false,-79.39344388316474,43.65912819523708,1,,South,3,26,Major,Use Unknown,,,Person getting on/off vehicle,Normal,,Other,,,,pedestrian,NA,University-Rosedale (11),52 Division,Kensington-Chinatown,true,true,false,false,false,false,true,false,false,false,"{""coordinates"": [[-79.39344388316474, 43.65912819523708]], ""type"": ""MultiPoint""}"
13495,2017:7000689985,2017-04-19T22:06:00,COLLEGE ST,MC CAUL ST,17 m West of,3,Non-Fatal Injury,At Intersection,Streetcar (Stop for),Pedestrian Collision(internal code),Clear,Dark with Artificial Lighting,Dry,Major Arterial,false,-79.39344388316474,43.65912819523708,1,Automobile or Station Wagon,East,1,36,None,Lap and Shoulder Belt,Failed to yield right-of-way,Inattentive,,,Going Ahead,,,,,driver,NA,University-Rosedale (11),52 Division,Kensington-Chinatown,true,true,false,false,false,false,true,false,false,false,"{""coordinates"": [[-79.39344388316474, 43.65912819523708]], ""type"": ""MultiPoint""}"
13496,2017:7000689985,2017-04-19T22:06:00,COLLEGE ST,MC CAUL ST,17 m West of,3,Non-Fatal Injury,At Intersection,Streetcar (Stop for),Pedestrian Collision(internal code),Clear,Dark with Artificial Lighting,Dry,Major Arterial,false,-79.39344388316474,43.65912819523708,1,,,2,20,None,Lap and Shoulder Belt,,,,,,,,,,passenger,NA,University-Rosedale (11),52 Division,Kensington-Chinatown,true,true,false,false,false,false,true,false,false,false,"{""coordinates"": [[-79.39344388316474, 43.65912819523708]], ""type"": ""MultiPoint""}"
13497,2017:7000697706,2017-04-21T05:43:00,LAKE SHORE BLVD W,PARKSIDE DR,700 m East of,1,Non-Fatal Injury,Non-Intersection,No Control,SMV Other,Clear,Dark with Artificial Lighting,Wet,Major Arterial,false,-79.4454840212647,43.63694227941286,1,Automobile or Station Wagon,East,1,62,Major,Lap and Shoulder Belt,Lost control,Fatigue/Fell Asleep,,,Going Ahead,,,,,driver,NA,Parkdale-High Park (4),14 Division,South Parkdale,false,false,false,false,false,false,false,false,false,false,"{""coordinates"": [[-79.4454840212647, 43.63694227941286]], ""type"": ""MultiPoint""}"
13498,2017:7000701050,2017-04-21T15:30:00,HALFMOON SQ,CANMORE BLVD,north of,2,Fatal Injury,Intersection-Related,No Control,Pedestrian Collision(internal code),Clear,Daylight with Artificial Lighting,Dry,Collector,false,-79.17908037049506,43.79375193189236,0,,East,1,6,Fatal,,,,Running onto roadway,Inattentive,,Driver hits pedestrian walking or running out from between parked vehicles (at midblock),,,,pedestrian,19,Scarborough-Rouge Park (25),43 Division,Highland Creek,false,true,false,false,false,false,true,false,true,false,"{""coordinates"": [[-79.17908037049506, 43.79375193189236]], ""type"": ""MultiPoint""}"
13499,2017:7000701050,2017-04-21T15:30:00,HALFMOON SQ,CANMORE BLVD,north of,2,Fatal Injury,Intersection-Related,No Control,Pedestrian Collision(internal code),Clear,Daylight with Artificial Lighting,Dry,Collector,false,-79.17908037049506,43.79375193189236,0,Automobile or Station Wagon,North,2,50,None,,Driving properly,Inattentive,,,Going Ahead,,,,,driver,NA,Scarborough-Rouge Park (25),43 Division,Highland Creek,false,true,false,false,false,false,true,false,true,false,"{""coordinates"": [[-79.17908037049506, 43.79375193189236]], ""type"": ""MultiPoint""}"
13500,2017:7000714905,2017-04-23T20:44:00,YONGE ST,ERSKINE AVE,,3,Non-Fatal Injury,At Intersection,Traffic Controller,Turning Movement,Clear,Dusk,Dry,Major Arterial,true,-79.3992728129871,43.711004190308486,2,Motorcycle,North,2,54,Major,Helmet,Driving properly,Normal,,,Going Ahead,,,,,motorcyclist,NA,Don Valley West (15),53 Division,North Toronto,true,false,false,true,false,false,false,false,true,false,"{""coordinates"": [[-79.3992728129871, 43.711004190308486]], ""type"": ""MultiPoint""}"
13501,2017:7000714905,2017-04-23T20:44:00,YONGE ST,ERSKINE AVE,,3,Non-Fatal Injury,At Intersection,Traffic Controller,Turning Movement,Clear,Dusk,Dry,Major Arterial,true,-79.3992728129871,43.711004190308486,1,Pickup Truck,South,1,26,None,Lap and Shoulder Belt,Failed to yield right-of-way,Unknown,,,Turning Left,,,,,driver,NA,Don Valley West (15),53 Division,North Toronto,true,false,false,true,false,false,false,false,true,false,"{""coordinates"": [[-79.3992728129871, 43.711004190308486]], ""type"": ""MultiPoint""}"
13502,2017:7000714905,2017-04-23T20:44:00,YONGE ST,ERSKINE AVE,,3,Non-Fatal Injury,At Intersection,Traffic Controller,Turning Movement,Clear,Dusk,Dry,Major Arterial,true,-79.3992728129871,43.711004190308486,2,,,3,16,Major,Helmet,,,,,,,,,,motorcyclist,NA,Don Valley West (15),53 Division,North Toronto,true,false,false,true,false,false,false,false,true,false,"{""coordinates"": [[-79.3992728129871, 43.711004190308486]], ""type"": ""MultiPoint""}"
13503,2017:7000734516,2017-04-26T18:57:00,LESLIE ST,CORNING RD,,2,Fatal Injury,At/Near Private Drive,No Control,Angle,Clear,Daylight,Dry,Major Arterial,false,-79.36610766330097,43.781908137675536,0,Automobile or Station Wagon,East,2,46,Minimal,,Failed to yield right-of-way,Normal,,,Going Ahead,,,,,driver,NA,Don Valley North (17),33 Division,Don Valley Village,true,false,false,true,false,false,false,false,false,false,"{""coordinates"": [[-79.36610766330097, 43.781908137675536]], ""type"": ""MultiPoint""}"
13504,2017:7000734516,2017-04-26T18:57:00,LESLIE ST,CORNING RD,,2,Fatal Injury,At/Near Private Drive,No Control,Angle,Clear,Daylight,Dry,Major Arterial,false,-79.36610766330097,43.781908137675536,0,Motorcycle,South,1,30,Fatal,,Driving properly,Unknown,,,Going Ahead,,,,,motorcyclist,20,Don Valley North (17),33 Division,Don Valley Village,true,false,false,true,false,false,false,false,false,false,"{""coordinates"": [[-79.36610766330097, 43.781908137675536]], ""type"": ""MultiPoint""}"
13505,2017:7000750134,2017-04-29T02:05:00,KIPLING AVE,STEVENSON RD,80 m North of,4,Non-Fatal Injury,Non-Intersection,No Control,Approaching Head On,Clear,Dark with Artificial Lighting,Dry,Major Arterial,false,-79.58299721156597,43.74512725594784,1,Automobile or Station Wagon,South,1,23,Minimal,Lap and Shoulder Belt,Failed to yield right-of-way,Normal,,,Going Ahead,,,,,driver,NA,Etobicoke North (1),23 Division,Mount Olive-Silverstone-Jamestown,true,false,false,false,false,false,false,false,false,false,"{""coordinates"": [[-79.58299721156597, 43.74512725594784]], ""type"": ""MultiPoint""}"