X_id,collision_id,accdate,stname1,stname2,stname3,per_inv,acclass,accloc,traffictl,impactype,visible,light,rdsfcond,road_class,failtorem,longitude,latitude,veh_no,vehtype,initdir,per_no,invage,injury,safequip,drivact,drivcond,pedact,pedcond,manoeuvre,pedtype,cyclistype,cycact,cyccond,road_user,fatal_no,wardname,division,neighbourhood,aggressive,distracted,cyclist,motorcyclist,other_micromobility,older_adult,pedestrian,red_light,school_child,heavy_truck,geometry
13906,2017:7001553608,2017-08-27T11:05:00,LESWYN RD,CALEDONIA RD,8 m East of,2,Non-Fatal Injury,Intersection-Related,Stop Sign,Pedestrian Collision(internal code),Clear,Daylight,Dry,Minor Arterial,true,-79.4675869272226,43.71565827994776,1,,Unknown,1,29,Major,Use Unknown,,,Other,Normal,,Unknown,,,,pedestrian,NA,Eglinton-Lawrence (8),32 Division,Yorkdale-Glen Park,false,false,false,false,false,false,true,false,false,false,"{""coordinates"": [[-79.4675869272226, 43.71565827994776]], ""type"": ""MultiPoint""}"
13907,2017:7001553608,2017-08-27T11:05:00,LESWYN RD,CALEDONIA RD,8 m East of,2,Non-Fatal Injury,Intersection-Related,Stop Sign,Pedestrian Collision(internal code),Clear,Daylight,Dry,Minor Arterial,true,-79.4675869272226,43.71565827994776,1,Automobile or Station Wagon,West,2,NA,None,Use Unknown,Other,Unknown,,,Going Ahead,,,,,driver,NA,Eglinton-Lawrence (8),32 Division,Yorkdale-Glen Park,false,false,false,false,false,false,true,false,false,false,"{""coordinates"": [[-79.4675869272226, 43.71565827994776]], ""type"": ""MultiPoint""}"
13908,2017:7001553173,2017-08-27T20:54:00,6065 STEELES AVE E,,,2,Fatal Injury,Non-Intersection,No Control,Pedestrian Collision(internal code),Clear,Dark,Dry,Major Arterial,false,-79.24901942884186,43.83704900664349,1,Automobile or Station Wagon,West,2,48,None,,Driving properly,Normal,,,Going Ahead,,,,,driver,NA,Scarborough North (23),42 Division,Morningside Heights,false,true,false,false,false,true,true,false,false,false,"{""coordinates"": [[-79.24901942884186, 43.83704900664349]], ""type"": ""MultiPoint""}"
13909,2017:7001553173,2017-08-27T20:54:00,6065 STEELES AVE E,,,2,Fatal Injury,Non-Intersection,No Control,Pedestrian Collision(internal code),Clear,Dark,Dry,Major Arterial,false,-79.24901942884186,43.83704900664349,0,,North,1,77,Fatal,,,,Running onto roadway,Inattentive,,Driver hits pedestrian at midblock,,,,pedestrian,38,Scarborough North (23),42 Division,Morningside Heights,false,true,false,false,false,true,true,false,false,false,"{""coordinates"": [[-79.24901942884186, 43.83704900664349]], ""type"": ""MultiPoint""}"
13910,2017:7001555383,2017-08-28T08:49:00,5450 DUNDAS ST W,,5 m South of,2,Non-Fatal Injury,At/Near Private Drive,No Control,Pedestrian Collision(internal code),Clear,Daylight,Dry,Major Arterial,false,-79.54344619448811,43.632730417995155,1,,,2,26,Major,Use Unknown,,,Crossing - no traffic control,Other Condition,,Driver hits pedestrian at midblock,,,,pedestrian,NA,Etobicoke-Lakeshore (3),22 Division,Etobicoke City Centre,false,true,false,false,false,false,true,false,false,false,"{""coordinates"": [[-79.54344619448811, 43.632730417995155]], ""type"": ""MultiPoint""}"
13911,2017:7001555383,2017-08-28T08:49:00,5450 DUNDAS ST W,,5 m South of,2,Non-Fatal Injury,At/Near Private Drive,No Control,Pedestrian Collision(internal code),Clear,Daylight,Dry,Major Arterial,false,-79.54344619448811,43.632730417995155,1,Automobile or Station Wagon,South,1,33,None,Lap and Shoulder Belt,Driving properly,Inattentive,,,Turning Left,,,,,driver,NA,Etobicoke-Lakeshore (3),22 Division,Etobicoke City Centre,false,true,false,false,false,false,true,false,false,false,"{""coordinates"": [[-79.54344619448811, 43.632730417995155]], ""type"": ""MultiPoint""}"
13912,2017:7001555657,2017-08-28T09:35:00,SHEPPARD AVE W,CANYON AVE,6 m West of,4,Non-Fatal Injury,At Intersection,No Control,Rear End,Clear,Daylight,Dry,Major Arterial,false,-79.43694680884661,43.755617226442055,1,Pickup Truck,East,4,48,None,Lap and Shoulder Belt,Following too closely,Normal,,,Going Ahead,,,,,driver,NA,York Centre (6),32 Division,Lansing-Westgate,true,false,false,false,false,true,false,false,true,false,"{""coordinates"": [[-79.43694680884661, 43.755617226442055]], ""type"": ""MultiPoint""}"
13913,2017:7001555657,2017-08-28T09:35:00,SHEPPARD AVE W,CANYON AVE,6 m West of,4,Non-Fatal Injury,At Intersection,No Control,Rear End,Clear,Daylight,Dry,Major Arterial,false,-79.43694680884661,43.755617226442055,2,Automobile or Station Wagon,East,3,71,Minimal,Lap and Shoulder Belt,Driving properly,Normal,,,Going Ahead,,,,,driver,NA,York Centre (6),32 Division,Lansing-Westgate,true,false,false,false,false,true,false,false,true,false,"{""coordinates"": [[-79.43694680884661, 43.755617226442055]], ""type"": ""MultiPoint""}"
13914,2017:7001555657,2017-08-28T09:35:00,SHEPPARD AVE W,CANYON AVE,6 m West of,4,Non-Fatal Injury,At Intersection,No Control,Rear End,Clear,Daylight,Dry,Major Arterial,false,-79.43694680884661,43.755617226442055,2,,,1,39,Major,Lap and Shoulder Belt,,,,,,,,,,passenger,NA,York Centre (6),32 Division,Lansing-Westgate,true,false,false,false,false,true,false,false,true,false,"{""coordinates"": [[-79.43694680884661, 43.755617226442055]], ""type"": ""MultiPoint""}"
13915,2017:7001555657,2017-08-28T09:35:00,SHEPPARD AVE W,CANYON AVE,6 m West of,4,Non-Fatal Injury,At Intersection,No Control,Rear End,Clear,Daylight,Dry,Major Arterial,false,-79.43694680884661,43.755617226442055,1,,,2,13,None,Lap and Shoulder Belt,,,,,,,,,,passenger,NA,York Centre (6),32 Division,Lansing-Westgate,true,false,false,false,false,true,false,false,true,false,"{""coordinates"": [[-79.43694680884661, 43.755617226442055]], ""type"": ""MultiPoint""}"
13916,2017:7001556385,2017-08-28T11:35:00,215 LONSDALE RD,,51 m West of,2,Non-Fatal Injury,Non-Intersection,No Control,Sideswipe,Clear,Daylight,Dry,Minor Arterial,false,-79.40364485314655,43.69056520167519,2,Motorcycle,East,1,75,Major,Helmet,Driving properly,Normal,,,Going Ahead,,,,,motorcyclist,NA,Toronto-St. Paul's (12),53 Division,Casa Loma,true,false,false,true,false,true,false,false,false,false,"{""coordinates"": [[-79.40364485314655, 43.69056520167519]], ""type"": ""MultiPoint""}"
13917,2017:7001556385,2017-08-28T11:35:00,215 LONSDALE RD,,51 m West of,2,Non-Fatal Injury,Non-Intersection,No Control,Sideswipe,Clear,Daylight,Dry,Minor Arterial,false,-79.40364485314655,43.69056520167519,1,Automobile or Station Wagon,East,2,58,None,Lap and Shoulder Belt,Improper passing,Normal,,,Going Ahead,,,,,driver,NA,Toronto-St. Paul's (12),53 Division,Casa Loma,true,false,false,true,false,true,false,false,false,false,"{""coordinates"": [[-79.40364485314655, 43.69056520167519]], ""type"": ""MultiPoint""}"
13918,2017:7001559045,2017-08-28T18:45:00,OSSINGTON AVE,HARBORD ST,30 m North of,2,Non-Fatal Injury,Intersection-Related,No Control,Turning Movement,Clear,Daylight,Dry,Minor Arterial,false,-79.42427494378609,43.65847224049626,2,Motorcycle,North,1,30,Major,Helmet,Driving properly,Normal,,,Going Ahead,,,,,motorcyclist,NA,University-Rosedale (11),14 Division,Palmerston-Little Italy,false,true,false,true,false,false,false,false,false,false,"{""coordinates"": [[-79.42427494378609, 43.65847224049626]], ""type"": ""MultiPoint""}"
13919,2017:7001559045,2017-08-28T18:45:00,OSSINGTON AVE,HARBORD ST,30 m North of,2,Non-Fatal Injury,Intersection-Related,No Control,Turning Movement,Clear,Daylight,Dry,Minor Arterial,false,-79.42427494378609,43.65847224049626,1,Automobile or Station Wagon,South,2,27,None,Lap and Shoulder Belt,Improper turn,Inattentive,,,Making U-Turn,,,,,driver,NA,University-Rosedale (11),14 Division,Palmerston-Little Italy,false,true,false,true,false,false,false,false,false,false,"{""coordinates"": [[-79.42427494378609, 43.65847224049626]], ""type"": ""MultiPoint""}"
13920,2017:7001559583,2017-08-28T20:10:00,RENFORTH DR,SILVER DART DR,3 m South of,1,Non-Fatal Injury,At Intersection,Traffic Signal,SMV Other,Clear,Dark with Artificial Lighting,Dry,Major Arterial,false,-79.59319717734145,43.67635545355897,1,Automobile or Station Wagon,East,1,27,Major,Equipment Not Used But Available,Lost control,Unknown,,,Going Ahead,,,,,driver,NA,Etobicoke North (1),23 Division,West Humber-Clairville,false,false,false,false,false,false,false,false,false,false,"{""coordinates"": [[-79.59319717734145, 43.67635545355897]], ""type"": ""MultiPoint""}"
13921,2017:7001568713,2017-08-30T08:46:00,FINCH AVE W,HUMBER COLLEGE BLVD,23 m West of,3,Non-Fatal Injury,Intersection-Related,No Control,Rear End,Clear,Daylight,Dry,Major Arterial,false,-79.60986708951714,43.73402643752095,2,Municipal Transit Bus (TTC),West,2,58,None,Lap and Shoulder Belt,Driving properly,Normal,,,Stopped,,,,,driver,NA,Etobicoke North (1),23 Division,West Humber-Clairville,false,true,false,false,false,false,false,false,false,true,"{""coordinates"": [[-79.60986708951714, 43.73402643752095]], ""type"": ""MultiPoint""}"
13922,2017:7001568713,2017-08-30T08:46:00,FINCH AVE W,HUMBER COLLEGE BLVD,23 m West of,3,Non-Fatal Injury,Intersection-Related,No Control,Rear End,Clear,Daylight,Dry,Major Arterial,false,-79.60986708951714,43.73402643752095,2,,,1,63,Minor,Equipment Not Used But Available,,,,,,,,,,passenger,NA,Etobicoke North (1),23 Division,West Humber-Clairville,false,true,false,false,false,false,false,false,false,true,"{""coordinates"": [[-79.60986708951714, 43.73402643752095]], ""type"": ""MultiPoint""}"
13923,2017:7001568713,2017-08-30T08:46:00,FINCH AVE W,HUMBER COLLEGE BLVD,23 m West of,3,Non-Fatal Injury,Intersection-Related,No Control,Rear End,Clear,Daylight,Dry,Major Arterial,false,-79.60986708951714,43.73402643752095,1,Pickup Truck,West,3,25,Major,Equipment Not Used But Available,Lost control,Inattentive,,,Going Ahead,,,,,driver,NA,Etobicoke North (1),23 Division,West Humber-Clairville,false,true,false,false,false,false,false,false,false,true,"{""coordinates"": [[-79.60986708951714, 43.73402643752095]], ""type"": ""MultiPoint""}"
13924,2017:7001571864,2017-08-30T17:03:00,WELLESLEY ST W,QUEENS PARK CRES E,3 m East of,2,Non-Fatal Injury,At Intersection,Traffic Signal,Cyclist Collision,Clear,Daylight,Dry,Major Arterial,false,-79.39060587090519,43.66351119004238,2,Bicycle,West,1,41,Major,Helmet,,,,,Going Ahead,,Driver turns right on green or amber at signalized intersection and hits cyclist,Driving Properly,Normal,cyclist,NA,University-Rosedale (11),52 Division,Bay-Cloverhill,false,true,true,false,false,false,false,false,false,true,"{""coordinates"": [[-79.39060587090519, 43.66351119004238]], ""type"": ""MultiPoint""}"
13925,2017:7001571864,2017-08-30T17:03:00,WELLESLEY ST W,QUEENS PARK CRES E,3 m East of,2,Non-Fatal Injury,At Intersection,Traffic Signal,Cyclist Collision,Clear,Daylight,Dry,Major Arterial,false,-79.39060587090519,43.66351119004238,1,Truck - Dump,West,2,55,None,Lap and Shoulder Belt,Improper turn,Inattentive,,,Turning Right,,,,,driver,NA,University-Rosedale (11),52 Division,Bay-Cloverhill,false,true,true,false,false,false,false,false,false,true,"{""coordinates"": [[-79.39060587090519, 43.66351119004238]], ""type"": ""MultiPoint""}"
13926,2017:7001580093,2017-08-31T21:41:00,YONGE ST,YONGE BLVD,,2,Non-Fatal Injury,At Intersection,Traffic Controller,Cyclist Collision,Clear,Daylight with Artificial Lighting,Dry,Major Arterial,false,-79.40452978552317,43.73428919103631,1,Pickup Truck,East,1,24,None,Lap and Shoulder Belt,Improper turn,Normal,,,Turning Right,,,,,driver,NA,Don Valley West (15),32 Division,Bridle Path-Sunnybrook-York Mills,false,false,true,false,false,false,false,false,false,false,"{""coordinates"": [[-79.40452978552317, 43.73428919103631]], ""type"": ""MultiPoint""}"
13927,2017:7001580093,2017-08-31T21:41:00,YONGE ST,YONGE BLVD,,2,Non-Fatal Injury,At Intersection,Traffic Controller,Cyclist Collision,Clear,Daylight with Artificial Lighting,Dry,Major Arterial,false,-79.40452978552317,43.73428919103631,2,Bicycle,North,2,20,Major,No Equipment Available,,,,,Going Ahead,,Driver turns right on red at signalized intersection and hits cyclist,Improper Passing,Normal,cyclist,NA,Don Valley West (15),32 Division,Bridle Path-Sunnybrook-York Mills,false,false,true,false,false,false,false,false,false,false,"{""coordinates"": [[-79.40452978552317, 43.73428919103631]], ""type"": ""MultiPoint""}"
13928,2017:7001604333,2017-09-05T00:30:00,715 MILNER AVE,,30 m East of,2,Non-Fatal Injury,At/Near Private Drive,No Control,SMV Other,Clear,Dark with Artificial Lighting,Dry,Minor Arterial,false,-79.21015541017212,43.796032962485555,1,Automobile or Station Wagon,East,2,18,Minor,Use Unknown,Lost control,Unknown,,,Going Ahead,,,,,driver,NA,Scarborough-Rouge Park (25),42 Division,Malvern East,false,false,false,false,false,false,false,false,true,false,"{""coordinates"": [[-79.21015541017212, 43.796032962485555]], ""type"": ""MultiPoint""}"
13929,2017:7001604333,2017-09-05T00:30:00,715 MILNER AVE,,30 m East of,2,Non-Fatal Injury,At/Near Private Drive,No Control,SMV Other,Clear,Dark with Artificial Lighting,Dry,Minor Arterial,false,-79.21015541017212,43.796032962485555,1,,,1,32,Major,Use Unknown,,,,,,,,,,passenger,NA,Scarborough-Rouge Park (25),42 Division,Malvern East,false,false,false,false,false,false,false,false,true,false,"{""coordinates"": [[-79.21015541017212, 43.796032962485555]], ""type"": ""MultiPoint""}"
13930,2017:7001609078,2017-09-05T17:35:00,MILLWOOD RD,YONGE ST,297 m East of,4,Non-Fatal Injury,Non-Intersection,No Control,Pedestrian Collision(internal code),Clear,Daylight,Dry,Local,false,-79.39370382027542,43.699899185577074,1,,North,4,8,Major,Use Unknown,,,Crossing - no traffic control,Inattentive,,Driver hits pedestrian at midblock,,,,pedestrian,NA,Toronto-St. Paul's (12),53 Division,South Eglinton-Davisville,false,true,false,false,false,false,true,false,true,false,"{""coordinates"": [[-79.39370382027542, 43.699899185577074]], ""type"": ""MultiPoint""}"
13931,2017:7001609078,2017-09-05T17:35:00,MILLWOOD RD,YONGE ST,297 m East of,4,Non-Fatal Injury,Non-Intersection,No Control,Pedestrian Collision(internal code),Clear,Daylight,Dry,Local,false,-79.39370382027542,43.699899185577074,1,,,2,43,None,Lap and Shoulder Belt,,,,,,,,,,passenger,NA,Toronto-St. Paul's (12),53 Division,South Eglinton-Davisville,false,true,false,false,false,false,true,false,true,false,"{""coordinates"": [[-79.39370382027542, 43.699899185577074]], ""type"": ""MultiPoint""}"
13932,2017:7001609078,2017-09-05T17:35:00,MILLWOOD RD,YONGE ST,297 m East of,4,Non-Fatal Injury,Non-Intersection,No Control,Pedestrian Collision(internal code),Clear,Daylight,Dry,Local,false,-79.39370382027542,43.699899185577074,1,Automobile or Station Wagon,East,1,38,None,Lap and Shoulder Belt,Driving properly,Normal,,,Going Ahead,,,,,driver,NA,Toronto-St. Paul's (12),53 Division,South Eglinton-Davisville,false,true,false,false,false,false,true,false,true,false,"{""coordinates"": [[-79.39370382027542, 43.699899185577074]], ""type"": ""MultiPoint""}"
13933,2017:7001609078,2017-09-05T17:35:00,MILLWOOD RD,YONGE ST,297 m East of,4,Non-Fatal Injury,Non-Intersection,No Control,Pedestrian Collision(internal code),Clear,Daylight,Dry,Local,false,-79.39370382027542,43.699899185577074,1,,,3,3,None,Child Safety Seat Used Correctly,,,,,,,,,,passenger,NA,Toronto-St. Paul's (12),53 Division,South Eglinton-Davisville,false,true,false,false,false,false,true,false,true,false,"{""coordinates"": [[-79.39370382027542, 43.699899185577074]], ""type"": ""MultiPoint""}"
13934,2017:7001609405,2017-09-05T18:32:00,CODSELL AVE,MAXWELL ST,,2,Fatal Injury,At Intersection,Stop Sign,Pedestrian Collision(internal code),Clear,Daylight,Dry,Local,false,-79.44668982436617,43.75631123841312,0,,South,1,73,Fatal,,,,Crossing with right-of-way (intersection),Unknown,,Driver going straight hits pedestrian crossing with right-of-way (at intersection),,,,pedestrian,40,York Centre (6),32 Division,Bathurst Manor,true,false,false,false,false,true,true,false,false,false,"{""coordinates"": [[-79.44668982436617, 43.75631123841312]], ""type"": ""MultiPoint""}"
13935,2017:7001609405,2017-09-05T18:32:00,CODSELL AVE,MAXWELL ST,,2,Fatal Injury,At Intersection,Stop Sign,Pedestrian Collision(internal code),Clear,Daylight,Dry,Local,false,-79.44668982436617,43.75631123841312,1,Automobile or Station Wagon,West,2,70,None,,Failed to yield right-of-way,Unknown,,,Going Ahead,,,,,driver,NA,York Centre (6),32 Division,Bathurst Manor,true,false,false,false,false,true,true,false,false,false,"{""coordinates"": [[-79.44668982436617, 43.75631123841312]], ""type"": ""MultiPoint""}"
13936,2017:7001616713,2017-09-06T20:40:00,GERRARD ST E,HANNAFORD ST,,2,Non-Fatal Injury,At Intersection,No Control,Cyclist Collision,Clear,Dark with Artificial Lighting,Dry,Minor Arterial,false,-79.29340765629644,43.685327048718314,2,Bicycle,East,2,30,Major,Helmet,,,,,Going Ahead,,Driver turns left into path of cyclist,Driving Properly,Normal,cyclist,NA,Beaches-East York (19),55 Division,East End-Danforth,false,false,true,false,false,false,false,false,false,false,"{""coordinates"": [[-79.29340765629644, 43.685327048718314]], ""type"": ""MultiPoint""}"
13937,2017:7001616713,2017-09-06T20:40:00,GERRARD ST E,HANNAFORD ST,,2,Non-Fatal Injury,At Intersection,No Control,Cyclist Collision,Clear,Dark with Artificial Lighting,Dry,Minor Arterial,false,-79.29340765629644,43.685327048718314,1,Automobile or Station Wagon,West,1,55,None,Lap and Shoulder Belt,Improper turn,Normal,,,Turning Left,,,,,driver,NA,Beaches-East York (19),55 Division,East End-Danforth,false,false,true,false,false,false,false,false,false,false,"{""coordinates"": [[-79.29340765629644, 43.685327048718314]], ""type"": ""MultiPoint""}"
13938,2017:7001617319,2017-09-06T22:17:00,JARVIS ST,DUNDAS ST E,45 m South of,2,Non-Fatal Injury,Non-Intersection,No Control,Pedestrian Collision(internal code),Clear,Dark with Artificial Lighting,Dry,Major Arterial,false,-79.37439385011481,43.65663716790236,1,Automobile or Station Wagon,South,1,54,None,Lap and Shoulder Belt,Driving properly,Normal,,,Going Ahead,,,,,driver,NA,Toronto Centre (13),51 Division,Moss Park,false,false,false,false,false,false,true,false,false,false,"{""coordinates"": [[-79.37439385011481, 43.65663716790236]], ""type"": ""MultiPoint""}"
13939,2017:7001617319,2017-09-06T22:17:00,JARVIS ST,DUNDAS ST E,45 m South of,2,Non-Fatal Injury,Non-Intersection,No Control,Pedestrian Collision(internal code),Clear,Dark with Artificial Lighting,Dry,Major Arterial,false,-79.37439385011481,43.65663716790236,1,,West,2,27,Major,Use Unknown,,,Crossing - no traffic control,Had Been Drinking,,Driver hits pedestrian at midblock,,,,pedestrian,NA,Toronto Centre (13),51 Division,Moss Park,false,false,false,false,false,false,true,false,false,false,"{""coordinates"": [[-79.37439385011481, 43.65663716790236]], ""type"": ""MultiPoint""}"
13940,2017:7001621842,2017-09-07T15:38:00,EGLINTON AVE E,BIMBROK RD,,3,Non-Fatal Injury,At Intersection,No Control,Turning Movement,Clear,Daylight,Dry,Major Arterial,false,-79.25201752008739,43.73577699495068,1,,,1,25,Major,Lap and Shoulder Belt,,,,,,,,,,passenger,NA,Scarborough Southwest (20),41 Division,Kennedy Park,true,false,false,false,false,false,false,false,false,true,"{""coordinates"": [[-79.25201752008739, 43.73577699495068]], ""type"": ""MultiPoint""}"
13941,2017:7001621842,2017-09-07T15:38:00,EGLINTON AVE E,BIMBROK RD,,3,Non-Fatal Injury,At Intersection,No Control,Turning Movement,Clear,Daylight,Dry,Major Arterial,false,-79.25201752008739,43.73577699495068,2,Truck - Closed,West,2,62,None,Lap and Shoulder Belt,Driving properly,Normal,,,Going Ahead,,,,,driver,NA,Scarborough Southwest (20),41 Division,Kennedy Park,true,false,false,false,false,false,false,false,false,true,"{""coordinates"": [[-79.25201752008739, 43.73577699495068]], ""type"": ""MultiPoint""}"
13942,2017:7001621842,2017-09-07T15:38:00,EGLINTON AVE E,BIMBROK RD,,3,Non-Fatal Injury,At Intersection,No Control,Turning Movement,Clear,Daylight,Dry,Major Arterial,false,-79.25201752008739,43.73577699495068,1,Automobile or Station Wagon,East,3,31,Major,Lap and Shoulder Belt,Failed to yield right-of-way,Normal,,,Turning Left,,,,,driver,NA,Scarborough Southwest (20),41 Division,Kennedy Park,true,false,false,false,false,false,false,false,false,true,"{""coordinates"": [[-79.25201752008739, 43.73577699495068]], ""type"": ""MultiPoint""}"
13943,2017:7001628368,2017-09-08T15:05:00,BALLIOL ST,BAYVIEW AVE,,2,Non-Fatal Injury,At Intersection,Stop Sign,Cyclist Collision,Clear,Daylight,Dry,Major Arterial,false,-79.37375278079388,43.701990157897,2,Bicycle,North,2,50,Major,No Equipment Available,,,,,Going Ahead,,"Driver turns right at non-signalized intersection (e.g. stop, yield, no control, driveway) and hits cyclist",Driving Properly,Normal,cyclist,NA,Don Valley West (15),53 Division,Leaside-Bennington,true,true,true,false,false,false,false,false,false,false,"{""coordinates"": [[-79.37375278079388, 43.701990157897]], ""type"": ""MultiPoint""}"
13944,2017:7001628368,2017-09-08T15:05:00,BALLIOL ST,BAYVIEW AVE,,2,Non-Fatal Injury,At Intersection,Stop Sign,Cyclist Collision,Clear,Daylight,Dry,Major Arterial,false,-79.37375278079388,43.701990157897,1,Passenger Van,East,1,37,None,Lap and Shoulder Belt,Failed to yield right-of-way,Inattentive,,,Turning Right,,,,,driver,NA,Don Valley West (15),53 Division,Leaside-Bennington,true,true,true,false,false,false,false,false,false,false,"{""coordinates"": [[-79.37375278079388, 43.701990157897]], ""type"": ""MultiPoint""}"
13945,2017:7001633721,2017-09-09T12:21:00,MC CAUL ST,QUEEN ST W,,2,Non-Fatal Injury,At Intersection,Traffic Controller,Turning Movement,Clear,Daylight,Dry,Major Arterial,false,-79.389713889868,43.65012119192118,2,Automobile or Station Wagon,West,2,19,None,Lap and Shoulder Belt,Driving properly,Normal,,,Turning Left,,,,,driver,NA,Spadina-Fort York (10),52 Division,Wellington Place,false,false,false,true,false,false,false,false,true,false,"{""coordinates"": [[-79.389713889868, 43.65012119192118]], ""type"": ""MultiPoint""}"
13946,2017:7001651562,2017-09-12T08:44:00,COSBURN AVE,LESMOUNT AVE,,2,Non-Fatal Injury,At Intersection,No Control,Cyclist Collision,Clear,Daylight,Dry,Minor Arterial,false,-79.34061773567048,43.691331114090104,1,Truck - Closed,West,1,47,None,Lap and Shoulder Belt,Improper turn,Normal,,,Turning Right,,,,,driver,NA,Toronto-Danforth (14),55 Division,Danforth East York,false,false,true,false,false,false,false,false,false,true,"{""coordinates"": [[-79.34061773567048, 43.691331114090104]], ""type"": ""MultiPoint""}"
13947,2017:7001651562,2017-09-12T08:44:00,COSBURN AVE,LESMOUNT AVE,,2,Non-Fatal Injury,At Intersection,No Control,Cyclist Collision,Clear,Daylight,Dry,Minor Arterial,false,-79.34061773567048,43.691331114090104,2,Bicycle,West,2,39,Major,Helmet,,,,,Going Ahead,,"Driver turns right at non-signalized intersection (e.g. stop, yield, no control, driveway) and hits cyclist",Driving Properly,Normal,cyclist,NA,Toronto-Danforth (14),55 Division,Danforth East York,false,false,true,false,false,false,false,false,false,true,"{""coordinates"": [[-79.34061773567048, 43.691331114090104]], ""type"": ""MultiPoint""}"
13948,2017:7001653729,2017-09-12T14:26:00,BIRCHMOUNT RD,WINTERMUTE BLVD,88 m North of,2,Non-Fatal Injury,Non-Intersection,No Control,Approaching Head On,Clear,Daylight,Dry,Major Arterial,false,-79.31492954746528,43.81713307824891,2,Automobile or Station Wagon,South,1,37,Minimal,Lap and Shoulder Belt,Driving properly,Normal,,,Going Ahead,,,,,driver,NA,Scarborough-Agincourt (22),42 Division,Steeles,false,false,false,false,false,false,false,false,false,false,"{""coordinates"": [[-79.31492954746528, 43.81713307824891]], ""type"": ""MultiPoint""}"
13949,2017:7001653729,2017-09-12T14:26:00,BIRCHMOUNT RD,WINTERMUTE BLVD,88 m North of,2,Non-Fatal Injury,Non-Intersection,No Control,Approaching Head On,Clear,Daylight,Dry,Major Arterial,false,-79.31492954746528,43.81713307824891,1,Automobile or Station Wagon,North,2,62,Major,Lap and Shoulder Belt,Lost control,Unknown,,,Going Ahead,,,,,driver,NA,Scarborough-Agincourt (22),42 Division,Steeles,false,false,false,false,false,false,false,false,false,false,"{""coordinates"": [[-79.31492954746528, 43.81713307824891]], ""type"": ""MultiPoint""}"
13950,2017:7001656927,2017-09-13T01:05:00,BLOOR ST W,BRUNSWICK AVE,,2,Non-Fatal Injury,At Intersection,Traffic Signal,Cyclist Collision,Clear,Dark with Artificial Lighting,Dry,Major Arterial,false,-79.40743689940014,43.66590721379826,2,Motorcycle,East,2,24,None,Helmet,Driving properly,Normal,,,Going Ahead,,,,,motorcyclist,NA,University-Rosedale (11),14 Division,University,false,false,true,true,false,false,false,false,false,false,"{""coordinates"": [[-79.40743689940014, 43.66590721379826]], ""type"": ""MultiPoint""}"
13951,2017:7001656927,2017-09-13T01:05:00,BLOOR ST W,BRUNSWICK AVE,,2,Non-Fatal Injury,At Intersection,Traffic Signal,Cyclist Collision,Clear,Dark with Artificial Lighting,Dry,Major Arterial,false,-79.40743689940014,43.66590721379826,1,Bicycle,West,1,24,Major,No Equipment Available,,,,,Making U-Turn,,Cyclist makes U-turn in front of driver,Improper Turn,Had Been Drinking,cyclist,NA,University-Rosedale (11),14 Division,University,false,false,true,true,false,false,false,false,false,false,"{""coordinates"": [[-79.40743689940014, 43.66590721379826]], ""type"": ""MultiPoint""}"
13952,2017:7001667796,2017-09-14T16:01:00,DON MILLS RD,GATEWAY BLVD,,2,Non-Fatal Injury,At Intersection,Traffic Signal,Turning Movement,Clear,Daylight,Dry,Major Arterial,false,-79.33633769548403,43.714391105552785,1,Motorcycle,East,2,17,Major,Helmet,Improper turn,Inattentive,,,Turning Right,,,,,motorcyclist,NA,Don Valley East (16),55 Division,Flemingdon Park,false,true,false,true,false,false,false,false,true,false,"{""coordinates"": [[-79.33633769548403, 43.714391105552785]], ""type"": ""MultiPoint""}"
13953,2017:7001667796,2017-09-14T16:01:00,DON MILLS RD,GATEWAY BLVD,,2,Non-Fatal Injury,At Intersection,Traffic Signal,Turning Movement,Clear,Daylight,Dry,Major Arterial,false,-79.33633769548403,43.714391105552785,2,Automobile or Station Wagon,South,1,34,None,Lap and Shoulder Belt,Driving properly,Normal,,,Going Ahead,,,,,driver,NA,Don Valley East (16),55 Division,Flemingdon Park,false,true,false,true,false,false,false,false,true,false,"{""coordinates"": [[-79.33633769548403, 43.714391105552785]], ""type"": ""MultiPoint""}"
13954,2017:7001671435,2017-09-15T06:52:00,STEELES AVE W,HIGHWAY 27 N,200 m East of,4,Fatal Injury,Non-Intersection,No Control,Turning Movement,Clear,Daylight,Dry,Major Arterial,false,-79.61288105538428,43.75564042863482,2,Automobile or Station Wagon,West,3,23,Major,,Exceeding speed limit,Had Been Drinking,,,Going Ahead,,,,,driver,NA,Etobicoke North (1),23 Division,West Humber-Clairville,true,false,false,false,false,false,false,false,false,true,"{""coordinates"": [[-79.61288105538428, 43.75564042863482]], ""type"": ""MultiPoint""}"
13955,2017:7001671435,2017-09-15T06:52:00,STEELES AVE W,HIGHWAY 27 N,200 m East of,4,Fatal Injury,Non-Intersection,No Control,Turning Movement,Clear,Daylight,Dry,Major Arterial,false,-79.61288105538428,43.75564042863482,1,,,1,56,Fatal,,,,,,,,,,,passenger,41,Etobicoke North (1),23 Division,West Humber-Clairville,true,false,false,false,false,false,false,false,false,true,"{""coordinates"": [[-79.61288105538428, 43.75564042863482]], ""type"": ""MultiPoint""}"