X_id,collision_id,accdate,stname1,stname2,stname3,per_inv,acclass,accloc,traffictl,impactype,visible,light,rdsfcond,road_class,failtorem,longitude,latitude,veh_no,vehtype,initdir,per_no,invage,injury,safequip,drivact,drivcond,pedact,pedcond,manoeuvre,pedtype,cyclistype,cycact,cyccond,road_user,fatal_no,wardname,division,neighbourhood,aggressive,distracted,cyclist,motorcyclist,other_micromobility,older_adult,pedestrian,red_light,school_child,heavy_truck,geometry
13956,2017:7001671435,2017-09-15T06:52:00,STEELES AVE W,HIGHWAY 27 N,200 m East of,4,Fatal Injury,Non-Intersection,No Control,Turning Movement,Clear,Daylight,Dry,Major Arterial,false,-79.61288105538428,43.75564042863482,3,Automobile or Station Wagon,East,4,51,Minor,,Driving properly,Normal,,,Going Ahead,,,,,driver,NA,Etobicoke North (1),23 Division,West Humber-Clairville,true,false,false,false,false,false,false,false,false,true,"{""coordinates"": [[-79.61288105538428, 43.75564042863482]], ""type"": ""MultiPoint""}"
13957,2017:7001671435,2017-09-15T06:52:00,STEELES AVE W,HIGHWAY 27 N,200 m East of,4,Fatal Injury,Non-Intersection,No Control,Turning Movement,Clear,Daylight,Dry,Major Arterial,false,-79.61288105538428,43.75564042863482,1,Truck - Dump,East,2,33,Minimal,,Failed to yield right-of-way,Normal,,,Turning Left,,,,,driver,NA,Etobicoke North (1),23 Division,West Humber-Clairville,true,false,false,false,false,false,false,false,false,true,"{""coordinates"": [[-79.61288105538428, 43.75564042863482]], ""type"": ""MultiPoint""}"
13958,2017:7001690052,2017-09-17T23:58:00,LAKE SHORE BLVD W,REMEMBRANCE DR,,2,Non-Fatal Injury,At Intersection,Traffic Signal,Cyclist Collision,Clear,Dark with Artificial Lighting,Dry,Major Arterial,false,-79.41974298072174,43.63035024249429,1,Passenger Van,North,2,47,None,Lap and Shoulder Belt,Improper turn,Normal,,,Turning Right,,,,,driver,NA,Spadina-Fort York (10),14 Division,Fort York-Liberty Village,false,false,true,false,false,false,false,false,false,false,"{""coordinates"": [[-79.41974298072174, 43.63035024249429]], ""type"": ""MultiPoint""}"
13959,2017:7001690052,2017-09-17T23:58:00,LAKE SHORE BLVD W,REMEMBRANCE DR,,2,Non-Fatal Injury,At Intersection,Traffic Signal,Cyclist Collision,Clear,Dark with Artificial Lighting,Dry,Major Arterial,false,-79.41974298072174,43.63035024249429,2,Bicycle,West,1,27,Major,No Equipment Available,,,,,Going Ahead,,Driver turns right on red at signalized intersection and hits cyclist,Driving Properly,Normal,cyclist,NA,Spadina-Fort York (10),14 Division,Fort York-Liberty Village,false,false,true,false,false,false,false,false,false,false,"{""coordinates"": [[-79.41974298072174, 43.63035024249429]], ""type"": ""MultiPoint""}"
13960,2017:7001696237,2017-09-18T20:19:00,LAKE SHORE BLVD W,BRITISH COLUMBIA RD,1 m West of,2,Non-Fatal Injury,At Intersection,Traffic Signal,Cyclist Collision,Clear,Dark with Artificial Lighting,Dry,Major Arterial,false,-79.42914199794177,43.63135725652614,1,Bicycle,South,1,19,Major,Equipment Not Used But Available,,,,,Going Ahead,,"Cyclist without right-of-way rides into path of driver (at intersection, laneway, or driveway)",Disobeyed Traffic Control,Normal,cyclist,NA,Parkdale-High Park (4),14 Division,South Parkdale,false,false,true,false,false,false,false,false,true,false,"{""coordinates"": [[-79.42914199794177, 43.63135725652614]], ""type"": ""MultiPoint""}"
13961,2017:7001696237,2017-09-18T20:19:00,LAKE SHORE BLVD W,BRITISH COLUMBIA RD,1 m West of,2,Non-Fatal Injury,At Intersection,Traffic Signal,Cyclist Collision,Clear,Dark with Artificial Lighting,Dry,Major Arterial,false,-79.42914199794177,43.63135725652614,2,Automobile or Station Wagon,West,2,60,None,Lap and Shoulder Belt,Driving properly,Normal,,,Going Ahead,,,,,driver,NA,Parkdale-High Park (4),14 Division,South Parkdale,false,false,true,false,false,false,false,false,true,false,"{""coordinates"": [[-79.42914199794177, 43.63135725652614]], ""type"": ""MultiPoint""}"
13962,2017:7001709828,2017-09-20T19:53:00,BROADVIEW AVE,NEALON AVE,,2,Fatal Injury,At Intersection,No Control,Pedestrian Collision(internal code),Clear,Dark,Dry,Minor Arterial,false,-79.35718177857645,43.68285113842226,0,,West,1,86,Fatal,,,,Crossing - no traffic control,Inattentive,,Driver going straight hits pedestrian crossing without right-of-way (at intersection),,,,pedestrian,42,Toronto-Danforth (14),55 Division,Broadview North,false,true,false,false,false,true,true,false,false,false,"{""coordinates"": [[-79.35718177857645, 43.68285113842226]], ""type"": ""MultiPoint""}"
13963,2017:7001709828,2017-09-20T19:53:00,BROADVIEW AVE,NEALON AVE,,2,Fatal Injury,At Intersection,No Control,Pedestrian Collision(internal code),Clear,Dark,Dry,Minor Arterial,false,-79.35718177857645,43.68285113842226,1,Automobile or Station Wagon,North,2,54,None,,Driving properly,Unknown,,,Going Ahead,,,,,driver,NA,Toronto-Danforth (14),55 Division,Broadview North,false,true,false,false,false,true,true,false,false,false,"{""coordinates"": [[-79.35718177857645, 43.68285113842226]], ""type"": ""MultiPoint""}"
13964,2017:7001722344,2017-09-22T16:32:00,SCARLETT RD,EAST DR,,2,Non-Fatal Injury,At Intersection,Traffic Signal,Turning Movement,Clear,Daylight,Dry,Minor Arterial,false,-79.50599306421468,43.6767673493802,2,Automobile or Station Wagon,South,1,63,Major,Lap and Shoulder Belt,Driving properly,Normal,,,Turning Left,,,,,driver,NA,York South-Weston (5),12 Division,Rockcliffe-Smythe,true,true,false,false,false,false,false,true,false,false,"{""coordinates"": [[-79.50599306421468, 43.6767673493802]], ""type"": ""MultiPoint""}"
13965,2017:7001722344,2017-09-22T16:32:00,SCARLETT RD,EAST DR,,2,Non-Fatal Injury,At Intersection,Traffic Signal,Turning Movement,Clear,Daylight,Dry,Minor Arterial,false,-79.50599306421468,43.6767673493802,1,Automobile or Station Wagon,North,2,63,None,Lap and Shoulder Belt,Disobeyed traffic control,Inattentive,,,Going Ahead,,,,,driver,NA,York South-Weston (5),12 Division,Rockcliffe-Smythe,true,true,false,false,false,false,false,true,false,false,"{""coordinates"": [[-79.50599306421468, 43.6767673493802]], ""type"": ""MultiPoint""}"
13966,2017:7001725049,2017-09-23T00:50:00,ROCKCLIFFE BLVD,WOOLNER AVE,150 m North of,7,Non-Fatal Injury,Non-Intersection,No Control,SMV Other,Clear,Dark with Artificial Lighting,Dry,Collector,false,-79.48816303898947,43.67411632666117,1,,,6,18,Minimal,Lap and Shoulder Belt,,,,,,,,,,passenger,NA,York South-Weston (5),12 Division,Rockcliffe-Smythe,false,false,false,false,false,false,false,false,true,false,"{""coordinates"": [[-79.48816303898947, 43.674116326661164]], ""type"": ""MultiPoint""}"
13967,2017:7001725049,2017-09-23T00:50:00,ROCKCLIFFE BLVD,WOOLNER AVE,150 m North of,7,Non-Fatal Injury,Non-Intersection,No Control,SMV Other,Clear,Dark with Artificial Lighting,Dry,Collector,false,-79.48816303898947,43.67411632666117,1,,,5,19,Minor,Lap and Shoulder Belt,,,,,,,,,,passenger,NA,York South-Weston (5),12 Division,Rockcliffe-Smythe,false,false,false,false,false,false,false,false,true,false,"{""coordinates"": [[-79.48816303898947, 43.674116326661164]], ""type"": ""MultiPoint""}"
13968,2017:7001725049,2017-09-23T00:50:00,ROCKCLIFFE BLVD,WOOLNER AVE,150 m North of,7,Non-Fatal Injury,Non-Intersection,No Control,SMV Other,Clear,Dark with Artificial Lighting,Dry,Collector,false,-79.48816303898947,43.67411632666117,1,Passenger Van,South,7,21,Minimal,Lap and Shoulder Belt,Lost control,Unknown,,,Going Ahead,,,,,driver,NA,York South-Weston (5),12 Division,Rockcliffe-Smythe,false,false,false,false,false,false,false,false,true,false,"{""coordinates"": [[-79.48816303898947, 43.674116326661164]], ""type"": ""MultiPoint""}"
13969,2017:7001725049,2017-09-23T00:50:00,ROCKCLIFFE BLVD,WOOLNER AVE,150 m North of,7,Non-Fatal Injury,Non-Intersection,No Control,SMV Other,Clear,Dark with Artificial Lighting,Dry,Collector,false,-79.48816303898947,43.67411632666117,1,,,2,18,Minor,Lap and Shoulder Belt,,,,,,,,,,passenger,NA,York South-Weston (5),12 Division,Rockcliffe-Smythe,false,false,false,false,false,false,false,false,true,false,"{""coordinates"": [[-79.48816303898947, 43.674116326661164]], ""type"": ""MultiPoint""}"
13970,2017:7001725049,2017-09-23T00:50:00,ROCKCLIFFE BLVD,WOOLNER AVE,150 m North of,7,Non-Fatal Injury,Non-Intersection,No Control,SMV Other,Clear,Dark with Artificial Lighting,Dry,Collector,false,-79.48816303898947,43.67411632666117,1,,,3,18,None,Lap and Shoulder Belt,,,,,,,,,,passenger,NA,York South-Weston (5),12 Division,Rockcliffe-Smythe,false,false,false,false,false,false,false,false,true,false,"{""coordinates"": [[-79.48816303898947, 43.674116326661164]], ""type"": ""MultiPoint""}"
13971,2017:7001725049,2017-09-23T00:50:00,ROCKCLIFFE BLVD,WOOLNER AVE,150 m North of,7,Non-Fatal Injury,Non-Intersection,No Control,SMV Other,Clear,Dark with Artificial Lighting,Dry,Collector,false,-79.48816303898947,43.67411632666117,1,,,4,16,Major,Lap and Shoulder Belt,,,,,,,,,,passenger,NA,York South-Weston (5),12 Division,Rockcliffe-Smythe,false,false,false,false,false,false,false,false,true,false,"{""coordinates"": [[-79.48816303898947, 43.674116326661164]], ""type"": ""MultiPoint""}"
13972,2017:7001725049,2017-09-23T00:50:00,ROCKCLIFFE BLVD,WOOLNER AVE,150 m North of,7,Non-Fatal Injury,Non-Intersection,No Control,SMV Other,Clear,Dark with Artificial Lighting,Dry,Collector,false,-79.48816303898947,43.67411632666117,1,,,1,17,Major,Lap and Shoulder Belt,,,,,,,,,,passenger,NA,York South-Weston (5),12 Division,Rockcliffe-Smythe,false,false,false,false,false,false,false,false,true,false,"{""coordinates"": [[-79.48816303898947, 43.674116326661164]], ""type"": ""MultiPoint""}"
13973,2017:7001731321,2017-09-24T00:00:00,YONGE ST,CENTRE AVE,80 m South of,3,Non-Fatal Injury,Non-Intersection,No Control,Pedestrian Collision(internal code),Clear,Dark with Artificial Lighting,Dry,Major Arterial,false,-79.41827773810715,43.79094119902542,1,,Unknown,3,33,Major,No Equipment Available,,,On sidewalk or shoulder,Normal,,Driver hits pedestrian on sidewalk or shoulder,,,,pedestrian,NA,Willowdale (18),32 Division,Newtonbrook East,false,true,false,false,false,false,true,false,false,false,"{""coordinates"": [[-79.41827773810715, 43.79094119902542]], ""type"": ""MultiPoint""}"
13974,2017:7001731321,2017-09-24T00:00:00,YONGE ST,CENTRE AVE,80 m South of,3,Non-Fatal Injury,Non-Intersection,No Control,Pedestrian Collision(internal code),Clear,Dark with Artificial Lighting,Dry,Major Arterial,false,-79.41827773810715,43.79094119902542,1,,Unknown,2,32,Major,No Equipment Available,,,On sidewalk or shoulder,Normal,,Driver hits pedestrian on sidewalk or shoulder,,,,pedestrian,NA,Willowdale (18),32 Division,Newtonbrook East,false,true,false,false,false,false,true,false,false,false,"{""coordinates"": [[-79.41827773810715, 43.79094119902542]], ""type"": ""MultiPoint""}"
13975,2017:7001731321,2017-09-24T00:00:00,YONGE ST,CENTRE AVE,80 m South of,3,Non-Fatal Injury,Non-Intersection,No Control,Pedestrian Collision(internal code),Clear,Dark with Artificial Lighting,Dry,Major Arterial,false,-79.41827773810715,43.79094119902542,1,Automobile or Station Wagon,North,1,25,None,Lap and Shoulder Belt,Lost control,Inattentive,,,Going Ahead,,,,,driver,NA,Willowdale (18),32 Division,Newtonbrook East,false,true,false,false,false,false,true,false,false,false,"{""coordinates"": [[-79.41827773810715, 43.79094119902542]], ""type"": ""MultiPoint""}"
13976,2017:7001733942,2017-09-24T12:55:00,DUFFERIN ST,HOPEWELL AVE,1 m South of,2,Non-Fatal Injury,At Intersection,Stop Sign,Cyclist Collision,Clear,Daylight,Dry,Major Arterial,false,-79.45126792731935,43.69862126472138,1,Bicycle,South,2,31,Major,No Equipment Available,,,,,Going Ahead,,"Cyclist without right-of-way rides into path of driver (at intersection, laneway, or driveway)",Failed to Yield Right of Way,Normal,cyclist,NA,Eglinton-Lawrence (8),13 Division,Briar Hill-Belgravia,false,false,true,false,false,false,false,false,false,false,"{""coordinates"": [[-79.45126792731935, 43.69862126472138]], ""type"": ""MultiPoint""}"
13977,2017:7001733942,2017-09-24T12:55:00,DUFFERIN ST,HOPEWELL AVE,1 m South of,2,Non-Fatal Injury,At Intersection,Stop Sign,Cyclist Collision,Clear,Daylight,Dry,Major Arterial,false,-79.45126792731935,43.69862126472138,2,Automobile or Station Wagon,West,1,63,None,Lap and Shoulder Belt,Driving properly,Normal,,,Turning Right,,,,,driver,NA,Eglinton-Lawrence (8),13 Division,Briar Hill-Belgravia,false,false,true,false,false,false,false,false,false,false,"{""coordinates"": [[-79.45126792731935, 43.69862126472138]], ""type"": ""MultiPoint""}"
13978,2017:7001742051,2017-09-25T16:52:00,EGLINTON AVE W,CHILTERN HILL RD,10 m West of,2,Non-Fatal Injury,Intersection-Related,Stop Sign,Pedestrian Collision(internal code),Clear,Daylight,Dry,Major Arterial,false,-79.42772288132745,43.70045623188128,1,,South,1,52,Major,Use Unknown,,,Crossing without right-of-way (intersection),Normal,,Driver turns left into pedestrian crossing without right-of-way (at intersection),,,,pedestrian,NA,Toronto-St. Paul's (12),13 Division,Humewood-Cedarvale,false,false,false,false,false,false,true,false,false,false,"{""coordinates"": [[-79.42772288132745, 43.70045623188128]], ""type"": ""MultiPoint""}"
13979,2017:7001742051,2017-09-25T16:52:00,EGLINTON AVE W,CHILTERN HILL RD,10 m West of,2,Non-Fatal Injury,Intersection-Related,Stop Sign,Pedestrian Collision(internal code),Clear,Daylight,Dry,Major Arterial,false,-79.42772288132745,43.70045623188128,1,Automobile or Station Wagon,North,2,26,None,Lap and Shoulder Belt,Driving properly,Normal,,,Turning Left,,,,,driver,NA,Toronto-St. Paul's (12),13 Division,Humewood-Cedarvale,false,false,false,false,false,false,true,false,false,false,"{""coordinates"": [[-79.42772288132745, 43.70045623188128]], ""type"": ""MultiPoint""}"
13980,2017:7001744141,2017-09-25T23:30:00,4673 JANE ST,,6 m North of,2,Non-Fatal Injury,Non-Intersection,No Control,Pedestrian Collision(internal code),Clear,Dark with Artificial Lighting,Dry,Major Arterial,false,-79.52064192176482,43.770048323249746,1,Automobile or Station Wagon,North,1,59,None,Lap and Shoulder Belt,Driving properly,Normal,,,Going Ahead,,,,,driver,NA,Humber River-Black Creek (7),31 Division,Black Creek,false,false,false,false,false,false,true,false,false,false,"{""coordinates"": [[-79.52064192176482, 43.770048323249746]], ""type"": ""MultiPoint""}"
13981,2017:7001744141,2017-09-25T23:30:00,4673 JANE ST,,6 m North of,2,Non-Fatal Injury,Non-Intersection,No Control,Pedestrian Collision(internal code),Clear,Dark with Artificial Lighting,Dry,Major Arterial,false,-79.52064192176482,43.770048323249746,1,,East,2,25,Major,No Equipment Available,,,Crossing - no traffic control,Had Been Drinking,,Driver hits pedestrian at midblock,,,,pedestrian,NA,Humber River-Black Creek (7),31 Division,Black Creek,false,false,false,false,false,false,true,false,false,false,"{""coordinates"": [[-79.52064192176482, 43.770048323249746]], ""type"": ""MultiPoint""}"
13982,2017:7001748240,2017-09-26T15:05:00,BURNHAMTHORPE RD,SATURN RD,,2,Non-Fatal Injury,At Intersection,Traffic Signal,Turning Movement,Clear,Daylight,Dry,Major Arterial,false,-79.575848218614,43.64248445260931,2,Automobile or Station Wagon,West,1,64,None,Lap and Shoulder Belt,Driving properly,Normal,,,Turning Left,,,,,driver,NA,Etobicoke Centre (2),22 Division,Etobicoke West Mall,true,false,false,true,false,false,false,true,false,false,"{""coordinates"": [[-79.575848218614, 43.64248445260931]], ""type"": ""MultiPoint""}"
13983,2017:7001748240,2017-09-26T15:05:00,BURNHAMTHORPE RD,SATURN RD,,2,Non-Fatal Injury,At Intersection,Traffic Signal,Turning Movement,Clear,Daylight,Dry,Major Arterial,false,-79.575848218614,43.64248445260931,1,Motorcycle,East,2,27,Major,Helmet,Disobeyed traffic control,Normal,,,Going Ahead,,,,,motorcyclist,NA,Etobicoke Centre (2),22 Division,Etobicoke West Mall,true,false,false,true,false,false,false,true,false,false,"{""coordinates"": [[-79.575848218614, 43.64248445260931]], ""type"": ""MultiPoint""}"
13984,2017:7001757365,2017-09-27T21:25:00,WARDEN AVE,CONTINENTAL PL,,4,Fatal Injury,At Intersection,No Control,Pedestrian Collision(internal code),Clear,Dark,Dry,Major Arterial,true,-79.30125757432796,43.76349005868842,0,,East,3,33,Fatal,,,,Crossing - no traffic control,Unknown,,Driver going straight hits pedestrian crossing without right-of-way (at intersection),,,,pedestrian,43,Scarborough Centre (21),41 Division,Wexford/Maryvale,false,false,false,false,false,false,true,false,true,false,"{""coordinates"": [[-79.30125757432796, 43.76349005868842]], ""type"": ""MultiPoint""}"
13985,2017:7001757365,2017-09-27T21:25:00,WARDEN AVE,CONTINENTAL PL,,4,Fatal Injury,At Intersection,No Control,Pedestrian Collision(internal code),Clear,Dark,Dry,Major Arterial,true,-79.30125757432796,43.76349005868842,2,Automobile or Station Wagon,South,2,NA,None,,Other,Unknown,,,Unknown,,,,,driver,NA,Scarborough Centre (21),41 Division,Wexford/Maryvale,false,false,false,false,false,false,true,false,true,false,"{""coordinates"": [[-79.30125757432796, 43.76349005868842]], ""type"": ""MultiPoint""}"
13986,2017:7001757365,2017-09-27T21:25:00,WARDEN AVE,CONTINENTAL PL,,4,Fatal Injury,At Intersection,No Control,Pedestrian Collision(internal code),Clear,Dark,Dry,Major Arterial,true,-79.30125757432796,43.76349005868842,0,,East,4,5,Fatal,,,,Crossing - no traffic control,Unknown,,Driver going straight hits pedestrian crossing without right-of-way (at intersection),,,,pedestrian,44,Scarborough Centre (21),41 Division,Wexford/Maryvale,false,false,false,false,false,false,true,false,true,false,"{""coordinates"": [[-79.30125757432796, 43.76349005868842]], ""type"": ""MultiPoint""}"
13987,2017:7001757365,2017-09-27T21:25:00,WARDEN AVE,CONTINENTAL PL,,4,Fatal Injury,At Intersection,No Control,Pedestrian Collision(internal code),Clear,Dark,Dry,Major Arterial,true,-79.30125757432796,43.76349005868842,1,Automobile or Station Wagon,North,1,35,None,,Driving properly,Unknown,,,Going Ahead,,,,,driver,NA,Scarborough Centre (21),41 Division,Wexford/Maryvale,false,false,false,false,false,false,true,false,true,false,"{""coordinates"": [[-79.30125757432796, 43.76349005868842]], ""type"": ""MultiPoint""}"
13988,2017:7001762491,2017-09-28T16:30:00,BIRCHMOUNT RD,ZENITH DR,,4,Fatal Injury,Intersection-Related,No Control,Pedestrian Collision(internal code),Clear,Daylight,Dry,Minor Arterial,false,-79.26977158095617,43.711008016694215,0,,Unknown,4,56,Fatal,,,,On sidewalk or shoulder,Normal,,Driver hits pedestrian on sidewalk or shoulder,,,,pedestrian,45,Scarborough Southwest (20),41 Division,Clairlea-Birchmount,false,false,false,false,false,false,true,false,false,true,"{""coordinates"": [[-79.26977158095617, 43.711008016694215]], ""type"": ""MultiPoint""}"
13989,2017:7001762491,2017-09-28T16:30:00,BIRCHMOUNT RD,ZENITH DR,,4,Fatal Injury,Intersection-Related,No Control,Pedestrian Collision(internal code),Clear,Daylight,Dry,Minor Arterial,false,-79.26977158095617,43.711008016694215,0,,,3,44,Minor,,,,,,,,,,,passenger,NA,Scarborough Southwest (20),41 Division,Clairlea-Birchmount,false,false,false,false,false,false,true,false,false,true,"{""coordinates"": [[-79.26977158095617, 43.711008016694215]], ""type"": ""MultiPoint""}"
13990,2017:7001762491,2017-09-28T16:30:00,BIRCHMOUNT RD,ZENITH DR,,4,Fatal Injury,Intersection-Related,No Control,Pedestrian Collision(internal code),Clear,Daylight,Dry,Minor Arterial,false,-79.26977158095617,43.711008016694215,1,Delivery Van,South,1,49,None,,Lost control,Ability Impaired - Alcohol Over .08,,,Going Ahead,,,,,driver,NA,Scarborough Southwest (20),41 Division,Clairlea-Birchmount,false,false,false,false,false,false,true,false,false,true,"{""coordinates"": [[-79.26977158095617, 43.711008016694215]], ""type"": ""MultiPoint""}"
13991,2017:7001762491,2017-09-28T16:30:00,BIRCHMOUNT RD,ZENITH DR,,4,Fatal Injury,Intersection-Related,No Control,Pedestrian Collision(internal code),Clear,Daylight,Dry,Minor Arterial,false,-79.26977158095617,43.711008016694215,2,Automobile or Station Wagon,West,2,50,Minor,,Driving properly,Normal,,,Turning Left,,,,,driver,NA,Scarborough Southwest (20),41 Division,Clairlea-Birchmount,false,false,false,false,false,false,true,false,false,true,"{""coordinates"": [[-79.26977158095617, 43.711008016694215]], ""type"": ""MultiPoint""}"
13992,2017:7001764156,2017-09-28T21:35:00,4322 MCCOWAN RD,,30 m South of,2,Fatal Injury,Non-Intersection,No Control,Pedestrian Collision(internal code),Clear,Dark with Artificial Lighting,Dry,Major Arterial,false,-79.27499747455595,43.82954603427083,1,Automobile or Station Wagon,South,1,32,None,,Driving properly,Normal,,,Going Ahead,,,,,driver,NA,Scarborough North (23),42 Division,Milliken,false,false,false,false,false,true,true,false,false,false,"{""coordinates"": [[-79.27499747455595, 43.82954603427083]], ""type"": ""MultiPoint""}"
13993,2017:7001764156,2017-09-28T21:35:00,4322 MCCOWAN RD,,30 m South of,2,Fatal Injury,Non-Intersection,No Control,Pedestrian Collision(internal code),Clear,Dark with Artificial Lighting,Dry,Major Arterial,false,-79.27499747455595,43.82954603427083,0,,West,2,71,Fatal,,,,Crossing - no traffic control,Normal,,Driver hits pedestrian at midblock,,,,pedestrian,46,Scarborough North (23),42 Division,Milliken,false,false,false,false,false,true,true,false,false,false,"{""coordinates"": [[-79.27499747455595, 43.82954603427083]], ""type"": ""MultiPoint""}"
13994,2017:7001771267,2017-09-29T23:25:00,YONGE ST,ORCHARD VIEW BLVD,21 m North of,2,Non-Fatal Injury,Non-Intersection,Traffic Signal,Pedestrian Collision(internal code),Rain,Dark,Wet,Major Arterial,false,-79.39863181635474,43.70812419019133,1,,West,2,29,Major,Use Unknown,,,Crossing - no traffic control,Ability Impaired - Alcohol,,Driver hits pedestrian at midblock,,,,pedestrian,NA,Toronto-St. Paul's (12),53 Division,North Toronto,false,false,false,false,false,false,true,false,false,false,"{""coordinates"": [[-79.39863181635474, 43.70812419019133]], ""type"": ""MultiPoint""}"
13995,2017:7001771267,2017-09-29T23:25:00,YONGE ST,ORCHARD VIEW BLVD,21 m North of,2,Non-Fatal Injury,Non-Intersection,Traffic Signal,Pedestrian Collision(internal code),Rain,Dark,Wet,Major Arterial,false,-79.39863181635474,43.70812419019133,1,Automobile or Station Wagon,North,1,28,None,Lap and Shoulder Belt,Driving properly,Normal,,,Going Ahead,,,,,driver,NA,Toronto-St. Paul's (12),53 Division,North Toronto,false,false,false,false,false,false,true,false,false,false,"{""coordinates"": [[-79.39863181635474, 43.70812419019133]], ""type"": ""MultiPoint""}"
13996,2017:7001774140,2017-09-30T13:11:00,ROGERS RD,MCROBERTS AVE,99 m East of,7,Non-Fatal Injury,Non-Intersection,No Control,Rear End,Clear,Daylight,Dry,Minor Arterial,false,-79.45544796134132,43.683286276422734,2,Automobile or Station Wagon,West,6,43,None,Lap and Shoulder Belt,Driving properly,Normal,,,Stopped,,,,,driver,NA,Davenport (9),13 Division,Caledonia-Fairbank,false,false,false,false,false,true,false,false,false,false,"{""coordinates"": [[-79.45544796134132, 43.683286276422734]], ""type"": ""MultiPoint""}"
13997,2017:7001774140,2017-09-30T13:11:00,ROGERS RD,MCROBERTS AVE,99 m East of,7,Non-Fatal Injury,Non-Intersection,No Control,Rear End,Clear,Daylight,Dry,Minor Arterial,false,-79.45544796134132,43.683286276422734,1,Automobile or Station Wagon,West,7,91,Major,Air Bag Deployed,Lost control,Medical or Physical Disability,,,Going Ahead,,,,,driver,NA,Davenport (9),13 Division,Caledonia-Fairbank,false,false,false,false,false,true,false,false,false,false,"{""coordinates"": [[-79.45544796134132, 43.683286276422734]], ""type"": ""MultiPoint""}"
13998,2017:7001774140,2017-09-30T13:11:00,ROGERS RD,MCROBERTS AVE,99 m East of,7,Non-Fatal Injury,Non-Intersection,No Control,Rear End,Clear,Daylight,Dry,Minor Arterial,false,-79.45544796134132,43.683286276422734,2,,,4,39,None,Lap and Shoulder Belt,,,,,,,,,,passenger,NA,Davenport (9),13 Division,Caledonia-Fairbank,false,false,false,false,false,true,false,false,false,false,"{""coordinates"": [[-79.45544796134132, 43.683286276422734]], ""type"": ""MultiPoint""}"
13999,2017:7001774140,2017-09-30T13:11:00,ROGERS RD,MCROBERTS AVE,99 m East of,7,Non-Fatal Injury,Non-Intersection,No Control,Rear End,Clear,Daylight,Dry,Minor Arterial,false,-79.45544796134132,43.683286276422734,2,,,3,2,None,Child Safety Seat Used Correctly,,,,,,,,,,passenger,NA,Davenport (9),13 Division,Caledonia-Fairbank,false,false,false,false,false,true,false,false,false,false,"{""coordinates"": [[-79.45544796134132, 43.683286276422734]], ""type"": ""MultiPoint""}"
14000,2017:7001774140,2017-09-30T13:11:00,ROGERS RD,MCROBERTS AVE,99 m East of,7,Non-Fatal Injury,Non-Intersection,No Control,Rear End,Clear,Daylight,Dry,Minor Arterial,false,-79.45544796134132,43.683286276422734,3,,,2,33,None,Lap and Shoulder Belt,,,,,,,,,,passenger,NA,Davenport (9),13 Division,Caledonia-Fairbank,false,false,false,false,false,true,false,false,false,false,"{""coordinates"": [[-79.45544796134132, 43.683286276422734]], ""type"": ""MultiPoint""}"
14001,2017:7001774140,2017-09-30T13:11:00,ROGERS RD,MCROBERTS AVE,99 m East of,7,Non-Fatal Injury,Non-Intersection,No Control,Rear End,Clear,Daylight,Dry,Minor Arterial,false,-79.45544796134132,43.683286276422734,3,Automobile or Station Wagon,West,5,38,None,Lap and Shoulder Belt,Driving properly,Normal,,,Stopped,,,,,driver,NA,Davenport (9),13 Division,Caledonia-Fairbank,false,false,false,false,false,true,false,false,false,false,"{""coordinates"": [[-79.45544796134132, 43.683286276422734]], ""type"": ""MultiPoint""}"
14002,2017:7001774140,2017-09-30T13:11:00,ROGERS RD,MCROBERTS AVE,99 m East of,7,Non-Fatal Injury,Non-Intersection,No Control,Rear End,Clear,Daylight,Dry,Minor Arterial,false,-79.45544796134132,43.683286276422734,3,,,1,1,None,Child Safety Seat Used Correctly,,,,,,,,,,passenger,NA,Davenport (9),13 Division,Caledonia-Fairbank,false,false,false,false,false,true,false,false,false,false,"{""coordinates"": [[-79.45544796134132, 43.683286276422734]], ""type"": ""MultiPoint""}"
14003,2017:7001781044,2017-10-01T16:15:00,DAVENPORT RD,DOVERCOURT ROAD,,2,Non-Fatal Injury,At Intersection,No Control,Cyclist Collision,Clear,Daylight,Dry,Minor Arterial,false,-79.43461293743933,43.67428725021983,1,Automobile or Station Wagon,West,1,42,None,Lap and Shoulder Belt,Improper turn,Normal,,,Turning Left,,,,,driver,NA,Davenport (9),13 Division,Wychwood,false,false,true,false,false,false,false,false,false,false,"{""coordinates"": [[-79.43461293743933, 43.67428725021983]], ""type"": ""MultiPoint""}"
14004,2017:7001781044,2017-10-01T16:15:00,DAVENPORT RD,DOVERCOURT ROAD,,2,Non-Fatal Injury,At Intersection,No Control,Cyclist Collision,Clear,Daylight,Dry,Minor Arterial,false,-79.43461293743933,43.67428725021983,2,Bicycle,East,2,48,Major,Helmet,,,,,Going Ahead,,Driver turns left into path of cyclist,Driving Properly,Normal,cyclist,NA,Davenport (9),13 Division,Wychwood,false,false,true,false,false,false,false,false,false,false,"{""coordinates"": [[-79.43461293743933, 43.67428725021983]], ""type"": ""MultiPoint""}"