X_id,collision_id,accdate,stname1,stname2,stname3,per_inv,acclass,accloc,traffictl,impactype,visible,light,rdsfcond,road_class,failtorem,longitude,latitude,veh_no,vehtype,initdir,per_no,invage,injury,safequip,drivact,drivcond,pedact,pedcond,manoeuvre,pedtype,cyclistype,cycact,cyccond,road_user,fatal_no,wardname,division,neighbourhood,aggressive,distracted,cyclist,motorcyclist,other_micromobility,older_adult,pedestrian,red_light,school_child,heavy_truck,geometry
14542,2018:8000842221,2018-05-10T09:55:00,111 BOND ST,,75 m North of,2,Non-Fatal Injury,Non-Intersection,No Control,Pedestrian Collision(internal code),Clear,Daylight,Dry,Local,false,-79.37858266699774,43.65685874920064,1,,East,2,57,Major,Use Unknown,,,Other,Normal,,Driver reversing hits pedestrian,,,,pedestrian,NA,Toronto Centre (13),51 Division,Downtown Yonge East,false,true,false,false,false,false,true,false,false,false,"{""coordinates"": [[-79.37858266699774, 43.65685874920064]], ""type"": ""MultiPoint""}"
14543,2018:8000842221,2018-05-10T09:55:00,111 BOND ST,,75 m North of,2,Non-Fatal Injury,Non-Intersection,No Control,Pedestrian Collision(internal code),Clear,Daylight,Dry,Local,false,-79.37858266699774,43.65685874920064,1,Automobile or Station Wagon,North,1,55,None,Lap and Shoulder Belt,Other,Inattentive,,,Reversing,,,,,driver,NA,Toronto Centre (13),51 Division,Downtown Yonge East,false,true,false,false,false,false,true,false,false,false,"{""coordinates"": [[-79.37858266699774, 43.65685874920064]], ""type"": ""MultiPoint""}"
14544,2018:8000845725,2018-05-10T18:45:00,EASTERN AVE,COXWELL AVE,,2,Non-Fatal Injury,At Intersection,Traffic Signal,Turning Movement,Clear,Daylight,Dry,Minor Arterial,false,-79.31618171667242,43.6654188378244,2,Motorcycle,East,2,40,Major,Helmet,Driving properly,Normal,,,Going Ahead,,,,,motorcyclist,NA,Beaches-East York (19),55 Division,The Beaches,true,true,false,true,false,false,false,false,false,false,"{""coordinates"": [[-79.31618171667242, 43.6654188378244]], ""type"": ""MultiPoint""}"
14545,2018:8000845725,2018-05-10T18:45:00,EASTERN AVE,COXWELL AVE,,2,Non-Fatal Injury,At Intersection,Traffic Signal,Turning Movement,Clear,Daylight,Dry,Minor Arterial,false,-79.31618171667242,43.6654188378244,1,Automobile or Station Wagon,West,1,27,None,Lap and Shoulder Belt,Failed to yield right-of-way,Inattentive,,,Turning Left,,,,,driver,NA,Beaches-East York (19),55 Division,The Beaches,true,true,false,true,false,false,false,false,false,false,"{""coordinates"": [[-79.31618171667242, 43.6654188378244]], ""type"": ""MultiPoint""}"
14546,2018:8000847454,2018-05-11T02:09:00,2955 KIPLING AVE,,23 m North of,2,Non-Fatal Injury,At/Near Private Drive,No Control,SMV Other,Clear,Dark,Dry,Local,false,-79.59012305227236,43.76013809096201,1,,,1,25,Minor,No Equipment Available,,,,,,,,,,passenger,NA,Etobicoke North (1),23 Division,Mount Olive-Silverstone-Jamestown,true,false,false,false,false,false,false,false,false,false,"{""coordinates"": [[-79.59012305227236, 43.76013809096201]], ""type"": ""MultiPoint""}"
14547,2018:8000847454,2018-05-11T02:09:00,2955 KIPLING AVE,,23 m North of,2,Non-Fatal Injury,At/Near Private Drive,No Control,SMV Other,Clear,Dark,Dry,Local,false,-79.59012305227236,43.76013809096201,1,Automobile or Station Wagon,North,2,36,Major,No Equipment Available,Exceeding speed limit,Unknown,,,Going Ahead,,,,,driver,NA,Etobicoke North (1),23 Division,Mount Olive-Silverstone-Jamestown,true,false,false,false,false,false,false,false,false,false,"{""coordinates"": [[-79.59012305227236, 43.76013809096201]], ""type"": ""MultiPoint""}"
14548,2018:8000874551,2018-05-15T09:35:00,YONGE ST,LAWRENCE AVE E,,2,Fatal Injury,At Intersection,Traffic Signal,Pedestrian Collision(internal code),,Daylight,,Major Arterial,false,-79.40215679602558,43.72503119044511,0,,Unknown,2,73,Fatal,,,,Crossing with right-of-way (intersection),,,Driver turns right into pedestrian crossing with right-of-way (at intersection),,,,pedestrian,24,Don Valley West (15),53 Division,Lawrence Park South,true,false,false,false,false,true,true,false,false,false,"{""coordinates"": [[-79.40215679602558, 43.72503119044511]], ""type"": ""MultiPoint""}"
14549,2018:8000874551,2018-05-15T09:35:00,YONGE ST,LAWRENCE AVE E,,2,Fatal Injury,At Intersection,Traffic Signal,Pedestrian Collision(internal code),,Daylight,,Major Arterial,false,-79.40215679602558,43.72503119044511,1,Automobile or Station Wagon,North,1,89,None,,Failed to yield right-of-way,,,,Turning Right,,,,,driver,NA,Don Valley West (15),53 Division,Lawrence Park South,true,false,false,false,false,true,true,false,false,false,"{""coordinates"": [[-79.40215679602558, 43.72503119044511]], ""type"": ""MultiPoint""}"
14550,2018:8000877104,2018-05-15T15:58:00,LAKE SHORE BV W,COLBORNE LODGE DR,,2,Fatal Injury,At Intersection,Traffic Signal,Cyclist Collision,Clear,Daylight,Dry,Major Arterial,false,-79.45888204661689,43.637708299376605,1,Automobile or Station Wagon,East,1,27,None,Lap and Shoulder Belt,Disobeyed traffic control,Inattentive,,,Going Ahead,,,,,driver,NA,Parkdale-High Park (4),11 Division,South Parkdale,true,true,true,false,false,false,false,true,false,false,"{""coordinates"": [[-79.45888204661689, 43.637708299376605]], ""type"": ""MultiPoint""}"
14551,2018:8000877104,2018-05-15T15:58:00,LAKE SHORE BV W,COLBORNE LODGE DR,,2,Fatal Injury,At Intersection,Traffic Signal,Cyclist Collision,Clear,Daylight,Dry,Major Arterial,false,-79.45888204661689,43.637708299376605,2,Bicycle,South,2,36,Fatal,No Equipment Available,,,,,Going Ahead,,"Driver without right-of-way drives into path of cyclist (at intersection, laneway, or driveway)",Driving Properly,Normal,cyclist,30,Parkdale-High Park (4),11 Division,South Parkdale,true,true,true,false,false,false,false,true,false,false,"{""coordinates"": [[-79.45888204661689, 43.637708299376605]], ""type"": ""MultiPoint""}"
14552,2018:8000879182,2018-05-15T22:37:00,LAKE SHORE BLVD W,THIRTEENTH ST,,3,Fatal Injury,Intersection-Related,No Control,Sideswipe,,Dark,,Major Arterial,false,-79.51287521674531,43.59900439712438,2,School Bus,East,1,NA,None,,,,,,Parked,,,,,other,NA,Etobicoke-Lakeshore (3),22 Division,New Toronto,false,false,false,false,false,false,false,false,false,true,"{""coordinates"": [[-79.51287521674531, 43.59900439712438]], ""type"": ""MultiPoint""}"
14553,2018:8000879182,2018-05-15T22:37:00,LAKE SHORE BLVD W,THIRTEENTH ST,,3,Fatal Injury,Intersection-Related,No Control,Sideswipe,,Dark,,Major Arterial,false,-79.51287521674531,43.59900439712438,1,Automobile or Station Wagon,East,2,23,None,,Improper lane change,Ability Impaired - Alcohol Over .08,,,Changing Lanes,,,,,driver,NA,Etobicoke-Lakeshore (3),22 Division,New Toronto,false,false,false,false,false,false,false,false,false,true,"{""coordinates"": [[-79.51287521674531, 43.59900439712438]], ""type"": ""MultiPoint""}"
14554,2018:8000879182,2018-05-15T22:37:00,LAKE SHORE BLVD W,THIRTEENTH ST,,3,Fatal Injury,Intersection-Related,No Control,Sideswipe,,Dark,,Major Arterial,false,-79.51287521674531,43.59900439712438,1,,,3,25,Fatal,,,,,,,,,,,passenger,23,Etobicoke-Lakeshore (3),22 Division,New Toronto,false,false,false,false,false,false,false,false,false,true,"{""coordinates"": [[-79.51287521674531, 43.59900439712438]], ""type"": ""MultiPoint""}"
14555,2018:8000879667,2018-05-16T00:55:00,QUEEN ST E,JARVIS ST,,2,Non-Fatal Injury,At Intersection,Traffic Signal,Cyclist Collision,Clear,Dark with Artificial Lighting,Dry,Major Arterial,false,-79.3732191970113,43.65365439627161,2,Intercity Coach Bus,East,1,56,None,Lap and Shoulder Belt,Driving properly,Normal,,,Turning Right,,,,,driver,NA,Toronto Centre (13),51 Division,Moss Park,false,false,true,false,false,false,false,false,false,true,"{""coordinates"": [[-79.3732191970113, 43.65365439627161]], ""type"": ""MultiPoint""}"
14556,2018:8000879667,2018-05-16T00:55:00,QUEEN ST E,JARVIS ST,,2,Non-Fatal Injury,At Intersection,Traffic Signal,Cyclist Collision,Clear,Dark with Artificial Lighting,Dry,Major Arterial,false,-79.3732191970113,43.65365439627161,1,Bicycle,West,2,34,Major,No Equipment Available,,,,,Going Ahead,,"Cyclist without right-of-way rides into path of driver (at intersection, laneway, or driveway)",Disobeyed Traffic Control,Unknown,cyclist,NA,Toronto Centre (13),51 Division,Moss Park,false,false,true,false,false,false,false,false,false,true,"{""coordinates"": [[-79.3732191970113, 43.65365439627161]], ""type"": ""MultiPoint""}"
14557,2018:8000880741,2018-05-16T08:00:00,JONES AVE,DUNDAS ST E,,2,Fatal Injury,At Intersection,Traffic Signal,Cyclist Collision,Clear,Daylight,Dry,Minor Arterial,false,-79.33427775917067,43.66609710802879,0,Bicycle,West,2,54,Fatal,,,,,,Going Ahead,,Driver turns right on green or amber at signalized intersection and hits cyclist,Driving Properly,Normal,cyclist,25,Toronto-Danforth (14),55 Division,South Riverdale,true,false,true,false,false,false,false,false,false,true,"{""coordinates"": [[-79.33427775917067, 43.66609710802879]], ""type"": ""MultiPoint""}"
14558,2018:8000880741,2018-05-16T08:00:00,JONES AVE,DUNDAS ST E,,2,Fatal Injury,At Intersection,Traffic Signal,Cyclist Collision,Clear,Daylight,Dry,Minor Arterial,false,-79.33427775917067,43.66609710802879,0,Truck - Closed,West,1,29,None,,Failed to yield right-of-way,Normal,,,Turning Right,,,,,driver,NA,Toronto-Danforth (14),55 Division,South Riverdale,true,false,true,false,false,false,false,false,false,true,"{""coordinates"": [[-79.33427775917067, 43.66609710802879]], ""type"": ""MultiPoint""}"
14559,2018:8000903951,2018-05-19T15:50:00,STANLEY AVE,VICTOR AVE,18 m West of,4,Non-Fatal Injury,At/Near Private Drive,No Control,Pedestrian Collision(internal code),Clear,Daylight,Dry,Local,false,-79.49023151735469,43.61584330723617,1,Automobile or Station Wagon,East,1,28,None,Lap and Shoulder Belt,Driving properly,Normal,,,Going Ahead,,,,,driver,NA,Etobicoke-Lakeshore (3),22 Division,Mimico-Queensway,false,false,false,false,false,false,true,false,true,false,"{""coordinates"": [[-79.49023151735469, 43.61584330723617]], ""type"": ""MultiPoint""}"
14560,2018:8000903951,2018-05-19T15:50:00,STANLEY AVE,VICTOR AVE,18 m West of,4,Non-Fatal Injury,At/Near Private Drive,No Control,Pedestrian Collision(internal code),Clear,Daylight,Dry,Local,false,-79.49023151735469,43.61584330723617,1,,North,4,8,Major,No Equipment Available,,,Coming from behind parked vehicle or object,Normal,,Driver hits pedestrian walking or running out from between parked vehicles (at midblock),,,,pedestrian,NA,Etobicoke-Lakeshore (3),22 Division,Mimico-Queensway,false,false,false,false,false,false,true,false,true,false,"{""coordinates"": [[-79.49023151735469, 43.61584330723617]], ""type"": ""MultiPoint""}"
14561,2018:8000903951,2018-05-19T15:50:00,STANLEY AVE,VICTOR AVE,18 m West of,4,Non-Fatal Injury,At/Near Private Drive,No Control,Pedestrian Collision(internal code),Clear,Daylight,Dry,Local,false,-79.49023151735469,43.61584330723617,1,,,2,28,None,Lap and Shoulder Belt,,,,,,,,,,passenger,NA,Etobicoke-Lakeshore (3),22 Division,Mimico-Queensway,false,false,false,false,false,false,true,false,true,false,"{""coordinates"": [[-79.49023151735469, 43.61584330723617]], ""type"": ""MultiPoint""}"
14562,2018:8000903951,2018-05-19T15:50:00,STANLEY AVE,VICTOR AVE,18 m West of,4,Non-Fatal Injury,At/Near Private Drive,No Control,Pedestrian Collision(internal code),Clear,Daylight,Dry,Local,false,-79.49023151735469,43.61584330723617,1,,,3,22,None,Lap and Shoulder Belt,,,,,,,,,,passenger,NA,Etobicoke-Lakeshore (3),22 Division,Mimico-Queensway,false,false,false,false,false,false,true,false,true,false,"{""coordinates"": [[-79.49023151735469, 43.61584330723617]], ""type"": ""MultiPoint""}"
14563,2018:8000909501,2018-05-20T14:34:00,TAPSCOTT RD,FINCH AVE E,297 m South of,1,Non-Fatal Injury,Non-Intersection,No Control,SMV Other,Clear,Daylight,Dry,Minor Arterial,false,-79.23596596934202,43.81167042450485,1,Automobile or Station Wagon,North,1,44,Major,Lap and Shoulder Belt,Lost control,Unknown,,,Going Ahead,,,,,driver,NA,Scarborough North (23),42 Division,Malvern West,false,false,false,false,false,false,false,false,false,false,"{""coordinates"": [[-79.23596596934202, 43.81167042450485]], ""type"": ""MultiPoint""}"
14564,2018:8000911603,2018-05-20T21:17:00,WINTERMUTE BLVD,SANDYHOOK SQ,,3,Non-Fatal Injury,At Intersection,No Control,Pedestrian Collision(internal code),Clear,Dusk with Artificial Lighting,Dry,Collector,false,-79.32217825321943,43.81805632403537,1,,South,2,79,Major,No Equipment Available,,,Crossing with right-of-way (intersection),Normal,,Driver turns left into pedestrian crossing with right-of-way (at intersection),,,,pedestrian,NA,Scarborough-Agincourt (22),42 Division,Steeles,true,true,false,false,false,true,true,false,false,false,"{""coordinates"": [[-79.32217825321943, 43.81805632403537]], ""type"": ""MultiPoint""}"
14565,2018:8000911603,2018-05-20T21:17:00,WINTERMUTE BLVD,SANDYHOOK SQ,,3,Non-Fatal Injury,At Intersection,No Control,Pedestrian Collision(internal code),Clear,Dusk with Artificial Lighting,Dry,Collector,false,-79.32217825321943,43.81805632403537,1,,South,1,80,Minimal,No Equipment Available,,,Crossing with right-of-way (intersection),Normal,,Driver turns left into pedestrian crossing with right-of-way (at intersection),,,,pedestrian,NA,Scarborough-Agincourt (22),42 Division,Steeles,true,true,false,false,false,true,true,false,false,false,"{""coordinates"": [[-79.32217825321943, 43.81805632403537]], ""type"": ""MultiPoint""}"
14566,2018:8000911603,2018-05-20T21:17:00,WINTERMUTE BLVD,SANDYHOOK SQ,,3,Non-Fatal Injury,At Intersection,No Control,Pedestrian Collision(internal code),Clear,Dusk with Artificial Lighting,Dry,Collector,false,-79.32217825321943,43.81805632403537,1,Automobile or Station Wagon,South,3,50,None,Use Unknown,Failed to yield right-of-way,Inattentive,,,Turning Left,,,,,driver,NA,Scarborough-Agincourt (22),42 Division,Steeles,true,true,false,false,false,true,true,false,false,false,"{""coordinates"": [[-79.32217825321943, 43.81805632403537]], ""type"": ""MultiPoint""}"
14567,2018:8000912175,2018-05-20T23:07:00,WILSON AVE,401 C W WILSON AV RAMP,,5,Fatal Injury,Non-Intersection,No Control,Approaching Head On,Clear,Dark with Artificial Lighting,Dry,Major Arterial,false,-79.43858783806914,43.73634184153289,2,Automobile or Station Wagon,East,2,43,Minor,,Driving properly,Normal,,,Going Ahead,,,,,driver,NA,York Centre (6),32 Division,Clanton Park,false,true,false,false,false,false,false,false,true,false,"{""coordinates"": [[-79.43858783806914, 43.73634184153289]], ""type"": ""MultiPoint""}"
14568,2018:8000912175,2018-05-20T23:07:00,WILSON AVE,401 C W WILSON AV RAMP,,5,Fatal Injury,Non-Intersection,No Control,Approaching Head On,Clear,Dark with Artificial Lighting,Dry,Major Arterial,false,-79.43858783806914,43.73634184153289,5,,,5,10,Major,,,,,,,,,,,passenger,NA,York Centre (6),32 Division,Clanton Park,false,true,false,false,false,false,false,false,true,false,"{""coordinates"": [[-79.43858783806914, 43.73634184153289]], ""type"": ""MultiPoint""}"
14569,2018:8000912175,2018-05-20T23:07:00,WILSON AVE,401 C W WILSON AV RAMP,,5,Fatal Injury,Non-Intersection,No Control,Approaching Head On,Clear,Dark with Artificial Lighting,Dry,Major Arterial,false,-79.43858783806914,43.73634184153289,4,,,4,13,Major,,,,,,,,,,,passenger,NA,York Centre (6),32 Division,Clanton Park,false,true,false,false,false,false,false,false,true,false,"{""coordinates"": [[-79.43858783806914, 43.73634184153289]], ""type"": ""MultiPoint""}"
14570,2018:8000912175,2018-05-20T23:07:00,WILSON AVE,401 C W WILSON AV RAMP,,5,Fatal Injury,Non-Intersection,No Control,Approaching Head On,Clear,Dark with Artificial Lighting,Dry,Major Arterial,false,-79.43858783806914,43.73634184153289,1,Automobile or Station Wagon,West,1,40,Fatal,,Improper lane change,Inattentive,,,Changing Lanes,,,,,driver,26,York Centre (6),32 Division,Clanton Park,false,true,false,false,false,false,false,false,true,false,"{""coordinates"": [[-79.43858783806914, 43.73634184153289]], ""type"": ""MultiPoint""}"
14571,2018:8000912175,2018-05-20T23:07:00,WILSON AVE,401 C W WILSON AV RAMP,,5,Fatal Injury,Non-Intersection,No Control,Approaching Head On,Clear,Dark with Artificial Lighting,Dry,Major Arterial,false,-79.43858783806914,43.73634184153289,3,,,3,39,Major,,,,,,,,,,,passenger,NA,York Centre (6),32 Division,Clanton Park,false,true,false,false,false,false,false,false,true,false,"{""coordinates"": [[-79.43858783806914, 43.73634184153289]], ""type"": ""MultiPoint""}"
14572,2018:8000916945,2018-05-21T20:20:00,STEELES AVE W,HIGHWAY 27 N,50 m West of,8,Non-Fatal Injury,Non-Intersection,No Control,Rear End,Clear,Dark with Artificial Lighting,Dry,Major Arterial,false,-79.61552134505457,43.755068388066825,1,Automobile or Station Wagon,East,8,30,None,Use Unknown,Speed too fast for conditions,Inattentive,,,Going Ahead,,,,,driver,NA,Etobicoke North (1),23 Division,West Humber-Clairville,true,true,false,false,false,false,false,false,true,false,"{""coordinates"": [[-79.61552134505457, 43.755068388066825]], ""type"": ""MultiPoint""}"
14573,2018:8000916945,2018-05-21T20:20:00,STEELES AVE W,HIGHWAY 27 N,50 m West of,8,Non-Fatal Injury,Non-Intersection,No Control,Rear End,Clear,Dark with Artificial Lighting,Dry,Major Arterial,false,-79.61552134505457,43.755068388066825,3,,,4,17,Minor,Use Unknown,,,,,,,,,,passenger,NA,Etobicoke North (1),23 Division,West Humber-Clairville,true,true,false,false,false,false,false,false,true,false,"{""coordinates"": [[-79.61552134505457, 43.755068388066825]], ""type"": ""MultiPoint""}"
14574,2018:8000916945,2018-05-21T20:20:00,STEELES AVE W,HIGHWAY 27 N,50 m West of,8,Non-Fatal Injury,Non-Intersection,No Control,Rear End,Clear,Dark with Artificial Lighting,Dry,Major Arterial,false,-79.61552134505457,43.755068388066825,3,,,1,20,Minor,Use Unknown,,,,,,,,,,passenger,NA,Etobicoke North (1),23 Division,West Humber-Clairville,true,true,false,false,false,false,false,false,true,false,"{""coordinates"": [[-79.61552134505457, 43.755068388066825]], ""type"": ""MultiPoint""}"
14575,2018:8000916945,2018-05-21T20:20:00,STEELES AVE W,HIGHWAY 27 N,50 m West of,8,Non-Fatal Injury,Non-Intersection,No Control,Rear End,Clear,Dark with Artificial Lighting,Dry,Major Arterial,false,-79.61552134505457,43.755068388066825,3,Automobile or Station Wagon,East,6,46,Minimal,Use Unknown,Driving properly,Normal,,,Stopped,,,,,driver,NA,Etobicoke North (1),23 Division,West Humber-Clairville,true,true,false,false,false,false,false,false,true,false,"{""coordinates"": [[-79.61552134505457, 43.755068388066825]], ""type"": ""MultiPoint""}"
14576,2018:8000916945,2018-05-21T20:20:00,STEELES AVE W,HIGHWAY 27 N,50 m West of,8,Non-Fatal Injury,Non-Intersection,No Control,Rear End,Clear,Dark with Artificial Lighting,Dry,Major Arterial,false,-79.61552134505457,43.755068388066825,3,,,5,18,Minimal,Use Unknown,,,,,,,,,,passenger,NA,Etobicoke North (1),23 Division,West Humber-Clairville,true,true,false,false,false,false,false,false,true,false,"{""coordinates"": [[-79.61552134505457, 43.755068388066825]], ""type"": ""MultiPoint""}"
14577,2018:8000916945,2018-05-21T20:20:00,STEELES AVE W,HIGHWAY 27 N,50 m West of,8,Non-Fatal Injury,Non-Intersection,No Control,Rear End,Clear,Dark with Artificial Lighting,Dry,Major Arterial,false,-79.61552134505457,43.755068388066825,3,,,2,22,Minor,Use Unknown,,,,,,,,,,passenger,NA,Etobicoke North (1),23 Division,West Humber-Clairville,true,true,false,false,false,false,false,false,true,false,"{""coordinates"": [[-79.61552134505457, 43.755068388066825]], ""type"": ""MultiPoint""}"
14578,2018:8000916945,2018-05-21T20:20:00,STEELES AVE W,HIGHWAY 27 N,50 m West of,8,Non-Fatal Injury,Non-Intersection,No Control,Rear End,Clear,Dark with Artificial Lighting,Dry,Major Arterial,false,-79.61552134505457,43.755068388066825,3,,,3,44,Minor,Use Unknown,,,,,,,,,,passenger,NA,Etobicoke North (1),23 Division,West Humber-Clairville,true,true,false,false,false,false,false,false,true,false,"{""coordinates"": [[-79.61552134505457, 43.755068388066825]], ""type"": ""MultiPoint""}"
14579,2018:8000916945,2018-05-21T20:20:00,STEELES AVE W,HIGHWAY 27 N,50 m West of,8,Non-Fatal Injury,Non-Intersection,No Control,Rear End,Clear,Dark with Artificial Lighting,Dry,Major Arterial,false,-79.61552134505457,43.755068388066825,2,Automobile or Station Wagon,East,7,29,Major,Use Unknown,Driving properly,Normal,,,Stopped,,,,,driver,NA,Etobicoke North (1),23 Division,West Humber-Clairville,true,true,false,false,false,false,false,false,true,false,"{""coordinates"": [[-79.61552134505457, 43.755068388066825]], ""type"": ""MultiPoint""}"
14580,2018:8000921444,2018-05-22T13:25:00,4800 LESLIE ST,,60 m West of,3,Non-Fatal Injury,Non-Intersection,No Control,Pedestrian Collision(internal code),Clear,Daylight with Artificial Lighting,Dry,Major Arterial,false,-79.36561250315266,43.77969196425536,1,,East,1,52,Major,Use Unknown,,,Crossing - no traffic control,Normal,,Driver hits pedestrian at midblock,,,,pedestrian,NA,Don Valley North (17),33 Division,Don Valley Village,false,false,false,false,false,true,true,false,false,false,"{""coordinates"": [[-79.36561250315266, 43.77969196425536]], ""type"": ""MultiPoint""}"
14581,2018:8000921444,2018-05-22T13:25:00,4800 LESLIE ST,,60 m West of,3,Non-Fatal Injury,Non-Intersection,No Control,Pedestrian Collision(internal code),Clear,Daylight with Artificial Lighting,Dry,Major Arterial,false,-79.36561250315266,43.77969196425536,1,,,2,69,None,Lap and Shoulder Belt,,,,,,,,,,passenger,NA,Don Valley North (17),33 Division,Don Valley Village,false,false,false,false,false,true,true,false,false,false,"{""coordinates"": [[-79.36561250315266, 43.77969196425536]], ""type"": ""MultiPoint""}"
14582,2018:8000921444,2018-05-22T13:25:00,4800 LESLIE ST,,60 m West of,3,Non-Fatal Injury,Non-Intersection,No Control,Pedestrian Collision(internal code),Clear,Daylight with Artificial Lighting,Dry,Major Arterial,false,-79.36561250315266,43.77969196425536,1,Automobile or Station Wagon,North,3,72,None,Lap and Shoulder Belt,Driving properly,Normal,,,Going Ahead,,,,,driver,NA,Don Valley North (17),33 Division,Don Valley Village,false,false,false,false,false,true,true,false,false,false,"{""coordinates"": [[-79.36561250315266, 43.77969196425536]], ""type"": ""MultiPoint""}"
14583,2018:8000922403,2018-05-22T15:52:00,DUNDAS ST W,CHELSEA AVE,73 m North of,3,Non-Fatal Injury,Non-Intersection,No Control,Cyclist Collision,Clear,Daylight,Dry,Minor Arterial,false,-79.45318302799257,43.65875094767431,1,Bicycle,South,2,50,Major,Equipment Not Used But Available,,,,,Turning Left,,Cyclist turns left into path of driver,Improper Turn,Unknown,cyclist,NA,Parkdale-High Park (4),11 Division,High Park North,false,false,true,false,false,true,false,false,false,false,"{""coordinates"": [[-79.45318302799257, 43.65875094767431]], ""type"": ""MultiPoint""}"
14584,2018:8000922403,2018-05-22T15:52:00,DUNDAS ST W,CHELSEA AVE,73 m North of,3,Non-Fatal Injury,Non-Intersection,No Control,Cyclist Collision,Clear,Daylight,Dry,Minor Arterial,false,-79.45318302799257,43.65875094767431,2,,,3,69,None,Lap and Shoulder Belt,,,,,,,,,,passenger,NA,Parkdale-High Park (4),11 Division,High Park North,false,false,true,false,false,true,false,false,false,false,"{""coordinates"": [[-79.45318302799257, 43.65875094767431]], ""type"": ""MultiPoint""}"
14585,2018:8000922403,2018-05-22T15:52:00,DUNDAS ST W,CHELSEA AVE,73 m North of,3,Non-Fatal Injury,Non-Intersection,No Control,Cyclist Collision,Clear,Daylight,Dry,Minor Arterial,false,-79.45318302799257,43.65875094767431,2,Automobile or Station Wagon,North,1,61,None,Lap and Shoulder Belt,Driving properly,Normal,,,Going Ahead,,,,,driver,NA,Parkdale-High Park (4),11 Division,High Park North,false,false,true,false,false,true,false,false,false,false,"{""coordinates"": [[-79.45318302799257, 43.65875094767431]], ""type"": ""MultiPoint""}"
14586,2018:8000931824,2018-05-23T23:25:00,KINGSTON RD,DANFORTH AVE,8 m South of,1,Non-Fatal Injury,Non-Intersection,No Control,SMV Other,Clear,Dark with Artificial Lighting,Dry,Major Arterial,false,-79.25414694745702,43.70236027927162,1,Motorcycle,West,1,27,Major,Helmet,Lost control,Inattentive,,,Changing Lanes,,,,,motorcyclist,NA,Scarborough Southwest (20),41 Division,Birchcliffe-Cliffside,false,true,false,true,false,false,false,false,false,false,"{""coordinates"": [[-79.25414694745702, 43.70236027927162]], ""type"": ""MultiPoint""}"
14587,2018:8000954337,2018-05-27T10:10:00,BENSON AVE,CHRISTIE ST,10 m West of,2,Non-Fatal Injury,Intersection-Related,No Control,Pedestrian Collision(internal code),Clear,Daylight,Dry,Minor Arterial,false,-79.4250228434838,43.68003691051008,1,Automobile or Station Wagon,East,1,59,None,Lap and Shoulder Belt,Driving properly,Unknown,,,Going Ahead,,,,,driver,NA,Toronto-St. Paul's (12),13 Division,Wychwood,false,false,false,false,false,true,true,false,false,false,"{""coordinates"": [[-79.4250228434838, 43.680036910510076]], ""type"": ""MultiPoint""}"
14588,2018:8000954337,2018-05-27T10:10:00,BENSON AVE,CHRISTIE ST,10 m West of,2,Non-Fatal Injury,Intersection-Related,No Control,Pedestrian Collision(internal code),Clear,Daylight,Dry,Minor Arterial,false,-79.4250228434838,43.68003691051008,1,,Unknown,2,86,Major,No Equipment Available,,,On sidewalk or shoulder,Normal,,Driver hits pedestrian on sidewalk or shoulder,,,,pedestrian,NA,Toronto-St. Paul's (12),13 Division,Wychwood,false,false,false,false,false,true,true,false,false,false,"{""coordinates"": [[-79.4250228434838, 43.680036910510076]], ""type"": ""MultiPoint""}"
14589,2018:8000956490,2018-05-27T17:00:00,YONGE ST,ISABELLA ST,,2,Non-Fatal Injury,At Intersection,No Control,Turning Movement,Clear,Daylight,Dry,Major Arterial,false,-79.38565511310112,43.66749031845323,2,Motorcycle,North,1,31,Major,Helmet,Driving properly,Normal,,,Going Ahead,,,,,motorcyclist,NA,Toronto Centre (13),51 Division,Church-Wellesley,true,false,false,true,false,false,false,false,false,false,"{""coordinates"": [[-79.38565511310112, 43.66749031845323]], ""type"": ""MultiPoint""}"
14590,2018:8000956490,2018-05-27T17:00:00,YONGE ST,ISABELLA ST,,2,Non-Fatal Injury,At Intersection,No Control,Turning Movement,Clear,Daylight,Dry,Major Arterial,false,-79.38565511310112,43.66749031845323,1,Automobile or Station Wagon,South,2,52,None,Lap and Shoulder Belt,Failed to yield right-of-way,Normal,,,Turning Left,,,,,driver,NA,Toronto Centre (13),51 Division,Church-Wellesley,true,false,false,true,false,false,false,false,false,false,"{""coordinates"": [[-79.38565511310112, 43.66749031845323]], ""type"": ""MultiPoint""}"
14591,2018:8000957140,2018-05-27T19:07:00,STAINES RD,HEPATICA ST,,2,Non-Fatal Injury,At Intersection,Stop Sign,Pedestrian Collision(internal code),Clear,Daylight,Dry,Local,false,-79.22993872206531,43.83482182080925,1,,North,2,65,Major,Use Unknown,,,Crossing with right-of-way (intersection),Normal,,Driver going straight hits pedestrian crossing with right-of-way (at intersection),,,,pedestrian,NA,Scarborough North (23),42 Division,Morningside Heights,true,true,false,false,false,true,true,false,false,false,"{""coordinates"": [[-79.22993872206531, 43.83482182080925]], ""type"": ""MultiPoint""}"
14592,2018:8000957140,2018-05-27T19:07:00,STAINES RD,HEPATICA ST,,2,Non-Fatal Injury,At Intersection,Stop Sign,Pedestrian Collision(internal code),Clear,Daylight,Dry,Local,false,-79.22993872206531,43.83482182080925,1,Automobile or Station Wagon,West,1,23,None,Lap and Shoulder Belt,Failed to yield right-of-way,Inattentive,,,Going Ahead,,,,,driver,NA,Scarborough North (23),42 Division,Morningside Heights,true,true,false,false,false,true,true,false,false,false,"{""coordinates"": [[-79.22993872206531, 43.83482182080925]], ""type"": ""MultiPoint""}"