X_id,collision_id,accdate,stname1,stname2,stname3,per_inv,acclass,accloc,traffictl,impactype,visible,light,rdsfcond,road_class,failtorem,longitude,latitude,veh_no,vehtype,initdir,per_no,invage,injury,safequip,drivact,drivcond,pedact,pedcond,manoeuvre,pedtype,cyclistype,cycact,cyccond,road_user,fatal_no,wardname,division,neighbourhood,aggressive,distracted,cyclist,motorcyclist,other_micromobility,older_adult,pedestrian,red_light,school_child,heavy_truck,geometry
14593,2018:8000967424,2018-05-29T09:34:00,STEELES AVE E,KENNEDY RD,,2,Fatal Injury,Intersection-Related,No Control,Other,Clear,Daylight,Dry,Major Arterial,true,-79.30704852930485,43.82356806969722,0,,,1,82,Fatal,,,,,,,,,,,passenger,29,Scarborough-Agincourt (22),42 Division,Steeles,false,false,false,false,false,true,false,false,false,true,"{""coordinates"": [[-79.30704852930485, 43.82356806969722]], ""type"": ""MultiPoint""}"
14594,2018:8000967424,2018-05-29T09:34:00,STEELES AVE E,KENNEDY RD,,2,Fatal Injury,Intersection-Related,No Control,Other,Clear,Daylight,Dry,Major Arterial,true,-79.30704852930485,43.82356806969722,0,Municipal Transit Bus (TTC),West,2,45,None,,Driving properly,Normal,,,Slowing or Stopping,,,,,driver,NA,Scarborough-Agincourt (22),42 Division,Steeles,false,false,false,false,false,true,false,false,false,true,"{""coordinates"": [[-79.30704852930485, 43.82356806969722]], ""type"": ""MultiPoint""}"
14595,2018:8000970456,2018-05-29T17:00:00,QUEENS QUAY E,DOCKSIDE DR,,2,Non-Fatal Injury,At Intersection,Traffic Signal,Cyclist Collision,Clear,Daylight,Dry,Minor Arterial,false,-79.36542195335053,43.64505605873099,1,Automobile or Station Wagon,East,1,36,None,Lap and Shoulder Belt,Failed to yield right-of-way,Normal,,,Turning Right,,,,,driver,NA,Spadina-Fort York (10),51 Division,St Lawrence-East Bayfront-The Islands,true,false,true,false,false,false,false,false,false,false,"{""coordinates"": [[-79.36542195335053, 43.64505605873099]], ""type"": ""MultiPoint""}"
14596,2018:8000970456,2018-05-29T17:00:00,QUEENS QUAY E,DOCKSIDE DR,,2,Non-Fatal Injury,At Intersection,Traffic Signal,Cyclist Collision,Clear,Daylight,Dry,Minor Arterial,false,-79.36542195335053,43.64505605873099,2,Bicycle,West,2,28,Major,Helmet,,,,,Going Ahead,,Driver turns right on green or amber at signalized intersection and hits cyclist,Driving Properly,Normal,cyclist,NA,Spadina-Fort York (10),51 Division,St Lawrence-East Bayfront-The Islands,true,false,true,false,false,false,false,false,false,false,"{""coordinates"": [[-79.36542195335053, 43.64505605873099]], ""type"": ""MultiPoint""}"
14597,2018:8000973371,2018-05-30T03:29:00,MARTIN GROVE RD,VULCAN ST,,2,Fatal Injury,At Intersection,Traffic Signal,Turning Movement,,Dark,,Major Arterial,false,-79.57712210247816,43.70517141755958,0,Truck - Closed,North,2,51,None,,Driving properly,Normal,,,Turning Left,,,,,driver,NA,Etobicoke North (1),23 Division,West Humber-Clairville,true,false,false,true,false,false,false,false,false,true,"{""coordinates"": [[-79.57712210247816, 43.70517141755958]], ""type"": ""MultiPoint""}"
14598,2018:8000973371,2018-05-30T03:29:00,MARTIN GROVE RD,VULCAN ST,,2,Fatal Injury,At Intersection,Traffic Signal,Turning Movement,,Dark,,Major Arterial,false,-79.57712210247816,43.70517141755958,0,Motorcycle,South,1,22,Fatal,,Exceeding speed limit,Unknown,,,Going Ahead,,,,,motorcyclist,27,Etobicoke North (1),23 Division,West Humber-Clairville,true,false,false,true,false,false,false,false,false,true,"{""coordinates"": [[-79.57712210247816, 43.70517141755958]], ""type"": ""MultiPoint""}"
14599,2018:8000979295,2018-05-30T21:03:00,WOODBINE AVE,MERRILL AVE E,,2,Non-Fatal Injury,At Intersection,No Control,Cyclist Collision,Clear,Dark with Artificial Lighting,Dry,Major Arterial,false,-79.31180241196182,43.6833517222873,1,Bicycle,South,1,20,Major,No Equipment Available,,,,,Going Ahead,,"Cyclist without right-of-way rides into path of driver (at intersection, laneway, or driveway)",Speed too Fast For Condition,Normal,cyclist,NA,Beaches-East York (19),55 Division,East End-Danforth,false,false,true,false,false,false,false,false,false,false,"{""coordinates"": [[-79.31180241196182, 43.6833517222873]], ""type"": ""MultiPoint""}"
14600,2018:8000979295,2018-05-30T21:03:00,WOODBINE AVE,MERRILL AVE E,,2,Non-Fatal Injury,At Intersection,No Control,Cyclist Collision,Clear,Dark with Artificial Lighting,Dry,Major Arterial,false,-79.31180241196182,43.6833517222873,2,Automobile or Station Wagon,North,2,30,None,Lap and Shoulder Belt,Driving properly,Normal,,,Turning Left,,,,,driver,NA,Beaches-East York (19),55 Division,East End-Danforth,false,false,true,false,false,false,false,false,false,false,"{""coordinates"": [[-79.31180241196182, 43.6833517222873]], ""type"": ""MultiPoint""}"
14601,2018:8000981318,2018-05-31T07:55:00,BLOOR ST W,SOUTH KINGSWAY,,2,Non-Fatal Injury,At Intersection,Traffic Signal,Pedestrian Collision(internal code),Clear,Daylight,Dry,Major Arterial,false,-79.48571484810259,43.6482415091747,1,,East,2,35,Major,No Equipment Available,,,Crossing with right-of-way (intersection),Normal,,Driver turns right into pedestrian crossing with right-of-way (at intersection),,,,pedestrian,NA,Parkdale-High Park (4),11 Division,High Park-Swansea,false,false,false,false,false,false,true,false,false,true,"{""coordinates"": [[-79.48571484810259, 43.6482415091747]], ""type"": ""MultiPoint""}"
14602,2018:8000981318,2018-05-31T07:55:00,BLOOR ST W,SOUTH KINGSWAY,,2,Non-Fatal Injury,At Intersection,Traffic Signal,Pedestrian Collision(internal code),Clear,Daylight,Dry,Major Arterial,false,-79.48571484810259,43.6482415091747,1,Truck - Dump,East,1,24,None,Use Unknown,Improper turn,Normal,,,Turning Right,,,,,driver,NA,Parkdale-High Park (4),11 Division,High Park-Swansea,false,false,false,false,false,false,true,false,false,true,"{""coordinates"": [[-79.48571484810259, 43.6482415091747]], ""type"": ""MultiPoint""}"
14603,2018:8000986648,2018-05-31T20:54:00,LAWRENCE AVE E,MORNINGSIDE AVE,,4,Non-Fatal Injury,Intersection-Related,No Control,Pedestrian Collision(internal code),Clear,Daylight,Wet,Minor Arterial,false,-79.18619176462637,43.76833540601888,1,,,4,2,None,Child Safety Seat Used Correctly,,,,,,,,,,passenger,NA,Scarborough-Rouge Park (25),43 Division,West Hill,false,false,false,false,false,false,true,false,false,false,"{""coordinates"": [[-79.18619176462637, 43.76833540601888]], ""type"": ""MultiPoint""}"
14604,2018:8000986648,2018-05-31T20:54:00,LAWRENCE AVE E,MORNINGSIDE AVE,,4,Non-Fatal Injury,Intersection-Related,No Control,Pedestrian Collision(internal code),Clear,Daylight,Wet,Minor Arterial,false,-79.18619176462637,43.76833540601888,1,,North,2,39,Major,Use Unknown,,,Crossing - no traffic control,Had Been Drinking,,Driver hits pedestrian at midblock,,,,pedestrian,NA,Scarborough-Rouge Park (25),43 Division,West Hill,false,false,false,false,false,false,true,false,false,false,"{""coordinates"": [[-79.18619176462637, 43.76833540601888]], ""type"": ""MultiPoint""}"
14605,2018:8000986648,2018-05-31T20:54:00,LAWRENCE AVE E,MORNINGSIDE AVE,,4,Non-Fatal Injury,Intersection-Related,No Control,Pedestrian Collision(internal code),Clear,Daylight,Wet,Minor Arterial,false,-79.18619176462637,43.76833540601888,1,Automobile or Station Wagon,East,1,39,None,Lap and Shoulder Belt,Driving properly,Normal,,,Going Ahead,,,,,driver,NA,Scarborough-Rouge Park (25),43 Division,West Hill,false,false,false,false,false,false,true,false,false,false,"{""coordinates"": [[-79.18619176462637, 43.76833540601888]], ""type"": ""MultiPoint""}"
14606,2018:8000986648,2018-05-31T20:54:00,LAWRENCE AVE E,MORNINGSIDE AVE,,4,Non-Fatal Injury,Intersection-Related,No Control,Pedestrian Collision(internal code),Clear,Daylight,Wet,Minor Arterial,false,-79.18619176462637,43.76833540601888,1,,,3,42,None,Lap and Shoulder Belt,,,,,,,,,,passenger,NA,Scarborough-Rouge Park (25),43 Division,West Hill,false,false,false,false,false,false,true,false,false,false,"{""coordinates"": [[-79.18619176462637, 43.76833540601888]], ""type"": ""MultiPoint""}"
14607,2018:8001000021,2018-06-02T18:45:00,BADEN ST,LAKEVIEW AVE,8 m East of,2,Non-Fatal Injury,Intersection-Related,Stop Sign,Pedestrian Collision(internal code),Clear,Daylight,Dry,Local,false,-79.42285614106665,43.64958037401306,1,Automobile or Station Wagon,West,1,56,None,Lap and Shoulder Belt,Failed to yield right-of-way,Inattentive,,,Going Ahead,,,,,driver,NA,Davenport (9),14 Division,Trinity-Bellwoods,true,true,false,false,false,false,true,false,false,false,"{""coordinates"": [[-79.42285614106665, 43.64958037401306]], ""type"": ""MultiPoint""}"
14608,2018:8001000021,2018-06-02T18:45:00,BADEN ST,LAKEVIEW AVE,8 m East of,2,Non-Fatal Injury,Intersection-Related,Stop Sign,Pedestrian Collision(internal code),Clear,Daylight,Dry,Local,false,-79.42285614106665,43.64958037401306,1,,South,2,3,Major,Use Unknown,,,Playing or working on highway,Normal,,Driver going straight hits pedestrian crossing with right-of-way (at intersection),,,,pedestrian,NA,Davenport (9),14 Division,Trinity-Bellwoods,true,true,false,false,false,false,true,false,false,false,"{""coordinates"": [[-79.42285614106665, 43.64958037401306]], ""type"": ""MultiPoint""}"
14609,2018:8001000138,2018-06-02T19:03:00,LAKE SHORE BLVD W,BRITISH COLUMBIA RD,,4,Fatal Injury,Non-Intersection,No Control,Approaching Head On,Clear,Daylight,Dry,Major Arterial,false,-79.42715899535014,43.63051425377367,0,Motorcycle,East,1,50,Fatal,,Driving properly,Normal,,,Going Ahead,,,,,motorcyclist,28,Spadina-Fort York (10),14 Division,Fort York-Liberty Village,false,true,false,true,false,false,false,false,false,false,"{""coordinates"": [[-79.42715899535014, 43.63051425377367]], ""type"": ""MultiPoint""}"
14610,2018:8001000138,2018-06-02T19:03:00,LAKE SHORE BLVD W,BRITISH COLUMBIA RD,,4,Fatal Injury,Non-Intersection,No Control,Approaching Head On,Clear,Daylight,Dry,Major Arterial,false,-79.42715899535014,43.63051425377367,0,Automobile or Station Wagon,West,3,58,None,,Lost control,Inattentive,,,Going Ahead,,,,,driver,NA,Spadina-Fort York (10),14 Division,Fort York-Liberty Village,false,true,false,true,false,false,false,false,false,false,"{""coordinates"": [[-79.42715899535014, 43.63051425377367]], ""type"": ""MultiPoint""}"
14611,2018:8001000138,2018-06-02T19:03:00,LAKE SHORE BLVD W,BRITISH COLUMBIA RD,,4,Fatal Injury,Non-Intersection,No Control,Approaching Head On,Clear,Daylight,Dry,Major Arterial,false,-79.42715899535014,43.63051425377367,0,Automobile or Station Wagon,East,2,33,,,Driving properly,Normal,,,Going Ahead,,,,,driver,NA,Spadina-Fort York (10),14 Division,Fort York-Liberty Village,false,true,false,true,false,false,false,false,false,false,"{""coordinates"": [[-79.42715899535014, 43.63051425377367]], ""type"": ""MultiPoint""}"
14612,2018:8001000138,2018-06-02T19:03:00,LAKE SHORE BLVD W,BRITISH COLUMBIA RD,,4,Fatal Injury,Non-Intersection,No Control,Approaching Head On,Clear,Daylight,Dry,Major Arterial,false,-79.42715899535014,43.63051425377367,0,Automobile or Station Wagon,East,4,33,,,Driving properly,Normal,,,Going Ahead,,,,,driver,NA,Spadina-Fort York (10),14 Division,Fort York-Liberty Village,false,true,false,true,false,false,false,false,false,false,"{""coordinates"": [[-79.42715899535014, 43.63051425377367]], ""type"": ""MultiPoint""}"
14613,2018:8001004322,2018-06-03T12:35:00,SHEPPARD AVE E,GATEFORTH DR,49 m West of,3,Non-Fatal Injury,Non-Intersection,No Control,Rear End,Clear,Daylight,Dry,Major Arterial,false,-79.23110605129247,43.79533969789637,1,Motorcycle,West,1,23,Major,Helmet,Other,Inattentive,,,Going Ahead,,,,,motorcyclist,NA,Scarborough North (23),42 Division,Malvern East,false,true,false,true,false,false,false,false,false,false,"{""coordinates"": [[-79.23110605129247, 43.79533969789637]], ""type"": ""MultiPoint""}"
14614,2018:8001004322,2018-06-03T12:35:00,SHEPPARD AVE E,GATEFORTH DR,49 m West of,3,Non-Fatal Injury,Non-Intersection,No Control,Rear End,Clear,Daylight,Dry,Major Arterial,false,-79.23110605129247,43.79533969789637,2,,,3,57,None,Lap and Shoulder Belt,,,,,,,,,,passenger,NA,Scarborough North (23),42 Division,Malvern East,false,true,false,true,false,false,false,false,false,false,"{""coordinates"": [[-79.23110605129247, 43.79533969789637]], ""type"": ""MultiPoint""}"
14615,2018:8001004322,2018-06-03T12:35:00,SHEPPARD AVE E,GATEFORTH DR,49 m West of,3,Non-Fatal Injury,Non-Intersection,No Control,Rear End,Clear,Daylight,Dry,Major Arterial,false,-79.23110605129247,43.79533969789637,2,Automobile or Station Wagon,West,2,54,None,Lap and Shoulder Belt,Driving properly,Normal,,,Going Ahead,,,,,driver,NA,Scarborough North (23),42 Division,Malvern East,false,true,false,true,false,false,false,false,false,false,"{""coordinates"": [[-79.23110605129247, 43.79533969789637]], ""type"": ""MultiPoint""}"
14616,2018:8001005899,2018-06-03T17:30:00,YONGE ST,FRANKLIN AVE,10 m East of,1,Non-Fatal Injury,Intersection-Related,No Control,SMV Other,Clear,Daylight,Dry,Major Arterial,false,-79.4095960600235,43.75641473682524,1,Automobile or Station Wagon,North,1,85,Major,Lap and Shoulder Belt,Other,Medical or Physical Disability,,,Going Ahead,,,,,driver,NA,Willowdale (18),32 Division,Avondale,false,false,false,false,false,true,false,false,false,false,"{""coordinates"": [[-79.4095960600235, 43.75641473682524]], ""type"": ""MultiPoint""}"
14617,2018:8001007364,2018-06-03T22:38:00,DANFORTH AVE,GLEDHILL AVE,,3,Non-Fatal Injury,At Intersection,Traffic Signal,Pedestrian Collision(internal code),Clear,Dark,Dry,Major Arterial,false,-79.30852939128651,43.686571322033586,1,,East,3,66,Major,Use Unknown,,,Crossing with right-of-way (intersection),Had Been Drinking,,Driver turns right into pedestrian crossing with right-of-way (at intersection),,,,pedestrian,NA,Beaches-East York (19),55 Division,East End-Danforth,false,true,false,false,false,true,true,false,false,false,"{""coordinates"": [[-79.30852939128651, 43.686571322033586]], ""type"": ""MultiPoint""}"
14618,2018:8001007364,2018-06-03T22:38:00,DANFORTH AVE,GLEDHILL AVE,,3,Non-Fatal Injury,At Intersection,Traffic Signal,Pedestrian Collision(internal code),Clear,Dark,Dry,Major Arterial,false,-79.30852939128651,43.686571322033586,1,,,2,23,None,Lap and Shoulder Belt,,,,,,,,,,passenger,NA,Beaches-East York (19),55 Division,East End-Danforth,false,true,false,false,false,true,true,false,false,false,"{""coordinates"": [[-79.30852939128651, 43.686571322033586]], ""type"": ""MultiPoint""}"
14619,2018:8001007364,2018-06-03T22:38:00,DANFORTH AVE,GLEDHILL AVE,,3,Non-Fatal Injury,At Intersection,Traffic Signal,Pedestrian Collision(internal code),Clear,Dark,Dry,Major Arterial,false,-79.30852939128651,43.686571322033586,1,Automobile or Station Wagon,South,1,30,None,Lap and Shoulder Belt,Improper turn,Inattentive,,,Turning Right,,,,,driver,NA,Beaches-East York (19),55 Division,East End-Danforth,false,true,false,false,false,true,true,false,false,false,"{""coordinates"": [[-79.30852939128651, 43.686571322033586]], ""type"": ""MultiPoint""}"
14620,2018:8001028038,2018-06-06T22:57:00,KINGSTON RD,RIDGEMOOR AVE,44 m West of,2,Non-Fatal Injury,Non-Intersection,Traffic Controller,Rear End,Clear,Daylight with Artificial Lighting,Dry,Major Arterial,false,-79.25153005633935,43.70583165050311,1,Automobile or Station Wagon,East,1,49,None,Lap and Shoulder Belt,Improper lane change,Normal,,,Changing Lanes,,,,,driver,NA,Scarborough Southwest (20),41 Division,Birchcliffe-Cliffside,false,false,false,true,false,false,false,false,false,false,"{""coordinates"": [[-79.25153005633935, 43.70583165050311]], ""type"": ""MultiPoint""}"
14621,2018:8001028038,2018-06-06T22:57:00,KINGSTON RD,RIDGEMOOR AVE,44 m West of,2,Non-Fatal Injury,Non-Intersection,Traffic Controller,Rear End,Clear,Daylight with Artificial Lighting,Dry,Major Arterial,false,-79.25153005633935,43.70583165050311,2,Motorcycle,East,2,34,Major,Helmet,Driving properly,Normal,,,Going Ahead,,,,,motorcyclist,NA,Scarborough Southwest (20),41 Division,Birchcliffe-Cliffside,false,false,false,true,false,false,false,false,false,false,"{""coordinates"": [[-79.25153005633935, 43.70583165050311]], ""type"": ""MultiPoint""}"
14622,2018:8001034649,2018-06-07T21:28:00,BLACKTHORN AVE,ST CLAIR AVE W,33 m North of,2,Non-Fatal Injury,Non-Intersection,No Control,Cyclist Collision,Clear,Dark with Artificial Lighting,Dry,Local,false,-79.458790616182,43.67473071642057,1,Pickup Truck,South,1,50,Minor,Lap and Shoulder Belt,Other,Normal,,,Turning Left,,,,,driver,NA,Davenport (9),12 Division,Weston-Pelham Park,false,false,true,false,false,false,false,false,false,false,"{""coordinates"": [[-79.458790616182, 43.67473071642057]], ""type"": ""MultiPoint""}"
14623,2018:8001034649,2018-06-07T21:28:00,BLACKTHORN AVE,ST CLAIR AVE W,33 m North of,2,Non-Fatal Injury,Non-Intersection,No Control,Cyclist Collision,Clear,Dark with Artificial Lighting,Dry,Local,false,-79.458790616182,43.67473071642057,2,Bicycle,North,2,55,Major,No Equipment Available,,,,,Going Ahead,,Driver turns left into path of cyclist,Other,Unknown,cyclist,NA,Davenport (9),12 Division,Weston-Pelham Park,false,false,true,false,false,false,false,false,false,false,"{""coordinates"": [[-79.458790616182, 43.67473071642057]], ""type"": ""MultiPoint""}"
14624,2018:8001058392,2018-06-11T15:00:00,DUFFERIN ST,BRIAR HILL AVE,,2,Fatal Injury,Intersection-Related,Traffic Signal,Pedestrian Collision(internal code),Clear,Daylight,Dry,Major Arterial,true,-79.45207592252964,43.70228026443037,0,Pickup Truck,Unknown,2,27,None,,Disobeyed traffic control,Unknown,,,Unknown,,,,,driver,NA,Eglinton-Lawrence (8),13 Division,Briar Hill-Belgravia,true,false,false,false,false,false,true,true,false,false,"{""coordinates"": [[-79.45207592252964, 43.70228026443037]], ""type"": ""MultiPoint""}"
14625,2018:8001058392,2018-06-11T15:00:00,DUFFERIN ST,BRIAR HILL AVE,,2,Fatal Injury,Intersection-Related,Traffic Signal,Pedestrian Collision(internal code),Clear,Daylight,Dry,Major Arterial,true,-79.45207592252964,43.70228026443037,0,,North,1,50,Fatal,,,,Crossing with right-of-way (intersection),,,Unknown,,,,pedestrian,31,Eglinton-Lawrence (8),13 Division,Briar Hill-Belgravia,true,false,false,false,false,false,true,true,false,false,"{""coordinates"": [[-79.45207592252964, 43.70228026443037]], ""type"": ""MultiPoint""}"
14626,2018:8001058650,2018-06-11T15:37:00,MCROBERTS AVE,INNES AVE,,2,Non-Fatal Injury,At Intersection,Stop Sign,Pedestrian Collision(internal code),Clear,Daylight,Dry,Local,false,-79.45585328251777,43.681242397890806,1,Automobile or Station Wagon,East,1,80,None,Lap and Shoulder Belt,Improper turn,Normal,,,Turning Left,,,,,driver,NA,Davenport (9),13 Division,Corso Italia-Davenport,false,false,false,false,false,true,true,false,false,false,"{""coordinates"": [[-79.45585328251777, 43.681242397890806]], ""type"": ""MultiPoint""}"
14627,2018:8001058650,2018-06-11T15:37:00,MCROBERTS AVE,INNES AVE,,2,Non-Fatal Injury,At Intersection,Stop Sign,Pedestrian Collision(internal code),Clear,Daylight,Dry,Local,false,-79.45585328251777,43.681242397890806,1,,West,2,85,Major,No Equipment Available,,,Crossing with right-of-way (intersection),Normal,,Driver turns left into pedestrian crossing with right-of-way (at intersection),,,,pedestrian,NA,Davenport (9),13 Division,Corso Italia-Davenport,false,false,false,false,false,true,true,false,false,false,"{""coordinates"": [[-79.45585328251777, 43.681242397890806]], ""type"": ""MultiPoint""}"
14628,2018:8001059223,2018-06-11T17:00:00,ROYAL YORK RD,DARTMOUTH CRES,,2,Non-Fatal Injury,Non-Intersection,No Control,Cyclist Collision,Clear,Daylight,Dry,Minor Arterial,true,-79.49387076498594,43.60538723272937,1,Motorcycle,South,1,NA,None,Use Unknown,Failed to yield right-of-way,Unknown,,,Going Ahead,,,,,motorcyclist,NA,Etobicoke-Lakeshore (3),22 Division,Mimico-Queensway,true,false,true,true,false,false,false,false,false,false,"{""coordinates"": [[-79.49387076498594, 43.60538723272937]], ""type"": ""MultiPoint""}"
14629,2018:8001059223,2018-06-11T17:00:00,ROYAL YORK RD,DARTMOUTH CRES,,2,Non-Fatal Injury,Non-Intersection,No Control,Cyclist Collision,Clear,Daylight,Dry,Minor Arterial,true,-79.49387076498594,43.60538723272937,2,Bicycle,South,2,25,Major,Equipment Not Used But Available,,,,,Going Ahead,,Rear end with cyclist and driver travelling in same direction,Driving Properly,Normal,cyclist,NA,Etobicoke-Lakeshore (3),22 Division,Mimico-Queensway,true,false,true,true,false,false,false,false,false,false,"{""coordinates"": [[-79.49387076498594, 43.60538723272937]], ""type"": ""MultiPoint""}"
14630,2018:8001064286,2018-06-12T12:04:00,ST GEORGE ST,BLOOR ST W,,2,Fatal Injury,At Intersection,Traffic Signal,Cyclist Collision,Clear,Daylight,Dry,Major Arterial,false,-79.39979988237438,43.667444202358965,0,Truck - Open (Flatbed),North,1,66,None,,Other,Normal,,,Turning Right,,,,,driver,NA,University-Rosedale (11),52 Division,University,false,false,true,false,false,true,false,false,false,true,"{""coordinates"": [[-79.39979988237438, 43.667444202358965]], ""type"": ""MultiPoint""}"
14631,2018:8001064286,2018-06-12T12:04:00,ST GEORGE ST,BLOOR ST W,,2,Fatal Injury,At Intersection,Traffic Signal,Cyclist Collision,Clear,Daylight,Dry,Major Arterial,false,-79.39979988237438,43.667444202358965,0,Bicycle,South,2,58,Fatal,,,,,,Going Ahead,,Driver turns right on green or amber at signalized intersection and hits cyclist,Other,Unknown,cyclist,32,University-Rosedale (11),52 Division,University,false,false,true,false,false,true,false,false,false,true,"{""coordinates"": [[-79.39979988237438, 43.667444202358965]], ""type"": ""MultiPoint""}"
14632,2018:8001067265,2018-06-12T19:45:00,LAWRENCE AVE E,GALLOWAY RD,87 m East of,2,Non-Fatal Injury,Non-Intersection,No Control,Pedestrian Collision(internal code),Clear,Daylight,Dry,Major Arterial,false,-79.19559119312807,43.76626021965754,1,Automobile or Station Wagon,East,1,74,Major,Lap and Shoulder Belt,Driving properly,Ability Impaired - Drugs,,,Going Ahead,,,,,driver,NA,Scarborough-Guildwood (24),43 Division,West Hill,false,false,false,false,false,true,true,false,false,false,"{""coordinates"": [[-79.19559119312807, 43.76626021965754]], ""type"": ""MultiPoint""}"
14633,2018:8001067265,2018-06-12T19:45:00,LAWRENCE AVE E,GALLOWAY RD,87 m East of,2,Non-Fatal Injury,Non-Intersection,No Control,Pedestrian Collision(internal code),Clear,Daylight,Dry,Major Arterial,false,-79.19559119312807,43.76626021965754,1,,North,2,31,Minor,Use Unknown,,,Crossing - no traffic control,Normal,,Driver hits pedestrian at midblock,,,,pedestrian,NA,Scarborough-Guildwood (24),43 Division,West Hill,false,false,false,false,false,true,true,false,false,false,"{""coordinates"": [[-79.19559119312807, 43.76626021965754]], ""type"": ""MultiPoint""}"
14634,2018:8001071783,2018-06-13T12:41:00,CRESCENT RD,MOUNT PLEASANT RD,2 m East of,2,Non-Fatal Injury,Overpass or Bridge,No Control,Other,Clear,Daylight,Dry,Major Arterial,false,-79.38055082925933,43.678217172280434,1,Municipal Transit Bus (TTC),East,1,46,None,Use Unknown,Driving properly,Normal,,,Going Ahead,,,,,driver,NA,University-Rosedale (11),53 Division,Rosedale-Moore Park,false,false,false,false,false,true,false,false,false,true,"{""coordinates"": [[-79.38055082925933, 43.67821717228043]], ""type"": ""MultiPoint""}"
14635,2018:8001071783,2018-06-13T12:41:00,CRESCENT RD,MOUNT PLEASANT RD,2 m East of,2,Non-Fatal Injury,Overpass or Bridge,No Control,Other,Clear,Daylight,Dry,Major Arterial,false,-79.38055082925933,43.678217172280434,1,,,2,88,Major,Use Unknown,,,,,,,,,,passenger,NA,University-Rosedale (11),53 Division,Rosedale-Moore Park,false,false,false,false,false,true,false,false,false,true,"{""coordinates"": [[-79.38055082925933, 43.67821717228043]], ""type"": ""MultiPoint""}"
14636,2018:8001076637,2018-06-14T01:54:00,430 ROYAL YORK RD,,25 m South of,2,Non-Fatal Injury,Intersection-Related,No Control,Pedestrian Collision(internal code),Clear,Dark with Artificial Lighting,Dry,Minor Arterial,false,-79.50023366500542,43.62065746831224,1,Municipal Transit Bus (TTC),South,1,56,None,Lap and Shoulder Belt,Driving properly,Normal,,,Going Ahead,,,,,driver,NA,Etobicoke-Lakeshore (3),22 Division,Mimico-Queensway,false,false,false,false,false,false,true,false,false,true,"{""coordinates"": [[-79.50023366500542, 43.62065746831224]], ""type"": ""MultiPoint""}"
14637,2018:8001076637,2018-06-14T01:54:00,430 ROYAL YORK RD,,25 m South of,2,Non-Fatal Injury,Intersection-Related,No Control,Pedestrian Collision(internal code),Clear,Dark with Artificial Lighting,Dry,Minor Arterial,false,-79.50023366500542,43.62065746831224,1,,Unknown,2,24,Major,No Equipment Available,,,Other,Had Been Drinking,,Transit vehicle driver hits pedestrian anywhere along roadway,,,,pedestrian,NA,Etobicoke-Lakeshore (3),22 Division,Mimico-Queensway,false,false,false,false,false,false,true,false,false,true,"{""coordinates"": [[-79.50023366500542, 43.62065746831224]], ""type"": ""MultiPoint""}"
14638,2018:8001077165,2018-06-14T05:58:00,ST CLAIR AVE E,DANFORTH RD,,2,Fatal Injury,At Intersection,Traffic Signal,Turning Movement,Clear,Daylight,Dry,Major Arterial,true,-79.25988355635552,43.71677200381159,0,Automobile or Station Wagon,East,2,NA,None,,Failed to yield right-of-way,Unknown,,,Turning Left,,,,,driver,NA,Scarborough Southwest (20),41 Division,Clairlea-Birchmount,true,false,false,true,false,false,false,false,false,false,"{""coordinates"": [[-79.25988355635552, 43.71677200381159]], ""type"": ""MultiPoint""}"
14639,2018:8001077165,2018-06-14T05:58:00,ST CLAIR AVE E,DANFORTH RD,,2,Fatal Injury,At Intersection,Traffic Signal,Turning Movement,Clear,Daylight,Dry,Major Arterial,true,-79.25988355635552,43.71677200381159,0,Motorcycle,West,1,55,Fatal,,Driving properly,Unknown,,,Going Ahead,,,,,motorcyclist,33,Scarborough Southwest (20),41 Division,Clairlea-Birchmount,true,false,false,true,false,false,false,false,false,false,"{""coordinates"": [[-79.25988355635552, 43.71677200381159]], ""type"": ""MultiPoint""}"
14640,2018:8001078053,2018-06-14T09:05:00,CAMERON AVE,YONGE ST,,2,Non-Fatal Injury,At Intersection,Stop Sign,Pedestrian Collision(internal code),Clear,Daylight,Dry,Major Arterial,false,-79.4098402000958,43.75726541453729,1,Automobile or Station Wagon,East,2,53,None,Lap and Shoulder Belt,Failed to yield right-of-way,Normal,,,Turning Right,,,,,driver,NA,Willowdale (18),32 Division,Avondale,true,false,false,false,false,false,true,false,false,false,"{""coordinates"": [[-79.4098402000958, 43.75726541453729]], ""type"": ""MultiPoint""}"
14641,2018:8001078053,2018-06-14T09:05:00,CAMERON AVE,YONGE ST,,2,Non-Fatal Injury,At Intersection,Stop Sign,Pedestrian Collision(internal code),Clear,Daylight,Dry,Major Arterial,false,-79.4098402000958,43.75726541453729,1,,Unknown,1,46,Major,Use Unknown,,,Crossing with right-of-way (intersection),Normal,,Driver turns right into pedestrian crossing with right-of-way (at intersection),,,,pedestrian,NA,Willowdale (18),32 Division,Avondale,true,false,false,false,false,false,true,false,false,false,"{""coordinates"": [[-79.4098402000958, 43.75726541453729]], ""type"": ""MultiPoint""}"