X_id,collision_id,accdate,stname1,stname2,stname3,per_inv,acclass,accloc,traffictl,impactype,visible,light,rdsfcond,road_class,failtorem,longitude,latitude,veh_no,vehtype,initdir,per_no,invage,injury,safequip,drivact,drivcond,pedact,pedcond,manoeuvre,pedtype,cyclistype,cycact,cyccond,road_user,fatal_no,wardname,division,neighbourhood,aggressive,distracted,cyclist,motorcyclist,other_micromobility,older_adult,pedestrian,red_light,school_child,heavy_truck,geometry
14840,2018:8001529236,2018-08-19T04:59:00,DANFORTH AVE,ROSEHEATH AVE,,6,Non-Fatal Injury,At Intersection,No Control,Turning Movement,Clear,Dark with Artificial Lighting,Dry,Major Arterial,false,-79.3181882255941,43.684450363981135,1,,,3,27,None,Lap and Shoulder Belt,,,,,,,,,,passenger,NA,Beaches-East York (19),55 Division,Woodbine Corridor,false,false,false,false,false,false,false,false,false,false,"{""coordinates"": [[-79.3181882255941, 43.684450363981135]], ""type"": ""MultiPoint""}"
14841,2018:8001529236,2018-08-19T04:59:00,DANFORTH AVE,ROSEHEATH AVE,,6,Non-Fatal Injury,At Intersection,No Control,Turning Movement,Clear,Dark with Artificial Lighting,Dry,Major Arterial,false,-79.3181882255941,43.684450363981135,2,,,4,31,Minor,Lap and Shoulder Belt,,,,,,,,,,passenger,NA,Beaches-East York (19),55 Division,Woodbine Corridor,false,false,false,false,false,false,false,false,false,false,"{""coordinates"": [[-79.3181882255941, 43.684450363981135]], ""type"": ""MultiPoint""}"
14842,2018:8001529236,2018-08-19T04:59:00,DANFORTH AVE,ROSEHEATH AVE,,6,Non-Fatal Injury,At Intersection,No Control,Turning Movement,Clear,Dark with Artificial Lighting,Dry,Major Arterial,false,-79.3181882255941,43.684450363981135,1,Automobile or Station Wagon,East,1,32,None,Lap and Shoulder Belt,Other,Normal,,,Making U-Turn,,,,,driver,NA,Beaches-East York (19),55 Division,Woodbine Corridor,false,false,false,false,false,false,false,false,false,false,"{""coordinates"": [[-79.3181882255941, 43.684450363981135]], ""type"": ""MultiPoint""}"
14843,2018:8001529236,2018-08-19T04:59:00,DANFORTH AVE,ROSEHEATH AVE,,6,Non-Fatal Injury,At Intersection,No Control,Turning Movement,Clear,Dark with Artificial Lighting,Dry,Major Arterial,false,-79.3181882255941,43.684450363981135,2,,,6,26,Major,Lap and Shoulder Belt,,,,,,,,,,passenger,NA,Beaches-East York (19),55 Division,Woodbine Corridor,false,false,false,false,false,false,false,false,false,false,"{""coordinates"": [[-79.3181882255941, 43.684450363981135]], ""type"": ""MultiPoint""}"
14844,2018:8001529236,2018-08-19T04:59:00,DANFORTH AVE,ROSEHEATH AVE,,6,Non-Fatal Injury,At Intersection,No Control,Turning Movement,Clear,Dark with Artificial Lighting,Dry,Major Arterial,false,-79.3181882255941,43.684450363981135,2,,,5,24,Minor,Lap and Shoulder Belt,,,,,,,,,,passenger,NA,Beaches-East York (19),55 Division,Woodbine Corridor,false,false,false,false,false,false,false,false,false,false,"{""coordinates"": [[-79.3181882255941, 43.684450363981135]], ""type"": ""MultiPoint""}"
14845,2018:8001529236,2018-08-19T04:59:00,DANFORTH AVE,ROSEHEATH AVE,,6,Non-Fatal Injury,At Intersection,No Control,Turning Movement,Clear,Dark with Artificial Lighting,Dry,Major Arterial,false,-79.3181882255941,43.684450363981135,2,Automobile or Station Wagon,East,2,38,Minor,Lap and Shoulder Belt,Driving properly,Normal,,,Going Ahead,,,,,driver,NA,Beaches-East York (19),55 Division,Woodbine Corridor,false,false,false,false,false,false,false,false,false,false,"{""coordinates"": [[-79.3181882255941, 43.684450363981135]], ""type"": ""MultiPoint""}"
14846,2018:8001531985,2018-08-19T15:43:00,DUNDAS ST W,AUGUSTA AVE,,4,Non-Fatal Injury,Intersection-Related,No Control,Cyclist Collision,Clear,Daylight,Dry,Major Arterial,false,-79.40110469056943,43.652201038056205,2,Bicycle,East,2,67,Minor,Lap and Shoulder Belt,,,,,Going Ahead,,Sideswipe with cyclist and driver travelling in same direction,Driving Properly,Normal,cyclist,NA,Spadina-Fort York (10),14 Division,Kensington-Chinatown,false,false,true,false,false,true,false,false,false,false,"{""coordinates"": [[-79.40110469056943, 43.652201038056205]], ""type"": ""MultiPoint""}"
14847,2018:8001531985,2018-08-19T15:43:00,DUNDAS ST W,AUGUSTA AVE,,4,Non-Fatal Injury,Intersection-Related,No Control,Cyclist Collision,Clear,Daylight,Dry,Major Arterial,false,-79.40110469056943,43.652201038056205,2,,,4,61,Major,No Equipment Available,,,,,,,,,,cyclist,NA,Spadina-Fort York (10),14 Division,Kensington-Chinatown,false,false,true,false,false,true,false,false,false,false,"{""coordinates"": [[-79.40110469056943, 43.652201038056205]], ""type"": ""MultiPoint""}"
14848,2018:8001531985,2018-08-19T15:43:00,DUNDAS ST W,AUGUSTA AVE,,4,Non-Fatal Injury,Intersection-Related,No Control,Cyclist Collision,Clear,Daylight,Dry,Major Arterial,false,-79.40110469056943,43.652201038056205,1,Automobile or Station Wagon,East,1,22,None,Lap and Shoulder Belt,Improper lane change,Normal,,,Changing Lanes,,,,,driver,NA,Spadina-Fort York (10),14 Division,Kensington-Chinatown,false,false,true,false,false,true,false,false,false,false,"{""coordinates"": [[-79.40110469056943, 43.652201038056205]], ""type"": ""MultiPoint""}"
14849,2018:8001531985,2018-08-19T15:43:00,DUNDAS ST W,AUGUSTA AVE,,4,Non-Fatal Injury,Intersection-Related,No Control,Cyclist Collision,Clear,Daylight,Dry,Major Arterial,false,-79.40110469056943,43.652201038056205,1,,,3,22,None,Lap and Shoulder Belt,,,,,,,,,,passenger,NA,Spadina-Fort York (10),14 Division,Kensington-Chinatown,false,false,true,false,false,true,false,false,false,false,"{""coordinates"": [[-79.40110469056943, 43.652201038056205]], ""type"": ""MultiPoint""}"
14850,2018:8001538973,2018-08-20T16:16:00,THE WESTWAY,WINCOTT DR,,5,Non-Fatal Injury,At Intersection,Traffic Signal,Angle,Clear,Daylight,Dry,Minor Arterial,false,-79.54973311748809,43.68731551388826,2,Automobile or Station Wagon,South,3,58,Major,Lap and Shoulder Belt,Driving properly,Normal,,,Going Ahead,,,,,driver,NA,Etobicoke Centre (2),23 Division,Willowridge-Martingrove-Richview,true,false,false,false,false,false,false,true,false,true,"{""coordinates"": [[-79.54973311748809, 43.68731551388826]], ""type"": ""MultiPoint""}"
14851,2018:8001538973,2018-08-20T16:16:00,THE WESTWAY,WINCOTT DR,,5,Non-Fatal Injury,At Intersection,Traffic Signal,Angle,Clear,Daylight,Dry,Minor Arterial,false,-79.54973311748809,43.68731551388826,3,,,1,48,None,No Equipment Available,,,,,,,,,,passenger,NA,Etobicoke Centre (2),23 Division,Willowridge-Martingrove-Richview,true,false,false,false,false,false,false,true,false,true,"{""coordinates"": [[-79.54973311748809, 43.68731551388826]], ""type"": ""MultiPoint""}"
14852,2018:8001538973,2018-08-20T16:16:00,THE WESTWAY,WINCOTT DR,,5,Non-Fatal Injury,At Intersection,Traffic Signal,Angle,Clear,Daylight,Dry,Minor Arterial,false,-79.54973311748809,43.68731551388826,2,,,5,27,Minor,Lap and Shoulder Belt,,,,,,,,,,passenger,NA,Etobicoke Centre (2),23 Division,Willowridge-Martingrove-Richview,true,false,false,false,false,false,false,true,false,true,"{""coordinates"": [[-79.54973311748809, 43.68731551388826]], ""type"": ""MultiPoint""}"
14853,2018:8001538973,2018-08-20T16:16:00,THE WESTWAY,WINCOTT DR,,5,Non-Fatal Injury,At Intersection,Traffic Signal,Angle,Clear,Daylight,Dry,Minor Arterial,false,-79.54973311748809,43.68731551388826,1,Automobile or Station Wagon,West,2,29,Minor,Lap and Shoulder Belt,Disobeyed traffic control,Unknown,,,Going Ahead,,,,,driver,NA,Etobicoke Centre (2),23 Division,Willowridge-Martingrove-Richview,true,false,false,false,false,false,false,true,false,true,"{""coordinates"": [[-79.54973311748809, 43.68731551388826]], ""type"": ""MultiPoint""}"
14854,2018:8001538973,2018-08-20T16:16:00,THE WESTWAY,WINCOTT DR,,5,Non-Fatal Injury,At Intersection,Traffic Signal,Angle,Clear,Daylight,Dry,Minor Arterial,false,-79.54973311748809,43.68731551388826,3,Municipal Transit Bus (TTC),East,4,49,None,Lap Belt Only,Driving properly,Normal,,,Stopped,,,,,driver,NA,Etobicoke Centre (2),23 Division,Willowridge-Martingrove-Richview,true,false,false,false,false,false,false,true,false,true,"{""coordinates"": [[-79.54973311748809, 43.68731551388826]], ""type"": ""MultiPoint""}"
14855,2018:8001540104,2018-08-20T19:18:00,O CONNOR DR,WOODMOUNT AVE,,2,Non-Fatal Injury,Intersection-Related,No Control,Pedestrian Collision(internal code),Clear,Daylight,Dry,Major Arterial,false,-79.32135440984673,43.69941160995314,1,,West,2,88,Major,Use Unknown,,,Other,Normal,,Driver hits pedestrian on sidewalk or shoulder,,,,pedestrian,NA,Beaches-East York (19),55 Division,Old East York,false,false,false,false,false,true,true,false,false,true,"{""coordinates"": [[-79.32135440984673, 43.69941160995314]], ""type"": ""MultiPoint""}"
14856,2018:8001540104,2018-08-20T19:18:00,O CONNOR DR,WOODMOUNT AVE,,2,Non-Fatal Injury,Intersection-Related,No Control,Pedestrian Collision(internal code),Clear,Daylight,Dry,Major Arterial,false,-79.32135440984673,43.69941160995314,1,Municipal Transit Bus (TTC),East,1,58,None,Lap and Shoulder Belt,Driving properly,Normal,,,Going Ahead,,,,,driver,NA,Beaches-East York (19),55 Division,Old East York,false,false,false,false,false,true,true,false,false,true,"{""coordinates"": [[-79.32135440984673, 43.69941160995314]], ""type"": ""MultiPoint""}"
14857,2018:8001542376,2018-08-21T06:30:00,KEELE STREET,STEELES AVENUE WEST,,2,Non-Fatal Injury,At Intersection,Traffic Signal,Pedestrian Collision(internal code),Clear,Dawn with Artificial Lighting,Dry,Major Arterial,true,-79.49447287261017,43.78156829138925,1,,Unknown,2,36,Major,Use Unknown,,,,Normal,,,,,,pedestrian,NA,,,York University Heights,true,false,false,false,false,false,true,false,false,false,"{""coordinates"": [[-79.49447287261017, 43.78156829138925]], ""type"": ""MultiPoint""}"
14858,2018:8001542376,2018-08-21T06:30:00,KEELE STREET,STEELES AVENUE WEST,,2,Non-Fatal Injury,At Intersection,Traffic Signal,Pedestrian Collision(internal code),Clear,Dawn with Artificial Lighting,Dry,Major Arterial,true,-79.49447287261017,43.78156829138925,1,Automobile or Station Wagon,North,1,0,None,Use Unknown,Failed to yield right-of-way,Unknown,,,Turning Left,,,,,driver,NA,,,York University Heights,true,false,false,false,false,false,true,false,false,false,"{""coordinates"": [[-79.49447287261017, 43.78156829138925]], ""type"": ""MultiPoint""}"
14859,2018:8001547811,2018-08-21T23:00:00,BLOOR ST W,MADISON AVE,,3,Non-Fatal Injury,At Intersection,No Control,Turning Movement,Clear,Dark with Artificial Lighting,Dry,Major Arterial,false,-79.40266869642016,43.666830400459425,1,Automobile or Station Wagon,East,1,32,None,Lap and Shoulder Belt,Improper turn,Inattentive,,,Making U-Turn,,,,,driver,NA,University-Rosedale (11),52 Division,University,false,true,false,false,false,false,false,false,false,false,"{""coordinates"": [[-79.40266869642016, 43.666830400459425]], ""type"": ""MultiPoint""}"
14860,2018:8001547811,2018-08-21T23:00:00,BLOOR ST W,MADISON AVE,,3,Non-Fatal Injury,At Intersection,No Control,Turning Movement,Clear,Dark with Artificial Lighting,Dry,Major Arterial,false,-79.40266869642016,43.666830400459425,2,Automobile or Station Wagon,East,2,32,Major,Lap and Shoulder Belt,Driving properly,Normal,,,Going Ahead,,,,,driver,NA,University-Rosedale (11),52 Division,University,false,true,false,false,false,false,false,false,false,false,"{""coordinates"": [[-79.40266869642016, 43.666830400459425]], ""type"": ""MultiPoint""}"
14861,2018:8001547811,2018-08-21T23:00:00,BLOOR ST W,MADISON AVE,,3,Non-Fatal Injury,At Intersection,No Control,Turning Movement,Clear,Dark with Artificial Lighting,Dry,Major Arterial,false,-79.40266869642016,43.666830400459425,1,,,3,27,None,Lap and Shoulder Belt,,,,,,,,,,passenger,NA,University-Rosedale (11),52 Division,University,false,true,false,false,false,false,false,false,false,false,"{""coordinates"": [[-79.40266869642016, 43.666830400459425]], ""type"": ""MultiPoint""}"
14862,2018:8001547856,2018-08-21T23:11:00,109 DOWNSVIEW AVE,,,1,Non-Fatal Injury,Non-Intersection,No Control,SMV Other,Rain,Dark with Artificial Lighting,Wet,Local,false,-79.50026399973241,43.71999976551096,1,Automobile or Station Wagon,West,1,19,Major,Equipment Not Used But Available,Lost control,Inattentive,,,Going Ahead,,,,,driver,NA,York Centre (6),31 Division,Oakdale-Beverley Heights,false,true,false,false,false,false,false,false,true,false,"{""coordinates"": [[-79.50026399973241, 43.71999976551096]], ""type"": ""MultiPoint""}"
14863,2018:8001556477,2018-08-23T09:09:00,WARWICK AVE,CHILTERN HILL RD,25 m East of,2,Non-Fatal Injury,Non-Intersection,No Control,Rear End,Clear,Daylight,Dry,Local,true,-79.4258620536241,43.69516599613912,2,Motorcycle,East,2,40,Major,Helmet,Driving properly,Normal,,,Going Ahead,,,,,motorcyclist,NA,Toronto-St. Paul's (12),13 Division,Humewood-Cedarvale,true,false,false,true,false,false,false,false,false,false,"{""coordinates"": [[-79.4258620536241, 43.695165996139124]], ""type"": ""MultiPoint""}"
14864,2018:8001556477,2018-08-23T09:09:00,WARWICK AVE,CHILTERN HILL RD,25 m East of,2,Non-Fatal Injury,Non-Intersection,No Control,Rear End,Clear,Daylight,Dry,Local,true,-79.4258620536241,43.69516599613912,1,Automobile or Station Wagon,East,1,NA,None,Use Unknown,Failed to yield right-of-way,Unknown,,,Pulling Away from Shoulder or Curb,,,,,driver,NA,Toronto-St. Paul's (12),13 Division,Humewood-Cedarvale,true,false,false,true,false,false,false,false,false,false,"{""coordinates"": [[-79.4258620536241, 43.695165996139124]], ""type"": ""MultiPoint""}"
14865,2018:8001558608,2018-08-23T14:55:00,FIRGROVE CRES,JANE ST,13 m East of,2,Non-Fatal Injury,At Intersection,Traffic Signal,Pedestrian Collision(internal code),Clear,Daylight,Dry,Major Arterial,false,-79.51704862729413,43.75477454822735,1,,East,2,31,Major,No Equipment Available,,,Crossing with right-of-way (intersection),Normal,,Driver turns left into pedestrian crossing with right-of-way (at intersection),,,,pedestrian,NA,Humber River-Black Creek (7),31 Division,Glenfield-Jane Heights,true,false,false,false,false,true,true,false,false,false,"{""coordinates"": [[-79.51704862729413, 43.75477454822735]], ""type"": ""MultiPoint""}"
14866,2018:8001558608,2018-08-23T14:55:00,FIRGROVE CRES,JANE ST,13 m East of,2,Non-Fatal Injury,At Intersection,Traffic Signal,Pedestrian Collision(internal code),Clear,Daylight,Dry,Major Arterial,false,-79.51704862729413,43.75477454822735,1,Automobile or Station Wagon,East,1,70,None,Lap and Shoulder Belt,Failed to yield right-of-way,Unknown,,,Turning Left,,,,,driver,NA,Humber River-Black Creek (7),31 Division,Glenfield-Jane Heights,true,false,false,false,false,true,true,false,false,false,"{""coordinates"": [[-79.51704862729413, 43.75477454822735]], ""type"": ""MultiPoint""}"
14867,2018:8001561276,2018-08-23T22:35:00,ISLINGTON AVE,EVANS AVE,31 m West of,5,Non-Fatal Injury,At Intersection,Traffic Signal,Turning Movement,Clear,Dark with Artificial Lighting,Dry,Major Arterial,false,-79.51128867656539,43.61832288870099,1,,,3,86,Major,Lap and Shoulder Belt,,,,,,,,,,passenger,NA,Etobicoke-Lakeshore (3),22 Division,Mimico-Queensway,false,true,false,false,false,true,false,false,false,false,"{""coordinates"": [[-79.51128867656539, 43.61832288870099]], ""type"": ""MultiPoint""}"
14868,2018:8001561276,2018-08-23T22:35:00,ISLINGTON AVE,EVANS AVE,31 m West of,5,Non-Fatal Injury,At Intersection,Traffic Signal,Turning Movement,Clear,Dark with Artificial Lighting,Dry,Major Arterial,false,-79.51128867656539,43.61832288870099,1,,,4,53,None,Lap and Shoulder Belt,,,,,,,,,,passenger,NA,Etobicoke-Lakeshore (3),22 Division,Mimico-Queensway,false,true,false,false,false,true,false,false,false,false,"{""coordinates"": [[-79.51128867656539, 43.61832288870099]], ""type"": ""MultiPoint""}"
14869,2018:8001561276,2018-08-23T22:35:00,ISLINGTON AVE,EVANS AVE,31 m West of,5,Non-Fatal Injury,At Intersection,Traffic Signal,Turning Movement,Clear,Dark with Artificial Lighting,Dry,Major Arterial,false,-79.51128867656539,43.61832288870099,1,Automobile or Station Wagon,South,1,57,None,Lap and Shoulder Belt,Improper turn,Inattentive,,,Making U-Turn,,,,,driver,NA,Etobicoke-Lakeshore (3),22 Division,Mimico-Queensway,false,true,false,false,false,true,false,false,false,false,"{""coordinates"": [[-79.51128867656539, 43.61832288870099]], ""type"": ""MultiPoint""}"
14870,2018:8001561276,2018-08-23T22:35:00,ISLINGTON AVE,EVANS AVE,31 m West of,5,Non-Fatal Injury,At Intersection,Traffic Signal,Turning Movement,Clear,Dark with Artificial Lighting,Dry,Major Arterial,false,-79.51128867656539,43.61832288870099,2,,,5,34,Minor,Lap and Shoulder Belt,,,,,,,,,,passenger,NA,Etobicoke-Lakeshore (3),22 Division,Mimico-Queensway,false,true,false,false,false,true,false,false,false,false,"{""coordinates"": [[-79.51128867656539, 43.61832288870099]], ""type"": ""MultiPoint""}"
14871,2018:8001561276,2018-08-23T22:35:00,ISLINGTON AVE,EVANS AVE,31 m West of,5,Non-Fatal Injury,At Intersection,Traffic Signal,Turning Movement,Clear,Dark with Artificial Lighting,Dry,Major Arterial,false,-79.51128867656539,43.61832288870099,2,Automobile or Station Wagon,North,2,38,Minimal,Lap and Shoulder Belt,Driving properly,Normal,,,Turning Left,,,,,driver,NA,Etobicoke-Lakeshore (3),22 Division,Mimico-Queensway,false,true,false,false,false,true,false,false,false,false,"{""coordinates"": [[-79.51128867656539, 43.61832288870099]], ""type"": ""MultiPoint""}"
14872,2018:8001565696,2018-08-24T15:20:00,4331 KINGSTON RD,,5 m South of,2,Non-Fatal Injury,Non-Intersection,No Control,Pedestrian Collision(internal code),Clear,Daylight,Dry,Major Arterial,false,-79.1922647735764,43.76462752543293,1,,South,2,23,Major,No Equipment Available,,,Running onto roadway,Other Condition,,Driver hits pedestrian at midblock,,,,pedestrian,NA,Scarborough-Guildwood (24),43 Division,West Hill,false,false,false,false,false,false,true,false,false,false,"{""coordinates"": [[-79.1922647735764, 43.76462752543293]], ""type"": ""MultiPoint""}"
14873,2018:8001565696,2018-08-24T15:20:00,4331 KINGSTON RD,,5 m South of,2,Non-Fatal Injury,Non-Intersection,No Control,Pedestrian Collision(internal code),Clear,Daylight,Dry,Major Arterial,false,-79.1922647735764,43.76462752543293,1,Automobile or Station Wagon,West,1,56,None,Lap and Shoulder Belt,Driving properly,Normal,,,Going Ahead,,,,,driver,NA,Scarborough-Guildwood (24),43 Division,West Hill,false,false,false,false,false,false,true,false,false,false,"{""coordinates"": [[-79.1922647735764, 43.76462752543293]], ""type"": ""MultiPoint""}"
14874,2018:8001570901,2018-08-25T11:00:00,DIXON RD,MARTIN GROVE RD,,2,Non-Fatal Injury,At Intersection,Traffic Signal,Turning Movement,Clear,Daylight,Dry,Major Arterial,false,-79.57079789493078,43.69151933270728,2,Automobile or Station Wagon,West,2,40,Major,Lap and Shoulder Belt,Driving properly,Normal,,,Going Ahead,,,,,driver,NA,Etobicoke Centre (2),23 Division,West Humber-Clairville,true,true,false,false,false,false,false,false,false,false,"{""coordinates"": [[-79.57079789493078, 43.69151933270728]], ""type"": ""MultiPoint""}"
14875,2018:8001570901,2018-08-25T11:00:00,DIXON RD,MARTIN GROVE RD,,2,Non-Fatal Injury,At Intersection,Traffic Signal,Turning Movement,Clear,Daylight,Dry,Major Arterial,false,-79.57079789493078,43.69151933270728,1,Automobile or Station Wagon,East,1,36,Minimal,Lap and Shoulder Belt,Failed to yield right-of-way,Inattentive,,,Turning Left,,,,,driver,NA,Etobicoke Centre (2),23 Division,West Humber-Clairville,true,true,false,false,false,false,false,false,false,false,"{""coordinates"": [[-79.57079789493078, 43.69151933270728]], ""type"": ""MultiPoint""}"
14876,2018:8001571012,2018-08-25T11:12:00,5825 YONGE ST,,,9,Non-Fatal Injury,At/Near Private Drive,No Control,Other,Clear,Daylight,Dry,Major Arterial,true,-79.41702706991448,43.7858069850552,1,Automobile or Station Wagon,,1,NA,,Lap and Shoulder Belt,,,,,,,,,,other,NA,Willowdale (18),32 Division,Newtonbrook East,false,false,false,false,false,true,false,false,false,true,"{""coordinates"": [[-79.41702706991448, 43.785806985055196]], ""type"": ""MultiPoint""}"
14877,2018:8001571012,2018-08-25T11:12:00,5825 YONGE ST,,,9,Non-Fatal Injury,At/Near Private Drive,No Control,Other,Clear,Daylight,Dry,Major Arterial,true,-79.41702706991448,43.7858069850552,2,,,4,3,Minor,Lap and Shoulder Belt,,,,,,,,,,passenger,NA,Willowdale (18),32 Division,Newtonbrook East,false,false,false,false,false,true,false,false,false,true,"{""coordinates"": [[-79.41702706991448, 43.785806985055196]], ""type"": ""MultiPoint""}"
14878,2018:8001571012,2018-08-25T11:12:00,5825 YONGE ST,,,9,Non-Fatal Injury,At/Near Private Drive,No Control,Other,Clear,Daylight,Dry,Major Arterial,true,-79.41702706991448,43.7858069850552,2,,,5,52,Major,Lap and Shoulder Belt,,,,,,,,,,passenger,NA,Willowdale (18),32 Division,Newtonbrook East,false,false,false,false,false,true,false,false,false,true,"{""coordinates"": [[-79.41702706991448, 43.785806985055196]], ""type"": ""MultiPoint""}"
14879,2018:8001571012,2018-08-25T11:12:00,5825 YONGE ST,,,9,Non-Fatal Injury,At/Near Private Drive,No Control,Other,Clear,Daylight,Dry,Major Arterial,true,-79.41702706991448,43.7858069850552,2,Municipal Transit Bus (TTC),North,2,27,None,Lap and Shoulder Belt,Driving properly,Normal,,,Going Ahead,,,,,driver,NA,Willowdale (18),32 Division,Newtonbrook East,false,false,false,false,false,true,false,false,false,true,"{""coordinates"": [[-79.41702706991448, 43.785806985055196]], ""type"": ""MultiPoint""}"
14880,2018:8001571012,2018-08-25T11:12:00,5825 YONGE ST,,,9,Non-Fatal Injury,At/Near Private Drive,No Control,Other,Clear,Daylight,Dry,Major Arterial,true,-79.41702706991448,43.7858069850552,2,,,3,34,Minor,Lap and Shoulder Belt,,,,,,,,,,passenger,NA,Willowdale (18),32 Division,Newtonbrook East,false,false,false,false,false,true,false,false,false,true,"{""coordinates"": [[-79.41702706991448, 43.785806985055196]], ""type"": ""MultiPoint""}"
14881,2018:8001571012,2018-08-25T11:12:00,5825 YONGE ST,,,9,Non-Fatal Injury,At/Near Private Drive,No Control,Other,Clear,Daylight,Dry,Major Arterial,true,-79.41702706991448,43.7858069850552,2,,,8,47,Minor,Lap and Shoulder Belt,,,,,,,,,,passenger,NA,Willowdale (18),32 Division,Newtonbrook East,false,false,false,false,false,true,false,false,false,true,"{""coordinates"": [[-79.41702706991448, 43.785806985055196]], ""type"": ""MultiPoint""}"
14882,2018:8001571012,2018-08-25T11:12:00,5825 YONGE ST,,,9,Non-Fatal Injury,At/Near Private Drive,No Control,Other,Clear,Daylight,Dry,Major Arterial,true,-79.41702706991448,43.7858069850552,1,,,9,38,None,Lap and Shoulder Belt,,,,,,,,,,passenger,NA,Willowdale (18),32 Division,Newtonbrook East,false,false,false,false,false,true,false,false,false,true,"{""coordinates"": [[-79.41702706991448, 43.785806985055196]], ""type"": ""MultiPoint""}"
14883,2018:8001571012,2018-08-25T11:12:00,5825 YONGE ST,,,9,Non-Fatal Injury,At/Near Private Drive,No Control,Other,Clear,Daylight,Dry,Major Arterial,true,-79.41702706991448,43.7858069850552,2,,,6,63,Minor,Lap and Shoulder Belt,,,,,,,,,,passenger,NA,Willowdale (18),32 Division,Newtonbrook East,false,false,false,false,false,true,false,false,false,true,"{""coordinates"": [[-79.41702706991448, 43.785806985055196]], ""type"": ""MultiPoint""}"
14884,2018:8001571012,2018-08-25T11:12:00,5825 YONGE ST,,,9,Non-Fatal Injury,At/Near Private Drive,No Control,Other,Clear,Daylight,Dry,Major Arterial,true,-79.41702706991448,43.7858069850552,2,,,7,68,Minor,Lap and Shoulder Belt,,,,,,,,,,passenger,NA,Willowdale (18),32 Division,Newtonbrook East,false,false,false,false,false,true,false,false,false,true,"{""coordinates"": [[-79.41702706991448, 43.785806985055196]], ""type"": ""MultiPoint""}"
14885,2018:8001716162,2018-09-16T09:36:00,WILLOWDALE AVE,BISHOP AVE,10 m North of,4,Non-Fatal Injury,At Intersection,Traffic Signal,Angle,Clear,Daylight,Dry,Minor Arterial,false,-79.40783363729592,43.78336938276329,2,,,3,52,Major,Lap and Shoulder Belt,,,,,,,,,,passenger,NA,Willowdale (18),32 Division,Newtonbrook East,true,false,false,false,false,false,false,true,true,false,"{""coordinates"": [[-79.40783363729592, 43.78336938276329]], ""type"": ""MultiPoint""}"
14886,2018:8001574808,2018-08-25T23:00:00,CHURCH ST,CROSS ST,,2,Non-Fatal Injury,At Intersection,No Control,Cyclist Collision,Clear,Dark with Artificial Lighting,Dry,Collector,false,-79.52395332984429,43.703756820109206,2,Bicycle,West,2,42,Major,Helmet,,,,,Going Ahead,,Driver turns left into path of cyclist,Driving Properly,Normal,cyclist,NA,York South-Weston (5),12 Division,Weston,false,true,true,false,false,false,false,false,false,false,"{""coordinates"": [[-79.52395332984429, 43.703756820109206]], ""type"": ""MultiPoint""}"
14887,2018:8001574808,2018-08-25T23:00:00,CHURCH ST,CROSS ST,,2,Non-Fatal Injury,At Intersection,No Control,Cyclist Collision,Clear,Dark with Artificial Lighting,Dry,Collector,false,-79.52395332984429,43.703756820109206,1,Passenger Van,East,1,46,None,Lap and Shoulder Belt,Improper turn,Inattentive,,,Turning Left,,,,,driver,NA,York South-Weston (5),12 Division,Weston,false,true,true,false,false,false,false,false,false,false,"{""coordinates"": [[-79.52395332984429, 43.703756820109206]], ""type"": ""MultiPoint""}"
14888,2018:8001595104,2018-08-28T23:41:00,KEELE ST,GLENLAKE AVE,81 m North of,2,Non-Fatal Injury,Non-Intersection,No Control,Pedestrian Collision(internal code),Clear,Dark with Artificial Lighting,Dry,Major Arterial,false,-79.4617966306266,43.65898747147257,1,Automobile or Station Wagon,South,1,34,None,Use Unknown,Driving properly,Normal,,,Going Ahead,,,,,driver,NA,Parkdale-High Park (4),11 Division,High Park North,false,false,false,false,false,true,true,false,false,false,"{""coordinates"": [[-79.4617966306266, 43.65898747147257]], ""type"": ""MultiPoint""}"
14889,2018:8001595104,2018-08-28T23:41:00,KEELE ST,GLENLAKE AVE,81 m North of,2,Non-Fatal Injury,Non-Intersection,No Control,Pedestrian Collision(internal code),Clear,Dark with Artificial Lighting,Dry,Major Arterial,false,-79.4617966306266,43.65898747147257,1,,South,2,71,Major,Use Unknown,,,Walking on roadway with traffic,Medical or Physical Disability,,Driver hits pedestrian at midblock,,,,pedestrian,NA,Parkdale-High Park (4),11 Division,High Park North,false,false,false,false,false,true,true,false,false,false,"{""coordinates"": [[-79.4617966306266, 43.65898747147257]], ""type"": ""MultiPoint""}"
14890,2018:8001595420,2018-08-29T01:15:00,PHARMACY AVE,DORINE CRES,37 m North of,2,Non-Fatal Injury,Non-Intersection,No Control,SMV Other,Clear,Dark with Artificial Lighting,Dry,Minor Arterial,false,-79.29226345801902,43.713064371525995,1,,,2,21,Major,Air Bag Deployed,,,,,,,,,,passenger,NA,Scarborough Southwest (20),41 Division,Clairlea-Birchmount,false,false,false,false,false,false,false,false,false,false,"{""coordinates"": [[-79.29226345801902, 43.713064371525995]], ""type"": ""MultiPoint""}"