X_id,collision_id,accdate,stname1,stname2,stname3,per_inv,acclass,accloc,traffictl,impactype,visible,light,rdsfcond,road_class,failtorem,longitude,latitude,veh_no,vehtype,initdir,per_no,invage,injury,safequip,drivact,drivcond,pedact,pedcond,manoeuvre,pedtype,cyclistype,cycact,cyccond,road_user,fatal_no,wardname,division,neighbourhood,aggressive,distracted,cyclist,motorcyclist,other_micromobility,older_adult,pedestrian,red_light,school_child,heavy_truck,geometry
15039,2018:8001842377,2018-10-05T15:15:00,GERRARD ST E,COXWELL AVE,25 m East of,2,Non-Fatal Injury,At Intersection,Traffic Signal,SMV Other,Clear,Daylight,Dry,Minor Arterial,false,-79.3202939548007,43.67532561182407,1,Pickup Truck,West,1,33,None,Lap and Shoulder Belt,Speed too fast for conditions,Had Been Drinking,,,Going Ahead,,,,,driver,NA,Beaches-East York (19),55 Division,Woodbine Corridor,true,false,false,false,false,false,false,false,false,false,"{""coordinates"": [[-79.3202939548007, 43.67532561182407]], ""type"": ""MultiPoint""}"
15040,2018:8001843657,2018-10-05T18:52:00,708 SCARLETT RD,,LEGGETT AVE,3,Fatal Injury,Non-Intersection,No Control,Turning Movement,Clear,Daylight,Dry,Major Arterial,false,-79.52010004795294,43.69537135657464,0,Motorcycle,South,2,48,Fatal,,Driving properly,Unknown,,,Going Ahead,,,,,motorcyclist,51,Etobicoke Centre (2),23 Division,Humber Heights-Westmount,false,false,false,true,false,false,false,false,false,false,"{""coordinates"": [[-79.52010004795294, 43.69537135657464]], ""type"": ""MultiPoint""}"
15041,2018:8001843657,2018-10-05T18:52:00,708 SCARLETT RD,,LEGGETT AVE,3,Fatal Injury,Non-Intersection,No Control,Turning Movement,Clear,Daylight,Dry,Major Arterial,false,-79.52010004795294,43.69537135657464,0,Automobile or Station Wagon,North,1,56,None,,Improper turn,Normal,,,Turning Left,,,,,driver,NA,Etobicoke Centre (2),23 Division,Humber Heights-Westmount,false,false,false,true,false,false,false,false,false,false,"{""coordinates"": [[-79.52010004795294, 43.69537135657464]], ""type"": ""MultiPoint""}"
15042,2018:8001843657,2018-10-05T18:52:00,708 SCARLETT RD,,LEGGETT AVE,3,Fatal Injury,Non-Intersection,No Control,Turning Movement,Clear,Daylight,Dry,Major Arterial,false,-79.52010004795294,43.69537135657464,0,Automobile or Station Wagon,North,3,49,None,,Driving properly,Normal,,,Going Ahead,,,,,driver,NA,Etobicoke Centre (2),23 Division,Humber Heights-Westmount,false,false,false,true,false,false,false,false,false,false,"{""coordinates"": [[-79.52010004795294, 43.69537135657464]], ""type"": ""MultiPoint""}"
15043,2018:8001845570,2018-10-06T01:25:00,LAWRENCE AVE E,EAST AVE,,2,Non-Fatal Injury,At Intersection,Traffic Signal,SMV Other,Clear,Dark with Artificial Lighting,Dry,Collector,false,-79.13159573493532,43.78063012447239,1,,,2,20,Minor,Lap and Shoulder Belt,,,,,,,,,,passenger,NA,Scarborough-Rouge Park (25),43 Division,West Rouge,false,false,false,false,false,false,false,false,false,false,"{""coordinates"": [[-79.13159573493532, 43.78063012447239]], ""type"": ""MultiPoint""}"
15044,2018:8001845570,2018-10-06T01:25:00,LAWRENCE AVE E,EAST AVE,,2,Non-Fatal Injury,At Intersection,Traffic Signal,SMV Other,Clear,Dark with Artificial Lighting,Dry,Collector,false,-79.13159573493532,43.78063012447239,1,Automobile or Station Wagon,East,1,23,Major,Lap and Shoulder Belt,Lost control,Unknown,,,Unknown,,,,,driver,NA,Scarborough-Rouge Park (25),43 Division,West Rouge,false,false,false,false,false,false,false,false,false,false,"{""coordinates"": [[-79.13159573493532, 43.78063012447239]], ""type"": ""MultiPoint""}"
15045,2018:8001846413,2018-10-06T06:35:00,VICTORIA PARK AVE,CRESCENT TOWN RD,,2,Non-Fatal Injury,At Intersection,Traffic Signal,Pedestrian Collision(internal code),Rain,Dawn with Artificial Lighting,Wet,Major Arterial,false,-79.29044768005173,43.69647806550385,1,,East,2,29,Major,Use Unknown,,,Crossing without right-of-way (intersection),Normal,,Driver going straight hits pedestrian crossing without right-of-way (at intersection),,,,pedestrian,NA,Scarborough Southwest (20),41 Division,Oakridge,false,false,false,false,false,true,true,false,false,false,"{""coordinates"": [[-79.29044768005173, 43.69647806550385]], ""type"": ""MultiPoint""}"
15046,2018:8001846413,2018-10-06T06:35:00,VICTORIA PARK AVE,CRESCENT TOWN RD,,2,Non-Fatal Injury,At Intersection,Traffic Signal,Pedestrian Collision(internal code),Rain,Dawn with Artificial Lighting,Wet,Major Arterial,false,-79.29044768005173,43.69647806550385,1,Automobile or Station Wagon,North,1,72,None,Lap and Shoulder Belt,Driving properly,Normal,,,Going Ahead,,,,,driver,NA,Scarborough Southwest (20),41 Division,Oakridge,false,false,false,false,false,true,true,false,false,false,"{""coordinates"": [[-79.29044768005173, 43.69647806550385]], ""type"": ""MultiPoint""}"
15047,2018:8001848907,2018-10-06T16:30:00,ANTIBES DR,DON LAKE GATE,15 m East of,1,Non-Fatal Injury,Intersection-Related,No Control,SMV Other,Clear,Daylight,Dry,Collector,false,-79.44627822217178,43.78052747965574,1,Automobile or Station Wagon,North,1,33,Major,Equipment Not Used But Available,Lost control,Ability Impaired - Drugs,,,Going Ahead,,,,,driver,NA,York Centre (6),32 Division,Westminster-Branson,false,false,false,false,false,false,false,false,false,false,"{""coordinates"": [[-79.44627822217178, 43.78052747965574]], ""type"": ""MultiPoint""}"
15048,2018:8001849626,2018-10-06T18:50:00,KINGSTON RD,GALLOWAY RD,,4,Non-Fatal Injury,At Intersection,Traffic Signal,Turning Movement,Clear,Daylight,Dry,Major Arterial,false,-79.19470618514401,43.76193816576791,1,,,3,17,Major,Lap Belt Only of Combined Assembly,,,,,,,,,,motorcyclist,NA,Scarborough-Guildwood (24),43 Division,West Hill,true,false,false,true,false,false,false,false,true,false,"{""coordinates"": [[-79.19470618514401, 43.76193816576791]], ""type"": ""MultiPoint""}"
15049,2018:8001849626,2018-10-06T18:50:00,KINGSTON RD,GALLOWAY RD,,4,Non-Fatal Injury,At Intersection,Traffic Signal,Turning Movement,Clear,Daylight,Dry,Major Arterial,false,-79.19470618514401,43.76193816576791,2,Pickup Truck,East,2,33,None,Lap and Shoulder Belt,Driving properly,Normal,,,Turning Left,,,,,driver,NA,Scarborough-Guildwood (24),43 Division,West Hill,true,false,false,true,false,false,false,false,true,false,"{""coordinates"": [[-79.19470618514401, 43.76193816576791]], ""type"": ""MultiPoint""}"
15050,2018:8001849626,2018-10-06T18:50:00,KINGSTON RD,GALLOWAY RD,,4,Non-Fatal Injury,At Intersection,Traffic Signal,Turning Movement,Clear,Daylight,Dry,Major Arterial,false,-79.19470618514401,43.76193816576791,1,Motorcycle,West,1,18,Major,Helmet,Speed too fast for conditions,Normal,,,Going Ahead,,,,,motorcyclist,NA,Scarborough-Guildwood (24),43 Division,West Hill,true,false,false,true,false,false,false,false,true,false,"{""coordinates"": [[-79.19470618514401, 43.76193816576791]], ""type"": ""MultiPoint""}"
15051,2018:8001849626,2018-10-06T18:50:00,KINGSTON RD,GALLOWAY RD,,4,Non-Fatal Injury,At Intersection,Traffic Signal,Turning Movement,Clear,Daylight,Dry,Major Arterial,false,-79.19470618514401,43.76193816576791,2,,,4,31,Minimal,Lap and Shoulder Belt,,,,,,,,,,passenger,NA,Scarborough-Guildwood (24),43 Division,West Hill,true,false,false,true,false,false,false,false,true,false,"{""coordinates"": [[-79.19470618514401, 43.76193816576791]], ""type"": ""MultiPoint""}"
15052,2018:8001851733,2018-10-07T03:05:00,DON VALLEY PARKWAY N,EASTERN AV E DVP N RAMP,80 m South of,3,Non-Fatal Injury,Non-Intersection,No Control,Sideswipe,Rain,Dark with Artificial Lighting,Wet,Expressway,false,-79.3517576649183,43.656099585174765,2,Automobile or Station Wagon,North,2,28,None,Lap and Shoulder Belt,Driving properly,Normal,,,Going Ahead,,,,,driver,NA,Toronto-Danforth (14),55 Division,South Riverdale,true,false,false,false,false,false,false,false,false,false,"{""coordinates"": [[-79.3517576649183, 43.656099585174765]], ""type"": ""MultiPoint""}"
15053,2018:8001851733,2018-10-07T03:05:00,DON VALLEY PARKWAY N,EASTERN AV E DVP N RAMP,80 m South of,3,Non-Fatal Injury,Non-Intersection,No Control,Sideswipe,Rain,Dark with Artificial Lighting,Wet,Expressway,false,-79.3517576649183,43.656099585174765,1,Automobile or Station Wagon,North,1,24,Major,Use Unknown,Speed too fast for conditions,Unknown,,,Going Ahead,,,,,driver,NA,Toronto-Danforth (14),55 Division,South Riverdale,true,false,false,false,false,false,false,false,false,false,"{""coordinates"": [[-79.3517576649183, 43.656099585174765]], ""type"": ""MultiPoint""}"
15054,2018:8001851733,2018-10-07T03:05:00,DON VALLEY PARKWAY N,EASTERN AV E DVP N RAMP,80 m South of,3,Non-Fatal Injury,Non-Intersection,No Control,Sideswipe,Rain,Dark with Artificial Lighting,Wet,Expressway,false,-79.3517576649183,43.656099585174765,2,,,3,23,None,Lap and Shoulder Belt,,,,,,,,,,passenger,NA,Toronto-Danforth (14),55 Division,South Riverdale,true,false,false,false,false,false,false,false,false,false,"{""coordinates"": [[-79.3517576649183, 43.656099585174765]], ""type"": ""MultiPoint""}"
15055,2018:8001856890,2018-10-08T01:17:00,SHEPPARD AVE E,BONNINGTON PL,,2,Fatal Injury,Non-Intersection,No Control,Pedestrian Collision(internal code),Clear,Dark with Artificial Lighting,Dry,Major Arterial,true,-79.40625374995645,43.76241818768023,0,,East,2,34,Fatal,,,,Playing or working on highway,Unknown,,Driver hits pedestrian at midblock,,,,pedestrian,53,Willowdale (18),32 Division,Avondale,false,false,false,false,false,false,true,false,false,false,"{""coordinates"": [[-79.40625374995645, 43.76241818768023]], ""type"": ""MultiPoint""}"
15056,2018:8001856890,2018-10-08T01:17:00,SHEPPARD AVE E,BONNINGTON PL,,2,Fatal Injury,Non-Intersection,No Control,Pedestrian Collision(internal code),Clear,Dark with Artificial Lighting,Dry,Major Arterial,true,-79.40625374995645,43.76241818768023,0,Automobile or Station Wagon,East,1,NA,None,,Other,Unknown,,,Going Ahead,,,,,driver,NA,Willowdale (18),32 Division,Avondale,false,false,false,false,false,false,true,false,false,false,"{""coordinates"": [[-79.40625374995645, 43.76241818768023]], ""type"": ""MultiPoint""}"
15057,2018:8001860748,2018-10-08T20:15:00,685 QUEEN ST E,,Near #685,3,Fatal Injury,At Intersection,No Control,Cyclist Collision,Clear,Dusk with Artificial Lighting,Dry,Major Arterial,false,-79.35094080195786,43.65851413322083,0,Automobile or Station Wagon,East,1,NA,None,,,,,,Parked,,,,,other,NA,Toronto-Danforth (14),55 Division,South Riverdale,false,false,true,false,false,false,false,false,false,true,"{""coordinates"": [[-79.35094080195786, 43.65851413322083]], ""type"": ""MultiPoint""}"
15058,2018:8001860748,2018-10-08T20:15:00,685 QUEEN ST E,,Near #685,3,Fatal Injury,At Intersection,No Control,Cyclist Collision,Clear,Dusk with Artificial Lighting,Dry,Major Arterial,false,-79.35094080195786,43.65851413322083,0,Bicycle,East,3,61,Fatal,,,,,,Going Ahead,,Cyclist hits parked vehicle,Lost control,Unknown,cyclist,54,Toronto-Danforth (14),55 Division,South Riverdale,false,false,true,false,false,false,false,false,false,true,"{""coordinates"": [[-79.35094080195786, 43.65851413322083]], ""type"": ""MultiPoint""}"
15059,2018:8001860748,2018-10-08T20:15:00,685 QUEEN ST E,,Near #685,3,Fatal Injury,At Intersection,No Control,Cyclist Collision,Clear,Dusk with Artificial Lighting,Dry,Major Arterial,false,-79.35094080195786,43.65851413322083,0,Streetcar,East,2,34,None,,Driving properly,Normal,,,Going Ahead,,,,,driver,NA,Toronto-Danforth (14),55 Division,South Riverdale,false,false,true,false,false,false,false,false,false,true,"{""coordinates"": [[-79.35094080195786, 43.65851413322083]], ""type"": ""MultiPoint""}"
15060,2018:8001870911,2018-10-10T09:39:00,OSSINGTON AVE,COLLEGE ST,,2,Non-Fatal Injury,At Intersection,Traffic Signal,Pedestrian Collision(internal code),Clear,Daylight,Dry,Major Arterial,false,-79.42266539814483,43.65432585564208,1,Pickup Truck,East,1,47,None,Lap and Shoulder Belt,Driving properly,Normal,,,Going Ahead,,,,,driver,NA,University-Rosedale (11),14 Division,Trinity-Bellwoods,false,false,false,false,false,true,true,false,false,false,"{""coordinates"": [[-79.42266539814483, 43.65432585564208]], ""type"": ""MultiPoint""}"
15061,2018:8001870911,2018-10-10T09:39:00,OSSINGTON AVE,COLLEGE ST,,2,Non-Fatal Injury,At Intersection,Traffic Signal,Pedestrian Collision(internal code),Clear,Daylight,Dry,Major Arterial,false,-79.42266539814483,43.65432585564208,1,,South,2,78,Major,Use Unknown,,,Crossing without right-of-way (intersection),Medical or Physical Disability,,Driver going straight hits pedestrian crossing without right-of-way (at intersection),,,,pedestrian,NA,University-Rosedale (11),14 Division,Trinity-Bellwoods,false,false,false,false,false,true,true,false,false,false,"{""coordinates"": [[-79.42266539814483, 43.65432585564208]], ""type"": ""MultiPoint""}"
15062,2018:8001881817,2018-10-11T20:09:00,RUNNYMEDE RD,BLOOR ST W,,2,Non-Fatal Injury,At Intersection,Traffic Controller,Turning Movement,Clear,Daylight with Artificial Lighting,Dry,Major Arterial,false,-79.47626200475139,43.65106436978595,2,Motorcycle,South,2,28,Major,Helmet,Driving properly,Normal,,,Going Ahead,,,,,motorcyclist,NA,Parkdale-High Park (4),11 Division,High Park-Swansea,true,false,false,true,false,false,false,false,false,false,"{""coordinates"": [[-79.47626200475139, 43.651064369785956]], ""type"": ""MultiPoint""}"
15063,2018:8001881817,2018-10-11T20:09:00,RUNNYMEDE RD,BLOOR ST W,,2,Non-Fatal Injury,At Intersection,Traffic Controller,Turning Movement,Clear,Daylight with Artificial Lighting,Dry,Major Arterial,false,-79.47626200475139,43.65106436978595,1,Automobile or Station Wagon,North,1,20,None,Lap and Shoulder Belt,Failed to yield right-of-way,Normal,,,Turning Left,,,,,driver,NA,Parkdale-High Park (4),11 Division,High Park-Swansea,true,false,false,true,false,false,false,false,false,false,"{""coordinates"": [[-79.47626200475139, 43.651064369785956]], ""type"": ""MultiPoint""}"
15064,2018:8001885947,2018-10-12T13:35:00,GERRARD ST E,LAWLOR AVE,,3,Non-Fatal Injury,At Intersection,No Control,Pedestrian Collision(internal code),Clear,Daylight,Dry,Minor Arterial,false,-79.29071472283887,43.685911354543336,1,,,2,18,None,Lap and Shoulder Belt,,,,,,,,,,passenger,NA,Beaches-East York (19),55 Division,East End-Danforth,true,false,false,false,false,false,true,false,true,false,"{""coordinates"": [[-79.29071472283887, 43.685911354543336]], ""type"": ""MultiPoint""}"
15065,2018:8001885947,2018-10-12T13:35:00,GERRARD ST E,LAWLOR AVE,,3,Non-Fatal Injury,At Intersection,No Control,Pedestrian Collision(internal code),Clear,Daylight,Dry,Minor Arterial,false,-79.29071472283887,43.685911354543336,1,Automobile or Station Wagon,East,1,19,None,Lap and Shoulder Belt,Exceeding speed limit,Normal,,,Changing Lanes,,,,,driver,NA,Beaches-East York (19),55 Division,East End-Danforth,true,false,false,false,false,false,true,false,true,false,"{""coordinates"": [[-79.29071472283887, 43.685911354543336]], ""type"": ""MultiPoint""}"
15066,2018:8001885947,2018-10-12T13:35:00,GERRARD ST E,LAWLOR AVE,,3,Non-Fatal Injury,At Intersection,No Control,Pedestrian Collision(internal code),Clear,Daylight,Dry,Minor Arterial,false,-79.29071472283887,43.685911354543336,1,,South,3,22,Major,Use Unknown,,,Crossing - no traffic control,Normal,,Driver going straight hits pedestrian crossing without right-of-way (at intersection),,,,pedestrian,NA,Beaches-East York (19),55 Division,East End-Danforth,true,false,false,false,false,false,true,false,true,false,"{""coordinates"": [[-79.29071472283887, 43.685911354543336]], ""type"": ""MultiPoint""}"
15067,2018:8001918049,2018-10-12T16:30:00,BLOOR ST W,RUNNYMEDE RD,,2,Non-Fatal Injury,At Intersection,Traffic Controller,Cyclist Collision,Clear,Daylight,Dry,Major Arterial,false,-79.47626200475139,43.65106436978595,2,Bicycle,East,2,32,Major,Helmet,,,,,Going Ahead,,Driver turns left into path of cyclist,Driving Properly,Normal,cyclist,NA,Parkdale-High Park (4),11 Division,High Park-Swansea,true,false,true,false,false,true,false,false,false,false,"{""coordinates"": [[-79.47626200475139, 43.651064369785956]], ""type"": ""MultiPoint""}"
15068,2018:8001918049,2018-10-12T16:30:00,BLOOR ST W,RUNNYMEDE RD,,2,Non-Fatal Injury,At Intersection,Traffic Controller,Cyclist Collision,Clear,Daylight,Dry,Major Arterial,false,-79.47626200475139,43.65106436978595,1,Automobile or Station Wagon,West,1,78,None,Lap and Shoulder Belt,Failed to yield right-of-way,Normal,,,Turning Left,,,,,driver,NA,Parkdale-High Park (4),11 Division,High Park-Swansea,true,false,true,false,false,true,false,false,false,false,"{""coordinates"": [[-79.47626200475139, 43.651064369785956]], ""type"": ""MultiPoint""}"
15069,2018:8001891156,2018-10-13T09:07:00,BIRCHMOUNT RD,KINGSTON RD,,2,Non-Fatal Injury,At Intersection,Traffic Signal,Pedestrian Collision(internal code),Clear,Daylight,Dry,Major Arterial,false,-79.26229516681971,43.692972319803374,1,,North,2,66,Major,Use Unknown,,,Crossing without right-of-way (intersection),Normal,,Driver turns left into pedestrian crossing without right-of-way (at intersection),,,,pedestrian,NA,Scarborough Southwest (20),41 Division,Birchcliffe-Cliffside,true,false,false,false,false,true,true,false,false,false,"{""coordinates"": [[-79.26229516681971, 43.692972319803374]], ""type"": ""MultiPoint""}"
15070,2018:8001891156,2018-10-13T09:07:00,BIRCHMOUNT RD,KINGSTON RD,,2,Non-Fatal Injury,At Intersection,Traffic Signal,Pedestrian Collision(internal code),Clear,Daylight,Dry,Major Arterial,false,-79.26229516681971,43.692972319803374,1,Automobile or Station Wagon,South,1,45,None,Lap and Shoulder Belt,Failed to yield right-of-way,Normal,,,Turning Left,,,,,driver,NA,Scarborough Southwest (20),41 Division,Birchcliffe-Cliffside,true,false,false,false,false,true,true,false,false,false,"{""coordinates"": [[-79.26229516681971, 43.692972319803374]], ""type"": ""MultiPoint""}"
15071,2018:8001903233,2018-10-15T10:00:00,YONGE ST,CARLTON ST,132 m South of,2,Non-Fatal Injury,Non-Intersection,No Control,Pedestrian Collision(internal code),Clear,Daylight,Wet,Major Arterial,false,-79.38258810184998,43.660143208650666,1,,East,2,75,Major,Use Unknown,,,Other,Normal,,Driver reversing hits pedestrian,,,,pedestrian,NA,Toronto Centre (13),51 Division,Downtown Yonge East,false,true,false,false,false,true,true,false,false,false,"{""coordinates"": [[-79.38258810184998, 43.660143208650666]], ""type"": ""MultiPoint""}"
15072,2018:8001903233,2018-10-15T10:00:00,YONGE ST,CARLTON ST,132 m South of,2,Non-Fatal Injury,Non-Intersection,No Control,Pedestrian Collision(internal code),Clear,Daylight,Wet,Major Arterial,false,-79.38258810184998,43.660143208650666,1,Automobile or Station Wagon,North,1,47,None,Lap and Shoulder Belt,Other,Inattentive,,,Reversing,,,,,driver,NA,Toronto Centre (13),51 Division,Downtown Yonge East,false,true,false,false,false,true,true,false,false,false,"{""coordinates"": [[-79.38258810184998, 43.660143208650666]], ""type"": ""MultiPoint""}"
15073,2018:8001922622,2018-10-18T08:40:00,1491 LAKE SHORE BLVD W,,900 m East of,2,Non-Fatal Injury,Non-Intersection,No Control,Approaching Head On,Clear,Daylight,Dry,Major Arterial,false,-79.44403540413454,43.636377743026465,1,Automobile or Station Wagon,West,1,25,Major,Lap and Shoulder Belt,Lost control,Inattentive,,,Going Ahead,,,,,driver,NA,Parkdale-High Park (4),14 Division,South Parkdale,false,true,false,false,false,false,false,false,false,true,"{""coordinates"": [[-79.44403540413454, 43.636377743026465]], ""type"": ""MultiPoint""}"
15074,2018:8001922622,2018-10-18T08:40:00,1491 LAKE SHORE BLVD W,,900 m East of,2,Non-Fatal Injury,Non-Intersection,No Control,Approaching Head On,Clear,Daylight,Dry,Major Arterial,false,-79.44403540413454,43.636377743026465,2,Truck - Tractor,East,2,62,None,Lap and Shoulder Belt,Driving properly,Normal,,,Going Ahead,,,,,driver,NA,Parkdale-High Park (4),14 Division,South Parkdale,false,true,false,false,false,false,false,false,false,true,"{""coordinates"": [[-79.44403540413454, 43.636377743026465]], ""type"": ""MultiPoint""}"
15075,2018:8001923925,2018-10-18T12:17:00,OSSINGTON AVE,NORTHUMBERLAND ST,,2,Fatal Injury,Non-Intersection,No Control,Pedestrian Collision(internal code),Clear,Daylight,Dry,Minor Arterial,false,-79.4262279396435,43.66329324180136,1,Automobile or Station Wagon,South,2,30,None,,Driving properly,Normal,,,Going Ahead,,,,,driver,NA,Davenport (9),14 Division,Dovercourt Village,false,true,false,false,false,true,true,false,false,false,"{""coordinates"": [[-79.4262279396435, 43.66329324180136]], ""type"": ""MultiPoint""}"
15076,2018:8001923925,2018-10-18T12:17:00,OSSINGTON AVE,NORTHUMBERLAND ST,,2,Fatal Injury,Non-Intersection,No Control,Pedestrian Collision(internal code),Clear,Daylight,Dry,Minor Arterial,false,-79.4262279396435,43.66329324180136,0,,East,1,96,Fatal,,,,Coming from behind parked vehicle or object,Inattentive,,Driver hits pedestrian at midblock,,,,pedestrian,56,Davenport (9),14 Division,Dovercourt Village,false,true,false,false,false,true,true,false,false,false,"{""coordinates"": [[-79.4262279396435, 43.66329324180136]], ""type"": ""MultiPoint""}"
15077,2018:8001927322,2018-10-18T22:08:00,GODSTONE RD,FAIRVIEW MALL DR,,2,Non-Fatal Injury,At Intersection,Traffic Signal,Pedestrian Collision(internal code),Clear,Dark with Artificial Lighting,Dry,Minor Arterial,false,-79.34569212168249,43.77956224064068,1,Automobile or Station Wagon,South,1,45,None,Use Unknown,Driving properly,Normal,,,Turning Right,,,,,driver,NA,Don Valley North (17),33 Division,Don Valley Village,false,false,false,false,false,false,true,false,false,false,"{""coordinates"": [[-79.34569212168249, 43.77956224064068]], ""type"": ""MultiPoint""}"
15078,2018:8001927322,2018-10-18T22:08:00,GODSTONE RD,FAIRVIEW MALL DR,,2,Non-Fatal Injury,At Intersection,Traffic Signal,Pedestrian Collision(internal code),Clear,Dark with Artificial Lighting,Dry,Minor Arterial,false,-79.34569212168249,43.77956224064068,1,,South,2,52,Major,Use Unknown,,,Crossing without right-of-way (intersection),Normal,,Driver turns right into pedestrian crossing without right-of-way (at intersection),,,,pedestrian,NA,Don Valley North (17),33 Division,Don Valley Village,false,false,false,false,false,false,true,false,false,false,"{""coordinates"": [[-79.34569212168249, 43.77956224064068]], ""type"": ""MultiPoint""}"
15079,2018:8001928612,2018-10-19T06:30:00,BATHURST ST,BRIAR HILL AVE,11 m North of,2,Non-Fatal Injury,At Intersection,Traffic Signal,Pedestrian Collision(internal code),Clear,Dark with Artificial Lighting,Dry,Major Arterial,false,-79.42701407347202,43.707853676719274,1,Pickup Truck,East,1,27,None,Lap and Shoulder Belt,Driving properly,Inattentive,,,Turning Left,,,,,driver,NA,Eglinton-Lawrence (8),53 Division,Forest Hill North,false,true,false,false,false,false,true,false,false,false,"{""coordinates"": [[-79.42701407347202, 43.707853676719274]], ""type"": ""MultiPoint""}"
15080,2018:8001928612,2018-10-19T06:30:00,BATHURST ST,BRIAR HILL AVE,11 m North of,2,Non-Fatal Injury,At Intersection,Traffic Signal,Pedestrian Collision(internal code),Clear,Dark with Artificial Lighting,Dry,Major Arterial,false,-79.42701407347202,43.707853676719274,1,,West,2,33,Major,Use Unknown,,,Crossing without right-of-way (intersection),Inattentive,,Driver turns left into pedestrian crossing without right-of-way (at intersection),,,,pedestrian,NA,Eglinton-Lawrence (8),53 Division,Forest Hill North,false,true,false,false,false,false,true,false,false,false,"{""coordinates"": [[-79.42701407347202, 43.707853676719274]], ""type"": ""MultiPoint""}"
15081,2018:8001932871,2018-10-19T18:44:00,KING ST W,DUNN AVE,,3,Non-Fatal Injury,At Intersection,Traffic Signal,Pedestrian Collision(internal code),Clear,Dark with Artificial Lighting,Dry,Major Arterial,false,-79.43323978717393,43.63767090854349,1,Automobile or Station Wagon,West,1,69,None,Lap and Shoulder Belt,Driving properly,Normal,,,Going Ahead,,,,,driver,NA,Parkdale-High Park (4),14 Division,South Parkdale,false,true,false,false,false,true,true,false,false,false,"{""coordinates"": [[-79.43323978717393, 43.63767090854349]], ""type"": ""MultiPoint""}"
15082,2018:8001932871,2018-10-19T18:44:00,KING ST W,DUNN AVE,,3,Non-Fatal Injury,At Intersection,Traffic Signal,Pedestrian Collision(internal code),Clear,Dark with Artificial Lighting,Dry,Major Arterial,false,-79.43323978717393,43.63767090854349,1,,,3,57,None,Lap and Shoulder Belt,,,,,,,,,,passenger,NA,Parkdale-High Park (4),14 Division,South Parkdale,false,true,false,false,false,true,true,false,false,false,"{""coordinates"": [[-79.43323978717393, 43.63767090854349]], ""type"": ""MultiPoint""}"
15083,2018:8001932871,2018-10-19T18:44:00,KING ST W,DUNN AVE,,3,Non-Fatal Injury,At Intersection,Traffic Signal,Pedestrian Collision(internal code),Clear,Dark with Artificial Lighting,Dry,Major Arterial,false,-79.43323978717393,43.63767090854349,1,,Unknown,2,49,Major,Use Unknown,,,Other,Inattentive,,Driver going straight hits pedestrian crossing without right-of-way (at intersection),,,,pedestrian,NA,Parkdale-High Park (4),14 Division,South Parkdale,false,true,false,false,false,true,true,false,false,false,"{""coordinates"": [[-79.43323978717393, 43.63767090854349]], ""type"": ""MultiPoint""}"
15084,2023:3001046430,2023-05-10T15:45:00,MIDLAND AVE,PROGRESS AVE,1 m North of,2,Non-Fatal Injury,Intersection-Related,Traffic Signal,Rear End,Clear,Daylight,Dry,Major Arterial,false,-79.27309231933984,43.77316752529116,2,Automobile or Station Wagon,South,2,49,Major,Lap and Shoulder Belt,Driving properly,Normal,,,Going Ahead,,,,,driver,NA,Scarborough Centre (21),41 Division,Dorset Park,true,false,false,false,false,true,false,false,false,false,"{""coordinates"": [[-79.27309231933984, 43.77316752529116]], ""type"": ""MultiPoint""}"
15085,2018:8001933015,2018-10-19T19:04:00,ELLESMERE RD,MIDLAND AVE,9 m East of,2,Non-Fatal Injury,At Intersection,Traffic Signal,Pedestrian Collision(internal code),Clear,Dark with Artificial Lighting,Dry,Major Arterial,false,-79.27107653120643,43.767851028985376,1,,North,2,19,Major,Use Unknown,,,Crossing without right-of-way (intersection),Inattentive,,Driver going straight hits pedestrian crossing without right-of-way (at intersection),,,,pedestrian,NA,Scarborough Centre (21),41 Division,Bendale-Glen Andrew,false,true,false,false,false,false,true,false,true,false,"{""coordinates"": [[-79.27107653120643, 43.767851028985376]], ""type"": ""MultiPoint""}"
15086,2018:8001933015,2018-10-19T19:04:00,ELLESMERE RD,MIDLAND AVE,9 m East of,2,Non-Fatal Injury,At Intersection,Traffic Signal,Pedestrian Collision(internal code),Clear,Dark with Artificial Lighting,Dry,Major Arterial,false,-79.27107653120643,43.767851028985376,1,Automobile or Station Wagon,East,1,31,None,Lap and Shoulder Belt,Driving properly,Normal,,,Going Ahead,,,,,driver,NA,Scarborough Centre (21),41 Division,Bendale-Glen Andrew,false,true,false,false,false,false,true,false,true,false,"{""coordinates"": [[-79.27107653120643, 43.767851028985376]], ""type"": ""MultiPoint""}"
15087,2018:8001943043,2018-10-21T12:13:00,BREMNER BLVD,LOWER SIMCOE ST,44 m East of,2,Non-Fatal Injury,Non-Intersection,No Control,Turning Movement,Clear,Daylight,Dry,Minor Arterial,false,-79.38329003452785,43.642443018304895,2,Automobile or Station Wagon,East,2,46,None,Lap and Shoulder Belt,Driving properly,Normal,,,Turning Left,,,,,driver,NA,Spadina-Fort York (10),52 Division,Harbourfront-CityPlace,true,false,false,true,false,false,false,false,false,false,"{""coordinates"": [[-79.38329003452785, 43.642443018304895]], ""type"": ""MultiPoint""}"