X_id,collision_id,accdate,stname1,stname2,stname3,per_inv,acclass,accloc,traffictl,impactype,visible,light,rdsfcond,road_class,failtorem,longitude,latitude,veh_no,vehtype,initdir,per_no,invage,injury,safequip,drivact,drivcond,pedact,pedcond,manoeuvre,pedtype,cyclistype,cycact,cyccond,road_user,fatal_no,wardname,division,neighbourhood,aggressive,distracted,cyclist,motorcyclist,other_micromobility,older_adult,pedestrian,red_light,school_child,heavy_truck,geometry
15136,2018:8002043584,2018-11-05T18:55:00,DUFFERIN ST,WINGOLD AVE,15 m South of,2,Non-Fatal Injury,Intersection-Related,No Control,Pedestrian Collision(internal code),Clear,Dark with Artificial Lighting,Wet,Major Arterial,false,-79.45243526875927,43.70375291305574,1,Automobile or Station Wagon,South,1,71,None,Lap and Shoulder Belt,Driving properly,Normal,,,Going Ahead,,,,,driver,NA,Eglinton-Lawrence (8),13 Division,Yorkdale-Glen Park,false,true,false,false,false,true,true,false,false,false,"{""coordinates"": [[-79.45243526875927, 43.70375291305574]], ""type"": ""MultiPoint""}"
15137,2018:8002051381,2018-11-06T23:15:00,STEELES AVE W,ALNESS ST,,2,Non-Fatal Injury,At Intersection,Traffic Signal,Cyclist Collision,Rain,Dark with Artificial Lighting,Wet,Major Arterial,false,-79.48101490702764,43.78462831998634,1,Automobile or Station Wagon,East,1,23,None,Use Unknown,Improper turn,Inattentive,,,Turning Left,,,,,driver,NA,York Centre (6),32 Division,York University Heights,false,true,true,false,false,false,false,false,true,false,"{""coordinates"": [[-79.48101490702764, 43.78462831998634]], ""type"": ""MultiPoint""}"
15138,2018:8002051381,2018-11-06T23:15:00,STEELES AVE W,ALNESS ST,,2,Non-Fatal Injury,At Intersection,Traffic Signal,Cyclist Collision,Rain,Dark with Artificial Lighting,Wet,Major Arterial,false,-79.48101490702764,43.78462831998634,2,Bicycle,East,2,18,Major,No Equipment Available,,,,,Going Ahead,,Driver turns left into path of cyclist,Driving Properly,Normal,cyclist,NA,York Centre (6),32 Division,York University Heights,false,true,true,false,false,false,false,false,true,false,"{""coordinates"": [[-79.48101490702764, 43.78462831998634]], ""type"": ""MultiPoint""}"
15139,2018:8002056791,2018-11-07T18:50:00,MIDDLEFIELD RD,ARBOR LOW GT,20 m North of,2,Non-Fatal Injury,Intersection-Related,No Control,Pedestrian Collision(internal code),Clear,Dark with Artificial Lighting,Dry,Minor Arterial,false,-79.25850323235024,43.81175818564584,1,,East,2,65,Major,No Equipment Available,,,Crossing - no traffic control,Inattentive,,Driver hits pedestrian at midblock,,,,pedestrian,NA,Scarborough North (23),42 Division,Milliken,false,true,false,false,false,true,true,false,false,false,"{""coordinates"": [[-79.25850323235024, 43.81175818564584]], ""type"": ""MultiPoint""}"
15140,2018:8002056791,2018-11-07T18:50:00,MIDDLEFIELD RD,ARBOR LOW GT,20 m North of,2,Non-Fatal Injury,Intersection-Related,No Control,Pedestrian Collision(internal code),Clear,Dark with Artificial Lighting,Dry,Minor Arterial,false,-79.25850323235024,43.81175818564584,1,Automobile or Station Wagon,North,1,81,None,Lap and Shoulder Belt,Driving properly,Normal,,,Going Ahead,,,,,driver,NA,Scarborough North (23),42 Division,Milliken,false,true,false,false,false,true,true,false,false,false,"{""coordinates"": [[-79.25850323235024, 43.81175818564584]], ""type"": ""MultiPoint""}"
15141,2018:8002061586,2018-11-08T14:00:00,LA ROSE AVE,ROYAL YORK RD,,2,Non-Fatal Injury,At Intersection,Traffic Signal,Pedestrian Collision(internal code),Clear,Daylight with Artificial Lighting,Dry,Minor Arterial,false,-79.52737133938703,43.68408444061332,1,,West,2,69,Major,Use Unknown,,,Crossing with right-of-way (intersection),Normal,,Driver turns left into pedestrian crossing with right-of-way (at intersection),,,,pedestrian,NA,Etobicoke Centre (2),23 Division,Humber Heights-Westmount,true,false,false,false,false,true,true,false,false,true,"{""coordinates"": [[-79.52737133938703, 43.68408444061332]], ""type"": ""MultiPoint""}"
15142,2018:8002061586,2018-11-08T14:00:00,LA ROSE AVE,ROYAL YORK RD,,2,Non-Fatal Injury,At Intersection,Traffic Signal,Pedestrian Collision(internal code),Clear,Daylight with Artificial Lighting,Dry,Minor Arterial,false,-79.52737133938703,43.68408444061332,1,Delivery Van,West,1,33,None,Lap and Shoulder Belt,Failed to yield right-of-way,Normal,,,Turning Left,,,,,driver,NA,Etobicoke Centre (2),23 Division,Humber Heights-Westmount,true,false,false,false,false,true,true,false,false,true,"{""coordinates"": [[-79.52737133938703, 43.68408444061332]], ""type"": ""MultiPoint""}"
15143,2018:8002063591,2018-11-08T19:00:00,LOWTHER AVE,SPADINA RD,,2,Non-Fatal Injury,At Intersection,Traffic Signal,Cyclist Collision,Clear,Dark,Dry,Minor Arterial,false,-79.40473626300657,43.6688903394835,1,Bicycle,West,1,24,Major,Use Unknown,,,,,Turning Left,,Cyclist turns left into path of driver,Improper Turn,Normal,cyclist,NA,University-Rosedale (11),53 Division,Annex,false,false,true,false,false,false,false,false,false,false,"{""coordinates"": [[-79.40473626300657, 43.6688903394835]], ""type"": ""MultiPoint""}"
15144,2018:8002063591,2018-11-08T19:00:00,LOWTHER AVE,SPADINA RD,,2,Non-Fatal Injury,At Intersection,Traffic Signal,Cyclist Collision,Clear,Dark,Dry,Minor Arterial,false,-79.40473626300657,43.6688903394835,2,Automobile or Station Wagon,West,2,28,None,Use Unknown,Driving properly,Normal,,,Turning Left,,,,,driver,NA,University-Rosedale (11),53 Division,Annex,false,false,true,false,false,false,false,false,false,false,"{""coordinates"": [[-79.40473626300657, 43.6688903394835]], ""type"": ""MultiPoint""}"
15145,2018:8002065935,2018-11-09T06:50:00,ELLESMERE RD,BIRCHMOUNT RD,,4,Fatal Injury,Non-Intersection,No Control,Pedestrian Collision(internal code),Clear,Dawn with Artificial Lighting,Dry,Major Arterial,false,-79.2919124462521,43.76320475279143,0,,Unknown,3,31,Major,,,,On sidewalk or shoulder,Normal,,Driver hits pedestrian on sidewalk or shoulder,,,,pedestrian,NA,Scarborough Centre (21),41 Division,Wexford/Maryvale,false,false,false,false,false,false,true,false,false,true,"{""coordinates"": [[-79.2919124462521, 43.76320475279143]], ""type"": ""MultiPoint""}"
15146,2018:8002065935,2018-11-09T06:50:00,ELLESMERE RD,BIRCHMOUNT RD,,4,Fatal Injury,Non-Intersection,No Control,Pedestrian Collision(internal code),Clear,Dawn with Artificial Lighting,Dry,Major Arterial,false,-79.2919124462521,43.76320475279143,1,Automobile or Station Wagon,West,1,46,Minor,,Lost control,Unknown,,,Going Ahead,,,,,driver,NA,Scarborough Centre (21),41 Division,Wexford/Maryvale,false,false,false,false,false,false,true,false,false,true,"{""coordinates"": [[-79.2919124462521, 43.76320475279143]], ""type"": ""MultiPoint""}"
15147,2018:8002065935,2018-11-09T06:50:00,ELLESMERE RD,BIRCHMOUNT RD,,4,Fatal Injury,Non-Intersection,No Control,Pedestrian Collision(internal code),Clear,Dawn with Artificial Lighting,Dry,Major Arterial,false,-79.2919124462521,43.76320475279143,0,,Unknown,4,59,Fatal,,,,On sidewalk or shoulder,Unknown,,Driver hits pedestrian on sidewalk or shoulder,,,,pedestrian,58,Scarborough Centre (21),41 Division,Wexford/Maryvale,false,false,false,false,false,false,true,false,false,true,"{""coordinates"": [[-79.2919124462521, 43.76320475279143]], ""type"": ""MultiPoint""}"
15148,2018:8002065935,2018-11-09T06:50:00,ELLESMERE RD,BIRCHMOUNT RD,,4,Fatal Injury,Non-Intersection,No Control,Pedestrian Collision(internal code),Clear,Dawn with Artificial Lighting,Dry,Major Arterial,false,-79.2919124462521,43.76320475279143,2,Municipal Transit Bus (TTC),West,2,NA,None,,,,,,,,,,,driver,NA,Scarborough Centre (21),41 Division,Wexford/Maryvale,false,false,false,false,false,false,true,false,false,true,"{""coordinates"": [[-79.2919124462521, 43.76320475279143]], ""type"": ""MultiPoint""}"
15149,2018:8002080527,2018-11-11T14:20:00,235 POPLAR RD,,30 m North of,2,Non-Fatal Injury,Intersection-Related,No Control,Pedestrian Collision(internal code),Clear,Daylight with Artificial Lighting,Dry,Collector,true,-79.19105169735637,43.765836783597486,1,,West,2,10,Major,Use Unknown,,,Crossing - no traffic control,Normal,,Driver hits pedestrian at midblock,,,,pedestrian,NA,Scarborough-Guildwood (24),43 Division,West Hill,true,false,false,false,false,false,true,false,true,false,"{""coordinates"": [[-79.19105169735637, 43.765836783597486]], ""type"": ""MultiPoint""}"
15150,2018:8002080527,2018-11-11T14:20:00,235 POPLAR RD,,30 m North of,2,Non-Fatal Injury,Intersection-Related,No Control,Pedestrian Collision(internal code),Clear,Daylight with Artificial Lighting,Dry,Collector,true,-79.19105169735637,43.765836783597486,1,Automobile or Station Wagon,North,1,NA,None,Use Unknown,Exceeding speed limit,Unknown,,,Going Ahead,,,,,driver,NA,Scarborough-Guildwood (24),43 Division,West Hill,true,false,false,false,false,false,true,false,true,false,"{""coordinates"": [[-79.19105169735637, 43.765836783597486]], ""type"": ""MultiPoint""}"
15151,2018:8002088057,2018-11-12T17:54:00,WESTON RD,LAWRENCE AVE W,,2,Non-Fatal Injury,At Intersection,Traffic Signal,Pedestrian Collision(internal code),Clear,Dark,Dry,Major Arterial,false,-79.51615608548819,43.70008707414448,1,,South,2,59,Major,Use Unknown,,,Crossing with right-of-way (intersection),Normal,,Driver turns left into pedestrian crossing with right-of-way (at intersection),,,,pedestrian,NA,York South-Weston (5),12 Division,Weston,true,true,false,false,false,true,true,false,false,false,"{""coordinates"": [[-79.51615608548819, 43.700087074144484]], ""type"": ""MultiPoint""}"
15152,2018:8002088057,2018-11-12T17:54:00,WESTON RD,LAWRENCE AVE W,,2,Non-Fatal Injury,At Intersection,Traffic Signal,Pedestrian Collision(internal code),Clear,Dark,Dry,Major Arterial,false,-79.51615608548819,43.70008707414448,1,Pickup Truck,North,1,79,None,Lap and Shoulder Belt,Failed to yield right-of-way,Inattentive,,,Turning Left,,,,,driver,NA,York South-Weston (5),12 Division,Weston,true,true,false,false,false,true,true,false,false,false,"{""coordinates"": [[-79.51615608548819, 43.700087074144484]], ""type"": ""MultiPoint""}"
15153,2018:8002088211,2018-11-12T18:22:00,ELLESMERE RD,NEILSON RD,,2,Fatal Injury,Non-Intersection,No Control,Pedestrian Collision(internal code),Clear,Dark with Artificial Lighting,Dry,Major Arterial,false,-79.20225840893161,43.78314695199949,1,Automobile or Station Wagon,East,1,78,None,,Driving properly,Normal,,,Going Ahead,,,,,driver,NA,Scarborough-Guildwood (24),43 Division,Morningside,false,false,false,false,false,true,true,false,false,false,"{""coordinates"": [[-79.20225840893161, 43.78314695199949]], ""type"": ""MultiPoint""}"
15154,2018:8002088211,2018-11-12T18:22:00,ELLESMERE RD,NEILSON RD,,2,Fatal Injury,Non-Intersection,No Control,Pedestrian Collision(internal code),Clear,Dark with Artificial Lighting,Dry,Major Arterial,false,-79.20225840893161,43.78314695199949,0,,Unknown,2,53,Fatal,,,,Other,Unknown,,Driver hits pedestrian at midblock,,,,pedestrian,60,Scarborough-Guildwood (24),43 Division,Morningside,false,false,false,false,false,true,true,false,false,false,"{""coordinates"": [[-79.20225840893161, 43.78314695199949]], ""type"": ""MultiPoint""}"
15155,2018:8002097783,2018-11-14T08:27:00,KEELE ST,FOUR WINDS DR,,4,Non-Fatal Injury,At Intersection,Traffic Signal,Pedestrian Collision(internal code),Clear,Daylight,Dry,Major Arterial,false,-79.49161217701246,43.76564258892881,2,,Unknown,4,11,Major,Use Unknown,,,On sidewalk or shoulder,Normal,,Driver hits pedestrian on sidewalk or shoulder,,,,pedestrian,NA,York Centre (6),31 Division,York University Heights,true,false,false,false,false,false,true,true,true,false,"{""coordinates"": [[-79.49161217701246, 43.76564258892881]], ""type"": ""MultiPoint""}"
15156,2018:8002097783,2018-11-14T08:27:00,KEELE ST,FOUR WINDS DR,,4,Non-Fatal Injury,At Intersection,Traffic Signal,Pedestrian Collision(internal code),Clear,Daylight,Dry,Major Arterial,false,-79.49161217701246,43.76564258892881,2,Pickup Truck,South,2,32,None,Lap and Shoulder Belt,Disobeyed traffic control,Normal,,,Going Ahead,,,,,driver,NA,York Centre (6),31 Division,York University Heights,true,false,false,false,false,false,true,true,true,false,"{""coordinates"": [[-79.49161217701246, 43.76564258892881]], ""type"": ""MultiPoint""}"
15157,2018:8002097783,2018-11-14T08:27:00,KEELE ST,FOUR WINDS DR,,4,Non-Fatal Injury,At Intersection,Traffic Signal,Pedestrian Collision(internal code),Clear,Daylight,Dry,Major Arterial,false,-79.49161217701246,43.76564258892881,2,,Unknown,3,50,Major,Use Unknown,,,On sidewalk or shoulder,Normal,,Driver hits pedestrian on sidewalk or shoulder,,,,pedestrian,NA,York Centre (6),31 Division,York University Heights,true,false,false,false,false,false,true,true,true,false,"{""coordinates"": [[-79.49161217701246, 43.76564258892881]], ""type"": ""MultiPoint""}"
15158,2018:8002097783,2018-11-14T08:27:00,KEELE ST,FOUR WINDS DR,,4,Non-Fatal Injury,At Intersection,Traffic Signal,Pedestrian Collision(internal code),Clear,Daylight,Dry,Major Arterial,false,-79.49161217701246,43.76564258892881,1,Automobile or Station Wagon,North,1,22,Minimal,Lap and Shoulder Belt,Failed to yield right-of-way,Normal,,,Turning Left,,,,,driver,NA,York Centre (6),31 Division,York University Heights,true,false,false,false,false,false,true,true,true,false,"{""coordinates"": [[-79.49161217701246, 43.76564258892881]], ""type"": ""MultiPoint""}"
15159,2018:8002098708,2018-11-14T11:07:00,YORK MILLS RD,SCARSDALE RD,,2,Non-Fatal Injury,At Intersection,Traffic Signal,Pedestrian Collision(internal code),Clear,Daylight,Dry,Major Arterial,false,-79.3574566934097,43.75342013496582,1,Truck - Closed,North,1,46,None,Use Unknown,Failed to yield right-of-way,Inattentive,,,Turning Right,,,,,driver,NA,Don Valley East (16),33 Division,Banbury-Don Mills,true,true,false,false,false,false,true,false,false,true,"{""coordinates"": [[-79.3574566934097, 43.75342013496582]], ""type"": ""MultiPoint""}"
15160,2018:8002098708,2018-11-14T11:07:00,YORK MILLS RD,SCARSDALE RD,,2,Non-Fatal Injury,At Intersection,Traffic Signal,Pedestrian Collision(internal code),Clear,Daylight,Dry,Major Arterial,false,-79.3574566934097,43.75342013496582,1,,North,2,45,Major,Use Unknown,,,Crossing with right-of-way (intersection),Medical or Physical Disability,,Driver turns right into pedestrian crossing with right-of-way (at intersection),,,,pedestrian,NA,Don Valley East (16),33 Division,Banbury-Don Mills,true,true,false,false,false,false,true,false,false,true,"{""coordinates"": [[-79.3574566934097, 43.75342013496582]], ""type"": ""MultiPoint""}"
15161,2018:8002111291,2018-11-16T10:11:00,BRUCEWOOD CRES,COVINGTON RD,4 m South of,2,Non-Fatal Injury,At Intersection,Stop Sign,Pedestrian Collision(internal code),Snow,Daylight,Slush,Collector,false,-79.43363637938029,43.72013319198228,1,Pickup Truck,South,1,29,None,Lap and Shoulder Belt,Improper turn,Unknown,,,Turning Left,,,,,driver,NA,Eglinton-Lawrence (8),32 Division,Englemount-Lawrence,false,false,false,false,false,false,true,false,false,false,"{""coordinates"": [[-79.43363637938029, 43.72013319198228]], ""type"": ""MultiPoint""}"
15162,2018:8002111291,2018-11-16T10:11:00,BRUCEWOOD CRES,COVINGTON RD,4 m South of,2,Non-Fatal Injury,At Intersection,Stop Sign,Pedestrian Collision(internal code),Snow,Daylight,Slush,Collector,false,-79.43363637938029,43.72013319198228,1,,South,2,29,Major,No Equipment Available,,,Crossing with right-of-way (intersection),Normal,,Driver turns left into pedestrian crossing with right-of-way (at intersection),,,,pedestrian,NA,Eglinton-Lawrence (8),32 Division,Englemount-Lawrence,false,false,false,false,false,false,true,false,false,false,"{""coordinates"": [[-79.43363637938029, 43.72013319198228]], ""type"": ""MultiPoint""}"
15163,2018:8002114840,2018-11-16T20:16:00,STEELES AVE E,BAYVIEW AVE,,2,Non-Fatal Injury,At Intersection,Traffic Signal,Pedestrian Collision(internal code),Snow,Dark with Artificial Lighting,Wet,Major Arterial,false,-79.39619114105518,43.80319816359904,1,,South,2,18,Major,Use Unknown,,,Crossing with right-of-way (intersection),Normal,,Driver turns left into pedestrian crossing with right-of-way (at intersection),,,,pedestrian,NA,Don Valley North (17),33 Division,Bayview Woods-Steeles,true,false,false,false,false,false,true,false,true,false,"{""coordinates"": [[-79.39619114105518, 43.80319816359904]], ""type"": ""MultiPoint""}"
15164,2018:8002114840,2018-11-16T20:16:00,STEELES AVE E,BAYVIEW AVE,,2,Non-Fatal Injury,At Intersection,Traffic Signal,Pedestrian Collision(internal code),Snow,Dark with Artificial Lighting,Wet,Major Arterial,false,-79.39619114105518,43.80319816359904,1,Automobile or Station Wagon,South,1,20,None,Use Unknown,Failed to yield right-of-way,Normal,,,Turning Left,,,,,driver,NA,Don Valley North (17),33 Division,Bayview Woods-Steeles,true,false,false,false,false,false,true,false,true,false,"{""coordinates"": [[-79.39619114105518, 43.80319816359904]], ""type"": ""MultiPoint""}"
15165,2018:8002123284,2018-11-18T07:20:00,BLOOR ST W,AVENUE RD,,4,Non-Fatal Injury,At Intersection,Traffic Signal,Angle,Clear,Daylight,Dry,Major Arterial,false,-79.39410086722475,43.66864618354451,2,,,4,33,Minor,Lap and Shoulder Belt,,,,,,,,,,passenger,NA,University-Rosedale (11),52 Division,Bay-Cloverhill,true,true,false,false,false,false,false,true,false,true,"{""coordinates"": [[-79.39410086722475, 43.66864618354451]], ""type"": ""MultiPoint""}"
15166,2018:8002123284,2018-11-18T07:20:00,BLOOR ST W,AVENUE RD,,4,Non-Fatal Injury,At Intersection,Traffic Signal,Angle,Clear,Daylight,Dry,Major Arterial,false,-79.39410086722475,43.66864618354451,1,Automobile or Station Wagon,North,1,20,Minor,Lap and Shoulder Belt,Disobeyed traffic control,Inattentive,,,Going Ahead,,,,,driver,NA,University-Rosedale (11),52 Division,Bay-Cloverhill,true,true,false,false,false,false,false,true,false,true,"{""coordinates"": [[-79.39410086722475, 43.66864618354451]], ""type"": ""MultiPoint""}"
15167,2018:8002123284,2018-11-18T07:20:00,BLOOR ST W,AVENUE RD,,4,Non-Fatal Injury,At Intersection,Traffic Signal,Angle,Clear,Daylight,Dry,Major Arterial,false,-79.39410086722475,43.66864618354451,2,Delivery Van,East,2,28,Minimal,Lap and Shoulder Belt,Driving properly,Normal,,,Going Ahead,,,,,driver,NA,University-Rosedale (11),52 Division,Bay-Cloverhill,true,true,false,false,false,false,false,true,false,true,"{""coordinates"": [[-79.39410086722475, 43.66864618354451]], ""type"": ""MultiPoint""}"
15168,2018:8002123284,2018-11-18T07:20:00,BLOOR ST W,AVENUE RD,,4,Non-Fatal Injury,At Intersection,Traffic Signal,Angle,Clear,Daylight,Dry,Major Arterial,false,-79.39410086722475,43.66864618354451,1,,,3,20,Major,Lap and Shoulder Belt,,,,,,,,,,passenger,NA,University-Rosedale (11),52 Division,Bay-Cloverhill,true,true,false,false,false,false,false,true,false,true,"{""coordinates"": [[-79.39410086722475, 43.66864618354451]], ""type"": ""MultiPoint""}"
15169,2018:8002128352,2018-11-19T06:17:00,MCCOWAN RD,ALTON TOWERS CRCL,,3,Non-Fatal Injury,At Intersection,Traffic Signal,Pedestrian Collision(internal code),Clear,Dark,Dry,Major Arterial,false,-79.2739527714811,43.82243172754917,1,,West,3,30,Major,Use Unknown,,,Crossing with right-of-way (intersection),Normal,,Driver turns left into pedestrian crossing with right-of-way (at intersection),,,,pedestrian,NA,Scarborough North (23),42 Division,Milliken,true,true,false,false,false,false,true,false,false,false,"{""coordinates"": [[-79.2739527714811, 43.82243172754917]], ""type"": ""MultiPoint""}"
15170,2018:8002128352,2018-11-19T06:17:00,MCCOWAN RD,ALTON TOWERS CRCL,,3,Non-Fatal Injury,At Intersection,Traffic Signal,Pedestrian Collision(internal code),Clear,Dark,Dry,Major Arterial,false,-79.2739527714811,43.82243172754917,1,,,2,21,None,Use Unknown,,,,,,,,,,passenger,NA,Scarborough North (23),42 Division,Milliken,true,true,false,false,false,false,true,false,false,false,"{""coordinates"": [[-79.2739527714811, 43.82243172754917]], ""type"": ""MultiPoint""}"
15171,2018:8002128352,2018-11-19T06:17:00,MCCOWAN RD,ALTON TOWERS CRCL,,3,Non-Fatal Injury,At Intersection,Traffic Signal,Pedestrian Collision(internal code),Clear,Dark,Dry,Major Arterial,false,-79.2739527714811,43.82243172754917,1,Automobile or Station Wagon,East,1,64,None,Use Unknown,Failed to yield right-of-way,Inattentive,,,Turning Left,,,,,driver,NA,Scarborough North (23),42 Division,Milliken,true,true,false,false,false,false,true,false,false,false,"{""coordinates"": [[-79.2739527714811, 43.82243172754917]], ""type"": ""MultiPoint""}"
15172,2018:8002129020,2018-11-19T08:47:00,WALPOLE AVE,GLENSIDE AVE,9 m West of,2,Non-Fatal Injury,At Intersection,Stop Sign,Pedestrian Collision(internal code),Clear,Daylight,Dry,Collector,false,-79.32720620043555,43.6744635001432,1,,North,2,2,Major,Use Unknown,,,Running onto roadway,Inattentive,,Driver turns left into pedestrian crossing without right-of-way (at intersection),,,,pedestrian,NA,Toronto-Danforth (14),55 Division,Greenwood-Coxwell,false,true,false,false,false,false,true,false,false,false,"{""coordinates"": [[-79.32720620043555, 43.674463500143204]], ""type"": ""MultiPoint""}"
15173,2018:8002129020,2018-11-19T08:47:00,WALPOLE AVE,GLENSIDE AVE,9 m West of,2,Non-Fatal Injury,At Intersection,Stop Sign,Pedestrian Collision(internal code),Clear,Daylight,Dry,Collector,false,-79.32720620043555,43.6744635001432,1,Automobile or Station Wagon,North,1,62,None,Lap and Shoulder Belt,Driving properly,Normal,,,Turning Left,,,,,driver,NA,Toronto-Danforth (14),55 Division,Greenwood-Coxwell,false,true,false,false,false,false,true,false,false,false,"{""coordinates"": [[-79.32720620043555, 43.674463500143204]], ""type"": ""MultiPoint""}"
15174,2018:8002130924,2018-11-19T13:53:00,828 DUNDAS ST W,,26 m East of,2,Non-Fatal Injury,Intersection-Related,No Control,SMV Other,Clear,Daylight,Dry,Major Arterial,false,-79.4096954067739,43.65148007325181,1,Automobile or Station Wagon,East,2,69,Major,Lap and Shoulder Belt,Driving properly,Medical or Physical Disability,,,Turning Left,,,,,driver,NA,Spadina-Fort York (10),14 Division,Trinity-Bellwoods,false,false,false,false,false,true,false,false,false,false,"{""coordinates"": [[-79.4096954067739, 43.651480073251804]], ""type"": ""MultiPoint""}"
15175,2018:8002130924,2018-11-19T13:53:00,828 DUNDAS ST W,,26 m East of,2,Non-Fatal Injury,Intersection-Related,No Control,SMV Other,Clear,Daylight,Dry,Major Arterial,false,-79.4096954067739,43.65148007325181,1,,,1,NA,None,Lap and Shoulder Belt,,,,,,,,,,other,NA,Spadina-Fort York (10),14 Division,Trinity-Bellwoods,false,false,false,false,false,true,false,false,false,false,"{""coordinates"": [[-79.4096954067739, 43.651480073251804]], ""type"": ""MultiPoint""}"
15176,2018:8002132961,2018-11-19T18:37:00,ST CLAIR AVE W,WINONA DR,,2,Non-Fatal Injury,At Intersection,Traffic Controller,Pedestrian Collision(internal code),Clear,Dark with Artificial Lighting,Dry,Major Arterial,false,-79.43246151685352,43.68020476766165,1,Automobile or Station Wagon,East,1,67,None,Lap and Shoulder Belt,Driving properly,Normal,,,Going Ahead,,,,,driver,NA,Toronto-St. Paul's (12),13 Division,Wychwood,false,false,false,false,false,true,true,false,false,false,"{""coordinates"": [[-79.43246151685352, 43.68020476766165]], ""type"": ""MultiPoint""}"
15177,2018:8002132961,2018-11-19T18:37:00,ST CLAIR AVE W,WINONA DR,,2,Non-Fatal Injury,At Intersection,Traffic Controller,Pedestrian Collision(internal code),Clear,Dark with Artificial Lighting,Dry,Major Arterial,false,-79.43246151685352,43.68020476766165,1,,North,2,46,Major,Use Unknown,,,Crossing without right-of-way (intersection),Normal,,Driver going straight hits pedestrian crossing without right-of-way (at intersection),,,,pedestrian,NA,Toronto-St. Paul's (12),13 Division,Wychwood,false,false,false,false,false,true,true,false,false,false,"{""coordinates"": [[-79.43246151685352, 43.68020476766165]], ""type"": ""MultiPoint""}"
15178,2018:8002134677,2018-11-20T01:30:00,MCCOWAN RD,LAWRENCE AVE E,50 m South of,2,Non-Fatal Injury,Non-Intersection,No Control,Pedestrian Collision(internal code),Clear,Dark with Artificial Lighting,Dry,Major Arterial,true,-79.24526625839027,43.75494969027834,1,Automobile or Station Wagon,South,1,21,None,Use Unknown,Other,Unknown,,,Going Ahead,,,,,driver,NA,Scarborough Centre (21),43 Division,Bendale South,false,true,false,false,false,false,true,false,false,false,"{""coordinates"": [[-79.24526625839027, 43.75494969027834]], ""type"": ""MultiPoint""}"
15179,2018:8002134677,2018-11-20T01:30:00,MCCOWAN RD,LAWRENCE AVE E,50 m South of,2,Non-Fatal Injury,Non-Intersection,No Control,Pedestrian Collision(internal code),Clear,Dark with Artificial Lighting,Dry,Major Arterial,true,-79.24526625839027,43.75494969027834,1,,West,2,20,Major,Use Unknown,,,Crossing - no traffic control,Inattentive,,Driver hits pedestrian at midblock,,,,pedestrian,NA,Scarborough Centre (21),43 Division,Bendale South,false,true,false,false,false,false,true,false,false,false,"{""coordinates"": [[-79.24526625839027, 43.75494969027834]], ""type"": ""MultiPoint""}"
15180,2018:8002138681,2018-11-20T16:06:00,DUFFERIN ST,STEEPROCK DR,52 m North of,2,Non-Fatal Injury,Non-Intersection,No Control,Pedestrian Collision(internal code),Clear,Dusk with Artificial Lighting,Dry,Major Arterial,false,-79.46535939148733,43.761831675055454,1,,East,2,21,Major,Use Unknown,,,Crossing - no traffic control,Inattentive,,Driver hits pedestrian at midblock,,,,pedestrian,NA,York Centre (6),32 Division,Bathurst Manor,false,true,false,false,false,false,true,false,false,false,"{""coordinates"": [[-79.46535939148733, 43.761831675055454]], ""type"": ""MultiPoint""}"
15181,2018:8002138681,2018-11-20T16:06:00,DUFFERIN ST,STEEPROCK DR,52 m North of,2,Non-Fatal Injury,Non-Intersection,No Control,Pedestrian Collision(internal code),Clear,Dusk with Artificial Lighting,Dry,Major Arterial,false,-79.46535939148733,43.761831675055454,1,Automobile or Station Wagon,South,1,64,None,Use Unknown,Driving properly,Normal,,,Going Ahead,,,,,driver,NA,York Centre (6),32 Division,Bathurst Manor,false,true,false,false,false,false,true,false,false,false,"{""coordinates"": [[-79.46535939148733, 43.761831675055454]], ""type"": ""MultiPoint""}"
15182,2018:8002139374,2018-11-20T18:04:00,665 LAWRENCE AVE W,,,2,Fatal Injury,At Intersection,Traffic Signal,Pedestrian Collision(internal code),Clear,Dark with Artificial Lighting,Dry,Major Arterial,false,-79.44494288660691,43.71585224976435,1,Municipal Transit Bus (TTC),West,1,51,Minor,,Driving properly,Inattentive,,,Turning Left,,,,,driver,NA,Eglinton-Lawrence (8),13 Division,Yorkdale-Glen Park,false,true,false,false,false,false,true,false,false,true,"{""coordinates"": [[-79.44494288660691, 43.71585224976435]], ""type"": ""MultiPoint""}"
15183,2019:9000383019,2019-03-01T16:09:00,2721 VICTORIA PARK AVE,,,6,Non-Fatal Injury,Non-Intersection,No Control,Pedestrian Collision(internal code),Clear,Daylight,Dry,Major Arterial,false,-79.32362787957015,43.77649138273306,1,,,3,18,None,Lap and Shoulder Belt,,,,,,,,,,passenger,NA,Don Valley North (17),33 Division,Pleasant View,false,true,false,false,false,true,true,false,true,false,"{""coordinates"": [[-79.32362787957015, 43.77649138273306]], ""type"": ""MultiPoint""}"