X_id,collision_id,accdate,stname1,stname2,stname3,per_inv,acclass,accloc,traffictl,impactype,visible,light,rdsfcond,road_class,failtorem,longitude,latitude,veh_no,vehtype,initdir,per_no,invage,injury,safequip,drivact,drivcond,pedact,pedcond,manoeuvre,pedtype,cyclistype,cycact,cyccond,road_user,fatal_no,wardname,division,neighbourhood,aggressive,distracted,cyclist,motorcyclist,other_micromobility,older_adult,pedestrian,red_light,school_child,heavy_truck,geometry
15480,2019:9000535271,2019-03-24T22:35:00,KEELE ST,WILSON AVE,20 m North of,5,Non-Fatal Injury,At Intersection,Traffic Signal,Turning Movement,Clear,Dark with Artificial Lighting,Dry,Major Arterial,false,-79.48202970285949,43.726568647227424,2,,,5,15,None,Lap and Shoulder Belt,,,,,,,,,,passenger,NA,York Centre (6),31 Division,Downsview,true,false,false,false,false,false,false,false,true,false,"{""coordinates"": [[-79.48202970285949, 43.726568647227424]], ""type"": ""MultiPoint""}"
15481,2019:9000541174,2019-03-25T19:00:00,DREWRY AVE,CHELMSFORD AVE,10 m North of,2,Non-Fatal Injury,At Intersection,No Control,Pedestrian Collision(internal code),Clear,Daylight,Dry,Minor Arterial,false,-79.43650494921394,43.78281247129177,1,Automobile or Station Wagon,West,1,49,None,Lap and Shoulder Belt,Failed to yield right-of-way,Unknown,,,Turning Right,,,,,driver,NA,Willowdale (18),32 Division,Newtonbrook West,true,false,false,false,false,true,true,false,false,false,"{""coordinates"": [[-79.43650494921394, 43.78281247129177]], ""type"": ""MultiPoint""}"
15482,2019:9000541174,2019-03-25T19:00:00,DREWRY AVE,CHELMSFORD AVE,10 m North of,2,Non-Fatal Injury,At Intersection,No Control,Pedestrian Collision(internal code),Clear,Daylight,Dry,Minor Arterial,false,-79.43650494921394,43.78281247129177,1,,East,2,69,Major,No Equipment Available,,,Crossing with right-of-way (intersection),Normal,,Driver turns right into pedestrian crossing with right-of-way (at intersection),,,,pedestrian,NA,Willowdale (18),32 Division,Newtonbrook West,true,false,false,false,false,true,true,false,false,false,"{""coordinates"": [[-79.43650494921394, 43.78281247129177]], ""type"": ""MultiPoint""}"
15483,2019:9000544201,2019-03-26T09:30:00,UNIVERSITY AVE,EDWARD ST,,2,Non-Fatal Injury,At Intersection,Stop Sign,Angle,Clear,Daylight,Dry,Major Arterial,false,-79.38856193659008,43.655393920378415,1,Automobile or Station Wagon,West,1,32,None,Lap and Shoulder Belt,Failed to yield right-of-way,Normal,,,Going Ahead,,,,,driver,NA,University-Rosedale (11),52 Division,Yonge-Bay Corridor,true,false,false,true,false,false,false,false,false,false,"{""coordinates"": [[-79.38856193659008, 43.655393920378415]], ""type"": ""MultiPoint""}"
15484,2019:9000544201,2019-03-26T09:30:00,UNIVERSITY AVE,EDWARD ST,,2,Non-Fatal Injury,At Intersection,Stop Sign,Angle,Clear,Daylight,Dry,Major Arterial,false,-79.38856193659008,43.655393920378415,2,Motorcycle,North,2,60,Major,Helmet,Driving properly,Normal,,,Going Ahead,,,,,motorcyclist,NA,University-Rosedale (11),52 Division,Yonge-Bay Corridor,true,false,false,true,false,false,false,false,false,false,"{""coordinates"": [[-79.38856193659008, 43.655393920378415]], ""type"": ""MultiPoint""}"
15485,2019:9000618680,2019-04-06T10:41:00,VICTORIA PARK AVE,FINCH AVE E,20 metres north,3,Fatal Injury,Intersection-Related,Traffic Signal,Approaching Head On,Clear,Daylight,Dry,Major Arterial,false,-79.33137159615221,43.793035096374155,0,Automobile or Station Wagon,South,1,44,Fatal,,Driving properly,Normal,,,Slowing or Stopping,,,,,driver,17,Scarborough-Agincourt (22),42 Division,L'Amoreaux West,false,false,false,false,false,true,false,false,false,false,"{""coordinates"": [[-79.33137159615221, 43.793035096374155]], ""type"": ""MultiPoint""}"
15486,2019:9000563702,2019-03-29T06:30:00,BLOOR ST E,SHERBOURNE ST,,2,Fatal Injury,At Intersection,Traffic Signal,Pedestrian Collision(internal code),Clear,Dark with Artificial Lighting,Dry,Major Arterial,false,-79.3768126207845,43.67228537911175,0,,South,2,62,Fatal,,,,Crossing without right-of-way (intersection),Other Condition,,Transit vehicle driver hits pedestrian anywhere along roadway,,,,pedestrian,15,Toronto Centre (13),51 Division,North St.James Town,false,false,false,false,false,false,true,false,false,true,"{""coordinates"": [[-79.3768126207845, 43.67228537911175]], ""type"": ""MultiPoint""}"
15487,2019:9000563702,2019-03-29T06:30:00,BLOOR ST E,SHERBOURNE ST,,2,Fatal Injury,At Intersection,Traffic Signal,Pedestrian Collision(internal code),Clear,Dark with Artificial Lighting,Dry,Major Arterial,false,-79.3768126207845,43.67228537911175,1,Municipal Transit Bus (TTC),East,1,51,None,,Driving properly,Normal,,,Going Ahead,,,,,driver,NA,Toronto Centre (13),51 Division,North St.James Town,false,false,false,false,false,false,true,false,false,true,"{""coordinates"": [[-79.3768126207845, 43.67228537911175]], ""type"": ""MultiPoint""}"
15488,2026:6001054686,2026-05-22T12:20:00,PARLIAMENT ST,GERRARD ST,,2,Fatal Injury,At Intersection,,SMV Other,,,,,false,-79.36701082794322,43.66193915609474,1,Truck - Dump,South,1,55,None,,Driving properly,,,,,,,,,driver,NA,Toronto Centre (13),51 Division,Regent Park,false,true,false,false,false,false,true,false,false,true,"{""coordinates"": [[-79.36701082794322, 43.66193915609474]], ""type"": ""MultiPoint""}"
15489,2019:9000568934,2019-03-29T20:22:00,BAYVIEW AVE,ROSEDALE VALLEY RD,,2,Non-Fatal Injury,At Intersection,Traffic Signal,Turning Movement,Clear,Daylight,Dry,Major Arterial,false,-79.360111847582,43.67012623698208,1,Automobile or Station Wagon,North,1,22,None,Lap and Shoulder Belt,Failed to yield right-of-way,Inattentive,,,Turning Left,,,,,driver,NA,Toronto Centre (13),51 Division,Cabbagetown-South St.James Town,true,true,false,true,false,false,false,false,false,false,"{""coordinates"": [[-79.360111847582, 43.67012623698208]], ""type"": ""MultiPoint""}"
15490,2019:9000568934,2019-03-29T20:22:00,BAYVIEW AVE,ROSEDALE VALLEY RD,,2,Non-Fatal Injury,At Intersection,Traffic Signal,Turning Movement,Clear,Daylight,Dry,Major Arterial,false,-79.360111847582,43.67012623698208,2,Motorcycle,South,2,26,Major,Helmet,Driving properly,Normal,,,Going Ahead,,,,,motorcyclist,NA,Toronto Centre (13),51 Division,Cabbagetown-South St.James Town,true,true,false,true,false,false,false,false,false,false,"{""coordinates"": [[-79.360111847582, 43.67012623698208]], ""type"": ""MultiPoint""}"
15491,2019:9000570843,2019-03-30T03:52:00,2747 ST CLAIR AVE E,,50 m West of,1,Non-Fatal Injury,Non-Intersection,No Control,SMV Other,Clear,Dark with Artificial Lighting,Dry,Major Arterial,false,-79.30868195340295,43.70623227099083,1,Automobile or Station Wagon,West,1,33,Major,Lap and Shoulder Belt,Lost control,Unknown,,,Going Ahead,,,,,driver,NA,Beaches-East York (19),55 Division,O'Connor-Parkview,false,false,false,false,false,false,false,false,false,false,"{""coordinates"": [[-79.30868195340295, 43.70623227099083]], ""type"": ""MultiPoint""}"
15492,2019:9000583629,2019-04-01T08:48:00,QUEEN ST E,CARROLL ST,13 m East of,3,Non-Fatal Injury,At Intersection,Pedestrian Crossover,Pedestrian Collision(internal code),Clear,Daylight,Dry,Major Arterial,false,-79.3522001675609,43.65825870420109,2,,South,3,31,Major,No Equipment Available,,,Crossing with right-of-way (intersection),Normal,,Driver hits pedestrian at PXO/pedestrian midblock signal,,,,pedestrian,NA,Toronto-Danforth (14),55 Division,South Riverdale,true,false,false,false,false,false,true,false,false,true,"{""coordinates"": [[-79.3522001675609, 43.65825870420109]], ""type"": ""MultiPoint""}"
15493,2019:9000583629,2019-04-01T08:48:00,QUEEN ST E,CARROLL ST,13 m East of,3,Non-Fatal Injury,At Intersection,Pedestrian Crossover,Pedestrian Collision(internal code),Clear,Daylight,Dry,Major Arterial,false,-79.3522001675609,43.65825870420109,2,Automobile or Station Wagon,East,2,41,Minimal,Lap and Shoulder Belt,Driving properly,Normal,,,Stopped,,,,,driver,NA,Toronto-Danforth (14),55 Division,South Riverdale,true,false,false,false,false,false,true,false,false,true,"{""coordinates"": [[-79.3522001675609, 43.65825870420109]], ""type"": ""MultiPoint""}"
15494,2019:9000583629,2019-04-01T08:48:00,QUEEN ST E,CARROLL ST,13 m East of,3,Non-Fatal Injury,At Intersection,Pedestrian Crossover,Pedestrian Collision(internal code),Clear,Daylight,Dry,Major Arterial,false,-79.3522001675609,43.65825870420109,1,Streetcar,East,1,34,None,Lap Belt Only,Following too closely,Normal,,,Going Ahead,,,,,driver,NA,Toronto-Danforth (14),55 Division,South Riverdale,true,false,false,false,false,false,true,false,false,true,"{""coordinates"": [[-79.3522001675609, 43.65825870420109]], ""type"": ""MultiPoint""}"
15495,2019:9000588881,2019-04-01T23:43:00,MCCOWAN RD,ELLESMERE RD,,2,Non-Fatal Injury,At Intersection,Traffic Signal,Pedestrian Collision(internal code),Clear,Dark with Artificial Lighting,Dry,Major Arterial,true,-79.25146132207348,43.77207006091481,1,Automobile or Station Wagon,North,1,24,None,Lap and Shoulder Belt,Exceeding speed limit,Unknown,,,Going Ahead,,,,,driver,NA,Scarborough-Guildwood (24),43 Division,Woburn North,true,false,false,false,false,false,true,false,false,false,"{""coordinates"": [[-79.25146132207348, 43.77207006091481]], ""type"": ""MultiPoint""}"
15496,2019:9000588881,2019-04-01T23:43:00,MCCOWAN RD,ELLESMERE RD,,2,Non-Fatal Injury,At Intersection,Traffic Signal,Pedestrian Collision(internal code),Clear,Dark with Artificial Lighting,Dry,Major Arterial,true,-79.25146132207348,43.77207006091481,1,,East,2,23,Major,No Equipment Available,,,Crossing with right-of-way (intersection),Normal,,Driver going straight hits pedestrian crossing with right-of-way (at intersection),,,,pedestrian,NA,Scarborough-Guildwood (24),43 Division,Woburn North,true,false,false,false,false,false,true,false,false,false,"{""coordinates"": [[-79.25146132207348, 43.77207006091481]], ""type"": ""MultiPoint""}"
15497,2019:9000589078,2019-04-02T00:55:00,STEELES AVE E,ASPENWOOD DR,65 m East of,2,Non-Fatal Injury,Non-Intersection,No Control,Pedestrian Collision(internal code),Clear,Dark,Dry,Major Arterial,false,-79.36666533058768,43.809755593683896,1,Automobile or Station Wagon,East,1,23,None,Lap and Shoulder Belt,Driving properly,Normal,,,Going Ahead,,,,,driver,NA,Don Valley North (17),33 Division,Hillcrest Village,false,false,false,false,false,true,true,false,false,false,"{""coordinates"": [[-79.36666533058768, 43.809755593683896]], ""type"": ""MultiPoint""}"
15498,2019:9000589078,2019-04-02T00:55:00,STEELES AVE E,ASPENWOOD DR,65 m East of,2,Non-Fatal Injury,Non-Intersection,No Control,Pedestrian Collision(internal code),Clear,Dark,Dry,Major Arterial,false,-79.36666533058768,43.809755593683896,1,,North,2,67,Major,Use Unknown,,,Crossing - no traffic control,Normal,,Driver hits pedestrian at midblock,,,,pedestrian,NA,Don Valley North (17),33 Division,Hillcrest Village,false,false,false,false,false,true,true,false,false,false,"{""coordinates"": [[-79.36666533058768, 43.809755593683896]], ""type"": ""MultiPoint""}"
15499,2019:9000618194,2019-04-06T09:07:00,SCOTTFIELD DR,FINCH AVE E,,2,Fatal Injury,At Intersection,Traffic Signal,Pedestrian Collision(internal code),Clear,Daylight,Dry,Major Arterial,false,-79.25287945570184,43.810781006643346,0,,North,1,88,Fatal,,,,Crossing with right-of-way (intersection),Normal,,Driver turns left into pedestrian crossing with right-of-way (at intersection),,,,pedestrian,16,Scarborough North (23),42 Division,Agincourt North,true,false,false,false,false,true,true,false,false,false,"{""coordinates"": [[-79.25287945570184, 43.810781006643346]], ""type"": ""MultiPoint""}"
15500,2019:9000618194,2019-04-06T09:07:00,SCOTTFIELD DR,FINCH AVE E,,2,Fatal Injury,At Intersection,Traffic Signal,Pedestrian Collision(internal code),Clear,Daylight,Dry,Major Arterial,false,-79.25287945570184,43.810781006643346,1,Pickup Truck,South,2,51,None,,Failed to yield right-of-way,Normal,,,Turning Left,,,,,driver,NA,Scarborough North (23),42 Division,Agincourt North,true,false,false,false,false,true,true,false,false,false,"{""coordinates"": [[-79.25287945570184, 43.810781006643346]], ""type"": ""MultiPoint""}"
15501,2019:9000618680,2019-04-06T10:41:00,VICTORIA PARK AVE,FINCH AVE E,20 metres north,3,Fatal Injury,Intersection-Related,Traffic Signal,Approaching Head On,Clear,Daylight,Dry,Major Arterial,false,-79.33137159615221,43.793035096374155,0,Automobile or Station Wagon,South,3,66,Minimal,,Driving properly,Unknown,,,Slowing or Stopping,,,,,driver,NA,Scarborough-Agincourt (22),42 Division,L'Amoreaux West,false,false,false,false,false,true,false,false,false,false,"{""coordinates"": [[-79.33137159615221, 43.793035096374155]], ""type"": ""MultiPoint""}"
15502,2019:9000618680,2019-04-06T10:41:00,VICTORIA PARK AVE,FINCH AVE E,20 metres north,3,Fatal Injury,Intersection-Related,Traffic Signal,Approaching Head On,Clear,Daylight,Dry,Major Arterial,false,-79.33137159615221,43.793035096374155,0,Automobile or Station Wagon,North,2,59,Minor,,Lost control,Unknown,,,Going Ahead,,,,,driver,NA,Scarborough-Agincourt (22),42 Division,L'Amoreaux West,false,false,false,false,false,true,false,false,false,false,"{""coordinates"": [[-79.33137159615221, 43.793035096374155]], ""type"": ""MultiPoint""}"
15503,2019:9000625223,2019-04-07T11:13:00,THE WEST MALL,CIVIC CENTRE CRT,8 m North of,1,Non-Fatal Injury,At Intersection,Traffic Signal,SMV Other,Clear,Daylight,Dry,Minor Arterial,false,-79.56596094508595,43.64217624600237,1,Automobile or Station Wagon,South,1,29,Major,Equipment Not Used But Available,Lost control,Unknown,,,Going Ahead,,,,,driver,NA,Etobicoke Centre (2),22 Division,Etobicoke West Mall,false,false,false,false,false,false,false,false,false,false,"{""coordinates"": [[-79.56596094508595, 43.64217624600237]], ""type"": ""MultiPoint""}"
15504,2019:9000625948,2019-04-07T13:30:00,PORT UNION RD,CONFERENCE BLVD,4 m  of,2,Non-Fatal Injury,At Intersection,Traffic Signal,Pedestrian Collision(internal code),Clear,Daylight,Dry,Minor Arterial,false,-79.13937772460311,43.78606226269129,1,Pickup Truck,East,1,65,None,Lap and Shoulder Belt,Failed to yield right-of-way,Normal,,,Turning Left,,,,,driver,NA,Scarborough-Rouge Park (25),43 Division,Centennial Scarborough,true,false,false,false,false,true,true,false,false,false,"{""coordinates"": [[-79.13937772460311, 43.78606226269129]], ""type"": ""MultiPoint""}"
15505,2019:9000625948,2019-04-07T13:30:00,PORT UNION RD,CONFERENCE BLVD,4 m  of,2,Non-Fatal Injury,At Intersection,Traffic Signal,Pedestrian Collision(internal code),Clear,Daylight,Dry,Minor Arterial,false,-79.13937772460311,43.78606226269129,1,,West,2,46,Major,No Equipment Available,,,Crossing with right-of-way (intersection),Normal,,Driver turns left into pedestrian crossing with right-of-way (at intersection),,,,pedestrian,NA,Scarborough-Rouge Park (25),43 Division,Centennial Scarborough,true,false,false,false,false,true,true,false,false,false,"{""coordinates"": [[-79.13937772460311, 43.78606226269129]], ""type"": ""MultiPoint""}"
15506,2019:9000637791,2019-04-09T08:53:00,JANE ST,EGLINTON AVE W,68 m North of,2,Non-Fatal Injury,Non-Intersection,No Control,Pedestrian Collision(internal code),Clear,Daylight,Dry,Major Arterial,false,-79.4992646101531,43.68587731401434,1,Automobile or Station Wagon,North,1,24,None,Lap and Shoulder Belt,Driving properly,Normal,,,Going Ahead,,,,,driver,NA,York South-Weston (5),12 Division,Mount Dennis,false,false,false,false,false,false,true,false,true,false,"{""coordinates"": [[-79.4992646101531, 43.68587731401434]], ""type"": ""MultiPoint""}"
15507,2019:9000637791,2019-04-09T08:53:00,JANE ST,EGLINTON AVE W,68 m North of,2,Non-Fatal Injury,Non-Intersection,No Control,Pedestrian Collision(internal code),Clear,Daylight,Dry,Major Arterial,false,-79.4992646101531,43.68587731401434,1,,Unknown,2,13,Major,Lap and Shoulder Belt,,,Crossing - no traffic control,Normal,,Driver hits pedestrian at midblock,,,,pedestrian,NA,York South-Weston (5),12 Division,Mount Dennis,false,false,false,false,false,false,true,false,true,false,"{""coordinates"": [[-79.4992646101531, 43.68587731401434]], ""type"": ""MultiPoint""}"
15508,2019:9000638923,2019-04-09T11:32:00,ST CLAIR AVE W,YONGE ST,,2,Non-Fatal Injury,At Intersection,Traffic Signal,Pedestrian Collision(internal code),Clear,Daylight,Dry,Major Arterial,true,-79.39410083709748,43.68800958215836,1,Automobile or Station Wagon,East,1,22,None,Use Unknown,Failed to yield right-of-way,Unknown,,,Going Ahead,,,,,driver,NA,Toronto-St. Paul's (12),53 Division,Rosedale-Moore Park,true,false,false,false,false,false,true,false,false,false,"{""coordinates"": [[-79.39410083709748, 43.68800958215836]], ""type"": ""MultiPoint""}"
15509,2019:9000638923,2019-04-09T11:32:00,ST CLAIR AVE W,YONGE ST,,2,Non-Fatal Injury,At Intersection,Traffic Signal,Pedestrian Collision(internal code),Clear,Daylight,Dry,Major Arterial,true,-79.39410083709748,43.68800958215836,1,,South,2,46,Major,Use Unknown,,,Crossing without right-of-way (intersection),Medical or Physical Disability,,Driver going straight hits pedestrian crossing without right-of-way (at intersection),,,,pedestrian,NA,Toronto-St. Paul's (12),53 Division,Rosedale-Moore Park,true,false,false,false,false,false,true,false,false,false,"{""coordinates"": [[-79.39410083709748, 43.68800958215836]], ""type"": ""MultiPoint""}"
15510,2019:9000663260,2019-04-10T15:15:00,QUEEN ST W,SHAW ST,30 m West of,2,Non-Fatal Injury,At Intersection,Traffic Signal,Cyclist Collision,Clear,Daylight,Dry,Major Arterial,false,-79.4162643393282,43.6446517768068,1,Automobile or Station Wagon,East,1,39,None,Lap and Shoulder Belt,Improper passing,Unknown,,,Changing Lanes,,,,,driver,NA,Spadina-Fort York (10),14 Division,West Queen West,true,false,true,false,false,false,false,false,false,false,"{""coordinates"": [[-79.4162643393282, 43.6446517768068]], ""type"": ""MultiPoint""}"
15511,2019:9000663260,2019-04-10T15:15:00,QUEEN ST W,SHAW ST,30 m West of,2,Non-Fatal Injury,At Intersection,Traffic Signal,Cyclist Collision,Clear,Daylight,Dry,Major Arterial,false,-79.4162643393282,43.6446517768068,2,Bicycle,East,2,NA,Major,Helmet,,,,,Going Ahead,,Sideswipe with cyclist and driver travelling in same direction,Driving Properly,Normal,cyclist,NA,Spadina-Fort York (10),14 Division,West Queen West,true,false,true,false,false,false,false,false,false,false,"{""coordinates"": [[-79.4162643393282, 43.6446517768068]], ""type"": ""MultiPoint""}"
15512,2019:9000650063,2019-04-10T21:38:00,DANFORTH RD,TRUDELLE ST,50 m North of,4,Non-Fatal Injury,At/Near Private Drive,No Control,Turning Movement,Clear,Dark with Artificial Lighting,Dry,Major Arterial,false,-79.24551041436293,43.74046909796974,2,,,1,28,Major,Use Unknown,,,,,,,,,,passenger,NA,Scarborough Centre (21),43 Division,Eglinton East,true,false,false,false,false,false,false,false,true,false,"{""coordinates"": [[-79.24551041436293, 43.74046909796974]], ""type"": ""MultiPoint""}"
15513,2019:9000650063,2019-04-10T21:38:00,DANFORTH RD,TRUDELLE ST,50 m North of,4,Non-Fatal Injury,At/Near Private Drive,No Control,Turning Movement,Clear,Dark with Artificial Lighting,Dry,Major Arterial,false,-79.24551041436293,43.74046909796974,1,,,4,19,None,Use Unknown,,,,,,,,,,passenger,NA,Scarborough Centre (21),43 Division,Eglinton East,true,false,false,false,false,false,false,false,true,false,"{""coordinates"": [[-79.24551041436293, 43.74046909796974]], ""type"": ""MultiPoint""}"
15514,2019:9000650063,2019-04-10T21:38:00,DANFORTH RD,TRUDELLE ST,50 m North of,4,Non-Fatal Injury,At/Near Private Drive,No Control,Turning Movement,Clear,Dark with Artificial Lighting,Dry,Major Arterial,false,-79.24551041436293,43.74046909796974,1,Automobile or Station Wagon,South,2,21,None,Use Unknown,Exceeding speed limit,Normal,,,Going Ahead,,,,,driver,NA,Scarborough Centre (21),43 Division,Eglinton East,true,false,false,false,false,false,false,false,true,false,"{""coordinates"": [[-79.24551041436293, 43.74046909796974]], ""type"": ""MultiPoint""}"
15515,2019:9000650063,2019-04-10T21:38:00,DANFORTH RD,TRUDELLE ST,50 m North of,4,Non-Fatal Injury,At/Near Private Drive,No Control,Turning Movement,Clear,Dark with Artificial Lighting,Dry,Major Arterial,false,-79.24551041436293,43.74046909796974,2,Automobile or Station Wagon,North,3,52,Minor,Use Unknown,Driving properly,Normal,,,Turning Left,,,,,driver,NA,Scarborough Centre (21),43 Division,Eglinton East,true,false,false,false,false,false,false,false,true,false,"{""coordinates"": [[-79.24551041436293, 43.74046909796974]], ""type"": ""MultiPoint""}"
15516,2019:9000657461,2019-04-11T23:55:00,ROYAL YORK RD,MEADOWVALE DR,,4,Non-Fatal Injury,At Intersection,No Control,Approaching Head On,Clear,Dark with Artificial Lighting,Dry,Minor Arterial,true,-79.51059435051164,43.64553310966255,1,Automobile or Station Wagon,North,1,NA,None,Use Unknown,Speed too fast for conditions,Inattentive,,,Going Ahead,,,,,driver,NA,Etobicoke-Lakeshore (3),22 Division,Stonegate-Queensway,true,true,false,false,false,true,false,false,false,false,"{""coordinates"": [[-79.51059435051164, 43.64553310966255]], ""type"": ""MultiPoint""}"
15517,2019:9000657461,2019-04-11T23:55:00,ROYAL YORK RD,MEADOWVALE DR,,4,Non-Fatal Injury,At Intersection,No Control,Approaching Head On,Clear,Dark with Artificial Lighting,Dry,Minor Arterial,true,-79.51059435051164,43.64553310966255,2,Automobile or Station Wagon,South,2,74,None,Use Unknown,Driving properly,Normal,,,Going Ahead,,,,,driver,NA,Etobicoke-Lakeshore (3),22 Division,Stonegate-Queensway,true,true,false,false,false,true,false,false,false,false,"{""coordinates"": [[-79.51059435051164, 43.64553310966255]], ""type"": ""MultiPoint""}"
15518,2019:9000657461,2019-04-11T23:55:00,ROYAL YORK RD,MEADOWVALE DR,,4,Non-Fatal Injury,At Intersection,No Control,Approaching Head On,Clear,Dark with Artificial Lighting,Dry,Minor Arterial,true,-79.51059435051164,43.64553310966255,2,,,4,73,None,Use Unknown,,,,,,,,,,passenger,NA,Etobicoke-Lakeshore (3),22 Division,Stonegate-Queensway,true,true,false,false,false,true,false,false,false,false,"{""coordinates"": [[-79.51059435051164, 43.64553310966255]], ""type"": ""MultiPoint""}"
15519,2019:9000657461,2019-04-11T23:55:00,ROYAL YORK RD,MEADOWVALE DR,,4,Non-Fatal Injury,At Intersection,No Control,Approaching Head On,Clear,Dark with Artificial Lighting,Dry,Minor Arterial,true,-79.51059435051164,43.64553310966255,3,Automobile or Station Wagon,South,3,34,Major,Use Unknown,Driving properly,Normal,,,Going Ahead,,,,,driver,NA,Etobicoke-Lakeshore (3),22 Division,Stonegate-Queensway,true,true,false,false,false,true,false,false,false,false,"{""coordinates"": [[-79.51059435051164, 43.64553310966255]], ""type"": ""MultiPoint""}"
15520,2019:9000660367,2019-04-12T12:28:00,15 AUSTREY CRT,,1 m South of,1,Non-Fatal Injury,Non-Intersection,No Control,SMV Other,Clear,Daylight,Dry,Local,false,-79.50766449977398,43.731943585154035,1,Delivery Van,South,1,51,Major,Use Unknown,Lost control,Medical or Physical Disability,,,Going Ahead,,,,,driver,NA,York Centre (6),31 Division,Oakdale-Beverley Heights,false,false,false,false,false,false,false,false,false,true,"{""coordinates"": [[-79.50766449977398, 43.731943585154035]], ""type"": ""MultiPoint""}"
15521,2019:9000671452,2019-04-14T01:51:00,COLLEGE ST,SPADINA AVE,20 m East of,2,Non-Fatal Injury,Non-Intersection,No Control,Pedestrian Collision(internal code),Clear,Dark with Artificial Lighting,Dry,Major Arterial,true,-79.40009759968824,43.65787348998727,1,Automobile or Station Wagon,West,1,26,None,Use Unknown,Lost control,Unknown,,,Going Ahead,,,,,driver,NA,University-Rosedale (11),14 Division,Kensington-Chinatown,false,false,false,false,false,false,true,false,false,false,"{""coordinates"": [[-79.40009759968824, 43.65787348998727]], ""type"": ""MultiPoint""}"
15522,2026:6001050956,2026-05-21T21:59:00,11053 SHEPPARD AVE E,,,4,Fatal Injury,Non-Intersection,,Approaching Head On,,,,,false,-79.15531033312776,43.80284891142957,1,Automobile or Station Wagon,North,3,42,Fatal,,,,,,,,,,,passenger,17,Scarborough-Rouge Park (25),42 Division,West Rouge,false,true,false,false,false,false,false,false,false,false,"{""coordinates"": [[-79.15531033312776, 43.80284891142957]], ""type"": ""MultiPoint""}"
15523,2019:9000671452,2019-04-14T01:51:00,COLLEGE ST,SPADINA AVE,20 m East of,2,Non-Fatal Injury,Non-Intersection,No Control,Pedestrian Collision(internal code),Clear,Dark with Artificial Lighting,Dry,Major Arterial,true,-79.40009759968824,43.65787348998727,1,,Unknown,2,21,Major,No Equipment Available,,,Other,Normal,,Driver hits pedestrian at midblock,,,,pedestrian,NA,University-Rosedale (11),14 Division,Kensington-Chinatown,false,false,false,false,false,false,true,false,false,false,"{""coordinates"": [[-79.40009759968824, 43.65787348998727]], ""type"": ""MultiPoint""}"
15524,2019:9000685425,2019-04-16T10:00:00,DON MILLS RD,KERN RD,,6,Non-Fatal Injury,At Intersection,No Control,Turning Movement,Clear,Daylight,Dry,Major Arterial,false,-79.34683656171562,43.750013597055975,3,Automobile or Station Wagon,East,3,21,None,Lap and Shoulder Belt,Driving properly,Normal,,,Stopped,,,,,driver,NA,Don Valley East (16),33 Division,Banbury-Don Mills,true,false,false,false,false,true,false,false,false,false,"{""coordinates"": [[-79.34683656171562, 43.750013597055975]], ""type"": ""MultiPoint""}"
15525,2019:9000685425,2019-04-16T10:00:00,DON MILLS RD,KERN RD,,6,Non-Fatal Injury,At Intersection,No Control,Turning Movement,Clear,Daylight,Dry,Major Arterial,false,-79.34683656171562,43.750013597055975,1,,,4,61,Minimal,Air Bag Deployed,,,,,,,,,,passenger,NA,Don Valley East (16),33 Division,Banbury-Don Mills,true,false,false,false,false,true,false,false,false,false,"{""coordinates"": [[-79.34683656171562, 43.750013597055975]], ""type"": ""MultiPoint""}"
15526,2019:9000685425,2019-04-16T10:00:00,DON MILLS RD,KERN RD,,6,Non-Fatal Injury,At Intersection,No Control,Turning Movement,Clear,Daylight,Dry,Major Arterial,false,-79.34683656171562,43.750013597055975,1,Automobile or Station Wagon,North,1,51,Minor,Air Bag Deployed,Failed to yield right-of-way,Normal,,,Turning Left,,,,,driver,NA,Don Valley East (16),33 Division,Banbury-Don Mills,true,false,false,false,false,true,false,false,false,false,"{""coordinates"": [[-79.34683656171562, 43.750013597055975]], ""type"": ""MultiPoint""}"
15527,2019:9000685425,2019-04-16T10:00:00,DON MILLS RD,KERN RD,,6,Non-Fatal Injury,At Intersection,No Control,Turning Movement,Clear,Daylight,Dry,Major Arterial,false,-79.34683656171562,43.750013597055975,1,,,5,58,Minimal,Air Bag Deployed,,,,,,,,,,passenger,NA,Don Valley East (16),33 Division,Banbury-Don Mills,true,false,false,false,false,true,false,false,false,false,"{""coordinates"": [[-79.34683656171562, 43.750013597055975]], ""type"": ""MultiPoint""}"
15528,2019:9000685425,2019-04-16T10:00:00,DON MILLS RD,KERN RD,,6,Non-Fatal Injury,At Intersection,No Control,Turning Movement,Clear,Daylight,Dry,Major Arterial,false,-79.34683656171562,43.750013597055975,1,,,6,80,Major,Air Bag Deployed,,,,,,,,,,passenger,NA,Don Valley East (16),33 Division,Banbury-Don Mills,true,false,false,false,false,true,false,false,false,false,"{""coordinates"": [[-79.34683656171562, 43.750013597055975]], ""type"": ""MultiPoint""}"