X_id,collision_id,accdate,stname1,stname2,stname3,per_inv,acclass,accloc,traffictl,impactype,visible,light,rdsfcond,road_class,failtorem,longitude,latitude,veh_no,vehtype,initdir,per_no,invage,injury,safequip,drivact,drivcond,pedact,pedcond,manoeuvre,pedtype,cyclistype,cycact,cyccond,road_user,fatal_no,wardname,division,neighbourhood,aggressive,distracted,cyclist,motorcyclist,other_micromobility,older_adult,pedestrian,red_light,school_child,heavy_truck,geometry
16074,2019:9002063791,2019-10-25T20:28:00,CUMMER AVE,WILLOWDALE AVE,,2,Non-Fatal Injury,At Intersection,Traffic Signal,Cyclist Collision,Clear,Dark with Artificial Lighting,Dry,Minor Arterial,true,-79.40987831256749,43.78859170524943,1,Automobile or Station Wagon,West,1,63,None,Use Unknown,Failed to yield right-of-way,Unknown,,,Turning Left,,,,,driver,NA,Willowdale (18),32 Division,Newtonbrook East,true,false,true,false,false,false,false,false,false,false,"{""coordinates"": [[-79.40987831256749, 43.78859170524943]], ""type"": ""MultiPoint""}"
16075,2019:9002067554,2019-10-26T11:45:00,COMSTOCK RD,WARDEN AVE,25 m East of,3,Non-Fatal Injury,At Intersection,Traffic Signal,Rear End,Clear,Daylight,Dry,Major Arterial,false,-79.28495447436887,43.721460510517126,2,Automobile or Station Wagon,West,2,53,None,Use Unknown,Driving properly,Normal,,,Stopped,,,,,driver,NA,Scarborough Southwest (20),41 Division,Clairlea-Birchmount,false,false,false,false,false,true,false,false,false,false,"{""coordinates"": [[-79.28495447436887, 43.721460510517126]], ""type"": ""MultiPoint""}"
16076,2019:9002067554,2019-10-26T11:45:00,COMSTOCK RD,WARDEN AVE,25 m East of,3,Non-Fatal Injury,At Intersection,Traffic Signal,Rear End,Clear,Daylight,Dry,Major Arterial,false,-79.28495447436887,43.721460510517126,3,Automobile or Station Wagon,West,3,53,None,Use Unknown,Driving properly,Normal,,,Stopped,,,,,driver,NA,Scarborough Southwest (20),41 Division,Clairlea-Birchmount,false,false,false,false,false,true,false,false,false,false,"{""coordinates"": [[-79.28495447436887, 43.721460510517126]], ""type"": ""MultiPoint""}"
16077,2019:9002067554,2019-10-26T11:45:00,COMSTOCK RD,WARDEN AVE,25 m East of,3,Non-Fatal Injury,At Intersection,Traffic Signal,Rear End,Clear,Daylight,Dry,Major Arterial,false,-79.28495447436887,43.721460510517126,1,Automobile or Station Wagon,West,1,73,Major,Lap and Shoulder Belt,Lost control,Medical or Physical Disability,,,Going Ahead,,,,,driver,NA,Scarborough Southwest (20),41 Division,Clairlea-Birchmount,false,false,false,false,false,true,false,false,false,false,"{""coordinates"": [[-79.28495447436887, 43.721460510517126]], ""type"": ""MultiPoint""}"
16078,2019:9002072643,2019-10-27T02:38:00,NEILSON DR,JEFF DR,112 m South of,1,Non-Fatal Injury,Non-Intersection,No Control,SMV Other,Rain,Dark,Wet,Local,false,-79.56386288004174,43.63085804305133,1,Automobile or Station Wagon,South,1,20,Major,Lap and Shoulder Belt,Lost control,Normal,,,Going Ahead,,,,,driver,NA,Etobicoke Centre (2),22 Division,Markland Wood,false,false,false,false,false,false,false,false,false,false,"{""coordinates"": [[-79.56386288004174, 43.63085804305133]], ""type"": ""MultiPoint""}"
16079,2019:9002072728,2019-10-27T02:55:00,3550 ELLESMERE RD,,83 m West of,2,Non-Fatal Injury,Non-Intersection,No Control,SMV Other,Rain,Dark with Artificial Lighting,Wet,Minor Arterial,false,-79.17486208389101,43.78969007546035,1,Automobile or Station Wagon,West,1,34,Major,Equipment Not Used But Available,Lost control,Had Been Drinking,,,Going Ahead,,,,,driver,NA,Scarborough-Rouge Park (25),43 Division,Highland Creek,false,false,false,false,false,false,false,false,false,false,"{""coordinates"": [[-79.17486208389101, 43.78969007546035]], ""type"": ""MultiPoint""}"
16080,2019:9002072728,2019-10-27T02:55:00,3550 ELLESMERE RD,,83 m West of,2,Non-Fatal Injury,Non-Intersection,No Control,SMV Other,Rain,Dark with Artificial Lighting,Wet,Minor Arterial,false,-79.17486208389101,43.78969007546035,1,,,2,30,Minor,Lap and Shoulder Belt,,,,,,,,,,passenger,NA,Scarborough-Rouge Park (25),43 Division,Highland Creek,false,false,false,false,false,false,false,false,false,false,"{""coordinates"": [[-79.17486208389101, 43.78969007546035]], ""type"": ""MultiPoint""}"
16081,2019:9002076820,2019-10-27T18:20:00,WARDEN AVE,CONTINENTAL PL,2 m West of,2,Non-Fatal Injury,At Intersection,No Control,Turning Movement,Clear,Daylight,Dry,Major Arterial,false,-79.30125846982871,43.76349086658958,2,Motorcycle,North,1,46,Major,Helmet,Driving properly,Normal,,,Going Ahead,,,,,motorcyclist,NA,Scarborough Centre (21),41 Division,Wexford/Maryvale,false,true,false,true,false,false,false,false,false,true,"{""coordinates"": [[-79.30125846982871, 43.76349086658958]], ""type"": ""MultiPoint""}"
16082,2019:9002076820,2019-10-27T18:20:00,WARDEN AVE,CONTINENTAL PL,2 m West of,2,Non-Fatal Injury,At Intersection,No Control,Turning Movement,Clear,Daylight,Dry,Major Arterial,false,-79.30125846982871,43.76349086658958,1,Truck - Closed,South,2,47,None,Use Unknown,Improper turn,Inattentive,,,Turning Left,,,,,driver,NA,Scarborough Centre (21),41 Division,Wexford/Maryvale,false,true,false,true,false,false,false,false,false,true,"{""coordinates"": [[-79.30125846982871, 43.76349086658958]], ""type"": ""MultiPoint""}"
16083,2019:9002079433,2019-10-28T06:29:00,EGLINTON AVE E,DON MILLS RD,,2,Fatal Injury,At Intersection,Traffic Signal,Pedestrian Collision(internal code),Clear,Dark with Artificial Lighting,Dry,Major Arterial,false,-79.33883335504031,43.720426798562436,NA,,South,1,74,Fatal,,,,Crossing without right-of-way (intersection),Normal,,,,,,pedestrian,49,Don Valley East (16),55 Division,Flemingdon Park,false,false,false,false,false,true,true,false,false,false,"{""coordinates"": [[-79.33883335504031, 43.720426798562436]], ""type"": ""MultiPoint""}"
16084,2019:9002079433,2019-10-28T06:29:00,EGLINTON AVE E,DON MILLS RD,,2,Fatal Injury,At Intersection,Traffic Signal,Pedestrian Collision(internal code),Clear,Dark with Artificial Lighting,Dry,Major Arterial,false,-79.33883335504031,43.720426798562436,1,Automobile or Station Wagon,North,2,61,None,,Lost control,Medical or Physical Disability,,,Turning Right,Driver turns right into pedestrian crossing without right-of-way (at intersection),,,,driver,NA,Don Valley East (16),55 Division,Flemingdon Park,false,false,false,false,false,true,true,false,false,false,"{""coordinates"": [[-79.33883335504031, 43.720426798562436]], ""type"": ""MultiPoint""}"
16085,2019:9002080634,2019-10-28T10:05:00,ST CLAIR AVE W,CASTLETON AVE,,3,Fatal Injury,Intersection-Related,Stop Sign,Pedestrian Collision(internal code),Clear,Daylight,Dry,Major Arterial,false,-79.48563851756668,43.66842887767614,1,Delivery Van,South,3,52,None,,Driving properly,Normal,,,Turning Left,,,,,driver,NA,York South-Weston (5),11 Division,Rockcliffe-Smythe,false,false,false,false,false,true,true,false,false,true,"{""coordinates"": [[-79.48563851756668, 43.66842887767614]], ""type"": ""MultiPoint""}"
16086,2019:9002080634,2019-10-28T10:05:00,ST CLAIR AVE W,CASTLETON AVE,,3,Fatal Injury,Intersection-Related,Stop Sign,Pedestrian Collision(internal code),Clear,Daylight,Dry,Major Arterial,false,-79.48563851756668,43.66842887767614,NA,,North,1,83,Fatal,,,,Crossing without right-of-way (intersection),Normal,,Driver turns left into pedestrian crossing without right-of-way (at intersection),,,,pedestrian,50,York South-Weston (5),11 Division,Rockcliffe-Smythe,false,false,false,false,false,true,true,false,false,true,"{""coordinates"": [[-79.48563851756668, 43.66842887767614]], ""type"": ""MultiPoint""}"
16087,2019:9002080634,2019-10-28T10:05:00,ST CLAIR AVE W,CASTLETON AVE,,3,Fatal Injury,Intersection-Related,Stop Sign,Pedestrian Collision(internal code),Clear,Daylight,Dry,Major Arterial,false,-79.48563851756668,43.66842887767614,NA,,North,2,66,Major,,,,Crossing without right-of-way (intersection),Normal,,Driver turns left into pedestrian crossing without right-of-way (at intersection),,,,pedestrian,NA,York South-Weston (5),11 Division,Rockcliffe-Smythe,false,false,false,false,false,true,true,false,false,true,"{""coordinates"": [[-79.48563851756668, 43.66842887767614]], ""type"": ""MultiPoint""}"
16088,2019:9002086969,2019-10-29T07:15:00,PROGRESS AVE,KENNEDY RD,5 m South of,2,Non-Fatal Injury,At Intersection,Traffic Signal,Pedestrian Collision(internal code),"Airborne Matter (Fog, Mist, Smoke, Dust)",Dark with Artificial Lighting,Dry,Major Arterial,false,-79.28222309384208,43.76935021884627,1,Automobile or Station Wagon,West,1,37,None,Lap and Shoulder Belt,Driving properly,Normal,,,Turning Left,,,,,driver,NA,Scarborough Centre (21),41 Division,Dorset Park,false,false,false,false,false,false,true,false,false,false,"{""coordinates"": [[-79.28222309384208, 43.76935021884627]], ""type"": ""MultiPoint""}"
16089,2019:9002086969,2019-10-29T07:15:00,PROGRESS AVE,KENNEDY RD,5 m South of,2,Non-Fatal Injury,At Intersection,Traffic Signal,Pedestrian Collision(internal code),"Airborne Matter (Fog, Mist, Smoke, Dust)",Dark with Artificial Lighting,Dry,Major Arterial,false,-79.28222309384208,43.76935021884627,1,,East,2,22,Major,No Equipment Available,,,Other,Normal,,Driver turns left into pedestrian crossing without right-of-way (at intersection),,,,pedestrian,NA,Scarborough Centre (21),41 Division,Dorset Park,false,false,false,false,false,false,true,false,false,false,"{""coordinates"": [[-79.28222309384208, 43.76935021884627]], ""type"": ""MultiPoint""}"
16090,2019:9002093475,2019-10-30T03:04:00,RICHMOND ST E,JARVIS ST,,2,Non-Fatal Injury,At Intersection,Traffic Signal,Pedestrian Collision(internal code),Clear,Dark with Artificial Lighting,Dry,Major Arterial,false,-79.37279195161179,43.652632056943936,1,Automobile or Station Wagon,South,1,56,None,Use Unknown,Failed to yield right-of-way,Inattentive,,,Going Ahead,,,,,driver,NA,Toronto Centre (13),51 Division,Moss Park,true,true,false,false,false,false,true,false,false,false,"{""coordinates"": [[-79.37279195161179, 43.652632056943936]], ""type"": ""MultiPoint""}"
16091,2019:9002093475,2019-10-30T03:04:00,RICHMOND ST E,JARVIS ST,,2,Non-Fatal Injury,At Intersection,Traffic Signal,Pedestrian Collision(internal code),Clear,Dark with Artificial Lighting,Dry,Major Arterial,false,-79.37279195161179,43.652632056943936,1,,Unknown,2,63,Major,Use Unknown,,,Walking on roadway with traffic,Inattentive,,Unknown,,,,pedestrian,NA,Toronto Centre (13),51 Division,Moss Park,true,true,false,false,false,false,true,false,false,false,"{""coordinates"": [[-79.37279195161179, 43.652632056943936]], ""type"": ""MultiPoint""}"
16092,2019:9002099158,2019-10-30T20:06:00,MCNICOLL AVE,MCCOWAN RD,,3,Non-Fatal Injury,At Intersection,Traffic Signal,Pedestrian Collision(internal code),Rain,Dark with Artificial Lighting,Wet,Major Arterial,false,-79.27193861200708,43.81786934681146,1,Automobile or Station Wagon,West,1,36,None,Lap and Shoulder Belt,Driving properly,Normal,,,Going Ahead,,,,,driver,NA,Scarborough North (23),42 Division,Milliken,false,false,false,false,false,true,true,false,true,false,"{""coordinates"": [[-79.27193861200708, 43.81786934681146]], ""type"": ""MultiPoint""}"
16093,2019:9002099158,2019-10-30T20:06:00,MCNICOLL AVE,MCCOWAN RD,,3,Non-Fatal Injury,At Intersection,Traffic Signal,Pedestrian Collision(internal code),Rain,Dark with Artificial Lighting,Wet,Major Arterial,false,-79.27193861200708,43.81786934681146,1,,,3,5,None,Lap and Shoulder Belt,,,,,,,,,,passenger,NA,Scarborough North (23),42 Division,Milliken,false,false,false,false,false,true,true,false,true,false,"{""coordinates"": [[-79.27193861200708, 43.81786934681146]], ""type"": ""MultiPoint""}"
16094,2019:9002099158,2019-10-30T20:06:00,MCNICOLL AVE,MCCOWAN RD,,3,Non-Fatal Injury,At Intersection,Traffic Signal,Pedestrian Collision(internal code),Rain,Dark with Artificial Lighting,Wet,Major Arterial,false,-79.27193861200708,43.81786934681146,1,,North,2,79,Major,No Equipment Available,,,Crossing without right-of-way (intersection),Normal,,Driver going straight hits pedestrian crossing without right-of-way (at intersection),,,,pedestrian,NA,Scarborough North (23),42 Division,Milliken,false,false,false,false,false,true,true,false,true,false,"{""coordinates"": [[-79.27193861200708, 43.81786934681146]], ""type"": ""MultiPoint""}"
16095,2019:9002099223,2019-10-30T20:15:00,39 HOWDEN RD,,,2,Fatal Injury,Non-Intersection,No Control,Pedestrian Collision(internal code),Rain,Dark with Artificial Lighting,Wet,Collector,false,-79.2894786765723,43.75047128910325,1,Automobile or Station Wagon,North,2,27,None,,Driving properly,Normal,,,Going Ahead,,,,,driver,NA,Scarborough Centre (21),41 Division,Wexford/Maryvale,false,true,false,false,false,false,true,false,false,false,"{""coordinates"": [[-79.2894786765723, 43.75047128910325]], ""type"": ""MultiPoint""}"
16096,2019:9002099223,2019-10-30T20:15:00,39 HOWDEN RD,,,2,Fatal Injury,Non-Intersection,No Control,Pedestrian Collision(internal code),Rain,Dark with Artificial Lighting,Wet,Collector,false,-79.2894786765723,43.75047128910325,1,,East,1,56,Fatal,,,,Crossing - no traffic control,Inattentive,,Driver hits pedestrian at midblock,,,,pedestrian,51,Scarborough Centre (21),41 Division,Wexford/Maryvale,false,true,false,false,false,false,true,false,false,false,"{""coordinates"": [[-79.2894786765723, 43.75047128910325]], ""type"": ""MultiPoint""}"
16097,2019:9002113038,2019-11-01T18:25:00,SPADINA RD,MACPHERSON AVE,,2,Non-Fatal Injury,At Intersection,Stop Sign,Pedestrian Collision(internal code),Clear,Dusk,Dry,Minor Arterial,false,-79.40745995099499,43.67586360806147,1,,South,2,45,Major,No Equipment Available,,,Crossing with right-of-way (intersection),Normal,,Driver going straight hits pedestrian crossing with right-of-way (at intersection),,,,pedestrian,NA,Toronto-St. Paul's (12),53 Division,Casa Loma,true,false,false,false,false,false,true,false,false,false,"{""coordinates"": [[-79.40745995099499, 43.67586360806147]], ""type"": ""MultiPoint""}"
16098,2019:9002113038,2019-11-01T18:25:00,SPADINA RD,MACPHERSON AVE,,2,Non-Fatal Injury,At Intersection,Stop Sign,Pedestrian Collision(internal code),Clear,Dusk,Dry,Minor Arterial,false,-79.40745995099499,43.67586360806147,1,Automobile or Station Wagon,East,1,27,None,Lap and Shoulder Belt,Disobeyed traffic control,Normal,,,Going Ahead,,,,,driver,NA,Toronto-St. Paul's (12),53 Division,Casa Loma,true,false,false,false,false,false,true,false,false,false,"{""coordinates"": [[-79.40745995099499, 43.67586360806147]], ""type"": ""MultiPoint""}"
16099,2019:9002113660,2019-11-01T19:41:00,GERRARD ST E,JONES AVE,,4,Non-Fatal Injury,At Intersection,Traffic Signal,Cyclist Collision,Clear,Dark with Artificial Lighting,Dry,Minor Arterial,false,-79.33556804003301,43.66917634225112,2,,,3,60,None,Use Unknown,,,,,,,,,,passenger,NA,Toronto-Danforth (14),55 Division,South Riverdale,false,false,true,false,false,false,false,false,false,false,"{""coordinates"": [[-79.33556804003301, 43.66917634225112]], ""type"": ""MultiPoint""}"
16100,2019:9002113660,2019-11-01T19:41:00,GERRARD ST E,JONES AVE,,4,Non-Fatal Injury,At Intersection,Traffic Signal,Cyclist Collision,Clear,Dark with Artificial Lighting,Dry,Minor Arterial,false,-79.33556804003301,43.66917634225112,1,Bicycle,South,1,41,Major,No Equipment Available,,,,,Going Ahead,,"Cyclist without right-of-way rides into path of driver (at intersection, laneway, or driveway)",Disobeyed Traffic Control,Unknown,cyclist,NA,Toronto-Danforth (14),55 Division,South Riverdale,false,false,true,false,false,false,false,false,false,false,"{""coordinates"": [[-79.33556804003301, 43.66917634225112]], ""type"": ""MultiPoint""}"
16101,2019:9002113660,2019-11-01T19:41:00,GERRARD ST E,JONES AVE,,4,Non-Fatal Injury,At Intersection,Traffic Signal,Cyclist Collision,Clear,Dark with Artificial Lighting,Dry,Minor Arterial,false,-79.33556804003301,43.66917634225112,2,,,4,23,None,Use Unknown,,,,,,,,,,passenger,NA,Toronto-Danforth (14),55 Division,South Riverdale,false,false,true,false,false,false,false,false,false,false,"{""coordinates"": [[-79.33556804003301, 43.66917634225112]], ""type"": ""MultiPoint""}"
16102,2019:9002113660,2019-11-01T19:41:00,GERRARD ST E,JONES AVE,,4,Non-Fatal Injury,At Intersection,Traffic Signal,Cyclist Collision,Clear,Dark with Artificial Lighting,Dry,Minor Arterial,false,-79.33556804003301,43.66917634225112,2,Automobile or Station Wagon,East,2,36,None,Use Unknown,Driving properly,Unknown,,,Going Ahead,,,,,driver,NA,Toronto-Danforth (14),55 Division,South Riverdale,false,false,true,false,false,false,false,false,false,false,"{""coordinates"": [[-79.33556804003301, 43.66917634225112]], ""type"": ""MultiPoint""}"
16103,2019:9002123332,2019-11-03T06:18:00,DUFFERIN ST,MARTIN ST,93 m North of,2,Non-Fatal Injury,Non-Intersection,No Control,SMV Unattended Vehicle,Clear,Daylight,Dry,Major Arterial,false,-79.44771268915969,43.689546979326494,1,Pickup Truck,North,2,NA,None,Lap and Shoulder Belt,,,,,Parked,,,,,other,NA,Toronto-St. Paul's (12),13 Division,Oakwood Village,false,false,false,false,false,true,false,false,false,false,"{""coordinates"": [[-79.44771268915969, 43.689546979326494]], ""type"": ""MultiPoint""}"
16104,2019:9002123332,2019-11-03T06:18:00,DUFFERIN ST,MARTIN ST,93 m North of,2,Non-Fatal Injury,Non-Intersection,No Control,SMV Unattended Vehicle,Clear,Daylight,Dry,Major Arterial,false,-79.44771268915969,43.689546979326494,1,Automobile or Station Wagon,North,1,73,Major,Lap and Shoulder Belt,Lost control,Normal,,,Going Ahead,,,,,driver,NA,Toronto-St. Paul's (12),13 Division,Oakwood Village,false,false,false,false,false,true,false,false,false,false,"{""coordinates"": [[-79.44771268915969, 43.689546979326494]], ""type"": ""MultiPoint""}"
16105,2019:9002133907,2019-11-04T07:20:00,GLENMOUNT AVE,SHELBORNE AVE,,2,Non-Fatal Injury,At Intersection,Stop Sign,Pedestrian Collision(internal code),Rain,Daylight,Wet,Collector,false,-79.43169088834533,43.71530378433103,1,Passenger Van,East,2,68,None,Lap and Shoulder Belt,Failed to yield right-of-way,Other Condition,,,Turning Left,,,,,driver,NA,Eglinton-Lawrence (8),13 Division,Englemount-Lawrence,true,false,false,false,false,true,true,false,false,false,"{""coordinates"": [[-79.43169088834533, 43.71530378433103]], ""type"": ""MultiPoint""}"
16106,2019:9002133907,2019-11-04T07:20:00,GLENMOUNT AVE,SHELBORNE AVE,,2,Non-Fatal Injury,At Intersection,Stop Sign,Pedestrian Collision(internal code),Rain,Daylight,Wet,Collector,false,-79.43169088834533,43.71530378433103,1,,West,1,57,Major,No Equipment Available,,,Crossing with right-of-way (intersection),Other Condition,,Driver turns left into pedestrian crossing with right-of-way (at intersection),,,,pedestrian,NA,Eglinton-Lawrence (8),13 Division,Englemount-Lawrence,true,false,false,false,false,true,true,false,false,false,"{""coordinates"": [[-79.43169088834533, 43.71530378433103]], ""type"": ""MultiPoint""}"
16107,2019:9002147665,2019-11-06T17:32:00,FRONT ST W,WINDSOR ST,28 m East of,2,Non-Fatal Injury,At/Near Private Drive,No Control,Cyclist Collision,Clear,Dark with Artificial Lighting,Wet,Minor Arterial,false,-79.38995050725867,43.643629398913845,2,Bicycle,West,2,53,Major,Helmet,,,,,Going Ahead,,Driver turns left into path of cyclist,Driving Properly,Normal,cyclist,NA,Spadina-Fort York (10),52 Division,Harbourfront-CityPlace,true,true,true,false,false,false,false,false,false,false,"{""coordinates"": [[-79.38995050725867, 43.643629398913845]], ""type"": ""MultiPoint""}"
16108,2019:9002147665,2019-11-06T17:32:00,FRONT ST W,WINDSOR ST,28 m East of,2,Non-Fatal Injury,At/Near Private Drive,No Control,Cyclist Collision,Clear,Dark with Artificial Lighting,Wet,Minor Arterial,false,-79.38995050725867,43.643629398913845,1,Automobile or Station Wagon,South,1,41,None,Use Unknown,Failed to yield right-of-way,Inattentive,,,Turning Left,,,,,driver,NA,Spadina-Fort York (10),52 Division,Harbourfront-CityPlace,true,true,true,false,false,false,false,false,false,false,"{""coordinates"": [[-79.38995050725867, 43.643629398913845]], ""type"": ""MultiPoint""}"
16109,2019:9002151002,2019-11-07T07:10:00,DON MILLS RD W,GOODVIEW RD,168 m South of,2,Non-Fatal Injury,At/Near Private Drive,No Control,Cyclist Collision,Clear,Dawn with Artificial Lighting,Wet,Major Arterial,false,-79.35233733211446,43.782591118287776,2,Automobile or Station Wagon,South,2,35,None,Lap and Shoulder Belt,Driving properly,Normal,,,Going Ahead,,,,,driver,NA,Don Valley North (17),33 Division,Don Valley Village,false,true,true,false,false,true,false,false,false,false,"{""coordinates"": [[-79.35233733211446, 43.782591118287776]], ""type"": ""MultiPoint""}"
16110,2019:9002151002,2019-11-07T07:10:00,DON MILLS RD W,GOODVIEW RD,168 m South of,2,Non-Fatal Injury,At/Near Private Drive,No Control,Cyclist Collision,Clear,Dawn with Artificial Lighting,Wet,Major Arterial,false,-79.35233733211446,43.782591118287776,1,Bicycle,South,1,75,Major,Helmet,,,,,Changing Lanes,,Sideswipe with cyclist and driver travelling in same direction,Improper Lane Change,Inattentive,cyclist,NA,Don Valley North (17),33 Division,Don Valley Village,false,true,true,false,false,true,false,false,false,false,"{""coordinates"": [[-79.35233733211446, 43.782591118287776]], ""type"": ""MultiPoint""}"
16111,2019:9002157584,2019-11-08T05:58:00,STEELES AVE E,SILVER STAR BLVD,10 m South of,5,Non-Fatal Injury,At Intersection,Traffic Signal,Angle,Clear,Dark with Artificial Lighting,Dry,Major Arterial,false,-79.30003770933524,43.82524700382195,1,Automobile or Station Wagon,South,1,61,None,Lap and Shoulder Belt,Disobeyed traffic control,Normal,,,Going Ahead,,,,,driver,NA,Scarborough-Agincourt (22),42 Division,Milliken,true,false,false,false,false,false,false,true,false,false,"{""coordinates"": [[-79.30003770933524, 43.82524700382195]], ""type"": ""MultiPoint""}"
16112,2019:9002157584,2019-11-08T05:58:00,STEELES AVE E,SILVER STAR BLVD,10 m South of,5,Non-Fatal Injury,At Intersection,Traffic Signal,Angle,Clear,Dark with Artificial Lighting,Dry,Major Arterial,false,-79.30003770933524,43.82524700382195,3,Automobile or Station Wagon,West,3,56,None,Lap and Shoulder Belt,Driving properly,Normal,,,Going Ahead,,,,,driver,NA,Scarborough-Agincourt (22),42 Division,Milliken,true,false,false,false,false,false,false,true,false,false,"{""coordinates"": [[-79.30003770933524, 43.82524700382195]], ""type"": ""MultiPoint""}"
16113,2019:9002157584,2019-11-08T05:58:00,STEELES AVE E,SILVER STAR BLVD,10 m South of,5,Non-Fatal Injury,At Intersection,Traffic Signal,Angle,Clear,Dark with Artificial Lighting,Dry,Major Arterial,false,-79.30003770933524,43.82524700382195,2,,,5,45,Major,Lap and Shoulder Belt,,,,,,,,,,passenger,NA,Scarborough-Agincourt (22),42 Division,Milliken,true,false,false,false,false,false,false,true,false,false,"{""coordinates"": [[-79.30003770933524, 43.82524700382195]], ""type"": ""MultiPoint""}"
16114,2019:9002157584,2019-11-08T05:58:00,STEELES AVE E,SILVER STAR BLVD,10 m South of,5,Non-Fatal Injury,At Intersection,Traffic Signal,Angle,Clear,Dark with Artificial Lighting,Dry,Major Arterial,false,-79.30003770933524,43.82524700382195,2,,,4,50,Major,Lap and Shoulder Belt,,,,,,,,,,passenger,NA,Scarborough-Agincourt (22),42 Division,Milliken,true,false,false,false,false,false,false,true,false,false,"{""coordinates"": [[-79.30003770933524, 43.82524700382195]], ""type"": ""MultiPoint""}"
16115,2019:9002157584,2019-11-08T05:58:00,STEELES AVE E,SILVER STAR BLVD,10 m South of,5,Non-Fatal Injury,At Intersection,Traffic Signal,Angle,Clear,Dark with Artificial Lighting,Dry,Major Arterial,false,-79.30003770933524,43.82524700382195,2,Passenger Van,West,2,59,None,Lap and Shoulder Belt,Driving properly,Normal,,,Going Ahead,,,,,driver,NA,Scarborough-Agincourt (22),42 Division,Milliken,true,false,false,false,false,false,false,true,false,false,"{""coordinates"": [[-79.30003770933524, 43.82524700382195]], ""type"": ""MultiPoint""}"
16116,2019:9002173783,2019-11-10T14:45:00,OLD WESTON RD,ROGERS RD,40 m South of,5,Non-Fatal Injury,At/Near Private Drive,No Control,Turning Movement,Clear,Daylight,Dry,Minor Arterial,false,-79.46729739550537,43.681375928369214,1,,,4,38,None,Lap and Shoulder Belt,,,,,,,,,,passenger,NA,York South-Weston (5),12 Division,Keelesdale-Eglinton West,true,true,false,true,false,false,false,false,true,false,"{""coordinates"": [[-79.46729739550537, 43.681375928369214]], ""type"": ""MultiPoint""}"
16117,2019:9002173783,2019-11-10T14:45:00,OLD WESTON RD,ROGERS RD,40 m South of,5,Non-Fatal Injury,At/Near Private Drive,No Control,Turning Movement,Clear,Daylight,Dry,Minor Arterial,false,-79.46729739550537,43.681375928369214,1,,,1,6,None,Child Safety Seat Used Correctly,,,,,,,,,,passenger,NA,York South-Weston (5),12 Division,Keelesdale-Eglinton West,true,true,false,true,false,false,false,false,true,false,"{""coordinates"": [[-79.46729739550537, 43.681375928369214]], ""type"": ""MultiPoint""}"
16118,2019:9002173783,2019-11-10T14:45:00,OLD WESTON RD,ROGERS RD,40 m South of,5,Non-Fatal Injury,At/Near Private Drive,No Control,Turning Movement,Clear,Daylight,Dry,Minor Arterial,false,-79.46729739550537,43.681375928369214,1,Passenger Van,East,2,40,None,Lap and Shoulder Belt,Failed to yield right-of-way,Inattentive,,,Turning Left,,,,,driver,NA,York South-Weston (5),12 Division,Keelesdale-Eglinton West,true,true,false,true,false,false,false,false,true,false,"{""coordinates"": [[-79.46729739550537, 43.681375928369214]], ""type"": ""MultiPoint""}"
16119,2019:9002173783,2019-11-10T14:45:00,OLD WESTON RD,ROGERS RD,40 m South of,5,Non-Fatal Injury,At/Near Private Drive,No Control,Turning Movement,Clear,Daylight,Dry,Minor Arterial,false,-79.46729739550537,43.681375928369214,2,Motorcycle,South,3,49,Major,Helmet,Driving properly,Normal,,,Going Ahead,,,,,motorcyclist,NA,York South-Weston (5),12 Division,Keelesdale-Eglinton West,true,true,false,true,false,false,false,false,true,false,"{""coordinates"": [[-79.46729739550537, 43.681375928369214]], ""type"": ""MultiPoint""}"
16120,2019:9002173783,2019-11-10T14:45:00,OLD WESTON RD,ROGERS RD,40 m South of,5,Non-Fatal Injury,At/Near Private Drive,No Control,Turning Movement,Clear,Daylight,Dry,Minor Arterial,false,-79.46729739550537,43.681375928369214,1,,,5,9,None,Child Safety Seat Used Correctly,,,,,,,,,,passenger,NA,York South-Weston (5),12 Division,Keelesdale-Eglinton West,true,true,false,true,false,false,false,false,true,false,"{""coordinates"": [[-79.46729739550537, 43.681375928369214]], ""type"": ""MultiPoint""}"
16121,2019:9002192000,2019-11-13T09:43:00,960 LAWRENCE AVE W,,9 m South of,2,Fatal Injury,Non-Intersection,No Control,Angle,Clear,Daylight,Dry,Major Arterial,false,-79.45762324984784,43.71336976810141,1,Automobile or Station Wagon,South,1,69,Fatal,Equipment Not Used But Available,Failed to yield right-of-way,Inattentive,,,Going Ahead,,,,,driver,55,Eglinton-Lawrence (8),13 Division,Yorkdale-Glen Park,true,true,false,false,false,true,false,false,false,false,"{""coordinates"": [[-79.45762324984784, 43.71336976810141]], ""type"": ""MultiPoint""}"