X_id,collision_id,accdate,stname1,stname2,stname3,per_inv,acclass,accloc,traffictl,impactype,visible,light,rdsfcond,road_class,failtorem,longitude,latitude,veh_no,vehtype,initdir,per_no,invage,injury,safequip,drivact,drivcond,pedact,pedcond,manoeuvre,pedtype,cyclistype,cycact,cyccond,road_user,fatal_no,wardname,division,neighbourhood,aggressive,distracted,cyclist,motorcyclist,other_micromobility,older_adult,pedestrian,red_light,school_child,heavy_truck,geometry
16512,2020:0001070817,2020-06-10T21:15:00,LAWRENCE AVE W,VARNA DR,,3,Non-Fatal Injury,At Intersection,Traffic Signal,Cyclist Collision,Rain,Dark with Artificial Lighting,Wet,Major Arterial,false,-79.43764182308357,43.717428577909374,2,Automobile or Station Wagon,West,1,61,None,Lap and Shoulder Belt,Driving properly,Normal,,,Going Ahead,,,,,driver,NA,Eglinton-Lawrence (8),13 Division,Englemount-Lawrence,false,true,true,false,false,false,false,false,false,false,"{""coordinates"": [[-79.43764182308357, 43.717428577909374]], ""type"": ""MultiPoint""}"
16513,2020:0001070817,2020-06-10T21:15:00,LAWRENCE AVE W,VARNA DR,,3,Non-Fatal Injury,At Intersection,Traffic Signal,Cyclist Collision,Rain,Dark with Artificial Lighting,Wet,Major Arterial,false,-79.43764182308357,43.717428577909374,2,,,2,58,None,Lap and Shoulder Belt,,,,,,,,,,passenger,NA,Eglinton-Lawrence (8),13 Division,Englemount-Lawrence,false,true,true,false,false,false,false,false,false,false,"{""coordinates"": [[-79.43764182308357, 43.717428577909374]], ""type"": ""MultiPoint""}"
16514,2020:0001071838,2020-06-11T02:19:00,F G GARDINER XY E,GARDINER JAMESON AV RAMP,9 m East of,2,Non-Fatal Injury,Non-Intersection,No Control,SMV Other,Rain,Dark with Artificial Lighting,Wet,Expressway,false,-79.43708501604434,43.6338295155873,0,,,2,20,Major,Lap and Shoulder Belt,,,,,,,,,,passenger,NA,Parkdale-High Park (4),14 Division,South Parkdale,false,true,false,false,false,false,false,false,false,false,"{""coordinates"": [[-79.43708501604434, 43.6338295155873]], ""type"": ""MultiPoint""}"
16515,2020:0001071838,2020-06-11T02:19:00,F G GARDINER XY E,GARDINER JAMESON AV RAMP,9 m East of,2,Non-Fatal Injury,Non-Intersection,No Control,SMV Other,Rain,Dark with Artificial Lighting,Wet,Expressway,false,-79.43708501604434,43.6338295155873,1,Automobile or Station Wagon,East,1,24,Major,Lap and Shoulder Belt,Lost control,Inattentive,,,Going Ahead,,,,,driver,NA,Parkdale-High Park (4),14 Division,South Parkdale,false,true,false,false,false,false,false,false,false,false,"{""coordinates"": [[-79.43708501604434, 43.6338295155873]], ""type"": ""MultiPoint""}"
16516,2020:0001086962,2020-06-13T10:40:00,SHERBOURNE ST,QUEEN ST E,,2,Non-Fatal Injury,At Intersection,Traffic Signal,Cyclist Collision,Clear,Daylight,Dry,Major Arterial,false,-79.36941975002954,43.65445166222011,1,Bicycle,South,1,57,Major,No Equipment Available,,,,,Going Ahead,,"Cyclist without right-of-way rides into path of driver (at intersection, laneway, or driveway)",Disobeyed Traffic Control,Normal,cyclist,NA,Toronto Centre (13),51 Division,Moss Park,false,false,true,false,false,false,false,false,false,false,"{""coordinates"": [[-79.36941975002954, 43.65445166222011]], ""type"": ""MultiPoint""}"
16517,2020:0001086962,2020-06-13T10:40:00,SHERBOURNE ST,QUEEN ST E,,2,Non-Fatal Injury,At Intersection,Traffic Signal,Cyclist Collision,Clear,Daylight,Dry,Major Arterial,false,-79.36941975002954,43.65445166222011,2,Pickup Truck,East,2,51,None,Lap and Shoulder Belt,Driving properly,Normal,,,Going Ahead,,,,,driver,NA,Toronto Centre (13),51 Division,Moss Park,false,false,true,false,false,false,false,false,false,false,"{""coordinates"": [[-79.36941975002954, 43.65445166222011]], ""type"": ""MultiPoint""}"
16518,2020:0001109990,2020-06-16T21:07:00,DUNDAS ST W,ROYAL YORK RD,34 m West of,2,Non-Fatal Injury,Overpass or Bridge,No Control,Rear End,Clear,Dark,Dry,Major Arterial,false,-79.51675125672018,43.658033873813245,2,Automobile or Station Wagon,West,2,53,None,Lap and Shoulder Belt,Other,Normal,,,Going Ahead,,,,,driver,NA,Etobicoke-Lakeshore (3),22 Division,Kingsway South,false,false,false,false,false,false,false,false,false,false,"{""coordinates"": [[-79.51675125672018, 43.658033873813245]], ""type"": ""MultiPoint""}"
16519,2020:0001109990,2020-06-16T21:07:00,DUNDAS ST W,ROYAL YORK RD,34 m West of,2,Non-Fatal Injury,Overpass or Bridge,No Control,Rear End,Clear,Dark,Dry,Major Arterial,false,-79.51675125672018,43.658033873813245,1,Automobile or Station Wagon,West,1,25,Major,Lap and Shoulder Belt,Other,Medical or Physical Disability,,,Reversing,,,,,driver,NA,Etobicoke-Lakeshore (3),22 Division,Kingsway South,false,false,false,false,false,false,false,false,false,false,"{""coordinates"": [[-79.51675125672018, 43.658033873813245]], ""type"": ""MultiPoint""}"
16520,2020:0001119919,2020-06-18T09:58:00,WOODBINE AVE,CORLEY AVE,,2,Non-Fatal Injury,At Intersection,Traffic Signal,Pedestrian Collision(internal code),Clear,Daylight,Dry,Major Arterial,false,-79.30892613402892,43.67638989608882,1,,Unknown,2,62,Major,Use Unknown,,,Crossing with right-of-way (intersection),Normal,,Driver turns left into pedestrian crossing with right-of-way (at intersection),,,,pedestrian,NA,Beaches-East York (19),55 Division,East End-Danforth,true,false,false,false,false,false,true,false,false,false,"{""coordinates"": [[-79.30892613402892, 43.67638989608882]], ""type"": ""MultiPoint""}"
16521,2020:0001119919,2020-06-18T09:58:00,WOODBINE AVE,CORLEY AVE,,2,Non-Fatal Injury,At Intersection,Traffic Signal,Pedestrian Collision(internal code),Clear,Daylight,Dry,Major Arterial,false,-79.30892613402892,43.67638989608882,1,Automobile or Station Wagon,East,1,61,None,Lap and Shoulder Belt,Failed to yield right-of-way,Normal,,,Turning Left,,,,,driver,NA,Beaches-East York (19),55 Division,East End-Danforth,true,false,false,false,false,false,true,false,false,false,"{""coordinates"": [[-79.30892613402892, 43.67638989608882]], ""type"": ""MultiPoint""}"
16522,2020:0001153227,2020-06-23T06:11:00,LAWRENCE AVE W,DUPLEX AVE,,2,Non-Fatal Injury,At Intersection,Traffic Signal,Cyclist Collision,Clear,Daylight,Dry,Major Arterial,false,-79.40556778064605,43.724314062003174,1,Bicycle,North,1,21,Major,No Equipment Available,,,,,Going Ahead,,"Cyclist without right-of-way rides into path of driver (at intersection, laneway, or driveway)",Disobeyed Traffic Control,Normal,cyclist,NA,Eglinton-Lawrence (8),53 Division,Lawrence Park South,false,false,true,false,false,false,false,false,false,false,"{""coordinates"": [[-79.40556778064605, 43.724314062003174]], ""type"": ""MultiPoint""}"
16523,2020:0001153227,2020-06-23T06:11:00,LAWRENCE AVE W,DUPLEX AVE,,2,Non-Fatal Injury,At Intersection,Traffic Signal,Cyclist Collision,Clear,Daylight,Dry,Major Arterial,false,-79.40556778064605,43.724314062003174,2,Automobile or Station Wagon,East,2,36,None,Lap and Shoulder Belt,Driving properly,Normal,,,Going Ahead,,,,,driver,NA,Eglinton-Lawrence (8),53 Division,Lawrence Park South,false,false,true,false,false,false,false,false,false,false,"{""coordinates"": [[-79.40556778064605, 43.724314062003174]], ""type"": ""MultiPoint""}"
16524,2020:0001153608,2020-06-23T07:52:00,COLLEGE ST,DUFFERIN ST,7 m North of,3,Non-Fatal Injury,At Intersection,Traffic Signal,Angle,Clear,Daylight,Dry,Minor Arterial,false,-79.43252259804902,43.65249481607178,1,,,3,31,Major,Lap and Shoulder Belt,,,,,,,,,,passenger,NA,Davenport (9),14 Division,Little Portugal,false,false,false,false,false,false,false,false,false,true,"{""coordinates"": [[-79.43252259804902, 43.65249481607178]], ""type"": ""MultiPoint""}"
16525,2020:0001153608,2020-06-23T07:52:00,COLLEGE ST,DUFFERIN ST,7 m North of,3,Non-Fatal Injury,At Intersection,Traffic Signal,Angle,Clear,Daylight,Dry,Minor Arterial,false,-79.43252259804902,43.65249481607178,1,Automobile or Station Wagon,East,1,33,Minor,Lap and Shoulder Belt,Driving properly,Normal,,,Going Ahead,,,,,driver,NA,Davenport (9),14 Division,Little Portugal,false,false,false,false,false,false,false,false,false,true,"{""coordinates"": [[-79.43252259804902, 43.65249481607178]], ""type"": ""MultiPoint""}"
16526,2020:0001153608,2020-06-23T07:52:00,COLLEGE ST,DUFFERIN ST,7 m North of,3,Non-Fatal Injury,At Intersection,Traffic Signal,Angle,Clear,Daylight,Dry,Minor Arterial,false,-79.43252259804902,43.65249481607178,2,Truck - Closed,North,2,36,None,Lap and Shoulder Belt,Driving properly,Normal,,,Going Ahead,,,,,driver,NA,Davenport (9),14 Division,Little Portugal,false,false,false,false,false,false,false,false,false,true,"{""coordinates"": [[-79.43252259804902, 43.65249481607178]], ""type"": ""MultiPoint""}"
16527,2020:0001161689,2020-06-24T11:30:00,ST CLAIR AVE W,OLD WESTON RD,11 m North of,2,Non-Fatal Injury,At Intersection,Traffic Signal,Pedestrian Collision(internal code),Clear,Daylight,Dry,Major Arterial,false,-79.46300968155897,43.67346424344845,1,,Unknown,2,57,Major,No Equipment Available,,,Crossing without right-of-way (intersection),Inattentive,,Driver going straight hits pedestrian crossing without right-of-way (at intersection),,,,pedestrian,NA,Davenport (9),11 Division,Weston-Pelham Park,false,true,false,false,false,false,true,false,false,true,"{""coordinates"": [[-79.46300968155897, 43.67346424344845]], ""type"": ""MultiPoint""}"
16528,2020:0001161689,2020-06-24T11:30:00,ST CLAIR AVE W,OLD WESTON RD,11 m North of,2,Non-Fatal Injury,At Intersection,Traffic Signal,Pedestrian Collision(internal code),Clear,Daylight,Dry,Major Arterial,false,-79.46300968155897,43.67346424344845,1,Streetcar,West,1,49,None,Lap and Shoulder Belt,Driving properly,Normal,,,Going Ahead,,,,,driver,NA,Davenport (9),11 Division,Weston-Pelham Park,false,true,false,false,false,false,true,false,false,true,"{""coordinates"": [[-79.46300968155897, 43.67346424344845]], ""type"": ""MultiPoint""}"
16529,2020:0001162641,2020-06-24T13:57:00,KEELE ST,WEST TORONTO ST,,2,Non-Fatal Injury,At Intersection,Traffic Signal,Pedestrian Collision(internal code),Clear,Daylight,Dry,Major Arterial,false,-79.46646580993179,43.669962357738065,1,Pickup Truck,East,1,42,None,Use Unknown,Failed to yield right-of-way,Inattentive,,,Turning Left,,,,,driver,NA,York South-Weston (5),11 Division,Junction Area,true,true,false,false,false,true,true,false,false,false,"{""coordinates"": [[-79.46646580993179, 43.669962357738065]], ""type"": ""MultiPoint""}"
16530,2020:0001162641,2020-06-24T13:57:00,KEELE ST,WEST TORONTO ST,,2,Non-Fatal Injury,At Intersection,Traffic Signal,Pedestrian Collision(internal code),Clear,Daylight,Dry,Major Arterial,false,-79.46646580993179,43.669962357738065,1,,West,2,69,Major,Use Unknown,,,Crossing with right-of-way (intersection),Normal,,Driver turns left into pedestrian crossing with right-of-way (at intersection),,,,pedestrian,NA,York South-Weston (5),11 Division,Junction Area,true,true,false,false,false,true,true,false,false,false,"{""coordinates"": [[-79.46646580993179, 43.669962357738065]], ""type"": ""MultiPoint""}"
16531,2020:0001180091,2020-06-26T22:13:00,DANFORTH AVE,GREENWOOD AVE,62 m West of,2,Non-Fatal Injury,Non-Intersection,No Control,Pedestrian Collision(internal code),Clear,Dark,Dry,Major Arterial,false,-79.33330208883206,43.681162116524305,1,,South,2,72,Major,No Equipment Available,,,Crossing - no traffic control,Normal,,Driver hits pedestrian at midblock,,,,pedestrian,NA,Toronto-Danforth (14),55 Division,Blake-Jones,false,false,false,false,false,true,true,false,false,false,"{""coordinates"": [[-79.33330208883206, 43.681162116524305]], ""type"": ""MultiPoint""}"
16532,2020:0001180091,2020-06-26T22:13:00,DANFORTH AVE,GREENWOOD AVE,62 m West of,2,Non-Fatal Injury,Non-Intersection,No Control,Pedestrian Collision(internal code),Clear,Dark,Dry,Major Arterial,false,-79.33330208883206,43.681162116524305,1,Automobile or Station Wagon,East,1,49,None,Lap and Shoulder Belt,Driving properly,Normal,,,Going Ahead,,,,,driver,NA,Toronto-Danforth (14),55 Division,Blake-Jones,false,false,false,false,false,true,true,false,false,false,"{""coordinates"": [[-79.33330208883206, 43.681162116524305]], ""type"": ""MultiPoint""}"
16533,2020:0001184122,2020-06-27T15:02:00,DANFORTH RD,TRUDELLE ST,4 m West of,2,Non-Fatal Injury,At Intersection,Traffic Signal,Turning Movement,Clear,Daylight,Dry,Major Arterial,false,-79.24549515625824,43.73984730219262,2,Automobile or Station Wagon,West,2,50,None,Lap and Shoulder Belt,Driving properly,Normal,,,Turning Left,,,,,driver,NA,Scarborough Centre (21),43 Division,Eglinton East,true,false,false,true,false,false,false,true,false,false,"{""coordinates"": [[-79.24549515625824, 43.73984730219262]], ""type"": ""MultiPoint""}"
16534,2020:0001184122,2020-06-27T15:02:00,DANFORTH RD,TRUDELLE ST,4 m West of,2,Non-Fatal Injury,At Intersection,Traffic Signal,Turning Movement,Clear,Daylight,Dry,Major Arterial,false,-79.24549515625824,43.73984730219262,1,Motorcycle,North,1,35,Major,Helmet,Disobeyed traffic control,Unknown,,,Going Ahead,,,,,motorcyclist,NA,Scarborough Centre (21),43 Division,Eglinton East,true,false,false,true,false,false,false,true,false,false,"{""coordinates"": [[-79.24549515625824, 43.73984730219262]], ""type"": ""MultiPoint""}"
16535,2020:0001184792,2020-06-27T16:43:00,EGLINTON AVE W,SCARLETT RD,,2,Non-Fatal Injury,At Intersection,Traffic Signal,Cyclist Collision,Clear,Daylight,Dry,Major Arterial,false,-79.51141825535076,43.68388987223643,1,Pickup Truck,East,1,37,None,Lap and Shoulder Belt,Failed to yield right-of-way,Normal,,,Turning Right,,,,,driver,NA,Etobicoke Centre (2),22 Division,Edenbridge-Humber Valley,true,false,true,false,false,false,false,false,true,false,"{""coordinates"": [[-79.51141825535076, 43.68388987223643]], ""type"": ""MultiPoint""}"
16536,2020:0001184792,2020-06-27T16:43:00,EGLINTON AVE W,SCARLETT RD,,2,Non-Fatal Injury,At Intersection,Traffic Signal,Cyclist Collision,Clear,Daylight,Dry,Major Arterial,false,-79.51141825535076,43.68388987223643,2,Bicycle,East,2,12,Major,Use Unknown,,,,,Going Ahead,,Driver turns right on green or amber at signalized intersection and hits cyclist,Driving Properly,Normal,cyclist,NA,Etobicoke Centre (2),22 Division,Edenbridge-Humber Valley,true,false,true,false,false,false,false,false,true,false,"{""coordinates"": [[-79.51141825535076, 43.68388987223643]], ""type"": ""MultiPoint""}"
16537,2020:0001186968,2020-06-27T22:56:00,DREWRY AVE,GRANTBROOK ST,,2,Non-Fatal Injury,At Intersection,No Control,Rear End,Rain,Dark,Wet,Minor Arterial,false,-79.4337278443218,43.78349148397299,2,Automobile or Station Wagon,West,2,39,None,Lap and Shoulder Belt,Driving properly,Normal,,,Stopped,,,,,driver,NA,Willowdale (18),32 Division,Newtonbrook West,false,false,false,false,false,false,false,false,false,false,"{""coordinates"": [[-79.4337278443218, 43.78349148397299]], ""type"": ""MultiPoint""}"
16538,2020:0001186968,2020-06-27T22:56:00,DREWRY AVE,GRANTBROOK ST,,2,Non-Fatal Injury,At Intersection,No Control,Rear End,Rain,Dark,Wet,Minor Arterial,false,-79.4337278443218,43.78349148397299,1,Automobile or Station Wagon,West,1,38,Major,Lap and Shoulder Belt,Lost control,Normal,,,Going Ahead,,,,,driver,NA,Willowdale (18),32 Division,Newtonbrook West,false,false,false,false,false,false,false,false,false,false,"{""coordinates"": [[-79.4337278443218, 43.78349148397299]], ""type"": ""MultiPoint""}"
16539,2020:0001218699,2020-07-02T12:55:00,PHARMACY AVE,HUNTINGWOOD DR,,7,Non-Fatal Injury,At Intersection,Traffic Signal,Angle,Clear,Daylight,Dry,Minor Arterial,false,-79.32012597696246,43.78160307313075,2,,,1,2,Minimal,Child Safety Seat Used Correctly,,,,,,,,,,passenger,NA,Scarborough-Agincourt (22),42 Division,Tam O'Shanter-Sullivan,true,true,false,false,false,true,false,true,false,false,"{""coordinates"": [[-79.32012597696246, 43.78160307313075]], ""type"": ""MultiPoint""}"
16540,2020:0001218699,2020-07-02T12:55:00,PHARMACY AVE,HUNTINGWOOD DR,,7,Non-Fatal Injury,At Intersection,Traffic Signal,Angle,Clear,Daylight,Dry,Minor Arterial,false,-79.32012597696246,43.78160307313075,2,,,7,85,Minimal,Lap and Shoulder Belt,,,,,,,,,,passenger,NA,Scarborough-Agincourt (22),42 Division,Tam O'Shanter-Sullivan,true,true,false,false,false,true,false,true,false,false,"{""coordinates"": [[-79.32012597696246, 43.78160307313075]], ""type"": ""MultiPoint""}"
16541,2020:0001218699,2020-07-02T12:55:00,PHARMACY AVE,HUNTINGWOOD DR,,7,Non-Fatal Injury,At Intersection,Traffic Signal,Angle,Clear,Daylight,Dry,Minor Arterial,false,-79.32012597696246,43.78160307313075,1,,,5,36,Major,Equipment Not Used But Available,,,,,,,,,,passenger,NA,Scarborough-Agincourt (22),42 Division,Tam O'Shanter-Sullivan,true,true,false,false,false,true,false,true,false,false,"{""coordinates"": [[-79.32012597696246, 43.78160307313075]], ""type"": ""MultiPoint""}"
16542,2020:0001218699,2020-07-02T12:55:00,PHARMACY AVE,HUNTINGWOOD DR,,7,Non-Fatal Injury,At Intersection,Traffic Signal,Angle,Clear,Daylight,Dry,Minor Arterial,false,-79.32012597696246,43.78160307313075,2,,,6,82,Minor,Lap and Shoulder Belt,,,,,,,,,,passenger,NA,Scarborough-Agincourt (22),42 Division,Tam O'Shanter-Sullivan,true,true,false,false,false,true,false,true,false,false,"{""coordinates"": [[-79.32012597696246, 43.78160307313075]], ""type"": ""MultiPoint""}"
16543,2020:0001218699,2020-07-02T12:55:00,PHARMACY AVE,HUNTINGWOOD DR,,7,Non-Fatal Injury,At Intersection,Traffic Signal,Angle,Clear,Daylight,Dry,Minor Arterial,false,-79.32012597696246,43.78160307313075,1,Pickup Truck,South,2,40,None,Lap and Shoulder Belt,Disobeyed traffic control,Inattentive,,,Going Ahead,,,,,driver,NA,Scarborough-Agincourt (22),42 Division,Tam O'Shanter-Sullivan,true,true,false,false,false,true,false,true,false,false,"{""coordinates"": [[-79.32012597696246, 43.78160307313075]], ""type"": ""MultiPoint""}"
16544,2020:0001218699,2020-07-02T12:55:00,PHARMACY AVE,HUNTINGWOOD DR,,7,Non-Fatal Injury,At Intersection,Traffic Signal,Angle,Clear,Daylight,Dry,Minor Arterial,false,-79.32012597696246,43.78160307313075,2,Automobile or Station Wagon,West,3,55,Minimal,Lap and Shoulder Belt,Driving properly,Normal,,,Going Ahead,,,,,driver,NA,Scarborough-Agincourt (22),42 Division,Tam O'Shanter-Sullivan,true,true,false,false,false,true,false,true,false,false,"{""coordinates"": [[-79.32012597696246, 43.78160307313075]], ""type"": ""MultiPoint""}"
16545,2020:0001218699,2020-07-02T12:55:00,PHARMACY AVE,HUNTINGWOOD DR,,7,Non-Fatal Injury,At Intersection,Traffic Signal,Angle,Clear,Daylight,Dry,Minor Arterial,false,-79.32012597696246,43.78160307313075,1,,,4,39,None,Lap and Shoulder Belt,,,,,,,,,,passenger,NA,Scarborough-Agincourt (22),42 Division,Tam O'Shanter-Sullivan,true,true,false,false,false,true,false,true,false,false,"{""coordinates"": [[-79.32012597696246, 43.78160307313075]], ""type"": ""MultiPoint""}"
16546,2020:0001227964,2020-07-03T17:03:00,BROADVIEW AVE,HILLSIDE DR,,4,Non-Fatal Injury,At Intersection,Traffic Signal,Turning Movement,Clear,Daylight,Dry,Minor Arterial,false,-79.35625897310905,43.685907631538086,2,Motorcycle,North,2,22,Major,Helmet,Driving properly,Normal,,,Going Ahead,,,,,motorcyclist,NA,Toronto-Danforth (14),55 Division,Broadview North,true,false,false,true,false,false,false,false,true,false,"{""coordinates"": [[-79.35625897310905, 43.685907631538086]], ""type"": ""MultiPoint""}"
16547,2020:0001227964,2020-07-03T17:03:00,BROADVIEW AVE,HILLSIDE DR,,4,Non-Fatal Injury,At Intersection,Traffic Signal,Turning Movement,Clear,Daylight,Dry,Minor Arterial,false,-79.35625897310905,43.685907631538086,1,Automobile or Station Wagon,South,1,25,None,Lap and Shoulder Belt,Failed to yield right-of-way,Normal,,,Turning Left,,,,,driver,NA,Toronto-Danforth (14),55 Division,Broadview North,true,false,false,true,false,false,false,false,true,false,"{""coordinates"": [[-79.35625897310905, 43.685907631538086]], ""type"": ""MultiPoint""}"
16548,2020:0001227964,2020-07-03T17:03:00,BROADVIEW AVE,HILLSIDE DR,,4,Non-Fatal Injury,At Intersection,Traffic Signal,Turning Movement,Clear,Daylight,Dry,Minor Arterial,false,-79.35625897310905,43.685907631538086,1,,,4,7,None,Lap and Shoulder Belt,,,,,,,,,,passenger,NA,Toronto-Danforth (14),55 Division,Broadview North,true,false,false,true,false,false,false,false,true,false,"{""coordinates"": [[-79.35625897310905, 43.685907631538086]], ""type"": ""MultiPoint""}"
16549,2020:0001228966,2020-07-03T19:20:00,ORMONT DR,WESTON RD,,2,Non-Fatal Injury,At Intersection,Traffic Signal,Angle,Clear,Daylight,Dry,Major Arterial,false,-79.545315556325,43.76480341524157,1,Motorcycle,North,2,27,Major,Helmet,Disobeyed traffic control,Inattentive,,,Going Ahead,,,,,motorcyclist,NA,Humber River-Black Creek (7),31 Division,Humber Summit,true,true,false,true,false,false,false,true,false,false,"{""coordinates"": [[-79.545315556325, 43.76480341524157]], ""type"": ""MultiPoint""}"
16550,2020:0001228966,2020-07-03T19:20:00,ORMONT DR,WESTON RD,,2,Non-Fatal Injury,At Intersection,Traffic Signal,Angle,Clear,Daylight,Dry,Major Arterial,false,-79.545315556325,43.76480341524157,2,Automobile or Station Wagon,West,1,39,Minimal,Lap and Shoulder Belt,Driving properly,Normal,,,Going Ahead,,,,,driver,NA,Humber River-Black Creek (7),31 Division,Humber Summit,true,true,false,true,false,false,false,true,false,false,"{""coordinates"": [[-79.545315556325, 43.76480341524157]], ""type"": ""MultiPoint""}"
16551,2020:0001257891,2020-07-07T20:30:00,SERGIO MARCHI ST,TORBARRIE RD,,2,Non-Fatal Injury,Intersection-Related,No Control,Pedestrian Collision(internal code),Clear,Dusk with Artificial Lighting,Dry,Local,false,-79.52401431632035,43.73004007057024,1,Automobile or Station Wagon,East,1,26,None,Use Unknown,Lost control,Normal,,,Going Ahead,,,,,driver,NA,Humber River-Black Creek (7),31 Division,Oakdale-Beverley Heights,false,false,false,false,false,false,true,false,false,false,"{""coordinates"": [[-79.52401431632035, 43.73004007057024]], ""type"": ""MultiPoint""}"
16552,2020:0001257891,2020-07-07T20:30:00,SERGIO MARCHI ST,TORBARRIE RD,,2,Non-Fatal Injury,Intersection-Related,No Control,Pedestrian Collision(internal code),Clear,Dusk with Artificial Lighting,Dry,Local,false,-79.52401431632035,43.73004007057024,1,,Unknown,2,33,Major,Use Unknown,,,Other,Normal,,Driver hits pedestrian at midblock,,,,pedestrian,NA,Humber River-Black Creek (7),31 Division,Oakdale-Beverley Heights,false,false,false,false,false,false,true,false,false,false,"{""coordinates"": [[-79.52401431632035, 43.73004007057024]], ""type"": ""MultiPoint""}"
16553,2020:0001275484,2020-07-10T06:50:00,ENDSLEIGH CRES,MARGARET AVE,,2,Non-Fatal Injury,At Intersection,No Control,Pedestrian Collision(internal code),Clear,Daylight,Dry,Local,false,-79.3355450083397,43.78162597979274,1,Automobile or Station Wagon,East,1,52,None,Lap and Shoulder Belt,Driving properly,Normal,,,Going Ahead,,,,,driver,NA,Don Valley North (17),33 Division,Pleasant View,false,false,false,false,false,true,true,false,false,false,"{""coordinates"": [[-79.3355450083397, 43.78162597979274]], ""type"": ""MultiPoint""}"
16554,2020:0001275484,2020-07-10T06:50:00,ENDSLEIGH CRES,MARGARET AVE,,2,Non-Fatal Injury,At Intersection,No Control,Pedestrian Collision(internal code),Clear,Daylight,Dry,Local,false,-79.3355450083397,43.78162597979274,1,,North,2,76,Major,No Equipment Available,,,Crossing without right-of-way (intersection),Normal,,Driver going straight hits pedestrian crossing without right-of-way (at intersection),,,,pedestrian,NA,Don Valley North (17),33 Division,Pleasant View,false,false,false,false,false,true,true,false,false,false,"{""coordinates"": [[-79.3355450083397, 43.78162597979274]], ""type"": ""MultiPoint""}"
16555,2020:0001276216,2020-07-10T09:00:00,SPANBRIDGE RD,LINKWOOD LANE,8 m North of,2,Non-Fatal Injury,At Intersection,Stop Sign,Pedestrian Collision(internal code),Clear,Daylight,Dry,Collector,false,-79.32445956148538,43.71229003110122,1,Automobile or Station Wagon,East,1,50,None,Lap and Shoulder Belt,Failed to yield right-of-way,Inattentive,,,Turning Left,,,,,driver,NA,Don Valley East (16),55 Division,Flemingdon Park,true,true,false,false,false,true,true,false,false,false,"{""coordinates"": [[-79.32445956148538, 43.71229003110122]], ""type"": ""MultiPoint""}"
16556,2020:0001276216,2020-07-10T09:00:00,SPANBRIDGE RD,LINKWOOD LANE,8 m North of,2,Non-Fatal Injury,At Intersection,Stop Sign,Pedestrian Collision(internal code),Clear,Daylight,Dry,Collector,false,-79.32445956148538,43.71229003110122,1,,Unknown,2,67,Major,No Equipment Available,,,Crossing with right-of-way (intersection),Normal,,Driver turns left into pedestrian crossing with right-of-way (at intersection),,,,pedestrian,NA,Don Valley East (16),55 Division,Flemingdon Park,true,true,false,false,false,true,true,false,false,false,"{""coordinates"": [[-79.32445956148538, 43.71229003110122]], ""type"": ""MultiPoint""}"
16557,2020:0001286810,2020-07-11T18:54:00,SPADINA AVE,FORT YORK BLVD,80 m South of,5,Non-Fatal Injury,Non-Intersection,No Control,Rear End,Clear,Daylight,Wet,Major Arterial,false,-79.39272761820023,43.63985285369327,2,Automobile or Station Wagon,South,2,54,Major,Lap and Shoulder Belt,Driving properly,Normal,,,Going Ahead,,,,,driver,NA,Spadina-Fort York (10),52 Division,Harbourfront-CityPlace,false,true,false,false,false,false,false,false,false,false,"{""coordinates"": [[-79.39272761820023, 43.63985285369327]], ""type"": ""MultiPoint""}"
16558,2020:0001286810,2020-07-11T18:54:00,SPADINA AVE,FORT YORK BLVD,80 m South of,5,Non-Fatal Injury,Non-Intersection,No Control,Rear End,Clear,Daylight,Wet,Major Arterial,false,-79.39272761820023,43.63985285369327,1,Automobile or Station Wagon,South,1,26,None,Lap and Shoulder Belt,Other,Inattentive,,,Going Ahead,,,,,driver,NA,Spadina-Fort York (10),52 Division,Harbourfront-CityPlace,false,true,false,false,false,false,false,false,false,false,"{""coordinates"": [[-79.39272761820023, 43.63985285369327]], ""type"": ""MultiPoint""}"
16559,2020:0001286810,2020-07-11T18:54:00,SPADINA AVE,FORT YORK BLVD,80 m South of,5,Non-Fatal Injury,Non-Intersection,No Control,Rear End,Clear,Daylight,Wet,Major Arterial,false,-79.39272761820023,43.63985285369327,3,,,5,27,None,Lap and Shoulder Belt,,,,,,,,,,passenger,NA,Spadina-Fort York (10),52 Division,Harbourfront-CityPlace,false,true,false,false,false,false,false,false,false,false,"{""coordinates"": [[-79.39272761820023, 43.63985285369327]], ""type"": ""MultiPoint""}"
16560,2020:0001286810,2020-07-11T18:54:00,SPADINA AVE,FORT YORK BLVD,80 m South of,5,Non-Fatal Injury,Non-Intersection,No Control,Rear End,Clear,Daylight,Wet,Major Arterial,false,-79.39272761820023,43.63985285369327,2,,,4,41,None,Lap and Shoulder Belt,,,,,,,,,,passenger,NA,Spadina-Fort York (10),52 Division,Harbourfront-CityPlace,false,true,false,false,false,false,false,false,false,false,"{""coordinates"": [[-79.39272761820023, 43.63985285369327]], ""type"": ""MultiPoint""}"
16561,2020:0001286810,2020-07-11T18:54:00,SPADINA AVE,FORT YORK BLVD,80 m South of,5,Non-Fatal Injury,Non-Intersection,No Control,Rear End,Clear,Daylight,Wet,Major Arterial,false,-79.39272761820023,43.63985285369327,3,Automobile or Station Wagon,South,3,22,None,Lap and Shoulder Belt,Driving properly,Normal,,,Stopped,,,,,driver,NA,Spadina-Fort York (10),52 Division,Harbourfront-CityPlace,false,true,false,false,false,false,false,false,false,false,"{""coordinates"": [[-79.39272761820023, 43.63985285369327]], ""type"": ""MultiPoint""}"