X_id,collision_id,accdate,stname1,stname2,stname3,per_inv,acclass,accloc,traffictl,impactype,visible,light,rdsfcond,road_class,failtorem,longitude,latitude,veh_no,vehtype,initdir,per_no,invage,injury,safequip,drivact,drivcond,pedact,pedcond,manoeuvre,pedtype,cyclistype,cycact,cyccond,road_user,fatal_no,wardname,division,neighbourhood,aggressive,distracted,cyclist,motorcyclist,other_micromobility,older_adult,pedestrian,red_light,school_child,heavy_truck,geometry
16759,2020:0001957732,2020-10-15T12:27:00,22 ELKHORN DR,,,2,Fatal Injury,Non-Intersection,No Control,Pedestrian Collision(internal code),Rain,Daylight,Wet,Local,false,-79.381054432625,43.77035360443912,1,Truck - Closed,South,2,64,None,,Other,Inattentive,,,Reversing,,,,,driver,NA,Don Valley North (17),33 Division,Bayview Village,false,true,false,false,false,true,true,false,false,true,"{""coordinates"": [[-79.381054432625, 43.77035360443912]], ""type"": ""MultiPoint""}"
16760,2020:0001912366,2020-10-08T14:10:00,LAWRENCE AVE W,BATHURST ST,3 m South of,2,Non-Fatal Injury,At Intersection,Traffic Signal,Pedestrian Collision(internal code),Rain,Daylight,Wet,Major Arterial,true,-79.42977590052126,43.71918714230097,1,,East,2,74,Major,No Equipment Available,,,Crossing with right-of-way (intersection),Normal,,Driver turns right into pedestrian crossing with right-of-way (at intersection),,,,pedestrian,NA,Eglinton-Lawrence (8),53 Division,Bedford Park-Nortown,false,false,false,false,false,true,true,false,false,false,"{""coordinates"": [[-79.42977590052126, 43.71918714230097]], ""type"": ""MultiPoint""}"
16761,2020:0001915138,2020-10-08T23:30:00,COLLEGE ST,RUSHOLME PARK CRES,,2,Fatal Injury,Non-Intersection,No Control,SMV Unattended Vehicle,Clear,Dark with Artificial Lighting,Dry,Major Arterial,false,-79.43024903353158,43.65278854431727,1,Motorcycle,West,1,38,Fatal,,Lost control,Unknown,,,Going Ahead,,,,,motorcyclist,28,Davenport (9),14 Division,Little Portugal,false,false,false,true,false,false,false,false,false,false,"{""coordinates"": [[-79.43024903353158, 43.65278854431727]], ""type"": ""MultiPoint""}"
16762,2020:0001915138,2020-10-08T23:30:00,COLLEGE ST,RUSHOLME PARK CRES,,2,Fatal Injury,Non-Intersection,No Control,SMV Unattended Vehicle,Clear,Dark with Artificial Lighting,Dry,Major Arterial,false,-79.43024903353158,43.65278854431727,1,Automobile or Station Wagon,East,2,NA,None,,,,,,Parked,,,,,other,NA,Davenport (9),14 Division,Little Portugal,false,false,false,true,false,false,false,false,false,false,"{""coordinates"": [[-79.43024903353158, 43.65278854431727]], ""type"": ""MultiPoint""}"
16763,2020:0001927144,2020-10-10T17:59:00,JANE ST,GOLDWIN AVE,5 m West of,2,Non-Fatal Injury,At Intersection,Stop Sign,Turning Movement,Clear,Daylight,Dry,Major Arterial,false,-79.50034035042614,43.689207544501144,1,Pickup Truck,North,1,39,None,Lap and Shoulder Belt,Improper turn,Inattentive,,,Turning Left,,,,,driver,NA,York South-Weston (5),12 Division,Mount Dennis,false,true,false,true,false,false,false,false,false,false,"{""coordinates"": [[-79.50034035042614, 43.689207544501144]], ""type"": ""MultiPoint""}"
16764,2020:0001927144,2020-10-10T17:59:00,JANE ST,GOLDWIN AVE,5 m West of,2,Non-Fatal Injury,At Intersection,Stop Sign,Turning Movement,Clear,Daylight,Dry,Major Arterial,false,-79.50034035042614,43.689207544501144,2,Motorcycle,South,2,47,Major,Lap and Shoulder Belt,Driving properly,Normal,,,Going Ahead,,,,,motorcyclist,NA,York South-Weston (5),12 Division,Mount Dennis,false,true,false,true,false,false,false,false,false,false,"{""coordinates"": [[-79.50034035042614, 43.689207544501144]], ""type"": ""MultiPoint""}"
16765,2020:0001931088,2020-10-11T11:20:00,WOODBINE AVE,KINGSTON RD,,2,Non-Fatal Injury,At Intersection,Traffic Signal,Cyclist Collision,Clear,Daylight,Dry,Major Arterial,false,-79.307888537826,43.673856935732786,2,Bicycle,North,2,40,Major,Use Unknown,,,,,Going Ahead,,Driver turns left into path of cyclist,Driving Properly,Normal,cyclist,NA,Beaches-East York (19),55 Division,The Beaches,true,true,true,false,false,false,false,false,false,false,"{""coordinates"": [[-79.307888537826, 43.673856935732786]], ""type"": ""MultiPoint""}"
16766,2020:0001931088,2020-10-11T11:20:00,WOODBINE AVE,KINGSTON RD,,2,Non-Fatal Injury,At Intersection,Traffic Signal,Cyclist Collision,Clear,Daylight,Dry,Major Arterial,false,-79.307888537826,43.673856935732786,1,Pickup Truck,South,1,46,None,Use Unknown,Failed to yield right-of-way,Inattentive,,,Turning Left,,,,,driver,NA,Beaches-East York (19),55 Division,The Beaches,true,true,true,false,false,false,false,false,false,false,"{""coordinates"": [[-79.307888537826, 43.673856935732786]], ""type"": ""MultiPoint""}"
16767,2020:0001934074,2020-10-11T20:30:00,Kingston Road,Glen Everest Road,,2,Non-Fatal Injury,At Intersection,Traffic Signal,Cyclist Collision,Clear,Dusk with Artificial Lighting,Dry,Major Arterial,false,-79.25675621080673,43.69754231977486,2,Motorcycle,West,2,31,Minimal,Helmet,Driving properly,Normal,,,Going Ahead,,,,,motorcyclist,NA,Scarborough Southwest (20),41 Division,Birchcliffe-Cliffside,false,true,true,true,false,false,false,false,true,false,"{""coordinates"": [[-79.25675621080673, 43.69754231977486]], ""type"": ""MultiPoint""}"
16768,2020:0001934074,2020-10-11T20:30:00,Kingston Road,Glen Everest Road,,2,Non-Fatal Injury,At Intersection,Traffic Signal,Cyclist Collision,Clear,Dusk with Artificial Lighting,Dry,Major Arterial,false,-79.25675621080673,43.69754231977486,1,Bicycle,North,1,16,Major,Use Unknown,,,,,Going Ahead,,"Cyclist without right-of-way rides into path of driver (at intersection, laneway, or driveway)",Failed to Yield Right of Way,Inattentive,cyclist,NA,Scarborough Southwest (20),41 Division,Birchcliffe-Cliffside,false,true,true,true,false,false,false,false,true,false,"{""coordinates"": [[-79.25675621080673, 43.69754231977486]], ""type"": ""MultiPoint""}"
16769,2020:0001940250,2020-10-12T22:50:00,MCCOWAN RD,BRIDLEY DR,163 m North of,4,Property Damage Only,Non-Intersection,No Control,SMV Other,Rain,Dark with Artificial Lighting,Wet,Major Arterial,false,-79.27080183263055,43.81526009229205,0,,,3,25,Major,Lap and Shoulder Belt,,,,,,,,,,passenger,NA,Scarborough North (23),42 Division,Agincourt North,false,false,false,false,false,false,false,false,false,false,"{""coordinates"": [[-79.27080183263055, 43.81526009229205]], ""type"": ""MultiPoint""}"
16770,2020:0001940250,2020-10-12T22:50:00,MCCOWAN RD,BRIDLEY DR,163 m North of,4,Property Damage Only,Non-Intersection,No Control,SMV Other,Rain,Dark with Artificial Lighting,Wet,Major Arterial,false,-79.27080183263055,43.81526009229205,0,,,2,21,Major,Lap and Shoulder Belt,,,,,,,,,,passenger,NA,Scarborough North (23),42 Division,Agincourt North,false,false,false,false,false,false,false,false,false,false,"{""coordinates"": [[-79.27080183263055, 43.81526009229205]], ""type"": ""MultiPoint""}"
16771,2020:0001940250,2020-10-12T22:50:00,MCCOWAN RD,BRIDLEY DR,163 m North of,4,Property Damage Only,Non-Intersection,No Control,SMV Other,Rain,Dark with Artificial Lighting,Wet,Major Arterial,false,-79.27080183263055,43.81526009229205,0,,,4,23,Major,Lap and Shoulder Belt,,,,,,,,,,passenger,NA,Scarborough North (23),42 Division,Agincourt North,false,false,false,false,false,false,false,false,false,false,"{""coordinates"": [[-79.27080183263055, 43.81526009229205]], ""type"": ""MultiPoint""}"
16772,2020:0001940250,2020-10-12T22:50:00,MCCOWAN RD,BRIDLEY DR,163 m North of,4,Property Damage Only,Non-Intersection,No Control,SMV Other,Rain,Dark with Artificial Lighting,Wet,Major Arterial,false,-79.27080183263055,43.81526009229205,1,Automobile or Station Wagon,South,1,20,Major,Lap and Shoulder Belt,Lost control,Unknown,,,Going Ahead,,,,,driver,NA,Scarborough North (23),42 Division,Agincourt North,false,false,false,false,false,false,false,false,false,false,"{""coordinates"": [[-79.27080183263055, 43.81526009229205]], ""type"": ""MultiPoint""}"
16773,2020:0001942115,2020-10-13T09:06:00,ALBION RD,MARTIN GROVE RD,4 m West of,2,Non-Fatal Injury,At Intersection,Traffic Signal,Pedestrian Collision(internal code),Clear,Daylight,Dry,Major Arterial,false,-79.59416666535745,43.74185426013804,1,Automobile or Station Wagon,East,1,32,None,Lap and Shoulder Belt,Failed to yield right-of-way,Normal,,,Turning Right,,,,,driver,NA,Etobicoke North (1),23 Division,Mount Olive-Silverstone-Jamestown,true,false,false,false,false,false,true,false,false,false,"{""coordinates"": [[-79.59416666535745, 43.74185426013804]], ""type"": ""MultiPoint""}"
16774,2020:0001942115,2020-10-13T09:06:00,ALBION RD,MARTIN GROVE RD,4 m West of,2,Non-Fatal Injury,At Intersection,Traffic Signal,Pedestrian Collision(internal code),Clear,Daylight,Dry,Major Arterial,false,-79.59416666535745,43.74185426013804,1,,South,2,57,Major,Use Unknown,,,Crossing with right-of-way (intersection),Normal,,Driver turns right into pedestrian crossing with right-of-way (at intersection),,,,pedestrian,NA,Etobicoke North (1),23 Division,Mount Olive-Silverstone-Jamestown,true,false,false,false,false,false,true,false,false,false,"{""coordinates"": [[-79.59416666535745, 43.74185426013804]], ""type"": ""MultiPoint""}"
16775,2020:0001945158,2020-10-13T16:22:00,RUNNYMEDE RD,DUNDAS ST W,100 m South of,3,Non-Fatal Injury,Non-Intersection,No Control,Rear End,Clear,Daylight,Dry,Minor Arterial,false,-79.4816788613104,43.664526438434805,1,Delivery Van,North,1,53,None,Lap and Shoulder Belt,Lost control,Inattentive,,,Going Ahead,,,,,driver,NA,Parkdale-High Park (4),11 Division,Junction Area,false,true,false,false,false,false,false,false,false,true,"{""coordinates"": [[-79.4816788613104, 43.664526438434805]], ""type"": ""MultiPoint""}"
16776,2020:0001945158,2020-10-13T16:22:00,RUNNYMEDE RD,DUNDAS ST W,100 m South of,3,Non-Fatal Injury,Non-Intersection,No Control,Rear End,Clear,Daylight,Dry,Minor Arterial,false,-79.4816788613104,43.664526438434805,2,Automobile or Station Wagon,North,2,50,Major,Lap and Shoulder Belt,Driving properly,Normal,,,Stopped,,,,,driver,NA,Parkdale-High Park (4),11 Division,Junction Area,false,true,false,false,false,false,false,false,false,true,"{""coordinates"": [[-79.4816788613104, 43.664526438434805]], ""type"": ""MultiPoint""}"
16777,2020:0001945158,2020-10-13T16:22:00,RUNNYMEDE RD,DUNDAS ST W,100 m South of,3,Non-Fatal Injury,Non-Intersection,No Control,Rear End,Clear,Daylight,Dry,Minor Arterial,false,-79.4816788613104,43.664526438434805,3,Automobile or Station Wagon,North,3,43,None,Lap and Shoulder Belt,Driving properly,Normal,,,Stopped,,,,,driver,NA,Parkdale-High Park (4),11 Division,Junction Area,false,true,false,false,false,false,false,false,false,true,"{""coordinates"": [[-79.4816788613104, 43.664526438434805]], ""type"": ""MultiPoint""}"
16778,2020:0001957732,2020-10-15T12:27:00,22 ELKHORN DR,,,2,Fatal Injury,Non-Intersection,No Control,Pedestrian Collision(internal code),Rain,Daylight,Wet,Local,false,-79.381054432625,43.77035360443912,NA,,East,1,81,Fatal,,,,On sidewalk or shoulder,Normal,,Driver reversing hits pedestrian,,,,pedestrian,27,Don Valley North (17),33 Division,Bayview Village,false,true,false,false,false,true,true,false,false,true,"{""coordinates"": [[-79.381054432625, 43.77035360443912]], ""type"": ""MultiPoint""}"
16779,2020:0001973407,2020-10-17T19:09:00,JANE ST,SAN ROMANOWAY,60 m North of,3,Non-Fatal Injury,At Intersection,Traffic Signal,Pedestrian Collision(internal code),Clear,Dark with Artificial Lighting,Dry,Major Arterial,false,-79.51819303199859,43.7593941465911,1,Automobile or Station Wagon,North,1,65,None,Use Unknown,Driving properly,Normal,,,Going Ahead,,,,,driver,NA,Humber River-Black Creek (7),31 Division,Black Creek,false,true,false,false,false,true,true,false,false,false,"{""coordinates"": [[-79.51819303199859, 43.7593941465911]], ""type"": ""MultiPoint""}"
16780,2020:0001973407,2020-10-17T19:09:00,JANE ST,SAN ROMANOWAY,60 m North of,3,Non-Fatal Injury,At Intersection,Traffic Signal,Pedestrian Collision(internal code),Clear,Dark with Artificial Lighting,Dry,Major Arterial,false,-79.51819303199859,43.7593941465911,1,,,2,NA,None,Use Unknown,,,,,,,,,,passenger,NA,Humber River-Black Creek (7),31 Division,Black Creek,false,true,false,false,false,true,true,false,false,false,"{""coordinates"": [[-79.51819303199859, 43.7593941465911]], ""type"": ""MultiPoint""}"
16781,2020:0001973407,2020-10-17T19:09:00,JANE ST,SAN ROMANOWAY,60 m North of,3,Non-Fatal Injury,At Intersection,Traffic Signal,Pedestrian Collision(internal code),Clear,Dark with Artificial Lighting,Dry,Major Arterial,false,-79.51819303199859,43.7593941465911,1,,West,3,26,Major,Use Unknown,,,Crossing without right-of-way (intersection),Inattentive,,Driver going straight hits pedestrian crossing without right-of-way (at intersection),,,,pedestrian,NA,Humber River-Black Creek (7),31 Division,Black Creek,false,true,false,false,false,true,true,false,false,false,"{""coordinates"": [[-79.51819303199859, 43.7593941465911]], ""type"": ""MultiPoint""}"
16782,2020:0001985100,2020-10-19T16:41:00,GERRARD ST E,JONES AVE,60 m East of,1,Non-Fatal Injury,Non-Intersection,No Control,SMV Other,Rain,Daylight with Artificial Lighting,Wet,Minor Arterial,false,-79.33441599887725,43.66943573996652,1,Motorcycle,West,1,70,Major,Helmet,Lost control,Normal,,,Changing Lanes,,,,,motorcyclist,NA,Toronto-Danforth (14),55 Division,South Riverdale,false,false,false,true,false,true,false,false,false,false,"{""coordinates"": [[-79.33441599887725, 43.66943573996652]], ""type"": ""MultiPoint""}"
16783,2020:0001994232,2020-10-21T00:08:00,SHEPPARD AVE E,KENNEDY RD,,1,Fatal Injury,Non-Intersection,No Control,SMV Other,Clear,Dark with Artificial Lighting,Dry,Major Arterial,false,-79.2898219714588,43.78282755476168,2,Automobile or Station Wagon,East,1,50,Fatal,,Lost control,Medical or Physical Disability,,,Going Ahead,,,,,driver,29,Scarborough-Agincourt (22),42 Division,Tam O'Shanter-Sullivan,false,false,false,false,false,false,false,false,false,false,"{""coordinates"": [[-79.2898219714588, 43.78282755476168]], ""type"": ""MultiPoint""}"
16784,2020:0001995407,2020-10-21T07:44:00,LAWRENCE AVE E,ASTERFIELD DR,10 m West of,2,Non-Fatal Injury,At Intersection,No Control,Turning Movement,Rain,Dark with Artificial Lighting,Wet,Minor Arterial,false,-79.17389316186886,43.771081976407466,2,Truck - Closed,East,2,51,None,Lap and Shoulder Belt,Driving properly,Normal,,,Going Ahead,,,,,driver,NA,Scarborough-Rouge Park (25),43 Division,West Hill,false,true,false,false,false,false,false,false,false,true,"{""coordinates"": [[-79.17389316186886, 43.771081976407466]], ""type"": ""MultiPoint""}"
16785,2020:0001995407,2020-10-21T07:44:00,LAWRENCE AVE E,ASTERFIELD DR,10 m West of,2,Non-Fatal Injury,At Intersection,No Control,Turning Movement,Rain,Dark with Artificial Lighting,Wet,Minor Arterial,false,-79.17389316186886,43.771081976407466,1,Automobile or Station Wagon,East,1,56,Major,Lap and Shoulder Belt,Improper turn,Inattentive,,,Turning Left,,,,,driver,NA,Scarborough-Rouge Park (25),43 Division,West Hill,false,true,false,false,false,false,false,false,false,true,"{""coordinates"": [[-79.17389316186886, 43.771081976407466]], ""type"": ""MultiPoint""}"
16786,2020:0002019769,2020-10-24T16:21:00,DUPONT ST,CHRISTIE ST,,2,Fatal Injury,Intersection-Related,Traffic Signal,Pedestrian Collision(internal code),Clear,Daylight,Dry,Major Arterial,false,-79.42150569982117,43.67154920678029,NA,Passenger Van,North,2,71,Minimal,,Lost control,Medical or Physical Disability,,,Going Ahead,,,,,driver,NA,University-Rosedale (11),14 Division,Annex,false,false,false,false,false,true,true,false,false,false,"{""coordinates"": [[-79.42150569982117, 43.671549206780284]], ""type"": ""MultiPoint""}"
16787,2020:0002019769,2020-10-24T16:21:00,DUPONT ST,CHRISTIE ST,,2,Fatal Injury,Intersection-Related,Traffic Signal,Pedestrian Collision(internal code),Clear,Daylight,Dry,Major Arterial,false,-79.42150569982117,43.67154920678029,NA,,Unknown,1,73,Fatal,,,,On sidewalk or shoulder,Normal,,Driver hits pedestrian on sidewalk or shoulder,,,,pedestrian,30,University-Rosedale (11),14 Division,Annex,false,false,false,false,false,true,true,false,false,false,"{""coordinates"": [[-79.42150569982117, 43.671549206780284]], ""type"": ""MultiPoint""}"
16788,2020:0002045410,2020-10-28T12:41:00,DUFFERIN ST,BLOOR ST W,,2,Non-Fatal Injury,Intersection-Related,Traffic Signal,Cyclist Collision,Clear,Daylight,Dry,Major Arterial,false,-79.43532257911085,43.65981140709684,1,Bicycle,North,1,31,Major,Use Unknown,,,,,Going Ahead,,Driver turns left into path of cyclist,Failed to Yield Right of Way,Normal,cyclist,NA,Davenport (9),14 Division,Dufferin Grove,false,false,true,false,false,false,false,false,false,true,"{""coordinates"": [[-79.43532257911085, 43.65981140709684]], ""type"": ""MultiPoint""}"
16789,2020:0002045410,2020-10-28T12:41:00,DUFFERIN ST,BLOOR ST W,,2,Non-Fatal Injury,Intersection-Related,Traffic Signal,Cyclist Collision,Clear,Daylight,Dry,Major Arterial,false,-79.43532257911085,43.65981140709684,2,Truck - Closed,North,2,22,None,Use Unknown,Driving properly,Normal,,,Turning Right,,,,,driver,NA,Davenport (9),14 Division,Dufferin Grove,false,false,true,false,false,false,false,false,false,true,"{""coordinates"": [[-79.43532257911085, 43.65981140709684]], ""type"": ""MultiPoint""}"
16790,2020:0002053531,2020-10-29T15:25:00,WELLINGTON ST W,UNIVERSITY AVE,,2,Non-Fatal Injury,At Intersection,Traffic Signal,Angle,Clear,Daylight,Dry,Major Arterial,false,-79.38406059903706,43.64631112169492,1,Automobile or Station Wagon,South,1,58,Major,Lap and Shoulder Belt,Disobeyed traffic control,Inattentive,,,Going Ahead,,,,,driver,NA,Spadina-Fort York (10),52 Division,Yonge-Bay Corridor,true,true,false,false,false,true,false,true,false,false,"{""coordinates"": [[-79.38406059903706, 43.64631112169492]], ""type"": ""MultiPoint""}"
16791,2020:0002053531,2020-10-29T15:25:00,WELLINGTON ST W,UNIVERSITY AVE,,2,Non-Fatal Injury,At Intersection,Traffic Signal,Angle,Clear,Daylight,Dry,Major Arterial,false,-79.38406059903706,43.64631112169492,2,Automobile or Station Wagon,West,2,74,None,Lap and Shoulder Belt,Driving properly,Normal,,,Going Ahead,,,,,driver,NA,Spadina-Fort York (10),52 Division,Yonge-Bay Corridor,true,true,false,false,false,true,false,true,false,false,"{""coordinates"": [[-79.38406059903706, 43.64631112169492]], ""type"": ""MultiPoint""}"
16792,2020:0002063243,2020-10-30T23:31:00,THE QUEENSWAY,ISLINGTON AVE,30 m South of,2,Non-Fatal Injury,At Intersection,Traffic Signal,SMV Other,Clear,Dark,Dry,Major Arterial,false,-79.51474478721423,43.623518508104524,1,Automobile or Station Wagon,South,1,38,Major,Lap and Shoulder Belt,Lost control,Ability Impaired - Alcohol Over .08,,,Going Ahead,,,,,driver,NA,Etobicoke-Lakeshore (3),22 Division,Stonegate-Queensway,false,false,false,false,false,false,false,false,false,false,"{""coordinates"": [[-79.51474478721423, 43.623518508104524]], ""type"": ""MultiPoint""}"
16793,2020:0002063243,2020-10-30T23:31:00,THE QUEENSWAY,ISLINGTON AVE,30 m South of,2,Non-Fatal Injury,At Intersection,Traffic Signal,SMV Other,Clear,Dark,Dry,Major Arterial,false,-79.51474478721423,43.623518508104524,1,,,2,32,Major,Lap and Shoulder Belt,,,,,,,,,,passenger,NA,Etobicoke-Lakeshore (3),22 Division,Stonegate-Queensway,false,false,false,false,false,false,false,false,false,false,"{""coordinates"": [[-79.51474478721423, 43.623518508104524]], ""type"": ""MultiPoint""}"
16794,2020:0002072729,2020-11-01T13:00:00,BLOOR ST W,MARGUERETTA ST,1 m East of,2,Non-Fatal Injury,At Intersection,No Control,Cyclist Collision,Clear,Daylight,Dry,Major Arterial,true,-79.43973237911594,43.65897980982728,1,Automobile or Station Wagon,West,1,NA,None,Use Unknown,Improper turn,Unknown,,,Turning Left,,,,,driver,NA,Davenport (9),11 Division,Dufferin Grove,false,false,true,false,false,false,false,false,false,false,"{""coordinates"": [[-79.43973237911594, 43.65897980982728]], ""type"": ""MultiPoint""}"
16795,2020:0002072729,2020-11-01T13:00:00,BLOOR ST W,MARGUERETTA ST,1 m East of,2,Non-Fatal Injury,At Intersection,No Control,Cyclist Collision,Clear,Daylight,Dry,Major Arterial,true,-79.43973237911594,43.65897980982728,2,Bicycle,East,2,46,Major,Helmet,,,,,Going Ahead,,"Driver turns right at non-signalized intersection (e.g. stop, yield, no control, driveway) and hits cyclist",Driving Properly,Normal,cyclist,NA,Davenport (9),11 Division,Dufferin Grove,false,false,true,false,false,false,false,false,false,false,"{""coordinates"": [[-79.43973237911594, 43.65897980982728]], ""type"": ""MultiPoint""}"
16796,2020:0002092644,2020-11-04T12:41:00,CHERRY ST,MILL ST,,2,Fatal Injury,At Intersection,Traffic Signal,Pedestrian Collision(internal code),Clear,Daylight,Dry,Collector,false,-79.3573576584326,43.651258743380104,NA,,East,1,67,Fatal,,,,Crossing with right-of-way (intersection),Normal,,Driver turns right into pedestrian crossing with right-of-way (at intersection),,,,pedestrian,31,Spadina-Fort York (10),51 Division,St Lawrence-East Bayfront-The Islands,true,false,false,false,false,true,true,false,false,true,"{""coordinates"": [[-79.3573576584326, 43.651258743380104]], ""type"": ""MultiPoint""}"
16797,2020:0002092644,2020-11-04T12:41:00,CHERRY ST,MILL ST,,2,Fatal Injury,At Intersection,Traffic Signal,Pedestrian Collision(internal code),Clear,Daylight,Dry,Collector,false,-79.3573576584326,43.651258743380104,NA,Truck - Other,East,2,64,None,,Failed to yield right-of-way,Normal,,,Turning Right,,,,,driver,NA,Spadina-Fort York (10),51 Division,St Lawrence-East Bayfront-The Islands,true,false,false,false,false,true,true,false,false,true,"{""coordinates"": [[-79.3573576584326, 43.651258743380104]], ""type"": ""MultiPoint""}"
16798,2020:0002109352,2020-11-06T19:20:00,WILLIAM R ALLEN RD N,LAWRENCE AVE W,,2,Fatal Injury,Non-Intersection,No Control,Pedestrian Collision(internal code),Clear,Dark with Artificial Lighting,Dry,Expressway,false,-79.44356987723584,43.715040586133064,NA,Delivery Van,North,2,28,None,,Driving properly,Normal,,,Going Ahead,,,,,driver,NA,Eglinton-Lawrence (8),13 Division,Yorkdale-Glen Park,false,false,false,false,false,false,true,false,false,true,"{""coordinates"": [[-79.44356987723584, 43.715040586133064]], ""type"": ""MultiPoint""}"
16799,2020:0002109352,2020-11-06T19:20:00,WILLIAM R ALLEN RD N,LAWRENCE AVE W,,2,Fatal Injury,Non-Intersection,No Control,Pedestrian Collision(internal code),Clear,Dark with Artificial Lighting,Dry,Expressway,false,-79.44356987723584,43.715040586133064,NA,,West,1,33,Fatal,,,,Crossing - no traffic control,Other Condition,Unknown,Driver hits pedestrian at midblock,,,,pedestrian,32,Eglinton-Lawrence (8),13 Division,Yorkdale-Glen Park,false,false,false,false,false,false,true,false,false,true,"{""coordinates"": [[-79.44356987723584, 43.715040586133064]], ""type"": ""MultiPoint""}"
16800,2020:0002112681,2020-11-07T09:58:00,KINGSTON RD,PINE RIDGE DR,,2,Non-Fatal Injury,At Intersection,No Control,Cyclist Collision,Clear,Daylight,Dry,Major Arterial,false,-79.22642928228571,43.73022661431242,2,Bicycle,East,2,54,Major,Helmet,,,,,Going Ahead,,Driver turns left into path of cyclist,Driving Properly,Normal,cyclist,NA,Scarborough Southwest (20),43 Division,Cliffcrest,true,true,true,false,false,true,false,false,false,false,"{""coordinates"": [[-79.22642928228571, 43.73022661431242]], ""type"": ""MultiPoint""}"
16801,2020:0002112681,2020-11-07T09:58:00,KINGSTON RD,PINE RIDGE DR,,2,Non-Fatal Injury,At Intersection,No Control,Cyclist Collision,Clear,Daylight,Dry,Major Arterial,false,-79.22642928228571,43.73022661431242,1,Automobile or Station Wagon,West,1,71,None,Lap and Shoulder Belt,Failed to yield right-of-way,Inattentive,,,Turning Left,,,,,driver,NA,Scarborough Southwest (20),43 Division,Cliffcrest,true,true,true,false,false,true,false,false,false,false,"{""coordinates"": [[-79.22642928228571, 43.73022661431242]], ""type"": ""MultiPoint""}"
16802,2020:0002115460,2020-11-07T17:20:00,MILITARY TRL,ELLESMERE RD,,2,Non-Fatal Injury,At Intersection,Traffic Signal,Pedestrian Collision(internal code),Clear,Dark with Artificial Lighting,Dry,Major Arterial,false,-79.21710610534974,43.77968034898792,1,Automobile or Station Wagon,North,1,62,None,Lap and Shoulder Belt,Failed to yield right-of-way,Inattentive,,,Turning Left,,,,,driver,NA,Scarborough-Guildwood (24),43 Division,Morningside,true,true,false,false,false,false,true,false,false,false,"{""coordinates"": [[-79.21710610534974, 43.779680348987924]], ""type"": ""MultiPoint""}"
16803,2024:4000371349,2024-02-18T21:00:00,ALBION RD,Byng AVE,20 m North of,4,Non-Fatal Injury,Non-Intersection,No Control,Reversing,Clear,Dark with Artificial Lighting,Dry,Major Arterial,false,-79.55167854277698,43.726320774066096,1,,,2,41,Minimal,Lap and Shoulder Belt,,,,,,,,,,passenger,NA,Etobicoke North (1),23 Division,Elms-Old Rexdale,false,false,false,false,false,true,true,false,false,false,"{""coordinates"": [[-79.55167854277698, 43.726320774066096]], ""type"": ""MultiPoint""}"
16804,2020:0002115460,2020-11-07T17:20:00,MILITARY TRL,ELLESMERE RD,,2,Non-Fatal Injury,At Intersection,Traffic Signal,Pedestrian Collision(internal code),Clear,Dark with Artificial Lighting,Dry,Major Arterial,false,-79.21710610534974,43.77968034898792,1,,South,2,29,Major,No Equipment Available,,,Crossing with right-of-way (intersection),Normal,,Driver turns left into pedestrian crossing with right-of-way (at intersection),,,,pedestrian,NA,Scarborough-Guildwood (24),43 Division,Morningside,true,true,false,false,false,false,true,false,false,false,"{""coordinates"": [[-79.21710610534974, 43.779680348987924]], ""type"": ""MultiPoint""}"
16805,2020:0002125289,2020-11-09T09:13:00,JANE ST,WILSON AVE,2 m West of,2,Non-Fatal Injury,At Intersection,Traffic Signal,Pedestrian Collision(internal code),Clear,Daylight,Dry,Major Arterial,false,-79.50859530753263,43.72084282269161,1,,South,2,60,Major,No Equipment Available,,,Crossing with right-of-way (intersection),Normal,,Driver turns right into pedestrian crossing with right-of-way (at intersection),,,,pedestrian,NA,York Centre (6),31 Division,Oakdale-Beverley Heights,true,true,false,false,false,false,true,false,false,false,"{""coordinates"": [[-79.50859530753263, 43.72084282269161]], ""type"": ""MultiPoint""}"
16806,2020:0002125289,2020-11-09T09:13:00,JANE ST,WILSON AVE,2 m West of,2,Non-Fatal Injury,At Intersection,Traffic Signal,Pedestrian Collision(internal code),Clear,Daylight,Dry,Major Arterial,false,-79.50859530753263,43.72084282269161,1,Pickup Truck,South,1,58,Minimal,Use Unknown,Failed to yield right-of-way,Inattentive,,,Turning Right,,,,,driver,NA,York Centre (6),31 Division,Oakdale-Beverley Heights,true,true,false,false,false,false,true,false,false,false,"{""coordinates"": [[-79.50859530753263, 43.72084282269161]], ""type"": ""MultiPoint""}"
16807,2020:0002134679,2020-11-10T14:30:00,4168 FINCH AVE E,BAYLAWN DR,5 m East of,2,Non-Fatal Injury,At/Near Private Drive,No Control,Pedestrian Collision(internal code),Clear,Daylight,Dry,Major Arterial,false,-79.28887590730892,43.8030530804565,1,Automobile or Station Wagon,South,1,71,None,Lap and Shoulder Belt,Driving properly,Normal,,,Turning Left,,,,,driver,NA,Scarborough-Agincourt (22),42 Division,Agincourt South-Malvern West,false,false,false,false,false,true,true,false,false,false,"{""coordinates"": [[-79.28887590730892, 43.8030530804565]], ""type"": ""MultiPoint""}"