X_id,collision_id,accdate,stname1,stname2,stname3,per_inv,acclass,accloc,traffictl,impactype,visible,light,rdsfcond,road_class,failtorem,longitude,latitude,veh_no,vehtype,initdir,per_no,invage,injury,safequip,drivact,drivcond,pedact,pedcond,manoeuvre,pedtype,cyclistype,cycact,cyccond,road_user,fatal_no,wardname,division,neighbourhood,aggressive,distracted,cyclist,motorcyclist,other_micromobility,older_adult,pedestrian,red_light,school_child,heavy_truck,geometry
17255,2021:1001517326,2021-08-11T09:20:00,BROCK AVE,SEAFORTH AVE,5 m North of,2,Non-Fatal Injury,At Intersection,No Control,Pedestrian Collision(internal code),Clear,Daylight,Dry,Collector,false,-79.43317874195455,43.643629463637225,1,Automobile or Station Wagon,South,1,44,None,Lap and Shoulder Belt,Improper turn,Inattentive,,,Turning Right,,,,,driver,NA,Parkdale-High Park (4),11 Division,Roncesvalles,false,true,false,false,false,false,true,false,false,false,"{""coordinates"": [[-79.43317874195455, 43.643629463637225]], ""type"": ""MultiPoint""}"
17256,2021:1001530843,2021-08-13T02:00:00,GARDIER XWY,DVP,,1,Non-Fatal Injury,Non-Intersection,No Control,SMV Other,Clear,Dark with Artificial Lighting,Dry,Major Arterial,false,-79.34656204443432,43.65099169864434,1,Motorcycle,East,1,25,Major,Helmet,Lost control,Inattentive,,,Going Ahead,,,,,motorcyclist,NA,Toronto-Danforth (14),55 Division,South Riverdale,false,true,false,true,false,false,false,false,false,false,"{""coordinates"": [[-79.34656204443432, 43.65099169864434]], ""type"": ""MultiPoint""}"
17257,2021:1001537853,2021-08-13T23:55:00,800 BATHURST ST,,30 m North of,2,Non-Fatal Injury,Non-Intersection,No Control,Pedestrian Collision(internal code),Clear,Dark with Artificial Lighting,Dry,Major Arterial,false,-79.41136622495928,43.66550671349303,1,,East,2,19,Major,No Equipment Available,,,Crossing - no traffic control,Inattentive,,Driver hits pedestrian at midblock,,,,pedestrian,NA,University-Rosedale (11),14 Division,Annex,false,true,false,false,false,false,true,false,true,false,"{""coordinates"": [[-79.41136622495928, 43.66550671349303]], ""type"": ""MultiPoint""}"
17258,2021:1001537853,2021-08-13T23:55:00,800 BATHURST ST,,30 m North of,2,Non-Fatal Injury,Non-Intersection,No Control,Pedestrian Collision(internal code),Clear,Dark with Artificial Lighting,Dry,Major Arterial,false,-79.41136622495928,43.66550671349303,1,Automobile or Station Wagon,North,1,50,None,Lap and Shoulder Belt,Driving properly,Normal,,,Going Ahead,,,,,driver,NA,University-Rosedale (11),14 Division,Annex,false,true,false,false,false,false,true,false,true,false,"{""coordinates"": [[-79.41136622495928, 43.66550671349303]], ""type"": ""MultiPoint""}"
17259,2021:1001538488,2021-08-14T02:43:00,BLOOR ST W,EAGLE RD,,2,Fatal Injury,Non-Intersection,No Control,SMV Other,Clear,Dark with Artificial Lighting,Dry,Major Arterial,false,-79.52005481237765,43.64535383057829,NA,Automobile or Station Wagon,West,2,21,Minor,,Speed too fast for conditions,Inattentive,,,Going Ahead,,,,,driver,NA,Etobicoke-Lakeshore (3),22 Division,Stonegate-Queensway,true,true,false,false,false,false,false,false,false,false,"{""coordinates"": [[-79.52005481237765, 43.64535383057829]], ""type"": ""MultiPoint""}"
17260,2021:1001538488,2021-08-14T02:43:00,BLOOR ST W,EAGLE RD,,2,Fatal Injury,Non-Intersection,No Control,SMV Other,Clear,Dark with Artificial Lighting,Dry,Major Arterial,false,-79.52005481237765,43.64535383057829,NA,,West,1,21,Fatal,,,,,,,,,,,passenger,25,Etobicoke-Lakeshore (3),22 Division,Stonegate-Queensway,true,true,false,false,false,false,false,false,false,false,"{""coordinates"": [[-79.52005481237765, 43.64535383057829]], ""type"": ""MultiPoint""}"
17261,2021:1001545631,2021-08-15T05:50:00,106 BEECH AVE,,1 m East of,2,Non-Fatal Injury,At/Near Private Drive,No Control,Cyclist Collision,Clear,Dark with Artificial Lighting,Dry,Major Arterial,false,-79.28795289249568,43.67355554618504,1,Automobile or Station Wagon,West,1,29,None,Lap and Shoulder Belt,Other,Normal,,,Reversing,,,,,driver,NA,Beaches-East York (19),55 Division,The Beaches,false,false,true,false,false,false,false,false,false,false,"{""coordinates"": [[-79.28795289249568, 43.67355554618504]], ""type"": ""MultiPoint""}"
17262,2021:1001545631,2021-08-15T05:50:00,106 BEECH AVE,,1 m East of,2,Non-Fatal Injury,At/Near Private Drive,No Control,Cyclist Collision,Clear,Dark with Artificial Lighting,Dry,Major Arterial,false,-79.28795289249568,43.67355554618504,2,Bicycle,South,2,55,Major,No Equipment Available,,,,,Going Ahead,,Driver reversing hits cyclist,Wrong Way on One Way Road,Normal,cyclist,NA,Beaches-East York (19),55 Division,The Beaches,false,false,true,false,false,false,false,false,false,false,"{""coordinates"": [[-79.28795289249568, 43.67355554618504]], ""type"": ""MultiPoint""}"
17263,2021:1001547694,2021-08-15T14:15:00,DON VALLEY PARKWAY N,BAYVIEW BLOOR DVP N RAMP,1 km North of,3,Fatal Injury,Non-Intersection,No Control,Rear End,Clear,Daylight,Dry,Expressway,false,-79.35927258207197,43.69099644100821,2,Truck - Dump,North,2,23,None,Lap and Shoulder Belt,Driving properly,Normal,,,Going Ahead,,,,,driver,NA,Toronto-Danforth (14),55 Division,Broadview North,true,false,false,true,false,false,false,false,false,true,"{""coordinates"": [[-79.35927258207197, 43.69099644100821]], ""type"": ""MultiPoint""}"
17264,2021:1001547694,2021-08-15T14:15:00,DON VALLEY PARKWAY N,BAYVIEW BLOOR DVP N RAMP,1 km North of,3,Fatal Injury,Non-Intersection,No Control,Rear End,Clear,Daylight,Dry,Expressway,false,-79.35927258207197,43.69099644100821,1,Motorcycle,North,1,24,Fatal,Helmet,Speed too fast for conditions,Unknown,,,Going Ahead,,,,,motorcyclist,29,Toronto-Danforth (14),55 Division,Broadview North,true,false,false,true,false,false,false,false,false,true,"{""coordinates"": [[-79.35927258207197, 43.69099644100821]], ""type"": ""MultiPoint""}"
17265,2021:1001547694,2021-08-15T14:15:00,DON VALLEY PARKWAY N,BAYVIEW BLOOR DVP N RAMP,1 km North of,3,Fatal Injury,Non-Intersection,No Control,Rear End,Clear,Daylight,Dry,Expressway,false,-79.35927258207197,43.69099644100821,2,,,3,31,None,Lap and Shoulder Belt,,,,,,,,,,passenger,NA,Toronto-Danforth (14),55 Division,Broadview North,true,false,false,true,false,false,false,false,false,true,"{""coordinates"": [[-79.35927258207197, 43.69099644100821]], ""type"": ""MultiPoint""}"
17266,2021:1001551843,2021-08-16T06:31:00,ISLINGTON AVE,THOROLD GT,1 m South of,2,Non-Fatal Injury,Intersection-Related,Stop Sign,Turning Movement,Clear,Daylight,Dry,Local,false,-79.57354435386435,43.762686289654326,2,Motorcycle,North,2,60,Major,Helmet,Driving properly,Normal,,,Going Ahead,,,,,motorcyclist,NA,Humber River-Black Creek (7),31 Division,Humber Summit,true,true,false,true,false,false,false,false,false,false,"{""coordinates"": [[-79.57354435386435, 43.762686289654326]], ""type"": ""MultiPoint""}"
17267,2021:1001551843,2021-08-16T06:31:00,ISLINGTON AVE,THOROLD GT,1 m South of,2,Non-Fatal Injury,Intersection-Related,Stop Sign,Turning Movement,Clear,Daylight,Dry,Local,false,-79.57354435386435,43.762686289654326,1,Automobile or Station Wagon,East,1,47,None,Use Unknown,Failed to yield right-of-way,Inattentive,,,Turning Left,,,,,driver,NA,Humber River-Black Creek (7),31 Division,Humber Summit,true,true,false,true,false,false,false,false,false,false,"{""coordinates"": [[-79.57354435386435, 43.762686289654326]], ""type"": ""MultiPoint""}"
17268,2021:1001562119,2021-08-17T15:04:00,EGLINTON AVE W,MARTIN GROVE RD,20 m East of,2,Non-Fatal Injury,Intersection-Related,Traffic Signal,Pedestrian Collision(internal code),Clear,Daylight,Dry,Major Arterial,true,-79.5631303756475,43.67440660141692,1,Automobile or Station Wagon,South,1,24,None,Use Unknown,Lost control,Unknown,,,Turning Left,,,,,driver,NA,Etobicoke Centre (2),22 Division,Princess-Rosethorn,false,false,false,false,false,true,true,false,false,false,"{""coordinates"": [[-79.5631303756475, 43.67440660141692]], ""type"": ""MultiPoint""}"
17269,2021:1001562119,2021-08-17T15:04:00,EGLINTON AVE W,MARTIN GROVE RD,20 m East of,2,Non-Fatal Injury,Intersection-Related,Traffic Signal,Pedestrian Collision(internal code),Clear,Daylight,Dry,Major Arterial,true,-79.5631303756475,43.67440660141692,1,,Unknown,2,74,Major,Use Unknown,,,On sidewalk or shoulder,Normal,,Driver hits pedestrian on sidewalk or shoulder,,,,pedestrian,NA,Etobicoke Centre (2),22 Division,Princess-Rosethorn,false,false,false,false,false,true,true,false,false,false,"{""coordinates"": [[-79.5631303756475, 43.67440660141692]], ""type"": ""MultiPoint""}"
17270,2021:1001563711,2021-08-17T19:00:00,CHERRY ST,FRONT ST E,1 m West of,2,Non-Fatal Injury,At Intersection,Traffic Signal,Pedestrian Collision(internal code),Clear,Daylight,Dry,Collector,true,-79.35795275045835,43.652586258743966,1,Automobile or Station Wagon,North,1,33,None,Use Unknown,Failed to yield right-of-way,Unknown,,,Turning Left,,,,,driver,NA,Toronto Centre (13),51 Division,St Lawrence-East Bayfront-The Islands,true,false,false,false,false,false,true,false,false,false,"{""coordinates"": [[-79.35795275045835, 43.652586258743966]], ""type"": ""MultiPoint""}"
17271,2021:1001563711,2021-08-17T19:00:00,CHERRY ST,FRONT ST E,1 m West of,2,Non-Fatal Injury,At Intersection,Traffic Signal,Pedestrian Collision(internal code),Clear,Daylight,Dry,Collector,true,-79.35795275045835,43.652586258743966,1,,North,2,26,Major,No Equipment Available,,,Crossing with right-of-way (intersection),Normal,,Driver turns left into pedestrian crossing with right-of-way (at intersection),,,,pedestrian,NA,Toronto Centre (13),51 Division,St Lawrence-East Bayfront-The Islands,true,false,false,false,false,false,true,false,false,false,"{""coordinates"": [[-79.35795275045835, 43.652586258743966]], ""type"": ""MultiPoint""}"
17272,2021:1001569148,2021-08-18T14:42:00,YONGE ST,FINCH AVE E,,2,Fatal Injury,At Intersection,Traffic Signal,Pedestrian Collision(internal code),Clear,Daylight,Dry,Major Arterial,false,-79.41554697173366,43.77976450349379,NA,,,2,59,None,,,,,,,,,,,other,NA,Willowdale (18),32 Division,Yonge-Doris,false,false,false,false,false,true,true,false,false,false,"{""coordinates"": [[-79.41554697173366, 43.77976450349379]], ""type"": ""MultiPoint""}"
17273,2021:1001569148,2021-08-18T14:42:00,YONGE ST,FINCH AVE E,,2,Fatal Injury,At Intersection,Traffic Signal,Pedestrian Collision(internal code),Clear,Daylight,Dry,Major Arterial,false,-79.41554697173366,43.77976450349379,1,,East,1,80,Fatal,Use Unknown,,,Crossing with right-of-way (intersection),Normal,,Driver turns left into pedestrian crossing with right-of-way (at intersection),,,,pedestrian,35,Willowdale (18),32 Division,Yonge-Doris,false,false,false,false,false,true,true,false,false,false,"{""coordinates"": [[-79.41554697173366, 43.77976450349379]], ""type"": ""MultiPoint""}"
17274,2021:1001570554,2021-08-18T18:10:00,AVENUE RD,BLOOR ST W,,2,Fatal Injury,Non-Intersection,No Control,Cyclist Collision,Clear,Daylight,Dry,Major Arterial,false,-79.39410086722475,43.66864618354451,NA,Bicycle,North,1,18,Fatal,,,,,,Going Ahead,,Rear end with cyclist and driver travelling in same direction,Driving Properly,Unknown,cyclist,26,University-Rosedale (11),52 Division,Bay-Cloverhill,true,true,true,false,false,false,false,false,true,true,"{""coordinates"": [[-79.39410086722475, 43.66864618354451]], ""type"": ""MultiPoint""}"
17275,2021:1001570554,2021-08-18T18:10:00,AVENUE RD,BLOOR ST W,,2,Fatal Injury,Non-Intersection,No Control,Cyclist Collision,Clear,Daylight,Dry,Major Arterial,false,-79.39410086722475,43.66864618354451,NA,Truck - Tank,North,2,50,None,,Improper passing,Inattentive,,,Going Ahead,,,,,driver,NA,University-Rosedale (11),52 Division,Bay-Cloverhill,true,true,true,false,false,false,false,false,true,true,"{""coordinates"": [[-79.39410086722475, 43.66864618354451]], ""type"": ""MultiPoint""}"
17276,2021:1001572143,2021-08-18T22:40:00,KIPLING AVE,DIXON RD,,2,Non-Fatal Injury,At Intersection,Traffic Signal,Pedestrian Collision(internal code),Clear,Dark with Artificial Lighting,Dry,Major Arterial,false,-79.55860610184014,43.694178160793655,1,Automobile or Station Wagon,South,1,48,None,Lap and Shoulder Belt,Driving properly,Normal,,,Going Ahead,,,,,driver,NA,Etobicoke Centre (2),23 Division,Kingsview Village-The Westway,false,false,false,false,false,false,true,false,false,false,"{""coordinates"": [[-79.55860610184014, 43.694178160793655]], ""type"": ""MultiPoint""}"
17277,2021:1001572143,2021-08-18T22:40:00,KIPLING AVE,DIXON RD,,2,Non-Fatal Injury,At Intersection,Traffic Signal,Pedestrian Collision(internal code),Clear,Dark with Artificial Lighting,Dry,Major Arterial,false,-79.55860610184014,43.694178160793655,1,,West,2,45,Major,No Equipment Available,,,Running onto roadway,Normal,,Driver going straight hits pedestrian crossing without right-of-way (at intersection),,,,pedestrian,NA,Etobicoke Centre (2),23 Division,Kingsview Village-The Westway,false,false,false,false,false,false,true,false,false,false,"{""coordinates"": [[-79.55860610184014, 43.694178160793655]], ""type"": ""MultiPoint""}"
17278,2021:1001585997,2021-08-20T20:20:00,NEILSON RD,OAKMEADOW BLVD,,2,Fatal Injury,Non-Intersection,No Control,Pedestrian Collision(internal code),Clear,Daylight,Dry,Minor Arterial,false,-79.21233771946517,43.790319537101254,NA,Automobile or Station Wagon,South,2,53,None,,Other,Normal,,,Going Ahead,,,,,driver,NA,Scarborough-Guildwood (24),43 Division,Morningside,false,false,false,false,false,false,true,false,false,false,"{""coordinates"": [[-79.21233771946517, 43.790319537101254]], ""type"": ""MultiPoint""}"
17279,2021:1001585997,2021-08-20T20:20:00,NEILSON RD,OAKMEADOW BLVD,,2,Fatal Injury,Non-Intersection,No Control,Pedestrian Collision(internal code),Clear,Daylight,Dry,Minor Arterial,false,-79.21233771946517,43.790319537101254,NA,,Unknown,1,32,Fatal,,,,Other,Medical or Physical Disability,,Driver hits pedestrian at midblock,,,,pedestrian,27,Scarborough-Guildwood (24),43 Division,Morningside,false,false,false,false,false,false,true,false,false,false,"{""coordinates"": [[-79.21233771946517, 43.790319537101254]], ""type"": ""MultiPoint""}"
17280,2021:1001587761,2021-08-21T05:16:00,MORNINGSIDE AVE,JOHN STONER DR,154 m East of,1,Non-Fatal Injury,Non-Intersection,No Control,SMV Other,Clear,Dark with Artificial Lighting,Dry,Collector,false,-79.20515080321717,43.8139286966524,1,Automobile or Station Wagon,West,1,26,Major,Equipment Not Used But Available,Lost control,Ability Impaired - Alcohol Over .08,,,Pulling Onto Shoulder or Toward Curb,,,,,driver,NA,Scarborough-Rouge Park (25),42 Division,Morningside Heights,false,false,false,false,false,false,false,false,false,false,"{""coordinates"": [[-79.20515080321717, 43.813928696652404]], ""type"": ""MultiPoint""}"
17281,2021:1001592099,2021-08-21T19:16:00,NANTUCKET BLVD,WICKWARE,50 m North of,1,Non-Fatal Injury,Non-Intersection,No Control,SMV Other,Clear,Daylight,Dry,Collector,false,-79.27318988838687,43.75440040743193,1,Motorcycle,South,1,29,Major,No Equipment Available,Speed too fast for conditions,Ability Impaired - Drugs,,,Going Ahead,,,,,motorcyclist,NA,Scarborough Centre (21),41 Division,Dorset Park,true,false,false,true,false,false,false,false,false,false,"{""coordinates"": [[-79.27318988838687, 43.75440040743193]], ""type"": ""MultiPoint""}"
17282,2021:1001597350,2021-08-22T15:33:00,CALEDONIA RD,LOTHERTON PTWY,,2,Fatal Injury,At Intersection,No Control,Turning Movement,Clear,Daylight,Dry,Minor Arterial,false,-79.46510771244625,43.70585101289363,NA,Automobile or Station Wagon,North,2,61,None,,Failed to yield right-of-way,Inattentive,,,Turning Left,,,,,driver,NA,Eglinton-Lawrence (8),13 Division,Yorkdale-Glen Park,true,true,false,true,false,false,false,false,false,false,"{""coordinates"": [[-79.46510771244625, 43.70585101289363]], ""type"": ""MultiPoint""}"
17283,2021:1001597350,2021-08-22T15:33:00,CALEDONIA RD,LOTHERTON PTWY,,2,Fatal Injury,At Intersection,No Control,Turning Movement,Clear,Daylight,Dry,Minor Arterial,false,-79.46510771244625,43.70585101289363,NA,Motorcycle,South,1,39,Fatal,,Exceeding speed limit,Inattentive,,,Going Ahead,,,,,motorcyclist,28,Eglinton-Lawrence (8),13 Division,Yorkdale-Glen Park,true,true,false,true,false,false,false,false,false,false,"{""coordinates"": [[-79.46510771244625, 43.70585101289363]], ""type"": ""MultiPoint""}"
17284,2021:1001598412,2021-08-22T18:28:00,MARTIN GROVE RD,Near TOLLINGTON RD,1 m North of,8,Non-Fatal Injury,Non-Intersection,No Control,Turning Movement,Clear,Daylight,Dry,Major Arterial,false,-79.56860826505215,43.686651779130344,2,Automobile or Station Wagon,North,7,32,None,Lap and Shoulder Belt,,,,,Going Ahead,,,,,passenger,NA,Etobicoke Centre (2),23 Division,Willowridge-Martingrove-Richview,false,true,false,false,false,false,false,false,true,false,"{""coordinates"": [[-79.56860826505215, 43.686651779130344]], ""type"": ""MultiPoint""}"
17285,2021:1001598412,2021-08-22T18:28:00,MARTIN GROVE RD,Near TOLLINGTON RD,1 m North of,8,Non-Fatal Injury,Non-Intersection,No Control,Turning Movement,Clear,Daylight,Dry,Major Arterial,false,-79.56860826505215,43.686651779130344,1,Automobile or Station Wagon,North,6,18,Minimal,Lap and Shoulder Belt,,,,,Making U-Turn,,,,,passenger,NA,Etobicoke Centre (2),23 Division,Willowridge-Martingrove-Richview,false,true,false,false,false,false,false,false,true,false,"{""coordinates"": [[-79.56860826505215, 43.686651779130344]], ""type"": ""MultiPoint""}"
17286,2021:1001598412,2021-08-22T18:28:00,MARTIN GROVE RD,Near TOLLINGTON RD,1 m North of,8,Non-Fatal Injury,Non-Intersection,No Control,Turning Movement,Clear,Daylight,Dry,Major Arterial,false,-79.56860826505215,43.686651779130344,1,Automobile or Station Wagon,North,1,17,Minor,Lap and Shoulder Belt,Improper turn,Inattentive,,,Making U-Turn,,,,,driver,NA,Etobicoke Centre (2),23 Division,Willowridge-Martingrove-Richview,false,true,false,false,false,false,false,false,true,false,"{""coordinates"": [[-79.56860826505215, 43.686651779130344]], ""type"": ""MultiPoint""}"
17287,2021:1001598412,2021-08-22T18:28:00,MARTIN GROVE RD,Near TOLLINGTON RD,1 m North of,8,Non-Fatal Injury,Non-Intersection,No Control,Turning Movement,Clear,Daylight,Dry,Major Arterial,false,-79.56860826505215,43.686651779130344,2,Automobile or Station Wagon,North,8,4,None,Child Safety Seat Used Correctly,,,,,Going Ahead,,,,,passenger,NA,Etobicoke Centre (2),23 Division,Willowridge-Martingrove-Richview,false,true,false,false,false,false,false,false,true,false,"{""coordinates"": [[-79.56860826505215, 43.686651779130344]], ""type"": ""MultiPoint""}"
17288,2021:1001598412,2021-08-22T18:28:00,MARTIN GROVE RD,Near TOLLINGTON RD,1 m North of,8,Non-Fatal Injury,Non-Intersection,No Control,Turning Movement,Clear,Daylight,Dry,Major Arterial,false,-79.56860826505215,43.686651779130344,1,Automobile or Station Wagon,North,4,17,Major,Lap and Shoulder Belt,,,,,Making U-Turn,,,,,passenger,NA,Etobicoke Centre (2),23 Division,Willowridge-Martingrove-Richview,false,true,false,false,false,false,false,false,true,false,"{""coordinates"": [[-79.56860826505215, 43.686651779130344]], ""type"": ""MultiPoint""}"
17289,2021:1001598412,2021-08-22T18:28:00,MARTIN GROVE RD,Near TOLLINGTON RD,1 m North of,8,Non-Fatal Injury,Non-Intersection,No Control,Turning Movement,Clear,Daylight,Dry,Major Arterial,false,-79.56860826505215,43.686651779130344,1,Automobile or Station Wagon,North,3,18,Minimal,Lap and Shoulder Belt,,,,,Making U-Turn,,,,,passenger,NA,Etobicoke Centre (2),23 Division,Willowridge-Martingrove-Richview,false,true,false,false,false,false,false,false,true,false,"{""coordinates"": [[-79.56860826505215, 43.686651779130344]], ""type"": ""MultiPoint""}"
17290,2021:1001598412,2021-08-22T18:28:00,MARTIN GROVE RD,Near TOLLINGTON RD,1 m North of,8,Non-Fatal Injury,Non-Intersection,No Control,Turning Movement,Clear,Daylight,Dry,Major Arterial,false,-79.56860826505215,43.686651779130344,2,Automobile or Station Wagon,North,2,30,Minimal,Lap and Shoulder Belt,Driving properly,Normal,,,Going Ahead,,,,,driver,NA,Etobicoke Centre (2),23 Division,Willowridge-Martingrove-Richview,false,true,false,false,false,false,false,false,true,false,"{""coordinates"": [[-79.56860826505215, 43.686651779130344]], ""type"": ""MultiPoint""}"
17291,2021:1001598412,2021-08-22T18:28:00,MARTIN GROVE RD,Near TOLLINGTON RD,1 m North of,8,Non-Fatal Injury,Non-Intersection,No Control,Turning Movement,Clear,Daylight,Dry,Major Arterial,false,-79.56860826505215,43.686651779130344,1,Automobile or Station Wagon,North,5,18,Major,Lap Belt Only,,,,,Going Ahead,,,,,passenger,NA,Etobicoke Centre (2),23 Division,Willowridge-Martingrove-Richview,false,true,false,false,false,false,false,false,true,false,"{""coordinates"": [[-79.56860826505215, 43.686651779130344]], ""type"": ""MultiPoint""}"
17292,2021:1001600132,2021-08-23T00:02:00,LAKE SHORE BV W,LOWER SIMCOE ST,,3,Non-Fatal Injury,At Intersection,Traffic Signal,Turning Movement,Clear,Dark with Artificial Lighting,Dry,Expressway,false,-79.38313744914443,43.640596705085315,1,Automobile or Station Wagon,South,1,65,Minor,Lap and Shoulder Belt,Improper turn,Inattentive,,,Turning Right,,,,,driver,NA,Spadina-Fort York (10),52 Division,Harbourfront-CityPlace,false,true,false,false,false,true,false,false,false,false,"{""coordinates"": [[-79.38313744914443, 43.640596705085315]], ""type"": ""MultiPoint""}"
17293,2021:1001600132,2021-08-23T00:02:00,LAKE SHORE BV W,LOWER SIMCOE ST,,3,Non-Fatal Injury,At Intersection,Traffic Signal,Turning Movement,Clear,Dark with Artificial Lighting,Dry,Expressway,false,-79.38313744914443,43.640596705085315,2,Automobile or Station Wagon,West,2,22,Major,Lap and Shoulder Belt,Driving properly,Normal,,,Going Ahead,,,,,driver,NA,Spadina-Fort York (10),52 Division,Harbourfront-CityPlace,false,true,false,false,false,true,false,false,false,false,"{""coordinates"": [[-79.38313744914443, 43.640596705085315]], ""type"": ""MultiPoint""}"
17294,2021:1001600132,2021-08-23T00:02:00,LAKE SHORE BV W,LOWER SIMCOE ST,,3,Non-Fatal Injury,At Intersection,Traffic Signal,Turning Movement,Clear,Dark with Artificial Lighting,Dry,Expressway,false,-79.38313744914443,43.640596705085315,2,Automobile or Station Wagon,West,3,21,Major,Lap and Shoulder Belt,,,,,Going Ahead,,,,,passenger,NA,Spadina-Fort York (10),52 Division,Harbourfront-CityPlace,false,true,false,false,false,true,false,false,false,false,"{""coordinates"": [[-79.38313744914443, 43.640596705085315]], ""type"": ""MultiPoint""}"
17295,2021:1001608912,2021-08-24T08:44:00,5 FAIRVIEW MALL DR,,,2,Fatal Injury,Non-Intersection,No Control,Pedestrian Collision(internal code),Clear,Daylight,Dry,Minor Arterial,false,-79.34782072655025,43.779161699997765,NA,,West,1,87,Fatal,,,,On sidewalk or shoulder,Normal,,Driver hits pedestrian on sidewalk or shoulder,,,,pedestrian,30,Don Valley North (17),33 Division,Don Valley Village,false,false,false,false,false,true,true,false,false,false,"{""coordinates"": [[-79.34782072655025, 43.779161699997765]], ""type"": ""MultiPoint""}"
17296,2021:1001608912,2021-08-24T08:44:00,5 FAIRVIEW MALL DR,,,2,Fatal Injury,Non-Intersection,No Control,Pedestrian Collision(internal code),Clear,Daylight,Dry,Minor Arterial,false,-79.34782072655025,43.779161699997765,NA,Automobile or Station Wagon,North,2,42,None,,Lost control,Other Condition,,,Going Ahead,,,,,driver,NA,Don Valley North (17),33 Division,Don Valley Village,false,false,false,false,false,true,true,false,false,false,"{""coordinates"": [[-79.34782072655025, 43.779161699997765]], ""type"": ""MultiPoint""}"
17297,2021:1001613123,2021-08-24T18:50:00,NIPIGON AV,DUMONT ST,,1,Non-Fatal Injury,Intersection-Related,Stop Sign,SMV Other,Clear,Daylight,Dry,Local,false,-79.41672950969945,43.797777503289915,1,Passenger Van,North,1,52,Major,Lap and Shoulder Belt,Lost control,Normal,,,Going Ahead,,,,,driver,NA,Willowdale (18),32 Division,Newtonbrook East,false,false,false,false,false,false,false,false,false,false,"{""coordinates"": [[-79.41672950969945, 43.797777503289915]], ""type"": ""MultiPoint""}"
17298,2021:1001616611,2021-08-25T09:35:00,345 ADELAIDE ST W,,,2,Non-Fatal Injury,At/Near Private Drive,No Control,Cyclist Collision,Clear,Daylight,Dry,Major Arterial,false,-79.39370417143905,43.647055001790456,1,Delivery Van,East,1,25,None,Lap and Shoulder Belt,Improper turn,Inattentive,,,Turning Right,,,,,driver,NA,Spadina-Fort York (10),52 Division,Wellington Place,false,true,true,false,false,false,false,false,false,true,"{""coordinates"": [[-79.39370417143905, 43.647055001790456]], ""type"": ""MultiPoint""}"
17299,2021:1001616611,2021-08-25T09:35:00,345 ADELAIDE ST W,,,2,Non-Fatal Injury,At/Near Private Drive,No Control,Cyclist Collision,Clear,Daylight,Dry,Major Arterial,false,-79.39370417143905,43.647055001790456,2,Bicycle,East,2,28,Major,Helmet,,,,,Going Ahead,,"Driver turns right at non-signalized intersection (e.g. stop, yield, no control, driveway) and hits cyclist",Driving Properly,Normal,cyclist,NA,Spadina-Fort York (10),52 Division,Wellington Place,false,true,true,false,false,false,false,false,false,true,"{""coordinates"": [[-79.39370417143905, 43.647055001790456]], ""type"": ""MultiPoint""}"
17300,2021:1001622645,2021-08-26T03:30:00,HARBOUR ST,YORK ST,,2,Fatal Injury,At Intersection,Traffic Signal,Pedestrian Collision(internal code),Clear,Dark with Artificial Lighting,Dry,Major Arterial,false,-79.38065026110638,43.640932394571365,NA,,Unknown,1,29,Fatal,,,,Other,Unknown,,Unknown,,,,pedestrian,31,Spadina-Fort York (10),52 Division,St Lawrence-East Bayfront-The Islands,true,false,false,false,false,false,true,false,false,false,"{""coordinates"": [[-79.38065026110638, 43.640932394571365]], ""type"": ""MultiPoint""}"
17301,2021:1001622645,2021-08-26T03:30:00,HARBOUR ST,YORK ST,,2,Fatal Injury,At Intersection,Traffic Signal,Pedestrian Collision(internal code),Clear,Dark with Artificial Lighting,Dry,Major Arterial,false,-79.38065026110638,43.640932394571365,NA,Automobile or Station Wagon,East,2,46,None,,Exceeding speed limit,Ability Impaired - Drugs,,,Going Ahead,,,,,driver,NA,Spadina-Fort York (10),52 Division,St Lawrence-East Bayfront-The Islands,true,false,false,false,false,false,true,false,false,false,"{""coordinates"": [[-79.38065026110638, 43.640932394571365]], ""type"": ""MultiPoint""}"
17302,2021:1001633249,2021-08-27T14:00:00,QUEENS QUAY WEST,BATHURST ST,,2,Fatal Injury,At Intersection,Traffic Signal,Pedestrian Collision(internal code),Clear,Daylight,Dry,Major Arterial,false,-79.39832761157304,43.63559947572011,NA,,North,1,89,Fatal,,,,Crossing with right-of-way (intersection),Normal,,Driver turns right into pedestrian crossing with right-of-way (at intersection),,,,pedestrian,32,Spadina-Fort York (10),14 Division,Fort York-Liberty Village,true,false,false,false,false,true,true,false,false,false,"{""coordinates"": [[-79.39832761157304, 43.63559947572011]], ""type"": ""MultiPoint""}"
17303,2021:1001633249,2021-08-27T14:00:00,QUEENS QUAY WEST,BATHURST ST,,2,Fatal Injury,At Intersection,Traffic Signal,Pedestrian Collision(internal code),Clear,Daylight,Dry,Major Arterial,false,-79.39832761157304,43.63559947572011,NA,Pickup Truck,South,2,31,None,,Failed to yield right-of-way,Normal,,,Turning Right,,,,,driver,NA,Spadina-Fort York (10),14 Division,Fort York-Liberty Village,true,false,false,false,false,true,true,false,false,false,"{""coordinates"": [[-79.39832761157304, 43.63559947572011]], ""type"": ""MultiPoint""}"