X_id,collision_id,accdate,stname1,stname2,stname3,per_inv,acclass,accloc,traffictl,impactype,visible,light,rdsfcond,road_class,failtorem,longitude,latitude,veh_no,vehtype,initdir,per_no,invage,injury,safequip,drivact,drivcond,pedact,pedcond,manoeuvre,pedtype,cyclistype,cycact,cyccond,road_user,fatal_no,wardname,division,neighbourhood,aggressive,distracted,cyclist,motorcyclist,other_micromobility,older_adult,pedestrian,red_light,school_child,heavy_truck,geometry
17403,2021:1001991750,2021-10-16T19:17:00,BAY ST,CUMBERLAND ST,,2,Non-Fatal Injury,At Intersection,Traffic Signal,Pedestrian Collision(internal code),Clear,Dark with Artificial Lighting,Dry,Major Arterial,true,-79.38980550699335,43.67048867572604,1,,East,2,22,Major,No Equipment Available,,,Crossing with right-of-way (intersection),Normal,,Driver going straight hits pedestrian crossing without right-of-way (at intersection),,,,pedestrian,NA,University-Rosedale (11),53 Division,Annex,true,false,false,false,false,false,true,false,false,false,"{""coordinates"": [[-79.38980550699335, 43.67048867572604]], ""type"": ""MultiPoint""}"
17404,2021:1002003556,2021-10-18T15:04:00,MCCOWAN RD,FINCH AVE E,75 m North of,2,Non-Fatal Injury,Non-Intersection,No Control,Rear End,Clear,Daylight,Dry,Major Arterial,false,-79.26675062324632,43.80872169560507,2,Automobile or Station Wagon,South,2,59,Minimal,Lap and Shoulder Belt,Driving properly,Normal,,,Slowing or Stopping,,,,,driver,NA,Scarborough North (23),42 Division,Agincourt North,false,false,false,false,false,false,false,false,false,false,"{""coordinates"": [[-79.26675062324632, 43.80872169560507]], ""type"": ""MultiPoint""}"
17405,2021:1002003556,2021-10-18T15:04:00,MCCOWAN RD,FINCH AVE E,75 m North of,2,Non-Fatal Injury,Non-Intersection,No Control,Rear End,Clear,Daylight,Dry,Major Arterial,false,-79.26675062324632,43.80872169560507,1,Automobile or Station Wagon,South,1,64,Major,Lap and Shoulder Belt,Other,Medical or Physical Disability,,,Slowing or Stopping,,,,,driver,NA,Scarborough North (23),42 Division,Agincourt North,false,false,false,false,false,false,false,false,false,false,"{""coordinates"": [[-79.26675062324632, 43.80872169560507]], ""type"": ""MultiPoint""}"
17406,2021:1002009493,2021-10-19T11:40:00,DANFORTH AVE,BIRCHMOUNT RD,,2,Fatal Injury,At Intersection,Traffic Signal,Pedestrian Collision(internal code),Clear,Daylight,Dry,Minor Arterial,false,-79.26396600253534,43.6969205340318,NA,Automobile or Station Wagon,South,2,40,None,,Failed to yield right-of-way,Inattentive,,,Turning Left,,,,,driver,NA,Scarborough Southwest (20),41 Division,Birchcliffe-Cliffside,true,true,false,false,false,false,true,false,true,false,"{""coordinates"": [[-79.26396600253534, 43.6969205340318]], ""type"": ""MultiPoint""}"
17407,2021:1002009493,2021-10-19T11:40:00,DANFORTH AVE,BIRCHMOUNT RD,,2,Fatal Injury,At Intersection,Traffic Signal,Pedestrian Collision(internal code),Clear,Daylight,Dry,Minor Arterial,false,-79.26396600253534,43.6969205340318,NA,,North,1,17,Fatal,,,,Crossing with right-of-way (intersection),Normal,,Driver turns left into pedestrian crossing with right-of-way (at intersection),,,,pedestrian,45,Scarborough Southwest (20),41 Division,Birchcliffe-Cliffside,true,true,false,false,false,false,true,false,true,false,"{""coordinates"": [[-79.26396600253534, 43.6969205340318]], ""type"": ""MultiPoint""}"
17408,2021:1002013655,2021-10-19T21:36:00,O CONNOR DR,PEPLER AVE,,3,Fatal Injury,Non-Intersection,No Control,Pedestrian Collision(internal code),Clear,Dark with Artificial Lighting,Dry,Major Arterial,false,-79.3492399064275,43.69331576276,NA,Automobile or Station Wagon,East,2,82,None,,Driving properly,Unknown,,,Going Ahead,,,,,driver,NA,Toronto-Danforth (14),55 Division,Old East York,false,true,false,false,false,true,true,false,false,false,"{""coordinates"": [[-79.3492399064275, 43.69331576276]], ""type"": ""MultiPoint""}"
17409,2021:1002013655,2021-10-19T21:36:00,O CONNOR DR,PEPLER AVE,,3,Fatal Injury,Non-Intersection,No Control,Pedestrian Collision(internal code),Clear,Dark with Artificial Lighting,Dry,Major Arterial,false,-79.3492399064275,43.69331576276,NA,Automobile or Station Wagon,West,3,40,None,,Driving properly,Normal,,,Going Ahead,,,,,driver,NA,Toronto-Danforth (14),55 Division,Old East York,false,true,false,false,false,true,true,false,false,false,"{""coordinates"": [[-79.3492399064275, 43.69331576276]], ""type"": ""MultiPoint""}"
17410,2021:1002013655,2021-10-19T21:36:00,O CONNOR DR,PEPLER AVE,,3,Fatal Injury,Non-Intersection,No Control,Pedestrian Collision(internal code),Clear,Dark with Artificial Lighting,Dry,Major Arterial,false,-79.3492399064275,43.69331576276,NA,,North,1,81,Fatal,,,,Crossing - no traffic control,Inattentive,,Driver hits pedestrian at midblock,,,,pedestrian,46,Toronto-Danforth (14),55 Division,Old East York,false,true,false,false,false,true,true,false,false,false,"{""coordinates"": [[-79.3492399064275, 43.69331576276]], ""type"": ""MultiPoint""}"
17411,2021:1002021609,2021-10-20T23:18:00,LAWRENCE AVE EAST,GREENHOLM CRCT,2 m North of,3,Non-Fatal Injury,Intersection-Related,Traffic Signal,Turning Movement,Clear,Dark with Artificial Lighting,Dry,Major Arterial,false,-79.22273662079783,43.76029405926078,2,Automobile or Station Wagon,West,3,17,None,Lap and Shoulder Belt,,,,,Going Ahead,,,,,passenger,NA,Scarborough-Guildwood (24),43 Division,Golfdale-Cedarbrae-Woburn,true,true,false,false,false,false,false,false,true,false,"{""coordinates"": [[-79.22273662079783, 43.76029405926078]], ""type"": ""MultiPoint""}"
17412,2021:1002021609,2021-10-20T23:18:00,LAWRENCE AVE EAST,GREENHOLM CRCT,2 m North of,3,Non-Fatal Injury,Intersection-Related,Traffic Signal,Turning Movement,Clear,Dark with Artificial Lighting,Dry,Major Arterial,false,-79.22273662079783,43.76029405926078,2,Automobile or Station Wagon,West,2,26,Minimal,Lap and Shoulder Belt,Driving properly,Normal,,,Going Ahead,,,,,driver,NA,Scarborough-Guildwood (24),43 Division,Golfdale-Cedarbrae-Woburn,true,true,false,false,false,false,false,false,true,false,"{""coordinates"": [[-79.22273662079783, 43.76029405926078]], ""type"": ""MultiPoint""}"
17413,2021:1002021609,2021-10-20T23:18:00,LAWRENCE AVE EAST,GREENHOLM CRCT,2 m North of,3,Non-Fatal Injury,Intersection-Related,Traffic Signal,Turning Movement,Clear,Dark with Artificial Lighting,Dry,Major Arterial,false,-79.22273662079783,43.76029405926078,1,Automobile or Station Wagon,East,1,20,Major,Lap and Shoulder Belt,Failed to yield right-of-way,Inattentive,,,Turning Left,,,,,driver,NA,Scarborough-Guildwood (24),43 Division,Golfdale-Cedarbrae-Woburn,true,true,false,false,false,false,false,false,true,false,"{""coordinates"": [[-79.22273662079783, 43.76029405926078]], ""type"": ""MultiPoint""}"
17414,2021:1002028747,2021-10-21T22:22:00,MCCOWAN RD,EGLINTON AVE E,,2,Non-Fatal Injury,At Intersection,Traffic Signal,Pedestrian Collision(internal code),Rain,Dark with Artificial Lighting,Wet,Major Arterial,false,-79.23832351622485,43.7387791793446,1,,North,2,23,Major,Use Unknown,,,Crossing with right-of-way (intersection),Normal,,Driver turns left into pedestrian crossing with right-of-way (at intersection),,,,pedestrian,NA,Scarborough Southwest (20),43 Division,Eglinton East,true,true,false,false,false,false,true,false,false,false,"{""coordinates"": [[-79.23832351622485, 43.7387791793446]], ""type"": ""MultiPoint""}"
17415,2021:1002028747,2021-10-21T22:22:00,MCCOWAN RD,EGLINTON AVE E,,2,Non-Fatal Injury,At Intersection,Traffic Signal,Pedestrian Collision(internal code),Rain,Dark with Artificial Lighting,Wet,Major Arterial,false,-79.23832351622485,43.7387791793446,1,Automobile or Station Wagon,North,1,45,None,Lap and Shoulder Belt,Failed to yield right-of-way,Inattentive,,,Turning Left,,,,,driver,NA,Scarborough Southwest (20),43 Division,Eglinton East,true,true,false,false,false,false,true,false,false,false,"{""coordinates"": [[-79.23832351622485, 43.7387791793446]], ""type"": ""MultiPoint""}"
17416,2021:1002036399,2021-10-22T23:19:00,WILSON AV,ALLINGHAM GS,,6,Non-Fatal Injury,Intersection-Related,Traffic Signal,Approaching Head On,Clear,Dark with Artificial Lighting,Dry,Major Arterial,false,-79.44263905483798,43.73557890760017,1,Automobile or Station Wagon,West,1,20,Minor,Use Unknown,Lost control,Inattentive,,,Going Ahead,,,,,driver,NA,York Centre (6),32 Division,Clanton Park,false,true,false,false,false,false,false,false,true,true,"{""coordinates"": [[-79.44263905483798, 43.73557890760017]], ""type"": ""MultiPoint""}"
17417,2021:1002036399,2021-10-22T23:19:00,WILSON AV,ALLINGHAM GS,,6,Non-Fatal Injury,Intersection-Related,Traffic Signal,Approaching Head On,Clear,Dark with Artificial Lighting,Dry,Major Arterial,false,-79.44263905483798,43.73557890760017,1,,,6,18,Minor,Lap and Shoulder Belt,,,,,,,,,,passenger,NA,York Centre (6),32 Division,Clanton Park,false,true,false,false,false,false,false,false,true,true,"{""coordinates"": [[-79.44263905483798, 43.73557890760017]], ""type"": ""MultiPoint""}"
17418,2021:1002036399,2021-10-22T23:19:00,WILSON AV,ALLINGHAM GS,,6,Non-Fatal Injury,Intersection-Related,Traffic Signal,Approaching Head On,Clear,Dark with Artificial Lighting,Dry,Major Arterial,false,-79.44263905483798,43.73557890760017,2,Municipal Transit Bus (TTC),East,2,46,Minimal,Lap and Shoulder Belt,Driving properly,Normal,,,Going Ahead,,,,,driver,NA,York Centre (6),32 Division,Clanton Park,false,true,false,false,false,false,false,false,true,true,"{""coordinates"": [[-79.44263905483798, 43.73557890760017]], ""type"": ""MultiPoint""}"
17419,2021:1002036399,2021-10-22T23:19:00,WILSON AV,ALLINGHAM GS,,6,Non-Fatal Injury,Intersection-Related,Traffic Signal,Approaching Head On,Clear,Dark with Artificial Lighting,Dry,Major Arterial,false,-79.44263905483798,43.73557890760017,1,,,4,19,Major,Use Unknown,,,,,,,,,,passenger,NA,York Centre (6),32 Division,Clanton Park,false,true,false,false,false,false,false,false,true,true,"{""coordinates"": [[-79.44263905483798, 43.73557890760017]], ""type"": ""MultiPoint""}"
17420,2021:1002036399,2021-10-22T23:19:00,WILSON AV,ALLINGHAM GS,,6,Non-Fatal Injury,Intersection-Related,Traffic Signal,Approaching Head On,Clear,Dark with Artificial Lighting,Dry,Major Arterial,false,-79.44263905483798,43.73557890760017,1,,,5,19,Major,Use Unknown,,,,,,,,,,passenger,NA,York Centre (6),32 Division,Clanton Park,false,true,false,false,false,false,false,false,true,true,"{""coordinates"": [[-79.44263905483798, 43.73557890760017]], ""type"": ""MultiPoint""}"
17421,2021:1002048741,2021-10-24T20:19:00,2233 BARTOR RD,,100 m South of SHEPPARD AVE W,2,Fatal Injury,Non-Intersection,No Control,Rear End,Clear,Dark,Dry,Minor Arterial,true,-79.52682955799901,43.734610078749895,1,Automobile or Station Wagon,South,1,32,None,Lap and Shoulder Belt,Lost control,Unknown,,,Going Ahead,,,,,driver,NA,Humber River-Black Creek (7),31 Division,Oakdale-Beverley Heights,false,false,false,false,false,false,false,false,false,false,"{""coordinates"": [[-79.52682955799901, 43.734610078749895]], ""type"": ""MultiPoint""}"
17422,2021:1002048741,2021-10-24T20:19:00,2233 BARTOR RD,,100 m South of SHEPPARD AVE W,2,Fatal Injury,Non-Intersection,No Control,Rear End,Clear,Dark,Dry,Minor Arterial,true,-79.52682955799901,43.734610078749895,2,Automobile or Station Wagon,South,2,49,Fatal,Lap and Shoulder Belt,Other,Unknown,,,Stopped,,,,,driver,49,Humber River-Black Creek (7),31 Division,Oakdale-Beverley Heights,false,false,false,false,false,false,false,false,false,false,"{""coordinates"": [[-79.52682955799901, 43.734610078749895]], ""type"": ""MultiPoint""}"
17423,2021:1002052752,2021-10-25T12:55:00,ORIOLE PKWY,EGLINTON AVE W,50 m South of,2,Non-Fatal Injury,Non-Intersection,No Control,Pedestrian Collision(internal code),Rain,Daylight,Wet,Minor Arterial,false,-79.40588061788182,43.70448145685801,1,Automobile or Station Wagon,South,1,32,None,Use Unknown,Driving properly,Normal,,,Going Ahead,,,,,driver,NA,Toronto-St. Paul's (12),53 Division,Yonge-Eglinton,false,true,false,false,false,false,true,false,false,false,"{""coordinates"": [[-79.40588061788182, 43.70448145685801]], ""type"": ""MultiPoint""}"
17424,2021:1002052752,2021-10-25T12:55:00,ORIOLE PKWY,EGLINTON AVE W,50 m South of,2,Non-Fatal Injury,Non-Intersection,No Control,Pedestrian Collision(internal code),Rain,Daylight,Wet,Minor Arterial,false,-79.40588061788182,43.70448145685801,1,,East,2,31,Major,Use Unknown,,,Crossing - pedestrian crossover,Inattentive,,Driver hits pedestrian at midblock,,,,pedestrian,NA,Toronto-St. Paul's (12),53 Division,Yonge-Eglinton,false,true,false,false,false,false,true,false,false,false,"{""coordinates"": [[-79.40588061788182, 43.70448145685801]], ""type"": ""MultiPoint""}"
17425,2021:1002054917,2021-10-25T18:35:00,LAKE SHORE BLVD W,TWENTY FIRST ST,21 m west of,2,Fatal Injury,Non-Intersection,No Control,Pedestrian Collision(internal code),Rain,Dusk with Artificial Lighting,Wet,Major Arterial,false,-79.52019985989067,43.597368778670585,NA,,South,1,68,Fatal,,,,Crossing - no traffic control,Medical or Physical Disability,,Driver hits pedestrian at midblock,,,,pedestrian,48,Etobicoke-Lakeshore (3),22 Division,New Toronto,false,false,false,false,false,true,true,false,false,false,"{""coordinates"": [[-79.52019985989067, 43.597368778670585]], ""type"": ""MultiPoint""}"
17426,2021:1002054917,2021-10-25T18:35:00,LAKE SHORE BLVD W,TWENTY FIRST ST,21 m west of,2,Fatal Injury,Non-Intersection,No Control,Pedestrian Collision(internal code),Rain,Dusk with Artificial Lighting,Wet,Major Arterial,false,-79.52019985989067,43.597368778670585,NA,Automobile or Station Wagon,East,2,41,None,,Driving properly,Normal,,,Going Ahead,,,,,driver,NA,Etobicoke-Lakeshore (3),22 Division,New Toronto,false,false,false,false,false,true,true,false,false,false,"{""coordinates"": [[-79.52019985989067, 43.597368778670585]], ""type"": ""MultiPoint""}"
17427,2021:1002064782,2021-10-27T08:12:00,DUNCANWOODS DR,NAVENBY CRES,3 m South of,3,Non-Fatal Injury,Intersection-Related,No Control,Pedestrian Collision(internal code),Clear,Daylight with Artificial Lighting,Dry,Collector,false,-79.56537327399217,43.75374463340585,1,,Unknown,2,44,Major,Lap and Shoulder Belt,,,On sidewalk or shoulder,Normal,,Driver hits pedestrian on sidewalk or shoulder,,,,pedestrian,NA,Humber River-Black Creek (7),31 Division,Humber Summit,false,false,false,false,false,false,true,false,true,false,"{""coordinates"": [[-79.56537327399217, 43.75374463340585]], ""type"": ""MultiPoint""}"
17428,2021:1002064782,2021-10-27T08:12:00,DUNCANWOODS DR,NAVENBY CRES,3 m South of,3,Non-Fatal Injury,Intersection-Related,No Control,Pedestrian Collision(internal code),Clear,Daylight with Artificial Lighting,Dry,Collector,false,-79.56537327399217,43.75374463340585,1,,Unknown,3,8,Minor,Lap and Shoulder Belt,,,On sidewalk or shoulder,Normal,,Driver hits pedestrian on sidewalk or shoulder,,,,pedestrian,NA,Humber River-Black Creek (7),31 Division,Humber Summit,false,false,false,false,false,false,true,false,true,false,"{""coordinates"": [[-79.56537327399217, 43.75374463340585]], ""type"": ""MultiPoint""}"
17429,2021:1002064782,2021-10-27T08:12:00,DUNCANWOODS DR,NAVENBY CRES,3 m South of,3,Non-Fatal Injury,Intersection-Related,No Control,Pedestrian Collision(internal code),Clear,Daylight with Artificial Lighting,Dry,Collector,false,-79.56537327399217,43.75374463340585,1,Automobile or Station Wagon,South,1,20,None,Lap and Shoulder Belt,Lost control,Fatigue/Fell Asleep,,,Going Ahead,,,,,driver,NA,Humber River-Black Creek (7),31 Division,Humber Summit,false,false,false,false,false,false,true,false,true,false,"{""coordinates"": [[-79.56537327399217, 43.75374463340585]], ""type"": ""MultiPoint""}"
17430,2021:1002078919,2021-10-29T02:48:00,VICTORIA PARK AV,GERRARD ST E,,2,Non-Fatal Injury,At Intersection,Traffic Signal,SMV Other,Clear,Dark with Artificial Lighting,Dry,Major Arterial,false,-79.28654906452971,43.68683069071832,1,,,2,33,Major,No Equipment Available,,,,,,,,,,passenger,NA,Beaches-East York (19),55 Division,East End-Danforth,false,false,false,false,false,false,false,false,false,false,"{""coordinates"": [[-79.28654906452971, 43.68683069071832]], ""type"": ""MultiPoint""}"
17431,2021:1002078919,2021-10-29T02:48:00,VICTORIA PARK AV,GERRARD ST E,,2,Non-Fatal Injury,At Intersection,Traffic Signal,SMV Other,Clear,Dark with Artificial Lighting,Dry,Major Arterial,false,-79.28654906452971,43.68683069071832,1,Automobile or Station Wagon,South,1,30,None,Lap and Shoulder Belt,Driving properly,Normal,,,Going Ahead,,,,,driver,NA,Beaches-East York (19),55 Division,East End-Danforth,false,false,false,false,false,false,false,false,false,false,"{""coordinates"": [[-79.28654906452971, 43.68683069071832]], ""type"": ""MultiPoint""}"
17432,2021:1002085130,2021-10-29T23:00:00,3600 STEELES AVE W,,1 m West of,2,Non-Fatal Injury,Non-Intersection,No Control,Pedestrian Collision(internal code),Rain,Dark with Artificial Lighting,Wet,Major Arterial,false,-79.5387924067586,43.771791931410455,1,Automobile or Station Wagon,West,1,26,None,Lap and Shoulder Belt,Driving properly,Normal,,,Going Ahead,,,,,driver,NA,Humber River-Black Creek (7),31 Division,Humber Summit,false,true,false,false,false,false,true,false,false,false,"{""coordinates"": [[-79.5387924067586, 43.771791931410455]], ""type"": ""MultiPoint""}"
17433,2021:1002085130,2021-10-29T23:00:00,3600 STEELES AVE W,,1 m West of,2,Non-Fatal Injury,Non-Intersection,No Control,Pedestrian Collision(internal code),Rain,Dark with Artificial Lighting,Wet,Major Arterial,false,-79.5387924067586,43.771791931410455,1,,South,2,37,Major,No Equipment Available,,,Running onto roadway,Inattentive,,Driver hits pedestrian at midblock,,,,pedestrian,NA,Humber River-Black Creek (7),31 Division,Humber Summit,false,true,false,false,false,false,true,false,false,false,"{""coordinates"": [[-79.5387924067586, 43.771791931410455]], ""type"": ""MultiPoint""}"
17434,2021:1002090164,2021-10-30T18:40:00,KENNEDY RD,LAWRENCE AVE E,,2,Fatal Injury,Non-Intersection,No Control,Pedestrian Collision(internal code),Rain,Dark with Artificial Lighting,Wet,Major Arterial,false,-79.27540241941121,43.75097862627874,NA,Automobile or Station Wagon,North,2,35,None,,Driving properly,Normal,,,Going Ahead,,,,,driver,NA,Scarborough Centre (21),41 Division,Dorset Park,false,false,false,false,false,true,true,false,false,false,"{""coordinates"": [[-79.27540241941121, 43.75097862627874]], ""type"": ""MultiPoint""}"
17435,2021:1002090164,2021-10-30T18:40:00,KENNEDY RD,LAWRENCE AVE E,,2,Fatal Injury,Non-Intersection,No Control,Pedestrian Collision(internal code),Rain,Dark with Artificial Lighting,Wet,Major Arterial,false,-79.27540241941121,43.75097862627874,NA,,East,1,65,Fatal,,,,Crossing - no traffic control,Normal,,Driver hits pedestrian at midblock,,,,pedestrian,47,Scarborough Centre (21),41 Division,Dorset Park,false,false,false,false,false,true,true,false,false,false,"{""coordinates"": [[-79.27540241941121, 43.75097862627874]], ""type"": ""MultiPoint""}"
17436,2021:1002092719,2021-10-31T03:24:00,WESTON RD,JUBILEE CRES,40 m North of,1,Non-Fatal Injury,Non-Intersection,No Control,SMV Other,Clear,Dark with Artificial Lighting,Wet,Major Arterial,false,-79.53558050020715,43.726171982699526,1,Automobile or Station Wagon,South,1,23,Major,Use Unknown,Lost control,Had Been Drinking,,,Going Ahead,,,,,driver,NA,Humber River-Black Creek (7),31 Division,Pelmo Park-Humberlea,false,false,false,false,false,false,false,false,false,false,"{""coordinates"": [[-79.53558050020715, 43.726171982699526]], ""type"": ""MultiPoint""}"
17437,2021:1002105025,2021-11-01T22:05:00,2275 WARDEN AVE,,1 m South of,2,Non-Fatal Injury,At/Near Private Drive,No Control,Cyclist Collision,Clear,Dark with Artificial Lighting,Dry,Major Arterial,false,-79.30958976526976,43.782304964858085,2,Bicycle,North,2,41,Major,Helmet,,,,,Going Ahead,,Driver turns left into path of cyclist,Driving Properly,Normal,cyclist,NA,Scarborough-Agincourt (22),42 Division,Tam O'Shanter-Sullivan,true,true,true,false,false,false,false,false,false,false,"{""coordinates"": [[-79.30958976526976, 43.782304964858085]], ""type"": ""MultiPoint""}"
17438,2021:1002105025,2021-11-01T22:05:00,2275 WARDEN AVE,,1 m South of,2,Non-Fatal Injury,At/Near Private Drive,No Control,Cyclist Collision,Clear,Dark with Artificial Lighting,Dry,Major Arterial,false,-79.30958976526976,43.782304964858085,1,Automobile or Station Wagon,South,1,30,None,Lap and Shoulder Belt,Failed to yield right-of-way,Inattentive,,,Turning Left,,,,,driver,NA,Scarborough-Agincourt (22),42 Division,Tam O'Shanter-Sullivan,true,true,true,false,false,false,false,false,false,false,"{""coordinates"": [[-79.30958976526976, 43.782304964858085]], ""type"": ""MultiPoint""}"
17439,2021:1002132451,2021-11-05T17:11:00,THE QUEENSWAY,NORTH QUEEN ST,135 m West of,2,Non-Fatal Injury,Non-Intersection,No Control,Pedestrian Collision(internal code),Clear,Daylight,Dry,Major Arterial,false,-79.5580035287571,43.61406574788261,1,Automobile or Station Wagon,West,1,31,None,Lap and Shoulder Belt,Driving properly,Normal,,,Going Ahead,,,,,driver,NA,Etobicoke-Lakeshore (3),22 Division,Etobicoke City Centre,false,false,false,false,false,true,true,false,false,false,"{""coordinates"": [[-79.5580035287571, 43.61406574788261]], ""type"": ""MultiPoint""}"
17440,2021:1002132451,2021-11-05T17:11:00,THE QUEENSWAY,NORTH QUEEN ST,135 m West of,2,Non-Fatal Injury,Non-Intersection,No Control,Pedestrian Collision(internal code),Clear,Daylight,Dry,Major Arterial,false,-79.5580035287571,43.61406574788261,1,,South,2,78,Major,Use Unknown,,,Crossing without right-of-way (intersection),Normal,,Driver hits pedestrian at midblock,,,,pedestrian,NA,Etobicoke-Lakeshore (3),22 Division,Etobicoke City Centre,false,false,false,false,false,true,true,false,false,false,"{""coordinates"": [[-79.5580035287571, 43.61406574788261]], ""type"": ""MultiPoint""}"
17441,2021:1002135282,2021-11-06T01:25:00,MIDDLEFIELD RD,FINCH AVE E,10 m North of,2,Non-Fatal Injury,Intersection-Related,Traffic Signal,Pedestrian Collision(internal code),Clear,Dark with Artificial Lighting,Dry,Minor Arterial,true,-79.25766399921879,43.80981650349731,1,Automobile or Station Wagon,South,1,28,None,Use Unknown,Lost control,Unknown,,,Going Ahead,,,,,driver,NA,Scarborough North (23),42 Division,Agincourt North,false,false,false,false,false,false,true,false,false,false,"{""coordinates"": [[-79.25766399921879, 43.809816503497316]], ""type"": ""MultiPoint""}"
17442,2021:1002135282,2021-11-06T01:25:00,MIDDLEFIELD RD,FINCH AVE E,10 m North of,2,Non-Fatal Injury,Intersection-Related,Traffic Signal,Pedestrian Collision(internal code),Clear,Dark with Artificial Lighting,Dry,Minor Arterial,true,-79.25766399921879,43.80981650349731,1,,Unknown,2,28,Major,No Equipment Available,,,Other,Had Been Drinking,,Driver going straight hits pedestrian crossing without right-of-way (at intersection),,,,pedestrian,NA,Scarborough North (23),42 Division,Agincourt North,false,false,false,false,false,false,true,false,false,false,"{""coordinates"": [[-79.25766399921879, 43.809816503497316]], ""type"": ""MultiPoint""}"
17443,2021:1002145902,2021-11-07T16:14:00,DUFFERIN ST,DUPONT ST,,15,Non-Fatal Injury,Intersection-Related,Traffic Signal,Sideswipe,Clear,Daylight,Dry,Major Arterial,false,-79.4388778694241,43.668428810359366,6,Automobile or Station Wagon,West,6,51,None,Lap and Shoulder Belt,Driving properly,Normal,,,Going Ahead,,,,,driver,NA,Davenport (9),14 Division,Dovercourt Village,false,false,false,false,false,true,false,false,true,false,"{""coordinates"": [[-79.4388778694241, 43.668428810359366]], ""type"": ""MultiPoint""}"
17444,2021:1002145902,2021-11-07T16:14:00,DUFFERIN ST,DUPONT ST,,15,Non-Fatal Injury,Intersection-Related,Traffic Signal,Sideswipe,Clear,Daylight,Dry,Major Arterial,false,-79.4388778694241,43.668428810359366,9,Automobile or Station Wagon,West,9,34,None,Lap and Shoulder Belt,Driving properly,Normal,,,Stopped,,,,,driver,NA,Davenport (9),14 Division,Dovercourt Village,false,false,false,false,false,true,false,false,true,false,"{""coordinates"": [[-79.4388778694241, 43.668428810359366]], ""type"": ""MultiPoint""}"
17445,2021:1002145902,2021-11-07T16:14:00,DUFFERIN ST,DUPONT ST,,15,Non-Fatal Injury,Intersection-Related,Traffic Signal,Sideswipe,Clear,Daylight,Dry,Major Arterial,false,-79.4388778694241,43.668428810359366,2,Automobile or Station Wagon,East,11,46,Minimal,Lap and Shoulder Belt,,,,,Going Ahead,,,,,passenger,NA,Davenport (9),14 Division,Dovercourt Village,false,false,false,false,false,true,false,false,true,false,"{""coordinates"": [[-79.4388778694241, 43.668428810359366]], ""type"": ""MultiPoint""}"
17446,2021:1002145902,2021-11-07T16:14:00,DUFFERIN ST,DUPONT ST,,15,Non-Fatal Injury,Intersection-Related,Traffic Signal,Sideswipe,Clear,Daylight,Dry,Major Arterial,false,-79.4388778694241,43.668428810359366,5,Automobile or Station Wagon,East,12,9,None,Lap and Shoulder Belt,,,,,Going Ahead,,,,,passenger,NA,Davenport (9),14 Division,Dovercourt Village,false,false,false,false,false,true,false,false,true,false,"{""coordinates"": [[-79.4388778694241, 43.668428810359366]], ""type"": ""MultiPoint""}"
17447,2021:1002145902,2021-11-07T16:14:00,DUFFERIN ST,DUPONT ST,,15,Non-Fatal Injury,Intersection-Related,Traffic Signal,Sideswipe,Clear,Daylight,Dry,Major Arterial,false,-79.4388778694241,43.668428810359366,2,Automobile or Station Wagon,East,2,64,None,Lap and Shoulder Belt,Driving properly,Normal,,,Going Ahead,,,,,driver,NA,Davenport (9),14 Division,Dovercourt Village,false,false,false,false,false,true,false,false,true,false,"{""coordinates"": [[-79.4388778694241, 43.668428810359366]], ""type"": ""MultiPoint""}"
17448,2021:1002145902,2021-11-07T16:14:00,DUFFERIN ST,DUPONT ST,,15,Non-Fatal Injury,Intersection-Related,Traffic Signal,Sideswipe,Clear,Daylight,Dry,Major Arterial,false,-79.4388778694241,43.668428810359366,3,Automobile or Station Wagon,East,3,65,Major,Lap and Shoulder Belt,Driving properly,Normal,,,Going Ahead,,,,,driver,NA,Davenport (9),14 Division,Dovercourt Village,false,false,false,false,false,true,false,false,true,false,"{""coordinates"": [[-79.4388778694241, 43.668428810359366]], ""type"": ""MultiPoint""}"
17449,2021:1002145902,2021-11-07T16:14:00,DUFFERIN ST,DUPONT ST,,15,Non-Fatal Injury,Intersection-Related,Traffic Signal,Sideswipe,Clear,Daylight,Dry,Major Arterial,false,-79.4388778694241,43.668428810359366,6,Automobile or Station Wagon,West,13,19,None,Lap and Shoulder Belt,,,,,Going Ahead,,,,,passenger,NA,Davenport (9),14 Division,Dovercourt Village,false,false,false,false,false,true,false,false,true,false,"{""coordinates"": [[-79.4388778694241, 43.668428810359366]], ""type"": ""MultiPoint""}"
17450,2021:1002145902,2021-11-07T16:14:00,DUFFERIN ST,DUPONT ST,,15,Non-Fatal Injury,Intersection-Related,Traffic Signal,Sideswipe,Clear,Daylight,Dry,Major Arterial,false,-79.4388778694241,43.668428810359366,8,Automobile or Station Wagon,West,14,23,None,Lap and Shoulder Belt,,,,,Stopped,,,,,passenger,NA,Davenport (9),14 Division,Dovercourt Village,false,false,false,false,false,true,false,false,true,false,"{""coordinates"": [[-79.4388778694241, 43.668428810359366]], ""type"": ""MultiPoint""}"
17451,2021:1002145902,2021-11-07T16:14:00,DUFFERIN ST,DUPONT ST,,15,Non-Fatal Injury,Intersection-Related,Traffic Signal,Sideswipe,Clear,Daylight,Dry,Major Arterial,false,-79.4388778694241,43.668428810359366,7,Automobile or Station Wagon,West,7,21,None,Lap and Shoulder Belt,Driving properly,Normal,,,Stopped,,,,,driver,NA,Davenport (9),14 Division,Dovercourt Village,false,false,false,false,false,true,false,false,true,false,"{""coordinates"": [[-79.4388778694241, 43.668428810359366]], ""type"": ""MultiPoint""}"