X_id,collision_id,accdate,stname1,stname2,stname3,per_inv,acclass,accloc,traffictl,impactype,visible,light,rdsfcond,road_class,failtorem,longitude,latitude,veh_no,vehtype,initdir,per_no,invage,injury,safequip,drivact,drivcond,pedact,pedcond,manoeuvre,pedtype,cyclistype,cycact,cyccond,road_user,fatal_no,wardname,division,neighbourhood,aggressive,distracted,cyclist,motorcyclist,other_micromobility,older_adult,pedestrian,red_light,school_child,heavy_truck,geometry
17597,2022:2000415804,2022-03-05T01:20:00,BRIMORTON DR,MCCOWAN RD,37 m West of,2,Non-Fatal Injury,Intersection-Related,Traffic Signal,SMV Other,Clear,Dark with Artificial Lighting,Dry,Collector,false,-79.24892836457518,43.76536381919128,1,,,2,23,None,Use Unknown,,,,,,,,,,passenger,NA,Scarborough-Guildwood (24),43 Division,Woburn North,false,true,false,false,false,false,false,false,false,false,"{""coordinates"": [[-79.24892836457518, 43.76536381919128]], ""type"": ""MultiPoint""}"
17598,2022:2000422292,2022-03-06T02:40:00,LAKE SHORE BLVD W,JAMESON AVE,,2,Fatal Injury,Non-Intersection,No Control,SMV Other,Clear,Dark,Dry,Major Arterial,false,-79.43645177584897,43.63336793638429,NA,Automobile or Station Wagon,East,2,30,Major,,Lost control,Unknown,,,Going Ahead,,,,,driver,NA,Parkdale-High Park (4),14 Division,South Parkdale,false,false,false,false,false,false,false,false,true,false,"{""coordinates"": [[-79.43645177584897, 43.63336793638429]], ""type"": ""MultiPoint""}"
17599,2022:2000422292,2022-03-06T02:40:00,LAKE SHORE BLVD W,JAMESON AVE,,2,Fatal Injury,Non-Intersection,No Control,SMV Other,Clear,Dark,Dry,Major Arterial,false,-79.43645177584897,43.63336793638429,NA,,,1,19,Fatal,,,,,,,,,,,passenger,8,Parkdale-High Park (4),14 Division,South Parkdale,false,false,false,false,false,false,false,false,true,false,"{""coordinates"": [[-79.43645177584897, 43.63336793638429]], ""type"": ""MultiPoint""}"
17600,2022:2000425405,2022-03-06T15:21:00,DUNDAS ST E,BOND ST,,3,Fatal Injury,At/Near Private Drive,No Control,Pedestrian Collision(internal code),Clear,Daylight,Dry,Local,false,-79.37827749162247,43.65618736219435,NA,Automobile or Station Wagon,West,2,59,None,,Failed to yield right-of-way,Inattentive,,,Turning Right,,,,,driver,NA,Toronto Centre (13),51 Division,Downtown Yonge East,true,true,false,false,false,false,true,false,false,false,"{""coordinates"": [[-79.37827749162247, 43.65618736219435]], ""type"": ""MultiPoint""}"
17601,2022:2000425405,2022-03-06T15:21:00,DUNDAS ST E,BOND ST,,3,Fatal Injury,At/Near Private Drive,No Control,Pedestrian Collision(internal code),Clear,Daylight,Dry,Local,false,-79.37827749162247,43.65618736219435,NA,,Unknown,1,45,Fatal,,,,On sidewalk or shoulder,Ability Impaired - Alcohol,,Driver hits pedestrian on sidewalk or shoulder,,,,pedestrian,9,Toronto Centre (13),51 Division,Downtown Yonge East,true,true,false,false,false,false,true,false,false,false,"{""coordinates"": [[-79.37827749162247, 43.65618736219435]], ""type"": ""MultiPoint""}"
17602,2022:2000425405,2022-03-06T15:21:00,DUNDAS ST E,BOND ST,,3,Fatal Injury,At/Near Private Drive,No Control,Pedestrian Collision(internal code),Clear,Daylight,Dry,Local,false,-79.37827749162247,43.65618736219435,NA,,,3,NA,,,,,,,,,,,,other,NA,Toronto Centre (13),51 Division,Downtown Yonge East,true,true,false,false,false,false,true,false,false,false,"{""coordinates"": [[-79.37827749162247, 43.65618736219435]], ""type"": ""MultiPoint""}"
17603,2022:2000427556,2022-03-06T22:33:00,460 PAPE AVE,,8 m West of PAPE AVE,2,Non-Fatal Injury,Non-Intersection,No Control,Pedestrian Collision(internal code),Clear,Dark,Dry,Minor Arterial,false,-79.34185466954736,43.67169023647438,1,Automobile or Station Wagon,South,1,49,None,Lap and Shoulder Belt,Driving properly,Normal,,,Going Ahead,,,,,driver,NA,Toronto-Danforth (14),55 Division,Blake-Jones,false,false,false,false,false,false,true,false,true,false,"{""coordinates"": [[-79.34185466954736, 43.67169023647438]], ""type"": ""MultiPoint""}"
17604,2022:2000427556,2022-03-06T22:33:00,460 PAPE AVE,,8 m West of PAPE AVE,2,Non-Fatal Injury,Non-Intersection,No Control,Pedestrian Collision(internal code),Clear,Dark,Dry,Minor Arterial,false,-79.34185466954736,43.67169023647438,1,,Unknown,2,18,Major,Lap and Shoulder Belt,,,Crossing - no traffic control,Ability Impaired - Alcohol,,Driver hits pedestrian at midblock,,,,pedestrian,NA,Toronto-Danforth (14),55 Division,Blake-Jones,false,false,false,false,false,false,true,false,true,false,"{""coordinates"": [[-79.34185466954736, 43.67169023647438]], ""type"": ""MultiPoint""}"
17605,2022:2000427862,2022-03-07T00:05:00,145 STEELES AVE E,,50 m East of LILLIAN ST,4,Non-Fatal Injury,Non-Intersection,No Control,Approaching Head On,Clear,Dark with Artificial Lighting,Dry,Major Arterial,false,-79.40831427112161,43.80053933395416,1,Pickup Truck,East,1,47,Minor,Lap and Shoulder Belt,Lost control,Had Been Drinking,,,Going Ahead,,,,,driver,NA,Willowdale (18),32 Division,Newtonbrook East,false,false,false,false,false,true,false,false,false,true,"{""coordinates"": [[-79.40831427112161, 43.80053933395416]], ""type"": ""MultiPoint""}"
17606,2022:2000427862,2022-03-07T00:05:00,145 STEELES AVE E,,50 m East of LILLIAN ST,4,Non-Fatal Injury,Non-Intersection,No Control,Approaching Head On,Clear,Dark with Artificial Lighting,Dry,Major Arterial,false,-79.40831427112161,43.80053933395416,2,Delivery Van,West,2,66,Major,Lap and Shoulder Belt,Driving properly,Normal,,,Going Ahead,,,,,driver,NA,Willowdale (18),32 Division,Newtonbrook East,false,false,false,false,false,true,false,false,false,true,"{""coordinates"": [[-79.40831427112161, 43.80053933395416]], ""type"": ""MultiPoint""}"
17607,2022:2000427862,2022-03-07T00:05:00,145 STEELES AVE E,,50 m East of LILLIAN ST,4,Non-Fatal Injury,Non-Intersection,No Control,Approaching Head On,Clear,Dark with Artificial Lighting,Dry,Major Arterial,false,-79.40831427112161,43.80053933395416,3,,,4,27,Minor,Lap and Shoulder Belt,,,,,,,,,,passenger,NA,Willowdale (18),32 Division,Newtonbrook East,false,false,false,false,false,true,false,false,false,true,"{""coordinates"": [[-79.40831427112161, 43.80053933395416]], ""type"": ""MultiPoint""}"
17608,2022:2000427862,2022-03-07T00:05:00,145 STEELES AVE E,,50 m East of LILLIAN ST,4,Non-Fatal Injury,Non-Intersection,No Control,Approaching Head On,Clear,Dark with Artificial Lighting,Dry,Major Arterial,false,-79.40831427112161,43.80053933395416,3,Automobile or Station Wagon,West,3,56,Minor,Lap and Shoulder Belt,Driving properly,Normal,,,Going Ahead,,,,,driver,NA,Willowdale (18),32 Division,Newtonbrook East,false,false,false,false,false,true,false,false,false,true,"{""coordinates"": [[-79.40831427112161, 43.80053933395416]], ""type"": ""MultiPoint""}"
17609,2022:2000429734,2022-03-07T09:30:00,BATHURST ST,JOICEY BLVD,1 m South of,2,Non-Fatal Injury,At Intersection,Traffic Signal,Pedestrian Collision(internal code),Rain,Daylight,Wet,Major Arterial,false,-79.43313281576229,43.733816505794266,1,,East,2,81,Major,No Equipment Available,,,Crossing with right-of-way (intersection),Normal,,Driver turns left into pedestrian crossing with right-of-way (at intersection),,,,pedestrian,NA,Eglinton-Lawrence (8),32 Division,Bedford Park-Nortown,true,false,false,false,false,true,true,false,false,false,"{""coordinates"": [[-79.43313281576229, 43.733816505794266]], ""type"": ""MultiPoint""}"
17610,2022:2000429734,2022-03-07T09:30:00,BATHURST ST,JOICEY BLVD,1 m South of,2,Non-Fatal Injury,At Intersection,Traffic Signal,Pedestrian Collision(internal code),Rain,Daylight,Wet,Major Arterial,false,-79.43313281576229,43.733816505794266,1,Pickup Truck,West,1,34,None,Lap and Shoulder Belt,Failed to yield right-of-way,Normal,,,Turning Left,,,,,driver,NA,Eglinton-Lawrence (8),32 Division,Bedford Park-Nortown,true,false,false,false,false,true,true,false,false,false,"{""coordinates"": [[-79.43313281576229, 43.733816505794266]], ""type"": ""MultiPoint""}"
17611,2022:2000435603,2022-03-08T07:00:00,DUNDAS ST W,ANNETTE ST,6 m West of,3,Non-Fatal Injury,At Intersection,Traffic Signal,Rear End,Clear,Daylight,Dry,Minor Arterial,false,-79.45873722813225,43.664411964345334,3,Automobile or Station Wagon,South,3,NA,None,Use Unknown,Driving properly,Normal,,,Stopped,,,,,driver,NA,Parkdale-High Park (4),11 Division,Junction Area,true,true,false,false,false,true,false,false,false,false,"{""coordinates"": [[-79.45873722813225, 43.664411964345334]], ""type"": ""MultiPoint""}"
17612,2022:2000435603,2022-03-08T07:00:00,DUNDAS ST W,ANNETTE ST,6 m West of,3,Non-Fatal Injury,At Intersection,Traffic Signal,Rear End,Clear,Daylight,Dry,Minor Arterial,false,-79.45873722813225,43.664411964345334,1,Automobile or Station Wagon,South,1,76,Major,No Equipment Available,Failed to yield right-of-way,Inattentive,,,Going Ahead,,,,,driver,NA,Parkdale-High Park (4),11 Division,Junction Area,true,true,false,false,false,true,false,false,false,false,"{""coordinates"": [[-79.45873722813225, 43.664411964345334]], ""type"": ""MultiPoint""}"
17613,2022:2000435603,2022-03-08T07:00:00,DUNDAS ST W,ANNETTE ST,6 m West of,3,Non-Fatal Injury,At Intersection,Traffic Signal,Rear End,Clear,Daylight,Dry,Minor Arterial,false,-79.45873722813225,43.664411964345334,2,Automobile or Station Wagon,South,2,65,Minor,Lap and Shoulder Belt,Driving properly,Normal,,,Stopped,,,,,driver,NA,Parkdale-High Park (4),11 Division,Junction Area,true,true,false,false,false,true,false,false,false,false,"{""coordinates"": [[-79.45873722813225, 43.664411964345334]], ""type"": ""MultiPoint""}"
17614,2022:2000444231,2022-03-09T11:00:00,DANFORTH AVE,WOODBINE AVE,10 m West of,2,Non-Fatal Injury,Intersection-Related,Traffic Signal,Rear End,Clear,Daylight,Dry,Major Arterial,false,-79.31274082620446,43.68560239487503,2,Automobile or Station Wagon,West,2,46,Major,Lap and Shoulder Belt,Driving properly,Normal,,,Slowing or Stopping,,,,,driver,NA,Beaches-East York (19),55 Division,East End-Danforth,false,true,false,false,false,false,false,false,false,true,"{""coordinates"": [[-79.31274082620446, 43.68560239487503]], ""type"": ""MultiPoint""}"
17615,2022:2000444231,2022-03-09T11:00:00,DANFORTH AVE,WOODBINE AVE,10 m West of,2,Non-Fatal Injury,Intersection-Related,Traffic Signal,Rear End,Clear,Daylight,Dry,Major Arterial,false,-79.31274082620446,43.68560239487503,1,Truck - Dump,West,1,49,Minimal,Lap and Shoulder Belt,Lost control,Inattentive,,,Slowing or Stopping,,,,,driver,NA,Beaches-East York (19),55 Division,East End-Danforth,false,true,false,false,false,false,false,false,false,true,"{""coordinates"": [[-79.31274082620446, 43.68560239487503]], ""type"": ""MultiPoint""}"
17616,2022:2000444865,2022-03-09T12:51:00,WILSON AVENUE,CLAYSON ROAD,,2,Non-Fatal Injury,At Intersection,Traffic Signal,Turning Movement,Clear,Daylight,Dry,Major Arterial,false,-79.52299962869792,43.71759271880243,1,Automobile or Station Wagon,East,1,73,Minimal,Lap and Shoulder Belt,Failed to yield right-of-way,Inattentive,,,Turning Left,,,,,driver,NA,Humber River-Black Creek (7),31 Division,Oakdale-Beverley Heights,true,true,false,true,false,true,false,true,false,false,"{""coordinates"": [[-79.52299962869792, 43.717592718802436]], ""type"": ""MultiPoint""}"
17617,2022:2000444865,2022-03-09T12:51:00,WILSON AVENUE,CLAYSON ROAD,,2,Non-Fatal Injury,At Intersection,Traffic Signal,Turning Movement,Clear,Daylight,Dry,Major Arterial,false,-79.52299962869792,43.71759271880243,2,Motorcycle,West,2,20,Major,Helmet,Disobeyed traffic control,Unknown,,,Going Ahead,,,,,motorcyclist,NA,Humber River-Black Creek (7),31 Division,Oakdale-Beverley Heights,true,true,false,true,false,true,false,true,false,false,"{""coordinates"": [[-79.52299962869792, 43.717592718802436]], ""type"": ""MultiPoint""}"
17618,2022:2000459968,2022-03-11T14:45:00,MARKHAM RD,NASHDENE RD,,2,Non-Fatal Injury,At Intersection,Traffic Signal,Pedestrian Collision(internal code),Clear,Daylight,Dry,Major Arterial,false,-79.24615121749626,43.82016576633952,1,Truck - Tractor,North,1,52,None,Lap and Shoulder Belt,Driving properly,Normal,,,Going Ahead,,,,,driver,NA,Scarborough North (23),42 Division,Morningside Heights,false,false,false,false,false,false,true,false,false,true,"{""coordinates"": [[-79.24615121749626, 43.82016576633952]], ""type"": ""MultiPoint""}"
17619,2022:2000459968,2022-03-11T14:45:00,MARKHAM RD,NASHDENE RD,,2,Non-Fatal Injury,At Intersection,Traffic Signal,Pedestrian Collision(internal code),Clear,Daylight,Dry,Major Arterial,false,-79.24615121749626,43.82016576633952,1,,Unknown,2,23,Major,No Equipment Available,,,Other,Medical or Physical Disability,,Other,,,,pedestrian,NA,Scarborough North (23),42 Division,Morningside Heights,false,false,false,false,false,false,true,false,false,true,"{""coordinates"": [[-79.24615121749626, 43.82016576633952]], ""type"": ""MultiPoint""}"
17620,2022:2000469670,2022-03-13T03:24:00,RATHBURN RD,CENTENNIAL PARK ROAD,36 m West of,1,Non-Fatal Injury,Non-Intersection,No Control,SMV Other,Clear,Dark with Artificial Lighting,Dry,Minor Arterial,false,-79.58171564963462,43.65053044749537,1,Automobile or Station Wagon,West,1,39,Major,Lap and Shoulder Belt,Lost control,Ability Impaired - Alcohol,,,Going Ahead,,,,,driver,NA,Etobicoke Centre (2),22 Division,Eringate-Centennial-West Deane,false,false,false,false,false,false,false,false,false,false,"{""coordinates"": [[-79.58171564963462, 43.65053044749537]], ""type"": ""MultiPoint""}"
17621,2022:2000495169,2022-03-16T19:45:00,15 THORNCLIFFE PARK DR,,10 m East of,2,Non-Fatal Injury,Non-Intersection,No Control,Pedestrian Collision(internal code),"Airborne Matter (Fog, Mist, Smoke, Dust)",Dark with Artificial Lighting,Dry,Collector,false,-79.34759956882067,43.70365358865564,1,,,2,78,Major,Use Unknown,,,Crossing - no traffic control,Normal,,Driver hits pedestrian at midblock,,,,pedestrian,NA,Don Valley West (15),53 Division,Thorncliffe Park,true,true,false,false,false,true,true,false,false,false,"{""coordinates"": [[-79.34759956882067, 43.70365358865564]], ""type"": ""MultiPoint""}"
17622,2022:2000495169,2022-03-16T19:45:00,15 THORNCLIFFE PARK DR,,10 m East of,2,Non-Fatal Injury,Non-Intersection,No Control,Pedestrian Collision(internal code),"Airborne Matter (Fog, Mist, Smoke, Dust)",Dark with Artificial Lighting,Dry,Collector,false,-79.34759956882067,43.70365358865564,1,Automobile or Station Wagon,West,1,22,None,Use Unknown,Failed to yield right-of-way,Inattentive,,,Turning Left,,,,,driver,NA,Don Valley West (15),53 Division,Thorncliffe Park,true,true,false,false,false,true,true,false,false,false,"{""coordinates"": [[-79.34759956882067, 43.70365358865564]], ""type"": ""MultiPoint""}"
17623,2022:2000518219,2022-03-20T02:52:00,BATHURST ST,NIAGARA ST,,5,Non-Fatal Injury,At Intersection,Traffic Signal,Pedestrian Collision(internal code),Rain,Dark with Artificial Lighting,Wet,Major Arterial,true,-79.40185238906386,43.64184032420835,1,Pickup Truck,South,1,31,None,Lap and Shoulder Belt,Failed to yield right-of-way,Had Been Drinking,,,Turning Left,,,,,driver,NA,Spadina-Fort York (10),14 Division,Wellington Place,true,false,false,false,false,false,true,false,true,false,"{""coordinates"": [[-79.40185238906386, 43.64184032420835]], ""type"": ""MultiPoint""}"
17624,2022:2000518219,2022-03-20T02:52:00,BATHURST ST,NIAGARA ST,,5,Non-Fatal Injury,At Intersection,Traffic Signal,Pedestrian Collision(internal code),Rain,Dark with Artificial Lighting,Wet,Major Arterial,true,-79.40185238906386,43.64184032420835,1,,,4,32,None,Lap and Shoulder Belt,,,,,,,,,,passenger,NA,Spadina-Fort York (10),14 Division,Wellington Place,true,false,false,false,false,false,true,false,true,false,"{""coordinates"": [[-79.40185238906386, 43.64184032420835]], ""type"": ""MultiPoint""}"
17625,2022:2000518219,2022-03-20T02:52:00,BATHURST ST,NIAGARA ST,,5,Non-Fatal Injury,At Intersection,Traffic Signal,Pedestrian Collision(internal code),Rain,Dark with Artificial Lighting,Wet,Major Arterial,true,-79.40185238906386,43.64184032420835,1,,,5,31,None,Lap and Shoulder Belt,,,,,,,,,,passenger,NA,Spadina-Fort York (10),14 Division,Wellington Place,true,false,false,false,false,false,true,false,true,false,"{""coordinates"": [[-79.40185238906386, 43.64184032420835]], ""type"": ""MultiPoint""}"
17626,2022:2000518219,2022-03-20T02:52:00,BATHURST ST,NIAGARA ST,,5,Non-Fatal Injury,At Intersection,Traffic Signal,Pedestrian Collision(internal code),Rain,Dark with Artificial Lighting,Wet,Major Arterial,true,-79.40185238906386,43.64184032420835,1,,North,2,26,Major,No Equipment Available,,,Crossing with right-of-way (intersection),Normal,,Driver turns left into pedestrian crossing with right-of-way (at intersection),,,,pedestrian,NA,Spadina-Fort York (10),14 Division,Wellington Place,true,false,false,false,false,false,true,false,true,false,"{""coordinates"": [[-79.40185238906386, 43.64184032420835]], ""type"": ""MultiPoint""}"
17627,2022:2000518219,2022-03-20T02:52:00,BATHURST ST,NIAGARA ST,,5,Non-Fatal Injury,At Intersection,Traffic Signal,Pedestrian Collision(internal code),Rain,Dark with Artificial Lighting,Wet,Major Arterial,true,-79.40185238906386,43.64184032420835,1,,,3,18,Minimal,No Equipment Available,,,,Normal,,,,,,pedestrian,NA,Spadina-Fort York (10),14 Division,Wellington Place,true,false,false,false,false,false,true,false,true,false,"{""coordinates"": [[-79.40185238906386, 43.64184032420835]], ""type"": ""MultiPoint""}"
17628,2022:2000545515,2022-03-23T23:30:00,YONGE ST,PATRICIA AVE,,3,Non-Fatal Injury,At Intersection,Traffic Signal,Turning Movement,Rain,Dark with Artificial Lighting,Wet,Major Arterial,false,-79.41809518206023,43.790182443500854,1,Automobile or Station Wagon,South,1,67,Minimal,Lap and Shoulder Belt,Disobeyed traffic control,Inattentive,,,Going Ahead,,,,,driver,NA,Willowdale (18),32 Division,Newtonbrook East,true,true,false,false,false,true,false,true,false,false,"{""coordinates"": [[-79.41809518206023, 43.79018244350085]], ""type"": ""MultiPoint""}"
17629,2022:2000545515,2022-03-23T23:30:00,YONGE ST,PATRICIA AVE,,3,Non-Fatal Injury,At Intersection,Traffic Signal,Turning Movement,Rain,Dark with Artificial Lighting,Wet,Major Arterial,false,-79.41809518206023,43.790182443500854,2,Automobile or Station Wagon,East,2,38,Major,Lap and Shoulder Belt,Driving properly,Normal,,,Turning Left,,,,,driver,NA,Willowdale (18),32 Division,Newtonbrook East,true,true,false,false,false,true,false,true,false,false,"{""coordinates"": [[-79.41809518206023, 43.79018244350085]], ""type"": ""MultiPoint""}"
17630,2022:2000545515,2022-03-23T23:30:00,YONGE ST,PATRICIA AVE,,3,Non-Fatal Injury,At Intersection,Traffic Signal,Turning Movement,Rain,Dark with Artificial Lighting,Wet,Major Arterial,false,-79.41809518206023,43.790182443500854,1,,,3,20,None,Lap and Shoulder Belt,,,,,,,,,,passenger,NA,Willowdale (18),32 Division,Newtonbrook East,true,true,false,false,false,true,false,true,false,false,"{""coordinates"": [[-79.41809518206023, 43.79018244350085]], ""type"": ""MultiPoint""}"
17631,2022:2000584749,2022-03-29T17:18:00,WILSON AVE,WENDELL AVE,1 m  of,2,Non-Fatal Injury,Intersection-Related,Traffic Signal,Cyclist Collision,Clear,Daylight,Dry,Major Arterial,true,-79.52705084382836,43.71678782265862,1,Automobile or Station Wagon,East,1,17,None,Use Unknown,Disobeyed traffic control,Inattentive,,,Going Ahead,,,,,driver,NA,Humber River-Black Creek (7),31 Division,Oakdale-Beverley Heights,true,true,true,false,false,false,false,true,true,false,"{""coordinates"": [[-79.52705084382836, 43.71678782265862]], ""type"": ""MultiPoint""}"
17632,2022:2000584749,2022-03-29T17:18:00,WILSON AVE,WENDELL AVE,1 m  of,2,Non-Fatal Injury,Intersection-Related,Traffic Signal,Cyclist Collision,Clear,Daylight,Dry,Major Arterial,true,-79.52705084382836,43.71678782265862,2,Bicycle,West,2,59,Major,No Equipment Available,,,,,Turning Left,,"Driver without right-of-way drives into path of cyclist (at intersection, laneway, or driveway)",Driving Properly,Normal,cyclist,NA,Humber River-Black Creek (7),31 Division,Oakdale-Beverley Heights,true,true,true,false,false,false,false,true,true,false,"{""coordinates"": [[-79.52705084382836, 43.71678782265862]], ""type"": ""MultiPoint""}"
17633,2022:2000627947,2022-04-05T01:25:00,LANSDOWNE AVE,LAPPIN AVE,,2,Fatal Injury,Non-Intersection,No Control,Pedestrian Collision(internal code),Clear,Dark with Artificial Lighting,Dry,Minor Arterial,false,-79.44569856723656,43.66482393260184,NA,Pickup Truck,South,2,42,None,,Driving properly,Normal,,,Going Ahead,,,,,driver,NA,Davenport (9),11 Division,Junction-Wallace Emerson,false,true,false,false,false,false,true,false,false,false,"{""coordinates"": [[-79.44569856723656, 43.66482393260184]], ""type"": ""MultiPoint""}"
17634,2022:2000627947,2022-04-05T01:25:00,LANSDOWNE AVE,LAPPIN AVE,,2,Fatal Injury,Non-Intersection,No Control,Pedestrian Collision(internal code),Clear,Dark with Artificial Lighting,Dry,Minor Arterial,false,-79.44569856723656,43.66482393260184,NA,,Unknown,1,47,Fatal,,,,Crossing - no traffic control,Inattentive,,Driver hits pedestrian at midblock,,,,pedestrian,13,Davenport (9),11 Division,Junction-Wallace Emerson,false,true,false,false,false,false,true,false,false,false,"{""coordinates"": [[-79.44569856723656, 43.66482393260184]], ""type"": ""MultiPoint""}"
17635,2022:2000630643,2022-04-05T12:30:00,FINCH AVE W,400 S FINCH E RAMP,,2,Fatal Injury,Non-Intersection,No Control,Pedestrian Collision(internal code),Clear,Daylight,Dry,Major Arterial,false,-79.53271942431735,43.75395822049955,NA,Truck - Tractor,West,1,39,None,,Driving properly,Normal,,,Going Ahead,,,,,driver,NA,Humber River-Black Creek (7),31 Division,Humbermede,false,true,false,false,false,false,true,false,false,true,"{""coordinates"": [[-79.53271942431735, 43.75395822049955]], ""type"": ""MultiPoint""}"
17636,2022:2000630643,2022-04-05T12:30:00,FINCH AVE W,400 S FINCH E RAMP,,2,Fatal Injury,Non-Intersection,No Control,Pedestrian Collision(internal code),Clear,Daylight,Dry,Major Arterial,false,-79.53271942431735,43.75395822049955,NA,,West,2,64,Fatal,,,,Walking on roadway with traffic,Inattentive,,Driver hits pedestrian at midblock,,,,pedestrian,14,Humber River-Black Creek (7),31 Division,Humbermede,false,true,false,false,false,false,true,false,false,true,"{""coordinates"": [[-79.53271942431735, 43.75395822049955]], ""type"": ""MultiPoint""}"
17637,2022:2000662470,2022-04-09T23:38:00,KNIGHTON DR,WYNDCLIFF CR,,1,Non-Fatal Injury,At Intersection,Stop Sign,SMV Other,Clear,Dark with Artificial Lighting,Dry,Local,false,-79.3154415672692,43.73735639312567,1,Motorcycle,South,1,18,Major,Helmet,Lost control,Normal,,,Turning Left,,,,,motorcyclist,NA,Don Valley East (16),33 Division,Victoria Village,false,false,false,true,false,false,false,false,true,false,"{""coordinates"": [[-79.3154415672692, 43.73735639312567]], ""type"": ""MultiPoint""}"
17638,2022:2000673769,2022-04-11T16:07:00,22 BENTON RD,,2 m South of,1,Non-Fatal Injury,At/Near Private Drive,No Control,SMV Other,Clear,Daylight,Dry,Collector,false,-79.47132567470955,43.70894855418251,1,Automobile or Station Wagon,North,1,15,Major,Use Unknown,Other,Other Condition,,,Reversing,,,,,driver,NA,York South-Weston (5),12 Division,Brookhaven-Amesbury,false,false,false,false,false,false,false,false,true,false,"{""coordinates"": [[-79.47132567470955, 43.70894855418251]], ""type"": ""MultiPoint""}"
17639,2022:2000677048,2022-04-12T05:56:00,DANFORTH RD,MACKINAC CR,3 m South of,2,Non-Fatal Injury,Intersection-Related,No Control,Approaching Head On,Clear,Dark,Dry,Major Arterial,false,-79.24444228709915,43.749532818463905,1,Automobile or Station Wagon,South,1,28,Minor,Lap and Shoulder Belt,Lost control,Unknown,,,Going Ahead,,,,,driver,NA,Scarborough Centre (21),43 Division,Bendale South,false,false,false,false,false,false,false,false,false,false,"{""coordinates"": [[-79.24444228709915, 43.749532818463905]], ""type"": ""MultiPoint""}"
17640,2022:2000677048,2022-04-12T05:56:00,DANFORTH RD,MACKINAC CR,3 m South of,2,Non-Fatal Injury,Intersection-Related,No Control,Approaching Head On,Clear,Dark,Dry,Major Arterial,false,-79.24444228709915,43.749532818463905,2,Automobile or Station Wagon,North,2,36,Major,Lap and Shoulder Belt,Driving properly,Normal,,,Going Ahead,,,,,driver,NA,Scarborough Centre (21),43 Division,Bendale South,false,false,false,false,false,false,false,false,false,false,"{""coordinates"": [[-79.24444228709915, 43.749532818463905]], ""type"": ""MultiPoint""}"
17641,2022:2000692125,2022-04-14T03:16:00,SPADINA AVE,KING ST W,,2,Fatal Injury,Non-Intersection,No Control,Pedestrian Collision(internal code),Rain,Dark with Artificial Lighting,Wet,Major Arterial,false,-79.39486384493175,43.644991252831296,NA,,East,1,30,Fatal,,,,Crossing - no traffic control,Normal,,Driver hits pedestrian at midblock,,,,pedestrian,16,Spadina-Fort York (10),14 Division,Wellington Place,true,false,false,false,false,false,true,false,false,false,"{""coordinates"": [[-79.39486384493175, 43.644991252831296]], ""type"": ""MultiPoint""}"
17642,2022:2000692125,2022-04-14T03:16:00,SPADINA AVE,KING ST W,,2,Fatal Injury,Non-Intersection,No Control,Pedestrian Collision(internal code),Rain,Dark with Artificial Lighting,Wet,Major Arterial,false,-79.39486384493175,43.644991252831296,NA,Automobile or Station Wagon,South,2,NA,None,,Exceeding speed limit,Unknown,,,Going Ahead,,,,,driver,NA,Spadina-Fort York (10),14 Division,Wellington Place,true,false,false,false,false,false,true,false,false,false,"{""coordinates"": [[-79.39486384493175, 43.644991252831296]], ""type"": ""MultiPoint""}"
17643,2022:2000697983,2022-04-14T20:42:00,CALEDONIA RD,KITCHENER AVE,,3,Non-Fatal Injury,At Intersection,Traffic Signal,Cyclist Collision,Clear,Dark with Artificial Lighting,Dry,Minor Arterial,false,-79.46052246720407,43.68899768095927,2,Bicycle,South,2,20,Major,Helmet,,,,,Going Ahead,,Driver turns left into path of cyclist,Driving Properly,Normal,cyclist,NA,Davenport (9),13 Division,Caledonia-Fairbank,false,false,true,false,false,false,false,false,true,false,"{""coordinates"": [[-79.46052246720407, 43.68899768095927]], ""type"": ""MultiPoint""}"
17644,2022:2000697983,2022-04-14T20:42:00,CALEDONIA RD,KITCHENER AVE,,3,Non-Fatal Injury,At Intersection,Traffic Signal,Cyclist Collision,Clear,Dark with Artificial Lighting,Dry,Minor Arterial,false,-79.46052246720407,43.68899768095927,2,,,3,18,Minor,Equipment Not Used But Available,,,,,,,,,,cyclist,NA,Davenport (9),13 Division,Caledonia-Fairbank,false,false,true,false,false,false,false,false,true,false,"{""coordinates"": [[-79.46052246720407, 43.68899768095927]], ""type"": ""MultiPoint""}"
17645,2022:2000697983,2022-04-14T20:42:00,CALEDONIA RD,KITCHENER AVE,,3,Non-Fatal Injury,At Intersection,Traffic Signal,Cyclist Collision,Clear,Dark with Artificial Lighting,Dry,Minor Arterial,false,-79.46052246720407,43.68899768095927,1,Automobile or Station Wagon,North,1,59,None,Lap and Shoulder Belt,Improper turn,Normal,,,Turning Left,,,,,driver,NA,Davenport (9),13 Division,Caledonia-Fairbank,false,false,true,false,false,false,false,false,true,false,"{""coordinates"": [[-79.46052246720407, 43.68899768095927]], ""type"": ""MultiPoint""}"
17646,2022:2000699120,2022-04-15T00:43:00,DON VALLEY PARKWAY S,LEASIDE BDGE,,2,Fatal Injury,Non-Intersection,No Control,Pedestrian Collision(internal code),Clear,Dark with Artificial Lighting,Dry,Expressway,false,-79.35012491123135,43.697923917614894,NA,,Unknown,1,37,Fatal,,,,Other,Unknown,,Other,,,,pedestrian,15,Toronto-Danforth (14),55 Division,Broadview North,false,false,false,false,false,false,true,false,false,false,"{""coordinates"": [[-79.35012491123135, 43.697923917614894]], ""type"": ""MultiPoint""}"