X_id,collision_id,accdate,stname1,stname2,stname3,per_inv,acclass,accloc,traffictl,impactype,visible,light,rdsfcond,road_class,failtorem,longitude,latitude,veh_no,vehtype,initdir,per_no,invage,injury,safequip,drivact,drivcond,pedact,pedcond,manoeuvre,pedtype,cyclistype,cycact,cyccond,road_user,fatal_no,wardname,division,neighbourhood,aggressive,distracted,cyclist,motorcyclist,other_micromobility,older_adult,pedestrian,red_light,school_child,heavy_truck,geometry
17696,2022:2000962188,2022-05-22T14:43:00,DUFFERIN ST,CROATIA ST,,3,Non-Fatal Injury,At Intersection,Stop Sign,Pedestrian Collision(internal code),Clear,Daylight,Dry,Major Arterial,false,-79.4347427465522,43.6582740837757,1,,West,3,66,Major,Use Unknown,,,Crossing without right-of-way (intersection),Inattentive,,Driver turns left into pedestrian crossing without right-of-way (at intersection),,,,pedestrian,NA,Davenport (9),14 Division,Dufferin Grove,true,true,false,false,false,true,true,false,false,false,"{""coordinates"": [[-79.4347427465522, 43.6582740837757]], ""type"": ""MultiPoint""}"
17697,2022:2000962188,2022-05-22T14:43:00,DUFFERIN ST,CROATIA ST,,3,Non-Fatal Injury,At Intersection,Stop Sign,Pedestrian Collision(internal code),Clear,Daylight,Dry,Major Arterial,false,-79.4347427465522,43.6582740837757,0,,,2,42,None,Lap and Shoulder Belt,,,,,,,,,,passenger,NA,Davenport (9),14 Division,Dufferin Grove,true,true,false,false,false,true,true,false,false,false,"{""coordinates"": [[-79.4347427465522, 43.6582740837757]], ""type"": ""MultiPoint""}"
17698,2022:2000962188,2022-05-22T14:43:00,DUFFERIN ST,CROATIA ST,,3,Non-Fatal Injury,At Intersection,Stop Sign,Pedestrian Collision(internal code),Clear,Daylight,Dry,Major Arterial,false,-79.4347427465522,43.6582740837757,1,Automobile or Station Wagon,East,1,63,None,Lap and Shoulder Belt,Failed to yield right-of-way,Inattentive,,,Turning Left,,,,,driver,NA,Davenport (9),14 Division,Dufferin Grove,true,true,false,false,false,true,true,false,false,false,"{""coordinates"": [[-79.4347427465522, 43.6582740837757]], ""type"": ""MultiPoint""}"
17699,2022:2000963706,2022-05-22T19:11:00,2467 QUEEN ST E,,,2,Fatal Injury,At Intersection,Stop Sign,SMV Other,Clear,Daylight,Dry,Minor Arterial,false,-79.2830777003609,43.673402951323126,NA,Automobile or Station Wagon,,2,NA,None,,,,,,Parked,,,,,other,NA,Beaches-East York (19),55 Division,The Beaches,false,false,false,false,false,true,false,false,false,false,"{""coordinates"": [[-79.2830777003609, 43.673402951323126]], ""type"": ""MultiPoint""}"
17700,2022:2000963706,2022-05-22T19:11:00,2467 QUEEN ST E,,,2,Fatal Injury,At Intersection,Stop Sign,SMV Other,Clear,Daylight,Dry,Minor Arterial,false,-79.2830777003609,43.673402951323126,NA,Pickup Truck,South,1,68,Fatal,,Lost control,Unknown,,,Going Ahead,,,,,driver,19,Beaches-East York (19),55 Division,The Beaches,false,false,false,false,false,true,false,false,false,false,"{""coordinates"": [[-79.2830777003609, 43.673402951323126]], ""type"": ""MultiPoint""}"
17701,2022:2000984362,2022-05-25T16:56:00,COLLEGE ST,EUCLID AVE,60 m West of,2,Non-Fatal Injury,Non-Intersection,No Control,Cyclist Collision,Clear,Daylight,Dry,Major Arterial,false,-79.4118545231222,43.65551221028212,1,Bicycle,West,1,44,Major,No Equipment Available,,,,,Going Ahead,,Sideswipe with cyclist and driver travelling in same direction,Driving Properly,Had Been Drinking,cyclist,NA,University-Rosedale (11),14 Division,Trinity-Bellwoods,false,false,true,false,false,false,false,false,false,false,"{""coordinates"": [[-79.4118545231222, 43.65551221028212]], ""type"": ""MultiPoint""}"
17702,2022:2000984362,2022-05-25T16:56:00,COLLEGE ST,EUCLID AVE,60 m West of,2,Non-Fatal Injury,Non-Intersection,No Control,Cyclist Collision,Clear,Daylight,Dry,Major Arterial,false,-79.4118545231222,43.65551221028212,2,Automobile or Station Wagon,West,2,31,None,Lap and Shoulder Belt,Driving properly,Normal,,,Going Ahead,,,,,driver,NA,University-Rosedale (11),14 Division,Trinity-Bellwoods,false,false,true,false,false,false,false,false,false,false,"{""coordinates"": [[-79.4118545231222, 43.65551221028212]], ""type"": ""MultiPoint""}"
17703,2022:2000986496,2022-05-25T23:12:00,LAKE SHORE BLVD W,BRITISH COLUMBIA RD,,2,Fatal Injury,Non-Intersection,No Control,Approaching Head On,Clear,Dark with Artificial Lighting,Dry,Major Arterial,false,-79.42612918965139,43.63016739071196,NA,Automobile or Station Wagon,East,2,41,Fatal,,Driving properly,Normal,,,Going Ahead,,,,,driver,20,Spadina-Fort York (10),14 Division,Fort York-Liberty Village,false,false,false,false,false,false,false,false,false,false,"{""coordinates"": [[-79.42612918965139, 43.63016739071196]], ""type"": ""MultiPoint""}"
17704,2022:2000986496,2022-05-25T23:12:00,LAKE SHORE BLVD W,BRITISH COLUMBIA RD,,2,Fatal Injury,Non-Intersection,No Control,Approaching Head On,Clear,Dark with Artificial Lighting,Dry,Major Arterial,false,-79.42612918965139,43.63016739071196,NA,Automobile or Station Wagon,West,1,23,Major,,Lost control,Normal,,,Going Ahead,,,,,driver,NA,Spadina-Fort York (10),14 Division,Fort York-Liberty Village,false,false,false,false,false,false,false,false,false,false,"{""coordinates"": [[-79.42612918965139, 43.63016739071196]], ""type"": ""MultiPoint""}"
17705,2022:2000988089,2022-05-26T08:31:00,STEELES AVE E,MAXOME AVE,,2,Non-Fatal Injury,At Intersection,Traffic Signal,Cyclist Collision,Clear,Daylight,Dry,Major Arterial,false,-79.40620855437977,43.80098565105461,1,Automobile or Station Wagon,South,1,22,None,Lap and Shoulder Belt,Improper turn,Inattentive,,,Turning Left,,,,,driver,NA,Willowdale (18),32 Division,Newtonbrook East,false,true,true,false,false,false,false,false,false,false,"{""coordinates"": [[-79.40620855437977, 43.80098565105461]], ""type"": ""MultiPoint""}"
17706,2022:2000988089,2022-05-26T08:31:00,STEELES AVE E,MAXOME AVE,,2,Non-Fatal Injury,At Intersection,Traffic Signal,Cyclist Collision,Clear,Daylight,Dry,Major Arterial,false,-79.40620855437977,43.80098565105461,2,Bicycle,North,2,24,Major,No Equipment Available,,,,,Going Ahead,,Driver turns left into path of cyclist,Driving Properly,Normal,cyclist,NA,Willowdale (18),32 Division,Newtonbrook East,false,true,true,false,false,false,false,false,false,false,"{""coordinates"": [[-79.40620855437977, 43.80098565105461]], ""type"": ""MultiPoint""}"
17707,2022:2001001629,2022-05-27T23:41:00,6 KEMP SQUARE,,1 m West of,1,Non-Fatal Injury,Non-Intersection,No Control,SMV Other,Clear,Dark with Artificial Lighting,Dry,Local,false,-79.49549565642344,43.69999549652431,1,Automobile or Station Wagon,South,1,46,Major,Use Unknown,Lost control,Ability Impaired - Alcohol Over .08,,,Going Ahead,,,,,driver,NA,York South-Weston (5),12 Division,Brookhaven-Amesbury,false,false,false,false,false,false,false,false,false,false,"{""coordinates"": [[-79.49549565642344, 43.69999549652431]], ""type"": ""MultiPoint""}"
17708,2022:2001007343,2022-05-28T20:15:00,DON VALLEY PARKWAY S,LAWRENCE AVE E,50 m North of,2,Non-Fatal Injury,Non-Intersection,No Control,Rear End,Clear,Daylight,Dry,Expressway,false,-79.33223388995498,43.73995422314099,2,Automobile or Station Wagon,South,2,17,None,Lap and Shoulder Belt,Driving properly,Normal,,,Slowing or Stopping,,,,,driver,NA,Don Valley East (16),33 Division,Banbury-Don Mills,true,true,false,true,false,false,false,false,true,false,"{""coordinates"": [[-79.33223388995498, 43.73995422314099]], ""type"": ""MultiPoint""}"
17709,2022:2001007343,2022-05-28T20:15:00,DON VALLEY PARKWAY S,LAWRENCE AVE E,50 m North of,2,Non-Fatal Injury,Non-Intersection,No Control,Rear End,Clear,Daylight,Dry,Expressway,false,-79.33223388995498,43.73995422314099,1,Motorcycle,South,1,40,Major,Helmet,Following too closely,Inattentive,,,Going Ahead,,,,,motorcyclist,NA,Don Valley East (16),33 Division,Banbury-Don Mills,true,true,false,true,false,false,false,false,true,false,"{""coordinates"": [[-79.33223388995498, 43.73995422314099]], ""type"": ""MultiPoint""}"
17710,2022:2001020904,2022-05-30T18:47:00,QUEENS QUAY E,MERCHANTS WHARF,19 m South of,2,Non-Fatal Injury,At Intersection,No Control,Cyclist Collision,Clear,Daylight,Dry,Minor Arterial,false,-79.36428517068143,43.64548330295672,2,Bicycle,West,2,14,Major,Helmet,,,,,Going Ahead,,"Driver turns right at non-signalized intersection (e.g. stop, yield, no control, driveway) and hits cyclist",Driving Properly,Normal,cyclist,NA,Spadina-Fort York (10),51 Division,St Lawrence-East Bayfront-The Islands,false,false,true,false,false,false,false,false,true,false,"{""coordinates"": [[-79.36428517068143, 43.64548330295672]], ""type"": ""MultiPoint""}"
17711,2022:2001020904,2022-05-30T18:47:00,QUEENS QUAY E,MERCHANTS WHARF,19 m South of,2,Non-Fatal Injury,At Intersection,No Control,Cyclist Collision,Clear,Daylight,Dry,Minor Arterial,false,-79.36428517068143,43.64548330295672,1,Automobile or Station Wagon,East,1,51,None,Lap and Shoulder Belt,Improper turn,Normal,,,Turning Right,,,,,driver,NA,Spadina-Fort York (10),51 Division,St Lawrence-East Bayfront-The Islands,false,false,true,false,false,false,false,false,true,false,"{""coordinates"": [[-79.36428517068143, 43.64548330295672]], ""type"": ""MultiPoint""}"
17712,2022:2001021476,2022-05-30T20:12:00,THE DONWAY E,GUYTOI CRT,3 m North of,2,Non-Fatal Injury,Intersection-Related,No Control,Pedestrian Collision(internal code),Clear,Dusk with Artificial Lighting,Dry,Minor Arterial,false,-79.34146548394804,43.73233628544693,1,Automobile or Station Wagon,East,1,31,None,Use Unknown,Driving properly,Normal,,,Going Ahead,,,,,driver,NA,Don Valley East (16),33 Division,Banbury-Don Mills,false,false,false,false,false,false,true,false,false,false,"{""coordinates"": [[-79.34146548394804, 43.73233628544693]], ""type"": ""MultiPoint""}"
17713,2023:3000980424,2023-05-03T00:19:00,JARVIS ST,DUNDAS ST E,,3,Non-Fatal Injury,Four-way,Traffic Signal,SMV Other,Rain,Dark with Artificial Lighting,Wet,Major Arterial,true,-79.3745542497198,43.657106768042944,1,Automobile or Station Wagon,North,1,40,None,Lap and Shoulder Belt,Driving properly,Normal,,,Going Ahead,,,,,driver,NA,Toronto Centre (13),51 Division,Moss Park,false,false,false,false,false,false,true,false,false,false,"{""coordinates"": [[-79.3745542497198, 43.657106768042944]], ""type"": ""MultiPoint""}"
17714,2022:2001021476,2022-05-30T20:12:00,THE DONWAY E,GUYTOI CRT,3 m North of,2,Non-Fatal Injury,Intersection-Related,No Control,Pedestrian Collision(internal code),Clear,Dusk with Artificial Lighting,Dry,Minor Arterial,false,-79.34146548394804,43.73233628544693,1,,North,2,20,Major,Use Unknown,,,Running onto roadway,Other Condition,,Driver going straight hits pedestrian crossing without right-of-way (at intersection),,,,pedestrian,NA,Don Valley East (16),33 Division,Banbury-Don Mills,false,false,false,false,false,false,true,false,false,false,"{""coordinates"": [[-79.34146548394804, 43.73233628544693]], ""type"": ""MultiPoint""}"
17715,2022:2001027552,2022-05-31T16:36:00,EASTERN AVE,WOODFIELD RD,7 m North of,3,Non-Fatal Injury,At Intersection,Stop Sign,Angle,Clear,Daylight,Dry,Minor Arterial,false,-79.32053811189712,43.66351531027136,2,Automobile or Station Wagon,West,2,28,Major,Lap and Shoulder Belt,Driving properly,Normal,,,Going Ahead,,,,,driver,NA,Toronto-Danforth (14),55 Division,The Beaches,true,false,false,false,false,false,false,false,false,false,"{""coordinates"": [[-79.32053811189712, 43.663515310271364]], ""type"": ""MultiPoint""}"
17716,2022:2001027552,2022-05-31T16:36:00,EASTERN AVE,WOODFIELD RD,7 m North of,3,Non-Fatal Injury,At Intersection,Stop Sign,Angle,Clear,Daylight,Dry,Minor Arterial,false,-79.32053811189712,43.66351531027136,1,Automobile or Station Wagon,South,1,24,Minor,Lap and Shoulder Belt,Disobeyed traffic control,Normal,,,Going Ahead,,,,,driver,NA,Toronto-Danforth (14),55 Division,The Beaches,true,false,false,false,false,false,false,false,false,false,"{""coordinates"": [[-79.32053811189712, 43.663515310271364]], ""type"": ""MultiPoint""}"
17717,2022:2001027552,2022-05-31T16:36:00,EASTERN AVE,WOODFIELD RD,7 m North of,3,Non-Fatal Injury,At Intersection,Stop Sign,Angle,Clear,Daylight,Dry,Minor Arterial,false,-79.32053811189712,43.66351531027136,1,,,3,25,None,Lap and Shoulder Belt,,,,,,,,,,passenger,NA,Toronto-Danforth (14),55 Division,The Beaches,true,false,false,false,false,false,false,false,false,false,"{""coordinates"": [[-79.32053811189712, 43.663515310271364]], ""type"": ""MultiPoint""}"
17718,2022:2001048848,2022-06-03T12:40:00,25 RIPLEY AVE,,1 m South of,2,Non-Fatal Injury,Non-Intersection,No Control,Pedestrian Collision(internal code),Clear,Daylight,Dry,Local,true,-79.47469037068203,43.6373581662153,1,,,2,30,Major,Use Unknown,,,Pushing or working on vehicle,Normal,,Driver hits pedestrian at midblock,,,,pedestrian,NA,Parkdale-High Park (4),11 Division,High Park-Swansea,false,true,false,false,false,false,true,false,false,true,"{""coordinates"": [[-79.47469037068203, 43.6373581662153]], ""type"": ""MultiPoint""}"
17719,2022:2001048848,2022-06-03T12:40:00,25 RIPLEY AVE,,1 m South of,2,Non-Fatal Injury,Non-Intersection,No Control,Pedestrian Collision(internal code),Clear,Daylight,Dry,Local,true,-79.47469037068203,43.6373581662153,1,Delivery Van,North,1,48,None,Lap and Shoulder Belt,Other,Inattentive,,,Going Ahead,,,,,driver,NA,Parkdale-High Park (4),11 Division,High Park-Swansea,false,true,false,false,false,false,true,false,false,true,"{""coordinates"": [[-79.47469037068203, 43.6373581662153]], ""type"": ""MultiPoint""}"
17720,2022:2001049162,2022-06-03T14:43:00,GERRARD ST E,NORMANDY BLVD,,2,Non-Fatal Injury,At Intersection,No Control,Turning Movement,Clear,Daylight,Dry,Minor Arterial,false,-79.31338170498768,43.67925855454981,1,Automobile or Station Wagon,West,1,60,None,Lap Belt Only of Combined Assembly,Improper turn,Unknown,,,Turning Left,,,,,driver,NA,Beaches-East York (19),55 Division,Woodbine Corridor,false,false,false,true,false,false,false,false,false,false,"{""coordinates"": [[-79.31338170498768, 43.679258554549804]], ""type"": ""MultiPoint""}"
17721,2022:2001049162,2022-06-03T14:43:00,GERRARD ST E,NORMANDY BLVD,,2,Non-Fatal Injury,At Intersection,No Control,Turning Movement,Clear,Daylight,Dry,Minor Arterial,false,-79.31338170498768,43.67925855454981,2,Motorcycle,East,2,48,Major,Helmet,Driving properly,Unknown,,,Going Ahead,,,,,motorcyclist,NA,Beaches-East York (19),55 Division,Woodbine Corridor,false,false,false,true,false,false,false,false,false,false,"{""coordinates"": [[-79.31338170498768, 43.679258554549804]], ""type"": ""MultiPoint""}"
17722,2022:2001058259,2022-06-04T19:45:00,MARKHAM RD,STEELES AVE E,,7,Non-Fatal Injury,At Intersection,Traffic Signal,Turning Movement,Clear,Daylight,Dry,Major Arterial,false,-79.25114846444053,43.83652701042508,1,,,3,48,Minimal,Use Unknown,,,,,,,,,,passenger,NA,Scarborough North (23),42 Division,Morningside Heights,true,true,false,false,false,true,false,false,false,false,"{""coordinates"": [[-79.25114846444053, 43.83652701042508]], ""type"": ""MultiPoint""}"
17723,2022:2001058259,2022-06-04T19:45:00,MARKHAM RD,STEELES AVE E,,7,Non-Fatal Injury,At Intersection,Traffic Signal,Turning Movement,Clear,Daylight,Dry,Major Arterial,false,-79.25114846444053,43.83652701042508,1,,,6,62,Minimal,Use Unknown,,,,,,,,,,passenger,NA,Scarborough North (23),42 Division,Morningside Heights,true,true,false,false,false,true,false,false,false,false,"{""coordinates"": [[-79.25114846444053, 43.83652701042508]], ""type"": ""MultiPoint""}"
17724,2022:2001058259,2022-06-04T19:45:00,MARKHAM RD,STEELES AVE E,,7,Non-Fatal Injury,At Intersection,Traffic Signal,Turning Movement,Clear,Daylight,Dry,Major Arterial,false,-79.25114846444053,43.83652701042508,1,Automobile or Station Wagon,South,1,28,None,Use Unknown,Failed to yield right-of-way,Inattentive,,,Turning Left,,,,,driver,NA,Scarborough North (23),42 Division,Morningside Heights,true,true,false,false,false,true,false,false,false,false,"{""coordinates"": [[-79.25114846444053, 43.83652701042508]], ""type"": ""MultiPoint""}"
17725,2022:2001058259,2022-06-04T19:45:00,MARKHAM RD,STEELES AVE E,,7,Non-Fatal Injury,At Intersection,Traffic Signal,Turning Movement,Clear,Daylight,Dry,Major Arterial,false,-79.25114846444053,43.83652701042508,1,,,5,28,Minimal,Use Unknown,,,,,,,,,,passenger,NA,Scarborough North (23),42 Division,Morningside Heights,true,true,false,false,false,true,false,false,false,false,"{""coordinates"": [[-79.25114846444053, 43.83652701042508]], ""type"": ""MultiPoint""}"
17726,2022:2001058259,2022-06-04T19:45:00,MARKHAM RD,STEELES AVE E,,7,Non-Fatal Injury,At Intersection,Traffic Signal,Turning Movement,Clear,Daylight,Dry,Major Arterial,false,-79.25114846444053,43.83652701042508,2,,,7,59,None,Use Unknown,,,,,,,,,,passenger,NA,Scarborough North (23),42 Division,Morningside Heights,true,true,false,false,false,true,false,false,false,false,"{""coordinates"": [[-79.25114846444053, 43.83652701042508]], ""type"": ""MultiPoint""}"
17727,2022:2001058259,2022-06-04T19:45:00,MARKHAM RD,STEELES AVE E,,7,Non-Fatal Injury,At Intersection,Traffic Signal,Turning Movement,Clear,Daylight,Dry,Major Arterial,false,-79.25114846444053,43.83652701042508,1,,,4,67,Minimal,Use Unknown,,,,,,,,,,passenger,NA,Scarborough North (23),42 Division,Morningside Heights,true,true,false,false,false,true,false,false,false,false,"{""coordinates"": [[-79.25114846444053, 43.83652701042508]], ""type"": ""MultiPoint""}"
17728,2022:2001058259,2022-06-04T19:45:00,MARKHAM RD,STEELES AVE E,,7,Non-Fatal Injury,At Intersection,Traffic Signal,Turning Movement,Clear,Daylight,Dry,Major Arterial,false,-79.25114846444053,43.83652701042508,2,Pickup Truck,North,2,64,Major,Use Unknown,Driving properly,Normal,,,Going Ahead,,,,,driver,NA,Scarborough North (23),42 Division,Morningside Heights,true,true,false,false,false,true,false,false,false,false,"{""coordinates"": [[-79.25114846444053, 43.83652701042508]], ""type"": ""MultiPoint""}"
17729,2022:2001063847,2022-06-05T16:25:00,KING ST W,CLOSE AVE,30 m West of,2,Non-Fatal Injury,Non-Intersection,No Control,Pedestrian Collision(internal code),Clear,Daylight,Dry,Major Arterial,false,-79.43468174611233,43.637388623318834,1,Automobile or Station Wagon,East,1,32,Minimal,Lap and Shoulder Belt,Driving properly,Normal,,,Going Ahead,,,,,driver,NA,Parkdale-High Park (4),14 Division,South Parkdale,false,true,false,false,false,false,true,false,false,false,"{""coordinates"": [[-79.43468174611233, 43.637388623318834]], ""type"": ""MultiPoint""}"
17730,2022:2001063847,2022-06-05T16:25:00,KING ST W,CLOSE AVE,30 m West of,2,Non-Fatal Injury,Non-Intersection,No Control,Pedestrian Collision(internal code),Clear,Daylight,Dry,Major Arterial,false,-79.43468174611233,43.637388623318834,1,,South,2,28,Major,Lap and Shoulder Belt,,,Running onto roadway,Inattentive,,Driver hits pedestrian at midblock,,,,pedestrian,NA,Parkdale-High Park (4),14 Division,South Parkdale,false,true,false,false,false,false,true,false,false,false,"{""coordinates"": [[-79.43468174611233, 43.637388623318834]], ""type"": ""MultiPoint""}"
17731,2022:2001085402,2022-06-08T15:54:00,DUNDAS ST W,LAKEVIEW AVE,25 m East of,2,Non-Fatal Injury,Intersection-Related,No Control,Cyclist Collision,Clear,Daylight,Dry,Minor Arterial,true,-79.42274170037874,43.64931334512708,2,Bicycle,West,2,57,Major,Helmet,,,,,Going Ahead,,Sideswipe with cyclist and driver travelling in same direction,Driving Properly,Normal,cyclist,NA,Spadina-Fort York (10),14 Division,Trinity-Bellwoods,false,true,true,false,false,false,false,false,false,false,"{""coordinates"": [[-79.42274170037874, 43.64931334512708]], ""type"": ""MultiPoint""}"
17732,2022:2001085402,2022-06-08T15:54:00,DUNDAS ST W,LAKEVIEW AVE,25 m East of,2,Non-Fatal Injury,Intersection-Related,No Control,Cyclist Collision,Clear,Daylight,Dry,Minor Arterial,true,-79.42274170037874,43.64931334512708,1,Pickup Truck,West,1,58,None,Lap and Shoulder Belt,Improper lane change,Inattentive,,,Changing Lanes,,,,,driver,NA,Spadina-Fort York (10),14 Division,Trinity-Bellwoods,false,true,true,false,false,false,false,false,false,false,"{""coordinates"": [[-79.42274170037874, 43.64931334512708]], ""type"": ""MultiPoint""}"
17733,2022:2001096338,2022-06-10T03:07:00,695 MIDLAND AVE,,,1,Non-Fatal Injury,Non-Intersection,No Control,SMV Other,Clear,Dark with Artificial Lighting,Dry,Major Arterial,false,-79.25464283065041,43.7263432834928,1,Automobile or Station Wagon,North,1,24,Major,Use Unknown,Lost control,Had Been Drinking,,,Going Ahead,,,,,driver,NA,Scarborough Southwest (20),41 Division,Kennedy Park,false,false,false,false,false,false,false,false,false,false,"{""coordinates"": [[-79.25464283065041, 43.7263432834928]], ""type"": ""MultiPoint""}"
17734,2022:2001097209,2022-06-10T07:49:00,THE WEST MALL,BURNHAMTHORPE RD,,3,Non-Fatal Injury,At Intersection,Traffic Signal,Turning Movement,Clear,Daylight,Dry,Major Arterial,false,-79.5672045336909,43.64448032341611,2,,South,2,57,Major,Helmet,Driving properly,Normal,,,Going Ahead,,,,,driver,NA,Etobicoke Centre (2),22 Division,Etobicoke West Mall,true,true,false,false,false,false,false,false,false,true,"{""coordinates"": [[-79.5672045336909, 43.64448032341611]], ""type"": ""MultiPoint""}"
17735,2022:2001097209,2022-06-10T07:49:00,THE WEST MALL,BURNHAMTHORPE RD,,3,Non-Fatal Injury,At Intersection,Traffic Signal,Turning Movement,Clear,Daylight,Dry,Major Arterial,false,-79.5672045336909,43.64448032341611,1,Truck - Other,South,1,49,None,Use Unknown,Failed to yield right-of-way,Inattentive,,,Turning Right,,,,,driver,NA,Etobicoke Centre (2),22 Division,Etobicoke West Mall,true,true,false,false,false,false,false,false,false,true,"{""coordinates"": [[-79.5672045336909, 43.64448032341611]], ""type"": ""MultiPoint""}"
17736,2022:2001097209,2022-06-10T07:49:00,THE WEST MALL,BURNHAMTHORPE RD,,3,Non-Fatal Injury,At Intersection,Traffic Signal,Turning Movement,Clear,Daylight,Dry,Major Arterial,false,-79.5672045336909,43.64448032341611,1,,,3,52,None,Use Unknown,,,,,,,,,,passenger,NA,Etobicoke Centre (2),22 Division,Etobicoke West Mall,true,true,false,false,false,false,false,false,false,true,"{""coordinates"": [[-79.5672045336909, 43.64448032341611]], ""type"": ""MultiPoint""}"
17737,2022:2001105848,2022-06-11T11:40:00,DUFFERIN ST,ORFUS RD,25 m North of,1,Non-Fatal Injury,Intersection-Related,Traffic Signal,SMV Other,Clear,Daylight,Dry,Major Arterial,false,-79.45612787379127,43.72038499165945,1,Automobile or Station Wagon,South,1,93,Major,Lap and Shoulder Belt,Lost control,Normal,,,Going Ahead,,,,,driver,NA,Eglinton-Lawrence (8),32 Division,Yorkdale-Glen Park,false,false,false,false,false,true,false,false,false,false,"{""coordinates"": [[-79.45612787379127, 43.72038499165945]], ""type"": ""MultiPoint""}"
17738,2022:2001109273,2022-06-11T12:36:00,YONGE ST,ALBERTUS AVE,10 m South of,2,Non-Fatal Injury,Intersection-Related,No Control,Pedestrian Collision(internal code),Clear,Dark with Artificial Lighting,Dry,Major Arterial,false,-79.40001358712742,43.71449502659078,1,,,2,23,Major,No Equipment Available,,,Crossing - no traffic control,Inattentive,,Driver hits pedestrian at midblock,,,,pedestrian,NA,Don Valley West (15),53 Division,Mount Pleasant East,false,true,false,false,false,true,true,false,false,false,"{""coordinates"": [[-79.40001358712742, 43.71449502659078]], ""type"": ""MultiPoint""}"
17739,2022:2001109273,2022-06-11T12:36:00,YONGE ST,ALBERTUS AVE,10 m South of,2,Non-Fatal Injury,Intersection-Related,No Control,Pedestrian Collision(internal code),Clear,Dark with Artificial Lighting,Dry,Major Arterial,false,-79.40001358712742,43.71449502659078,1,Automobile or Station Wagon,South,1,67,None,Lap and Shoulder Belt,Driving properly,Normal,,,Going Ahead,,,,,driver,NA,Don Valley West (15),53 Division,Mount Pleasant East,false,true,false,false,false,true,true,false,false,false,"{""coordinates"": [[-79.40001358712742, 43.71449502659078]], ""type"": ""MultiPoint""}"
17740,2022:2001122186,2022-06-13T18:15:00,SHEPPARD AVE W,SENTINEL RD,,2,Fatal Injury,At Intersection,Traffic Signal,Turning Movement,Clear,Daylight,Dry,Major Arterial,false,-79.49181057283222,43.74357838701858,NA,Automobile or Station Wagon,East,2,42,Minor,,Failed to yield right-of-way,Normal,,,Turning Left,,,,,driver,NA,York Centre (6),31 Division,Downsview,true,false,false,true,false,false,false,false,false,false,"{""coordinates"": [[-79.49181057283222, 43.74357838701858]], ""type"": ""MultiPoint""}"
17741,2022:2001122186,2022-06-13T18:15:00,SHEPPARD AVE W,SENTINEL RD,,2,Fatal Injury,At Intersection,Traffic Signal,Turning Movement,Clear,Daylight,Dry,Major Arterial,false,-79.49181057283222,43.74357838701858,NA,Motorcycle,West,1,38,Fatal,,Speed too fast for conditions,Other Condition,,,Going Ahead,,,,,motorcyclist,21,York Centre (6),31 Division,Downsview,true,false,false,true,false,false,false,false,false,false,"{""coordinates"": [[-79.49181057283222, 43.74357838701858]], ""type"": ""MultiPoint""}"
17742,2022:2001126945,2022-06-14T11:59:00,836 BLOOR ST W,,2 m South of 836 BLOOR ST W,2,Non-Fatal Injury,Non-Intersection,No Control,Pedestrian Collision(internal code),Clear,Daylight,Dry,Major Arterial,false,-79.42366483773617,43.66230620129271,1,Bicycle,West,1,20,Minimal,No Equipment Available,,,,,Going Ahead,,Cyclist hits pedestrian,Driving Properly,Unknown,cyclist,NA,University-Rosedale (11),14 Division,Palmerston-Little Italy,false,true,true,false,false,true,true,false,false,false,"{""coordinates"": [[-79.42366483773617, 43.66230620129271]], ""type"": ""MultiPoint""}"
17743,2022:2001126945,2022-06-14T11:59:00,836 BLOOR ST W,,2 m South of 836 BLOOR ST W,2,Non-Fatal Injury,Non-Intersection,No Control,Pedestrian Collision(internal code),Clear,Daylight,Dry,Major Arterial,false,-79.42366483773617,43.66230620129271,1,,North,2,76,Major,No Equipment Available,,,Crossing - no traffic control,Inattentive,,Driver hits pedestrian at midblock,,,,pedestrian,NA,University-Rosedale (11),14 Division,Palmerston-Little Italy,false,true,true,false,false,true,true,false,false,false,"{""coordinates"": [[-79.42366483773617, 43.66230620129271]], ""type"": ""MultiPoint""}"
17744,2022:2001127226,2022-06-14T12:46:00,HUMBERLINE DR,HUDDERSFIELD RD,326 m South of,2,Non-Fatal Injury,At/Near Private Drive,No Control,Angle,Clear,Daylight,Dry,Minor Arterial,false,-79.61936658999203,43.74033985439969,1,Truck - Closed,West,1,34,None,Use Unknown,Other,Normal,,,Reversing,,,,,driver,NA,Etobicoke North (1),23 Division,West Humber-Clairville,false,false,false,false,false,true,false,false,false,true,"{""coordinates"": [[-79.61936658999203, 43.74033985439969]], ""type"": ""MultiPoint""}"
17745,2022:2001127226,2022-06-14T12:46:00,HUMBERLINE DR,HUDDERSFIELD RD,326 m South of,2,Non-Fatal Injury,At/Near Private Drive,No Control,Angle,Clear,Daylight,Dry,Minor Arterial,false,-79.61936658999203,43.74033985439969,2,Automobile or Station Wagon,South,2,80,Major,Equipment Not Used But Available,Driving properly,Normal,,,Going Ahead,,,,,driver,NA,Etobicoke North (1),23 Division,West Humber-Clairville,false,false,false,false,false,true,false,false,false,true,"{""coordinates"": [[-79.61936658999203, 43.74033985439969]], ""type"": ""MultiPoint""}"