X_id,collision_id,accdate,stname1,stname2,stname3,per_inv,acclass,accloc,traffictl,impactype,visible,light,rdsfcond,road_class,failtorem,longitude,latitude,veh_no,vehtype,initdir,per_no,invage,injury,safequip,drivact,drivcond,pedact,pedcond,manoeuvre,pedtype,cyclistype,cycact,cyccond,road_user,fatal_no,wardname,division,neighbourhood,aggressive,distracted,cyclist,motorcyclist,other_micromobility,older_adult,pedestrian,red_light,school_child,heavy_truck,geometry
17746,2022:2001145268,2022-06-16T19:30:00,OVERLEA BLVD,THORNCLIFFE PARK DR,3 m South of,3,Non-Fatal Injury,At Intersection,Traffic Signal,Cyclist Collision,Clear,Daylight,Dry,Major Arterial,false,-79.34367041820512,43.70738435673612,1,Bicycle,East,1,12,Major,No Equipment Available,,,,,Going Ahead,,"Cyclist without right-of-way rides into path of driver (at intersection, laneway, or driveway)",Disobeyed Traffic Control,Inattentive,cyclist,NA,Don Valley West (15),53 Division,Thorncliffe Park,false,true,true,false,false,true,false,false,true,false,"{""coordinates"": [[-79.34367041820512, 43.70738435673612]], ""type"": ""MultiPoint""}"
17747,2022:2001145268,2022-06-16T19:30:00,OVERLEA BLVD,THORNCLIFFE PARK DR,3 m South of,3,Non-Fatal Injury,At Intersection,Traffic Signal,Cyclist Collision,Clear,Daylight,Dry,Major Arterial,false,-79.34367041820512,43.70738435673612,2,,,3,80,None,Lap and Shoulder Belt,,,,,,,,,,passenger,NA,Don Valley West (15),53 Division,Thorncliffe Park,false,true,true,false,false,true,false,false,true,false,"{""coordinates"": [[-79.34367041820512, 43.70738435673612]], ""type"": ""MultiPoint""}"
17748,2022:2001145268,2022-06-16T19:30:00,OVERLEA BLVD,THORNCLIFFE PARK DR,3 m South of,3,Non-Fatal Injury,At Intersection,Traffic Signal,Cyclist Collision,Clear,Daylight,Dry,Major Arterial,false,-79.34367041820512,43.70738435673612,2,Automobile or Station Wagon,North,2,82,None,Lap and Shoulder Belt,Driving properly,Normal,,,Going Ahead,,,,,driver,NA,Don Valley West (15),53 Division,Thorncliffe Park,false,true,true,false,false,true,false,false,true,false,"{""coordinates"": [[-79.34367041820512, 43.70738435673612]], ""type"": ""MultiPoint""}"
17749,2022:2001153999,2022-06-17T23:50:00,360 ROYAL YORK RD,,31 m North of NEWCASTLE ST,2,Non-Fatal Injury,At/Near Private Drive,No Control,Turning Movement,Clear,Dark,Dry,Minor Arterial,false,-79.49905874117167,43.61783459204484,1,Automobile or Station Wagon,South,1,53,None,Lap and Shoulder Belt,Failed to yield right-of-way,Inattentive,,,Turning Left,,,,,driver,NA,Etobicoke-Lakeshore (3),22 Division,Mimico-Queensway,true,true,false,true,false,false,false,false,false,false,"{""coordinates"": [[-79.49905874117167, 43.61783459204484]], ""type"": ""MultiPoint""}"
17750,2022:2001153999,2022-06-17T23:50:00,360 ROYAL YORK RD,,31 m North of NEWCASTLE ST,2,Non-Fatal Injury,At/Near Private Drive,No Control,Turning Movement,Clear,Dark,Dry,Minor Arterial,false,-79.49905874117167,43.61783459204484,2,Motorcycle,North,2,45,Major,Helmet,Driving properly,Normal,,,Going Ahead,,,,,motorcyclist,NA,Etobicoke-Lakeshore (3),22 Division,Mimico-Queensway,true,true,false,true,false,false,false,false,false,false,"{""coordinates"": [[-79.49905874117167, 43.61783459204484]], ""type"": ""MultiPoint""}"
17751,2022:2001159151,2022-06-18T18:55:00,GAMBLE AVE,PAPE AVE,,2,Non-Fatal Injury,At Intersection,Stop Sign,Pedestrian Collision(internal code),Clear,Daylight,Dry,Major Arterial,false,-79.34913309901658,43.690328855038494,1,Automobile or Station Wagon,East,1,64,None,Use Unknown,Failed to yield right-of-way,Inattentive,,,Going Ahead,,,,,driver,NA,Toronto-Danforth (14),55 Division,Old East York,true,true,false,false,false,false,true,false,false,false,"{""coordinates"": [[-79.34913309901658, 43.690328855038494]], ""type"": ""MultiPoint""}"
17752,2022:2001159151,2022-06-18T18:55:00,GAMBLE AVE,PAPE AVE,,2,Non-Fatal Injury,At Intersection,Stop Sign,Pedestrian Collision(internal code),Clear,Daylight,Dry,Major Arterial,false,-79.34913309901658,43.690328855038494,1,,South,2,62,Major,No Equipment Available,,,Crossing with right-of-way (intersection),Normal,,Driver going straight hits pedestrian crossing with right-of-way (at intersection),,,,pedestrian,NA,Toronto-Danforth (14),55 Division,Old East York,true,true,false,false,false,false,true,false,false,false,"{""coordinates"": [[-79.34913309901658, 43.690328855038494]], ""type"": ""MultiPoint""}"
17753,2022:2001159560,2022-06-18T20:15:00,BRIMLEY RD,EGLINTON AVE E,,2,Non-Fatal Injury,At Intersection,Traffic Signal,Pedestrian Collision(internal code),Clear,Daylight,Dry,Major Arterial,false,-79.24805101078819,43.73662388537681,1,Automobile or Station Wagon,North,1,37,None,Lap and Shoulder Belt,Improper turn,Inattentive,,,Turning Left,,,,,driver,NA,Scarborough Southwest (20),41 Division,Kennedy Park,false,true,false,false,false,false,true,false,false,false,"{""coordinates"": [[-79.24805101078819, 43.73662388537681]], ""type"": ""MultiPoint""}"
17754,2022:2001159560,2022-06-18T20:15:00,BRIMLEY RD,EGLINTON AVE E,,2,Non-Fatal Injury,At Intersection,Traffic Signal,Pedestrian Collision(internal code),Clear,Daylight,Dry,Major Arterial,false,-79.24805101078819,43.73662388537681,1,,South,2,28,Major,No Equipment Available,,,Crossing with right-of-way (intersection),Normal,,Driver turns left into pedestrian crossing with right-of-way (at intersection),,,,pedestrian,NA,Scarborough Southwest (20),41 Division,Kennedy Park,false,true,false,false,false,false,true,false,false,false,"{""coordinates"": [[-79.24805101078819, 43.73662388537681]], ""type"": ""MultiPoint""}"
17755,2022:2001166978,2022-06-20T00:47:00,MARKHAM RD,BLAKEMANOR BLVD,,2,Fatal Injury,Non-Intersection,No Control,Pedestrian Collision(internal code),Clear,Dark with Artificial Lighting,Dry,Major Arterial,false,-79.2214472600687,43.74904451348074,NA,Municipal Transit Bus (TTC),North,1,34,None,,Driving properly,Normal,,,Going Ahead,,,,,driver,NA,Scarborough-Guildwood (24),43 Division,Golfdale-Cedarbrae-Woburn,false,false,false,false,false,false,true,false,false,true,"{""coordinates"": [[-79.2214472600687, 43.74904451348074]], ""type"": ""MultiPoint""}"
17756,2022:2001166978,2022-06-20T00:47:00,MARKHAM RD,BLAKEMANOR BLVD,,2,Fatal Injury,Non-Intersection,No Control,Pedestrian Collision(internal code),Clear,Dark with Artificial Lighting,Dry,Major Arterial,false,-79.2214472600687,43.74904451348074,NA,,West,2,32,Fatal,,,,Running onto roadway,Other Condition,,Driver hits pedestrian at midblock,,,,pedestrian,22,Scarborough-Guildwood (24),43 Division,Golfdale-Cedarbrae-Woburn,false,false,false,false,false,false,true,false,false,true,"{""coordinates"": [[-79.2214472600687, 43.74904451348074]], ""type"": ""MultiPoint""}"
17757,2022:2001169875,2022-06-20T12:35:00,BRIMLEY RD,BRIMORTON DR,110 m South of,1,Non-Fatal Injury,Non-Intersection,No Control,SMV Other,Clear,Daylight,Dry,Major Arterial,false,-79.25915940031615,43.76417746051187,1,Automobile or Station Wagon,North,1,17,Major,Use Unknown,Lost control,Unknown,,,Going Ahead,,,,,driver,NA,Scarborough Centre (21),41 Division,Bendale-Glen Andrew,false,false,false,false,false,false,false,false,true,false,"{""coordinates"": [[-79.25915940031615, 43.76417746051187]], ""type"": ""MultiPoint""}"
17758,2022:2001175617,2022-06-21T09:06:00,28 TREMONT CRES,,,2,Fatal Injury,Non-Intersection,No Control,Pedestrian Collision(internal code),Clear,Daylight,Dry,Local,false,-79.3527570013852,43.73652102229269,NA,Truck - Other,West,2,39,Minimal,,Other,Normal,,,Reversing,,,,,driver,NA,Don Valley East (16),33 Division,Banbury-Don Mills,false,false,false,false,false,true,true,false,false,true,"{""coordinates"": [[-79.3527570013852, 43.73652102229269]], ""type"": ""MultiPoint""}"
17759,2022:2001175617,2022-06-21T09:06:00,28 TREMONT CRES,,,2,Fatal Injury,Non-Intersection,No Control,Pedestrian Collision(internal code),Clear,Daylight,Dry,Local,false,-79.3527570013852,43.73652102229269,NA,,East,1,85,Fatal,,,,Walking on roadway against traffic,Normal,,Driver reversing hits pedestrian,,,,pedestrian,23,Don Valley East (16),33 Division,Banbury-Don Mills,false,false,false,false,false,true,true,false,false,true,"{""coordinates"": [[-79.3527570013852, 43.73652102229269]], ""type"": ""MultiPoint""}"
17760,2022:2001178288,2022-06-21T15:30:00,ADELAIDE ST E,POWER ST,,2,Non-Fatal Injury,At Intersection,Stop Sign,Angle,Clear,Daylight,Dry,Major Arterial,false,-79.36269824101957,43.65400533280317,1,Motorcycle,East,1,29,Major,Helmet,Exceeding speed limit,Normal,,,Going Ahead,,,,,motorcyclist,NA,Toronto Centre (13),51 Division,Moss Park,true,false,false,true,false,false,false,false,false,false,"{""coordinates"": [[-79.36269824101957, 43.65400533280317]], ""type"": ""MultiPoint""}"
17761,2022:2001178288,2022-06-21T15:30:00,ADELAIDE ST E,POWER ST,,2,Non-Fatal Injury,At Intersection,Stop Sign,Angle,Clear,Daylight,Dry,Major Arterial,false,-79.36269824101957,43.65400533280317,2,Automobile or Station Wagon,North,2,27,None,Lap and Shoulder Belt,Driving properly,Normal,,,Going Ahead,,,,,driver,NA,Toronto Centre (13),51 Division,Moss Park,true,false,false,true,false,false,false,false,false,false,"{""coordinates"": [[-79.36269824101957, 43.65400533280317]], ""type"": ""MultiPoint""}"
17762,2022:2001187840,2022-06-22T20:46:00,WILLIAM R ALLEN RD,SHEPPARD AVE W,400 m South of,2,Non-Fatal Injury,Non-Intersection,No Control,SMV Other,Clear,Dark with Artificial Lighting,Dry,Major Arterial,false,-79.4614150070964,43.74711457154317,1,,South,2,44,Major,Lap and Shoulder Belt,,,,,,,,,,passenger,NA,York Centre (6),32 Division,Downsview,false,false,false,false,false,false,false,false,false,false,"{""coordinates"": [[-79.4614150070964, 43.74711457154317]], ""type"": ""MultiPoint""}"
17763,2022:2001187840,2022-06-22T20:46:00,WILLIAM R ALLEN RD,SHEPPARD AVE W,400 m South of,2,Non-Fatal Injury,Non-Intersection,No Control,SMV Other,Clear,Dark with Artificial Lighting,Dry,Major Arterial,false,-79.4614150070964,43.74711457154317,1,Automobile or Station Wagon,South,1,60,Minimal,Lap and Shoulder Belt,Lost control,Other Condition,,,Going Ahead,,,,,driver,NA,York Centre (6),32 Division,Downsview,false,false,false,false,false,false,false,false,false,false,"{""coordinates"": [[-79.4614150070964, 43.74711457154317]], ""type"": ""MultiPoint""}"
17764,2022:2001202991,2022-06-24T22:10:00,1760 Albion Rd,,,2,Fatal Injury,Non-Intersection,No Control,Turning Movement,Clear,Dark with Artificial Lighting,Dry,Major Arterial,false,-79.60300151239817,43.743364889161704,NA,Automobile or Station Wagon,East,2,23,None,,Improper turn,Inattentive,,,Turning Left,,,,,driver,NA,Etobicoke North (1),23 Division,West Humber-Clairville,false,true,false,true,false,false,false,false,false,false,"{""coordinates"": [[-79.60300151239817, 43.743364889161704]], ""type"": ""MultiPoint""}"
17765,2022:2001202991,2022-06-24T22:10:00,1760 Albion Rd,,,2,Fatal Injury,Non-Intersection,No Control,Turning Movement,Clear,Dark with Artificial Lighting,Dry,Major Arterial,false,-79.60300151239817,43.743364889161704,NA,Automobile or Station Wagon,West,1,62,Fatal,,Driving properly,Normal,,,Going Ahead,,,,,motorcyclist,24,Etobicoke North (1),23 Division,West Humber-Clairville,false,true,false,true,false,false,false,false,false,false,"{""coordinates"": [[-79.60300151239817, 43.743364889161704]], ""type"": ""MultiPoint""}"
17766,2022:2001212143,2022-06-26T06:00:00,SPADINA AVE,QUEEN ST W,50 m South of,2,Non-Fatal Injury,Non-Intersection,No Control,Cyclist Collision,Clear,Daylight,Dry,Major Arterial,true,-79.39625239201553,43.6484817020257,2,Bicycle,South,2,32,Major,Use Unknown,,,,,Going Ahead,,Sideswipe with cyclist and driver travelling in same direction,Other,Other Condition,cyclist,NA,Spadina-Fort York (10),52 Division,Wellington Place,false,false,true,false,false,false,false,false,false,false,"{""coordinates"": [[-79.39625239201553, 43.6484817020257]], ""type"": ""MultiPoint""}"
17767,2022:2001212143,2022-06-26T06:00:00,SPADINA AVE,QUEEN ST W,50 m South of,2,Non-Fatal Injury,Non-Intersection,No Control,Cyclist Collision,Clear,Daylight,Dry,Major Arterial,true,-79.39625239201553,43.6484817020257,1,Automobile or Station Wagon,South,1,NA,None,Use Unknown,Other,Other Condition,,,Going Ahead,,,,,driver,NA,Spadina-Fort York (10),52 Division,Wellington Place,false,false,true,false,false,false,false,false,false,false,"{""coordinates"": [[-79.39625239201553, 43.6484817020257]], ""type"": ""MultiPoint""}"
17768,2022:2001217698,2022-06-27T02:38:00,QUEEN ST W,BELLWOODS AVE,,2,Non-Fatal Injury,At Intersection,No Control,Cyclist Collision,Clear,Dark with Artificial Lighting,Dry,Major Arterial,false,-79.4107482743641,43.64577328924039,1,Automobile or Station Wagon,East,1,56,None,Use Unknown,Failed to yield right-of-way,Inattentive,,,Turning Left,,,,,driver,NA,Spadina-Fort York (10),14 Division,West Queen West,true,true,true,false,false,false,false,false,false,false,"{""coordinates"": [[-79.4107482743641, 43.64577328924039]], ""type"": ""MultiPoint""}"
17769,2022:2001217698,2022-06-27T02:38:00,QUEEN ST W,BELLWOODS AVE,,2,Non-Fatal Injury,At Intersection,No Control,Cyclist Collision,Clear,Dark with Artificial Lighting,Dry,Major Arterial,false,-79.4107482743641,43.64577328924039,2,Bicycle,West,2,29,Major,Use Unknown,,,,,Going Ahead,,Driver turns left into path of cyclist,Driving Properly,Normal,cyclist,NA,Spadina-Fort York (10),14 Division,West Queen West,true,true,true,false,false,false,false,false,false,false,"{""coordinates"": [[-79.4107482743641, 43.64577328924039]], ""type"": ""MultiPoint""}"
17770,2022:2001223141,2022-06-27T19:56:00,BAY ST,SCOLLARD ST,7 m West of,2,Non-Fatal Injury,At Intersection,Traffic Signal,Angle,Clear,Daylight,Dry,Major Arterial,false,-79.39049185746354,43.67206318783486,1,,North,1,58,Major,Equipment Not Used But Available,Disobeyed traffic control,Normal,,,Going Ahead,,,,,driver,NA,University-Rosedale (11),53 Division,Annex,true,false,false,false,false,false,false,true,false,false,"{""coordinates"": [[-79.39049185746354, 43.67206318783486]], ""type"": ""MultiPoint""}"
17771,2022:2001223141,2022-06-27T19:56:00,BAY ST,SCOLLARD ST,7 m West of,2,Non-Fatal Injury,At Intersection,Traffic Signal,Angle,Clear,Daylight,Dry,Major Arterial,false,-79.39049185746354,43.67206318783486,2,Automobile or Station Wagon,West,2,NA,None,Lap and Shoulder Belt,Driving properly,Normal,,,Going Ahead,,,,,driver,NA,University-Rosedale (11),53 Division,Annex,true,false,false,false,false,false,false,true,false,false,"{""coordinates"": [[-79.39049185746354, 43.67206318783486]], ""type"": ""MultiPoint""}"
17772,2022:2001244232,2022-06-30T18:13:00,ORTON PARK RD,BRIMORTON DR,53 m South of,1,Non-Fatal Injury,Non-Intersection,No Control,SMV Other,Clear,Daylight,Dry,Minor Arterial,false,-79.20841621984526,43.77063950587679,1,Automobile or Station Wagon,North,1,74,Major,Lap and Shoulder Belt,Lost control,Medical or Physical Disability,,,Going Ahead,,,,,driver,NA,Scarborough-Guildwood (24),43 Division,Golfdale-Cedarbrae-Woburn,false,false,false,false,false,true,false,false,false,false,"{""coordinates"": [[-79.20841621984526, 43.77063950587679]], ""type"": ""MultiPoint""}"
17773,2022:2001244804,2022-06-30T19:42:00,575 CENTENNIAL PARK BLVD,,10 m North of,1,Non-Fatal Injury,At/Near Private Drive,No Control,SMV Other,Clear,Daylight,Dry,Collector,false,-79.59541042454754,43.65376532558069,1,Motorcycle,North,1,52,Major,Helmet,Lost control,Normal,,,Going Ahead,,,,,motorcyclist,NA,Etobicoke Centre (2),22 Division,Eringate-Centennial-West Deane,false,false,false,true,false,false,false,false,false,false,"{""coordinates"": [[-79.59541042454754, 43.65376532558069]], ""type"": ""MultiPoint""}"
17774,2022:2001252821,2022-07-01T23:41:00,WELLINGTON ST W,UNIVERSITY AVE,,10,Fatal Injury,At Intersection,Traffic Signal,Pedestrian Collision(internal code),Clear,Dark with Artificial Lighting,Wet,Major Arterial,false,-79.38406059903706,43.64631112169492,NA,Automobile or Station Wagon,North,9,49,Minimal,,Driving properly,Normal,,,Going Ahead,,,,,driver,NA,Spadina-Fort York (10),52 Division,Yonge-Bay Corridor,true,false,false,false,false,false,true,true,false,false,"{""coordinates"": [[-79.38406059903706, 43.64631112169492]], ""type"": ""MultiPoint""}"
17775,2022:2001252821,2022-07-01T23:41:00,WELLINGTON ST W,UNIVERSITY AVE,,10,Fatal Injury,At Intersection,Traffic Signal,Pedestrian Collision(internal code),Clear,Dark with Artificial Lighting,Wet,Major Arterial,false,-79.38406059903706,43.64631112169492,NA,,Unknown,1,26,Fatal,,,,Crossing with right-of-way (intersection),Normal,,Driver going straight hits pedestrian crossing with right-of-way (at intersection),,,,pedestrian,25,Spadina-Fort York (10),52 Division,Yonge-Bay Corridor,true,false,false,false,false,false,true,true,false,false,"{""coordinates"": [[-79.38406059903706, 43.64631112169492]], ""type"": ""MultiPoint""}"
17776,2022:2001252821,2022-07-01T23:41:00,WELLINGTON ST W,UNIVERSITY AVE,,10,Fatal Injury,At Intersection,Traffic Signal,Pedestrian Collision(internal code),Clear,Dark with Artificial Lighting,Wet,Major Arterial,false,-79.38406059903706,43.64631112169492,NA,,,8,34,Minor,,,,,,,,,,,passenger,NA,Spadina-Fort York (10),52 Division,Yonge-Bay Corridor,true,false,false,false,false,false,true,true,false,false,"{""coordinates"": [[-79.38406059903706, 43.64631112169492]], ""type"": ""MultiPoint""}"
17777,2022:2001252821,2022-07-01T23:41:00,WELLINGTON ST W,UNIVERSITY AVE,,10,Fatal Injury,At Intersection,Traffic Signal,Pedestrian Collision(internal code),Clear,Dark with Artificial Lighting,Wet,Major Arterial,false,-79.38406059903706,43.64631112169492,NA,,Unknown,3,32,Major,,,,On sidewalk or shoulder,Normal,,Driver hits pedestrian on sidewalk or shoulder,,,,pedestrian,NA,Spadina-Fort York (10),52 Division,Yonge-Bay Corridor,true,false,false,false,false,false,true,true,false,false,"{""coordinates"": [[-79.38406059903706, 43.64631112169492]], ""type"": ""MultiPoint""}"
17778,2022:2001252821,2022-07-01T23:41:00,WELLINGTON ST W,UNIVERSITY AVE,,10,Fatal Injury,At Intersection,Traffic Signal,Pedestrian Collision(internal code),Clear,Dark with Artificial Lighting,Wet,Major Arterial,false,-79.38406059903706,43.64631112169492,NA,Automobile or Station Wagon,West,2,26,None,,Disobeyed traffic control,Ability Impaired - Alcohol Over .08,,,Going Ahead,,,,,driver,NA,Spadina-Fort York (10),52 Division,Yonge-Bay Corridor,true,false,false,false,false,false,true,true,false,false,"{""coordinates"": [[-79.38406059903706, 43.64631112169492]], ""type"": ""MultiPoint""}"
17779,2022:2001252821,2022-07-01T23:41:00,WELLINGTON ST W,UNIVERSITY AVE,,10,Fatal Injury,At Intersection,Traffic Signal,Pedestrian Collision(internal code),Clear,Dark with Artificial Lighting,Wet,Major Arterial,false,-79.38406059903706,43.64631112169492,NA,,,10,53,Minimal,,,,,,,,,,,passenger,NA,Spadina-Fort York (10),52 Division,Yonge-Bay Corridor,true,false,false,false,false,false,true,true,false,false,"{""coordinates"": [[-79.38406059903706, 43.64631112169492]], ""type"": ""MultiPoint""}"
17780,2022:2001252821,2022-07-01T23:41:00,WELLINGTON ST W,UNIVERSITY AVE,,10,Fatal Injury,At Intersection,Traffic Signal,Pedestrian Collision(internal code),Clear,Dark with Artificial Lighting,Wet,Major Arterial,false,-79.38406059903706,43.64631112169492,NA,,,7,33,Minimal,,,,,,,,,,,passenger,NA,Spadina-Fort York (10),52 Division,Yonge-Bay Corridor,true,false,false,false,false,false,true,true,false,false,"{""coordinates"": [[-79.38406059903706, 43.64631112169492]], ""type"": ""MultiPoint""}"
17781,2022:2001252821,2022-07-01T23:41:00,WELLINGTON ST W,UNIVERSITY AVE,,10,Fatal Injury,At Intersection,Traffic Signal,Pedestrian Collision(internal code),Clear,Dark with Artificial Lighting,Wet,Major Arterial,false,-79.38406059903706,43.64631112169492,NA,,,6,34,Minimal,,,,,,,,,,,passenger,NA,Spadina-Fort York (10),52 Division,Yonge-Bay Corridor,true,false,false,false,false,false,true,true,false,false,"{""coordinates"": [[-79.38406059903706, 43.64631112169492]], ""type"": ""MultiPoint""}"
17782,2022:2001252821,2022-07-01T23:41:00,WELLINGTON ST W,UNIVERSITY AVE,,10,Fatal Injury,At Intersection,Traffic Signal,Pedestrian Collision(internal code),Clear,Dark with Artificial Lighting,Wet,Major Arterial,false,-79.38406059903706,43.64631112169492,NA,Automobile or Station Wagon,North,5,53,Minimal,,Driving properly,Normal,,,Going Ahead,,,,,driver,NA,Spadina-Fort York (10),52 Division,Yonge-Bay Corridor,true,false,false,false,false,false,true,true,false,false,"{""coordinates"": [[-79.38406059903706, 43.64631112169492]], ""type"": ""MultiPoint""}"
17783,2022:2001252821,2022-07-01T23:41:00,WELLINGTON ST W,UNIVERSITY AVE,,10,Fatal Injury,At Intersection,Traffic Signal,Pedestrian Collision(internal code),Clear,Dark with Artificial Lighting,Wet,Major Arterial,false,-79.38406059903706,43.64631112169492,NA,,Unknown,4,34,None,,,,,,,,,,,passenger,NA,Spadina-Fort York (10),52 Division,Yonge-Bay Corridor,true,false,false,false,false,false,true,true,false,false,"{""coordinates"": [[-79.38406059903706, 43.64631112169492]], ""type"": ""MultiPoint""}"
17784,2022:2001253169,2022-07-02T00:42:00,ADELAIDE ST E,YONGE ST,,2,Non-Fatal Injury,At Intersection,Traffic Signal,Pedestrian Collision(internal code),Clear,Dark with Artificial Lighting,Dry,Major Arterial,true,-79.37843008867605,43.650335618051606,1,Automobile or Station Wagon,East,1,22,None,Use Unknown,Exceeding speed limit,Normal,,,Going Ahead,,,,,driver,NA,Toronto Centre (13),51 Division,Downtown Yonge East,true,false,false,false,false,false,true,false,false,false,"{""coordinates"": [[-79.37843008867605, 43.650335618051606]], ""type"": ""MultiPoint""}"
17785,2022:2001253169,2022-07-02T00:42:00,ADELAIDE ST E,YONGE ST,,2,Non-Fatal Injury,At Intersection,Traffic Signal,Pedestrian Collision(internal code),Clear,Dark with Artificial Lighting,Dry,Major Arterial,true,-79.37843008867605,43.650335618051606,1,,South,2,23,Major,No Equipment Available,,,Crossing without right-of-way (intersection),Normal,,Driver going straight hits pedestrian crossing without right-of-way (at intersection),,,,pedestrian,NA,Toronto Centre (13),51 Division,Downtown Yonge East,true,false,false,false,false,false,true,false,false,false,"{""coordinates"": [[-79.37843008867605, 43.650335618051606]], ""type"": ""MultiPoint""}"
17786,2026:6000227245,2026-01-31T15:44:00,JANE ST,SHOREHAM DR,,2,Non-Fatal Injury,Four-way,Traffic Signal,SMV Other,Clear,Daylight,Dry,Major Arterial,false,-79.52037482312538,43.76873142333409,1,,,2,73,Major,Use Unknown,,,Crossing with right-of-way (intersection),Normal,,Driver turns left into pedestrian crossing with right-of-way (at intersection),,,,pedestrian,NA,Humber River-Black Creek (7),31 Division,Black Creek,true,false,false,false,false,true,true,false,false,false,"{""coordinates"": [[-79.52037482312538, 43.76873142333409]], ""type"": ""MultiPoint""}"
17787,2022:2001311462,2022-07-09T22:33:00,DON VALLEY PARKWAY S,DVP S YORK MILLS E RAMP,30 m North of,5,Non-Fatal Injury,Non-Intersection,No Control,Rear End,Clear,Dark with Artificial Lighting,Dry,Expressway,false,-79.33599516556058,43.75859665254765,1,Motorcycle,South,1,23,Major,Helmet,Lost control,Unknown,,,Going Ahead,,,,,motorcyclist,NA,Don Valley East (16),33 Division,Parkwoods-O'Connor Hills,false,false,false,true,false,false,false,false,false,false,"{""coordinates"": [[-79.33599516556058, 43.75859665254765]], ""type"": ""MultiPoint""}"
17788,2022:2001257548,2022-07-02T18:09:00,ADELAIDE ST W,PORTLAND ST,8 m East of,2,Non-Fatal Injury,At Intersection,Traffic Signal,Cyclist Collision,Clear,Daylight,Dry,Major Arterial,false,-79.40059353046594,43.645658833216835,2,Bicycle,North,2,19,Major,Helmet,,,,,Going Ahead,,Driver turns right on green or amber at signalized intersection and hits cyclist,Driving Properly,Normal,cyclist,NA,Spadina-Fort York (10),14 Division,Wellington Place,true,false,true,false,false,false,false,false,true,true,"{""coordinates"": [[-79.40059353046594, 43.645658833216835]], ""type"": ""MultiPoint""}"
17789,2022:2001257548,2022-07-02T18:09:00,ADELAIDE ST W,PORTLAND ST,8 m East of,2,Non-Fatal Injury,At Intersection,Traffic Signal,Cyclist Collision,Clear,Daylight,Dry,Major Arterial,false,-79.40059353046594,43.645658833216835,1,Truck - Other,North,1,49,None,Lap and Shoulder Belt,Failed to yield right-of-way,Normal,,,Turning Right,,,,,driver,NA,Spadina-Fort York (10),14 Division,Wellington Place,true,false,true,false,false,false,false,false,true,true,"{""coordinates"": [[-79.40059353046594, 43.645658833216835]], ""type"": ""MultiPoint""}"
17790,2022:2001265655,2022-07-03T22:45:00,701 WARDEN AVE,,,7,Fatal Injury,Non-Intersection,No Control,Rear End,Clear,Dusk with Artificial Lighting,Dry,Minor Arterial,false,-79.28032343763367,43.71031014412828,NA,,,6,6,None,,,,,,,,,,,passenger,NA,Scarborough Southwest (20),41 Division,Oakridge,false,false,false,false,false,true,false,false,true,false,"{""coordinates"": [[-79.28032343763367, 43.71031014412828]], ""type"": ""MultiPoint""}"
17791,2022:2001265655,2022-07-03T22:45:00,701 WARDEN AVE,,,7,Fatal Injury,Non-Intersection,No Control,Rear End,Clear,Dusk with Artificial Lighting,Dry,Minor Arterial,false,-79.28032343763367,43.71031014412828,NA,Automobile or Station Wagon,South,1,87,Fatal,,Lost control,Unknown,,,Going Ahead,,,,,driver,26,Scarborough Southwest (20),41 Division,Oakridge,false,false,false,false,false,true,false,false,true,false,"{""coordinates"": [[-79.28032343763367, 43.71031014412828]], ""type"": ""MultiPoint""}"
17792,2022:2001265655,2022-07-03T22:45:00,701 WARDEN AVE,,,7,Fatal Injury,Non-Intersection,No Control,Rear End,Clear,Dusk with Artificial Lighting,Dry,Minor Arterial,false,-79.28032343763367,43.71031014412828,NA,,,5,78,Major,,,,,,,,,,,passenger,NA,Scarborough Southwest (20),41 Division,Oakridge,false,false,false,false,false,true,false,false,true,false,"{""coordinates"": [[-79.28032343763367, 43.71031014412828]], ""type"": ""MultiPoint""}"
17793,2022:2001265655,2022-07-03T22:45:00,701 WARDEN AVE,,,7,Fatal Injury,Non-Intersection,No Control,Rear End,Clear,Dusk with Artificial Lighting,Dry,Minor Arterial,false,-79.28032343763367,43.71031014412828,NA,Automobile or Station Wagon,North,3,56,Major,,Driving properly,Normal,,,Going Ahead,,,,,driver,NA,Scarborough Southwest (20),41 Division,Oakridge,false,false,false,false,false,true,false,false,true,false,"{""coordinates"": [[-79.28032343763367, 43.71031014412828]], ""type"": ""MultiPoint""}"
17794,2022:2001265655,2022-07-03T22:45:00,701 WARDEN AVE,,,7,Fatal Injury,Non-Intersection,No Control,Rear End,Clear,Dusk with Artificial Lighting,Dry,Minor Arterial,false,-79.28032343763367,43.71031014412828,NA,,,7,3,None,,,,,,,,,,,passenger,NA,Scarborough Southwest (20),41 Division,Oakridge,false,false,false,false,false,true,false,false,true,false,"{""coordinates"": [[-79.28032343763367, 43.71031014412828]], ""type"": ""MultiPoint""}"
17795,2022:2001265655,2022-07-03T22:45:00,701 WARDEN AVE,,,7,Fatal Injury,Non-Intersection,No Control,Rear End,Clear,Dusk with Artificial Lighting,Dry,Minor Arterial,false,-79.28032343763367,43.71031014412828,NA,Automobile or Station Wagon,South,2,40,None,,Driving properly,Normal,,,Going Ahead,,,,,driver,NA,Scarborough Southwest (20),41 Division,Oakridge,false,false,false,false,false,true,false,false,true,false,"{""coordinates"": [[-79.28032343763367, 43.71031014412828]], ""type"": ""MultiPoint""}"