X_id,collision_id,accdate,stname1,stname2,stname3,per_inv,acclass,accloc,traffictl,impactype,visible,light,rdsfcond,road_class,failtorem,longitude,latitude,veh_no,vehtype,initdir,per_no,invage,injury,safequip,drivact,drivcond,pedact,pedcond,manoeuvre,pedtype,cyclistype,cycact,cyccond,road_user,fatal_no,wardname,division,neighbourhood,aggressive,distracted,cyclist,motorcyclist,other_micromobility,older_adult,pedestrian,red_light,school_child,heavy_truck,geometry
17845,2022:2001404331,2022-07-22T18:15:00,ST CLAIR AVE W,CALEDONIA RD,50 m East of,2,Non-Fatal Injury,Non-Intersection,No Control,Pedestrian Collision(internal code),Clear,Daylight,Dry,Major Arterial,false,-79.45419008146276,43.6753868375112,1,Streetcar,West,1,55,None,Use Unknown,Driving properly,Normal,,,Going Ahead,,,,,driver,NA,Davenport (9),13 Division,Corso Italia-Davenport,false,false,false,false,false,false,true,false,false,true,"{""coordinates"": [[-79.45419008146276, 43.6753868375112]], ""type"": ""MultiPoint""}"
17846,2022:2001414066,2022-07-24T01:42:00,BRIMLEY RD,WATERFIELD DR,,1,Fatal Injury,At Intersection,Traffic Signal,SMV Other,Clear,Dark with Artificial Lighting,Dry,Major Arterial,false,-79.25951035221894,43.765127320679184,NA,Motorcycle,South,1,37,Fatal,,Lost control,Unknown,,,Going Ahead,,,,,motorcyclist,29,Scarborough Centre (21),43 Division,Bendale-Glen Andrew,false,false,false,true,false,false,false,false,false,false,"{""coordinates"": [[-79.25951035221894, 43.765127320679184]], ""type"": ""MultiPoint""}"
17847,2022:2001417954,2022-07-24T16:35:00,MIDLAND AVE,FINCH AVE E,2 m North of 4188 FINCH AVE E,5,Non-Fatal Injury,At/Near Private Drive,No Control,Turning Movement,Clear,Daylight,Dry,Major Arterial,false,-79.28673967208336,43.80458277172619,1,,,3,40,None,Lap and Shoulder Belt,,,,,,,,,,passenger,NA,Scarborough-Agincourt (22),42 Division,Milliken,true,true,false,false,false,true,false,false,false,false,"{""coordinates"": [[-79.28673967208336, 43.804582771726196]], ""type"": ""MultiPoint""}"
17848,2022:2001417954,2022-07-24T16:35:00,MIDLAND AVE,FINCH AVE E,2 m North of 4188 FINCH AVE E,5,Non-Fatal Injury,At/Near Private Drive,No Control,Turning Movement,Clear,Daylight,Dry,Major Arterial,false,-79.28673967208336,43.80458277172619,2,,,5,45,Minor,Lap and Shoulder Belt,,,,,,,,,,passenger,NA,Scarborough-Agincourt (22),42 Division,Milliken,true,true,false,false,false,true,false,false,false,false,"{""coordinates"": [[-79.28673967208336, 43.804582771726196]], ""type"": ""MultiPoint""}"
17849,2022:2001417954,2022-07-24T16:35:00,MIDLAND AVE,FINCH AVE E,2 m North of 4188 FINCH AVE E,5,Non-Fatal Injury,At/Near Private Drive,No Control,Turning Movement,Clear,Daylight,Dry,Major Arterial,false,-79.28673967208336,43.80458277172619,1,Automobile or Station Wagon,East,1,39,Major,Lap and Shoulder Belt,Failed to yield right-of-way,Inattentive,,,Turning Left,,,,,driver,NA,Scarborough-Agincourt (22),42 Division,Milliken,true,true,false,false,false,true,false,false,false,false,"{""coordinates"": [[-79.28673967208336, 43.804582771726196]], ""type"": ""MultiPoint""}"
17850,2022:2001417954,2022-07-24T16:35:00,MIDLAND AVE,FINCH AVE E,2 m North of 4188 FINCH AVE E,5,Non-Fatal Injury,At/Near Private Drive,No Control,Turning Movement,Clear,Daylight,Dry,Major Arterial,false,-79.28673967208336,43.80458277172619,2,Pickup Truck,South,2,69,Minor,Lap and Shoulder Belt,Driving properly,Normal,,,Going Ahead,,,,,driver,NA,Scarborough-Agincourt (22),42 Division,Milliken,true,true,false,false,false,true,false,false,false,false,"{""coordinates"": [[-79.28673967208336, 43.804582771726196]], ""type"": ""MultiPoint""}"
17851,2022:2001417954,2022-07-24T16:35:00,MIDLAND AVE,FINCH AVE E,2 m North of 4188 FINCH AVE E,5,Non-Fatal Injury,At/Near Private Drive,No Control,Turning Movement,Clear,Daylight,Dry,Major Arterial,false,-79.28673967208336,43.80458277172619,2,,,4,47,Minor,Lap and Shoulder Belt,,,,,,,,,,passenger,NA,Scarborough-Agincourt (22),42 Division,Milliken,true,true,false,false,false,true,false,false,false,false,"{""coordinates"": [[-79.28673967208336, 43.804582771726196]], ""type"": ""MultiPoint""}"
17852,2022:2001427156,2022-07-24T22:54:00,REXDALE BLVD,KIPLING AVE,100 m East of,2,Non-Fatal Injury,Non-Intersection,No Control,Pedestrian Collision(internal code),Rain,Dark with Artificial Lighting,Wet,Major Arterial,true,-79.56545727375558,43.71187453942399,1,Automobile or Station Wagon,East,1,47,Minimal,Use Unknown,Failed to yield right-of-way,Ability Impaired - Alcohol Over .08,,,Going Ahead,,,,,driver,NA,Etobicoke North (1),23 Division,West Humber-Clairville,true,false,false,false,false,false,true,false,false,false,"{""coordinates"": [[-79.56545727375558, 43.71187453942399]], ""type"": ""MultiPoint""}"
17853,2022:2001427156,2022-07-24T22:54:00,REXDALE BLVD,KIPLING AVE,100 m East of,2,Non-Fatal Injury,Non-Intersection,No Control,Pedestrian Collision(internal code),Rain,Dark with Artificial Lighting,Wet,Major Arterial,true,-79.56545727375558,43.71187453942399,1,,Unknown,2,24,Major,Use Unknown,,,Pushing or working on vehicle,Normal,,Driver hits pedestrian at midblock,,,,pedestrian,NA,Etobicoke North (1),23 Division,West Humber-Clairville,true,false,false,false,false,false,true,false,false,false,"{""coordinates"": [[-79.56545727375558, 43.71187453942399]], ""type"": ""MultiPoint""}"
17854,2022:2001421096,2022-07-25T04:03:00,KINGSTON RD,SCARBOROUGH GOLF CLUB RD,,1,Fatal Injury,Intersection-Related,Traffic Signal,SMV Other,Clear,Dawn,Dry,Major Arterial,false,-79.20931650886783,43.745927892842936,NA,Automobile or Station Wagon,East,1,51,Fatal,,Lost control,Inattentive,,,Going Ahead,,,,,driver,30,Scarborough-Guildwood (24),43 Division,Guildwood,false,true,false,false,false,false,false,false,false,false,"{""coordinates"": [[-79.20931650886783, 43.745927892842936]], ""type"": ""MultiPoint""}"
17855,2022:2001422943,2022-07-25T09:50:00,PARK LAWN RD,LAKE SHORE BLVD W,N OF LAKE SHORE BLD W,2,Non-Fatal Injury,At Intersection,Traffic Signal,Pedestrian Collision(internal code),Clear,Daylight,Dry,Major Arterial,false,-79.48322770478023,43.62365579274782,1,Automobile or Station Wagon,South,1,82,Minimal,Use Unknown,Failed to yield right-of-way,Normal,,,Turning Right,,,,,driver,NA,Etobicoke-Lakeshore (3),22 Division,Humber Bay Shores,true,false,false,false,false,true,true,false,false,false,"{""coordinates"": [[-79.48322770478023, 43.62365579274782]], ""type"": ""MultiPoint""}"
17856,2022:2001422943,2022-07-25T09:50:00,PARK LAWN RD,LAKE SHORE BLVD W,N OF LAKE SHORE BLD W,2,Non-Fatal Injury,At Intersection,Traffic Signal,Pedestrian Collision(internal code),Clear,Daylight,Dry,Major Arterial,false,-79.48322770478023,43.62365579274782,1,,South,2,62,Major,Use Unknown,,,Crossing with right-of-way (intersection),Normal,,Driver turns right into pedestrian crossing with right-of-way (at intersection),,,,pedestrian,NA,Etobicoke-Lakeshore (3),22 Division,Humber Bay Shores,true,false,false,false,false,true,true,false,false,false,"{""coordinates"": [[-79.48322770478023, 43.62365579274782]], ""type"": ""MultiPoint""}"
17857,2022:2001426544,2022-07-25T20:00:00,YORK ST,LAKESHORE W GARDINER,,2,Non-Fatal Injury,At Intersection,Traffic Signal,Turning Movement,Clear,Daylight,Dry,Major Arterial,false,-79.38094780694723,43.64168770495513,1,Motorcycle,South,1,25,Major,Helmet,Improper turn,Normal,,,Turning Right,,,,,motorcyclist,NA,Spadina-Fort York (10),52 Division,St Lawrence-East Bayfront-The Islands,false,false,false,true,false,false,false,false,false,true,"{""coordinates"": [[-79.38094780694723, 43.64168770495513]], ""type"": ""MultiPoint""}"
17858,2022:2001426544,2022-07-25T20:00:00,YORK ST,LAKESHORE W GARDINER,,2,Non-Fatal Injury,At Intersection,Traffic Signal,Turning Movement,Clear,Daylight,Dry,Major Arterial,false,-79.38094780694723,43.64168770495513,2,Bus - Other,West,2,53,None,Lap and Shoulder Belt,Driving properly,Normal,,,Going Ahead,,,,,driver,NA,Spadina-Fort York (10),52 Division,St Lawrence-East Bayfront-The Islands,false,false,false,true,false,false,false,false,false,true,"{""coordinates"": [[-79.38094780694723, 43.64168770495513]], ""type"": ""MultiPoint""}"
17859,2022:2001527997,2022-08-09T05:32:00,STEELES AVE W,BATHURST ST,,3,Fatal Injury,At Intersection,Traffic Signal,Rear End,Clear,Dark,Dry,Major Arterial,false,-79.44571363225961,43.792337779816016,NA,Automobile or Station Wagon,East,2,24,Major,,Lost control,Unknown,,,Going Ahead,,,,,driver,NA,York Centre (6),32 Division,Newtonbrook West,false,false,false,false,false,false,false,false,false,false,"{""coordinates"": [[-79.44571363225961, 43.792337779816016]], ""type"": ""MultiPoint""}"
17860,2022:2001452847,2022-07-29T11:56:00,WILSON AVE,BATHURST ST,60 m West of,3,Non-Fatal Injury,At/Near Private Drive,No Control,Pedestrian Collision(internal code),Clear,Daylight,Dry,Major Arterial,false,-79.43508593873881,43.73705899989877,1,,West,3,72,Major,No Equipment Available,,,Other,Other Condition,,Driver hits pedestrian on sidewalk or shoulder,,,,pedestrian,NA,York Centre (6),32 Division,Clanton Park,true,true,false,false,false,true,true,false,true,false,"{""coordinates"": [[-79.43508593873881, 43.73705899989877]], ""type"": ""MultiPoint""}"
17861,2022:2001452847,2022-07-29T11:56:00,WILSON AVE,BATHURST ST,60 m West of,3,Non-Fatal Injury,At/Near Private Drive,No Control,Pedestrian Collision(internal code),Clear,Daylight,Dry,Major Arterial,false,-79.43508593873881,43.73705899989877,1,,,2,19,None,Lap and Shoulder Belt,,,,,,,,,,passenger,NA,York Centre (6),32 Division,Clanton Park,true,true,false,false,false,true,true,false,true,false,"{""coordinates"": [[-79.43508593873881, 43.73705899989877]], ""type"": ""MultiPoint""}"
17862,2022:2001452847,2022-07-29T11:56:00,WILSON AVE,BATHURST ST,60 m West of,3,Non-Fatal Injury,At/Near Private Drive,No Control,Pedestrian Collision(internal code),Clear,Daylight,Dry,Major Arterial,false,-79.43508593873881,43.73705899989877,1,Automobile or Station Wagon,West,1,47,None,Lap and Shoulder Belt,Speed too fast for conditions,Inattentive,,,Pulling Onto Shoulder or Toward Curb,,,,,driver,NA,York Centre (6),32 Division,Clanton Park,true,true,false,false,false,true,true,false,true,false,"{""coordinates"": [[-79.43508593873881, 43.73705899989877]], ""type"": ""MultiPoint""}"
17863,2022:2001453011,2022-07-29T12:20:00,BRIMLEY RD,OMNI DR,,3,Non-Fatal Injury,Intersection-Related,Traffic Signal,Turning Movement,Clear,Daylight,Dry,Major Arterial,false,-79.26187546281767,43.771940373831185,1,,North,3,76,None,Lap and Shoulder Belt,,,,,,,,,,passenger,NA,Scarborough Centre (21),43 Division,Bendale-Glen Andrew,true,true,false,false,false,true,false,true,false,false,"{""coordinates"": [[-79.26187546281767, 43.771940373831185]], ""type"": ""MultiPoint""}"
17864,2022:2001453011,2022-07-29T12:20:00,BRIMLEY RD,OMNI DR,,3,Non-Fatal Injury,Intersection-Related,Traffic Signal,Turning Movement,Clear,Daylight,Dry,Major Arterial,false,-79.26187546281767,43.771940373831185,1,Automobile or Station Wagon,North,1,86,None,Lap and Shoulder Belt,Disobeyed traffic control,Inattentive,,,Going Ahead,,,,,driver,NA,Scarborough Centre (21),43 Division,Bendale-Glen Andrew,true,true,false,false,false,true,false,true,false,false,"{""coordinates"": [[-79.26187546281767, 43.771940373831185]], ""type"": ""MultiPoint""}"
17865,2022:2001453011,2022-07-29T12:20:00,BRIMLEY RD,OMNI DR,,3,Non-Fatal Injury,Intersection-Related,Traffic Signal,Turning Movement,Clear,Daylight,Dry,Major Arterial,false,-79.26187546281767,43.771940373831185,2,Automobile or Station Wagon,South,2,51,Major,Lap and Shoulder Belt,Driving properly,Normal,,,Turning Left,,,,,driver,NA,Scarborough Centre (21),43 Division,Bendale-Glen Andrew,true,true,false,false,false,true,false,true,false,false,"{""coordinates"": [[-79.26187546281767, 43.771940373831185]], ""type"": ""MultiPoint""}"
17866,2022:2001456323,2022-07-29T20:45:00,636 TRETHEWEY DR,,3 m West of,3,Non-Fatal Injury,At Intersection,No Control,Turning Movement,Clear,Dusk with Artificial Lighting,Dry,Minor Arterial,false,-79.49499212099772,43.69693611011004,1,,,3,NA,Minimal,Lap and Shoulder Belt,,,,,,,,,,passenger,NA,York South-Weston (5),12 Division,Brookhaven-Amesbury,true,true,false,true,false,false,false,false,false,false,"{""coordinates"": [[-79.49499212099772, 43.69693611011004]], ""type"": ""MultiPoint""}"
17867,2022:2001456323,2022-07-29T20:45:00,636 TRETHEWEY DR,,3 m West of,3,Non-Fatal Injury,At Intersection,No Control,Turning Movement,Clear,Dusk with Artificial Lighting,Dry,Minor Arterial,false,-79.49499212099772,43.69693611011004,2,Motorcycle,West,2,21,Major,Helmet,Driving properly,Normal,,,Going Ahead,,,,,motorcyclist,NA,York South-Weston (5),12 Division,Brookhaven-Amesbury,true,true,false,true,false,false,false,false,false,false,"{""coordinates"": [[-79.49499212099772, 43.69693611011004]], ""type"": ""MultiPoint""}"
17868,2022:2001456323,2022-07-29T20:45:00,636 TRETHEWEY DR,,3 m West of,3,Non-Fatal Injury,At Intersection,No Control,Turning Movement,Clear,Dusk with Artificial Lighting,Dry,Minor Arterial,false,-79.49499212099772,43.69693611011004,1,Automobile or Station Wagon,East,1,43,Minimal,Lap and Shoulder Belt,Speed too fast for conditions,Inattentive,,,Turning Left,,,,,driver,NA,York South-Weston (5),12 Division,Brookhaven-Amesbury,true,true,false,true,false,false,false,false,false,false,"{""coordinates"": [[-79.49499212099772, 43.69693611011004]], ""type"": ""MultiPoint""}"
17869,2022:2001457680,2022-07-30T00:45:00,DON VALLEY PARKWAY N,LAWRENCE AVE E,250 m South of,1,Non-Fatal Injury,Non-Intersection,No Control,SMV Other,Clear,Dark with Artificial Lighting,Dry,Expressway,false,-79.33217285815833,43.73742889372395,1,Automobile or Station Wagon,North,1,20,Major,Lap and Shoulder Belt,Lost control,Other Condition,,,Going Ahead,,,,,driver,NA,Don Valley East (16),33 Division,Banbury-Don Mills,false,false,false,false,false,false,false,false,false,false,"{""coordinates"": [[-79.33217285815833, 43.73742889372395]], ""type"": ""MultiPoint""}"
17870,2022:2001458223,2022-07-30T03:36:00,WILSON AVE,CLAYSON RD,,3,Fatal Injury,At Intersection,Traffic Signal,Pedestrian Collision(internal code),Clear,Dark with Artificial Lighting,Dry,Major Arterial,false,-79.52299962862725,43.71763086568258,NA,Automobile or Station Wagon,East,3,31,None,,Driving properly,Normal,,,Stopped,,,,,driver,NA,Humber River-Black Creek (7),31 Division,Oakdale-Beverley Heights,true,false,false,false,false,false,true,false,false,false,"{""coordinates"": [[-79.52299962862725, 43.71763086568258]], ""type"": ""MultiPoint""}"
17871,2022:2001458223,2022-07-30T03:36:00,WILSON AVE,CLAYSON RD,,3,Fatal Injury,At Intersection,Traffic Signal,Pedestrian Collision(internal code),Clear,Dark with Artificial Lighting,Dry,Major Arterial,false,-79.52299962862725,43.71763086568258,NA,Automobile or Station Wagon,East,2,42,None,,Exceeding speed limit,Ability Impaired - Alcohol,,,Going Ahead,,,,,driver,NA,Humber River-Black Creek (7),31 Division,Oakdale-Beverley Heights,true,false,false,false,false,false,true,false,false,false,"{""coordinates"": [[-79.52299962862725, 43.71763086568258]], ""type"": ""MultiPoint""}"
17872,2022:2001458223,2022-07-30T03:36:00,WILSON AVE,CLAYSON RD,,3,Fatal Injury,At Intersection,Traffic Signal,Pedestrian Collision(internal code),Clear,Dark with Artificial Lighting,Dry,Major Arterial,false,-79.52299962862725,43.71763086568258,NA,,North,1,22,Fatal,,,,Crossing with right-of-way (intersection),Normal,,Driver going straight hits pedestrian crossing with right-of-way (at intersection),,,,pedestrian,31,Humber River-Black Creek (7),31 Division,Oakdale-Beverley Heights,true,false,false,false,false,false,true,false,false,false,"{""coordinates"": [[-79.52299962862725, 43.71763086568258]], ""type"": ""MultiPoint""}"
17873,2022:2001460697,2022-07-30T13:56:00,NEILSON RD,SHEPPARD AVE E,,3,Non-Fatal Injury,At Intersection,Traffic Signal,Turning Movement,Clear,Daylight,Dry,Major Arterial,false,-79.2176859264652,43.798040491165274,1,,,3,73,Major,Lap and Shoulder Belt,,,,,,,,,,passenger,NA,Scarborough North (23),42 Division,Malvern East,true,false,false,false,false,true,false,false,false,false,"{""coordinates"": [[-79.2176859264652, 43.798040491165274]], ""type"": ""MultiPoint""}"
17874,2022:2001460697,2022-07-30T13:56:00,NEILSON RD,SHEPPARD AVE E,,3,Non-Fatal Injury,At Intersection,Traffic Signal,Turning Movement,Clear,Daylight,Dry,Major Arterial,false,-79.2176859264652,43.798040491165274,1,Automobile or Station Wagon,North,1,48,Minimal,Lap and Shoulder Belt,Failed to yield right-of-way,Normal,,,Turning Left,,,,,driver,NA,Scarborough North (23),42 Division,Malvern East,true,false,false,false,false,true,false,false,false,false,"{""coordinates"": [[-79.2176859264652, 43.798040491165274]], ""type"": ""MultiPoint""}"
17875,2022:2001460697,2022-07-30T13:56:00,NEILSON RD,SHEPPARD AVE E,,3,Non-Fatal Injury,At Intersection,Traffic Signal,Turning Movement,Clear,Daylight,Dry,Major Arterial,false,-79.2176859264652,43.798040491165274,2,Automobile or Station Wagon,South,2,21,Minimal,Lap and Shoulder Belt,Driving properly,Normal,,,Going Ahead,,,,,driver,NA,Scarborough North (23),42 Division,Malvern East,true,false,false,false,false,true,false,false,false,false,"{""coordinates"": [[-79.2176859264652, 43.798040491165274]], ""type"": ""MultiPoint""}"
17876,2023:3000980424,2023-05-03T00:19:00,JARVIS ST,DUNDAS ST E,,3,Non-Fatal Injury,Four-way,Traffic Signal,SMV Other,Rain,Dark with Artificial Lighting,Wet,Major Arterial,true,-79.3745542497198,43.657106768042944,1,,,3,55,Major,Use Unknown,,,Crossing without right-of-way (intersection),Normal,,Driver going straight hits pedestrian crossing without right-of-way (at intersection),,,,pedestrian,NA,Toronto Centre (13),51 Division,Moss Park,false,false,false,false,false,false,true,false,false,false,"{""coordinates"": [[-79.3745542497198, 43.657106768042944]], ""type"": ""MultiPoint""}"
17877,2022:2001535137,2022-08-10T06:48:00,525 ELM ST,,5 m South of,2,Non-Fatal Injury,Non-Intersection,No Control,Pedestrian Collision(internal code),Clear,Daylight,Dry,Collector,false,-79.39149925848967,43.65584787358653,1,Automobile or Station Wagon,East,1,28,None,Lap and Shoulder Belt,Driving properly,Normal,,,Going Ahead,,,,,driver,NA,University-Rosedale (11),52 Division,Kensington-Chinatown,false,false,false,false,false,false,true,false,false,false,"{""coordinates"": [[-79.39149925848967, 43.655847873586524]], ""type"": ""MultiPoint""}"
17878,2022:2001463724,2022-07-30T22:01:00,WARDEN AVE,BAMBURGH CRCL,,3,Non-Fatal Injury,At Intersection,Traffic Signal,Pedestrian Collision(internal code),Clear,Dark with Artificial Lighting,Dry,Major Arterial,false,-79.32333029971888,43.811563710399426,1,,South,3,16,Major,No Equipment Available,,,Crossing with right-of-way (intersection),Normal,,Driver going straight hits pedestrian crossing with right-of-way (at intersection),,,,pedestrian,NA,Scarborough-Agincourt (22),42 Division,Steeles,true,false,false,false,false,false,true,true,true,false,"{""coordinates"": [[-79.32333029971888, 43.811563710399426]], ""type"": ""MultiPoint""}"
17879,2022:2001463724,2022-07-30T22:01:00,WARDEN AVE,BAMBURGH CRCL,,3,Non-Fatal Injury,At Intersection,Traffic Signal,Pedestrian Collision(internal code),Clear,Dark with Artificial Lighting,Dry,Major Arterial,false,-79.32333029971888,43.811563710399426,1,,South,2,15,Major,No Equipment Available,,,Crossing with right-of-way (intersection),Normal,,Driver going straight hits pedestrian crossing with right-of-way (at intersection),,,,pedestrian,NA,Scarborough-Agincourt (22),42 Division,Steeles,true,false,false,false,false,false,true,true,true,false,"{""coordinates"": [[-79.32333029971888, 43.811563710399426]], ""type"": ""MultiPoint""}"
17880,2022:2001463724,2022-07-30T22:01:00,WARDEN AVE,BAMBURGH CRCL,,3,Non-Fatal Injury,At Intersection,Traffic Signal,Pedestrian Collision(internal code),Clear,Dark with Artificial Lighting,Dry,Major Arterial,false,-79.32333029971888,43.811563710399426,1,Pickup Truck,East,1,25,None,Lap and Shoulder Belt,Disobeyed traffic control,Normal,,,Going Ahead,,,,,driver,NA,Scarborough-Agincourt (22),42 Division,Steeles,true,false,false,false,false,false,true,true,true,false,"{""coordinates"": [[-79.32333029971888, 43.811563710399426]], ""type"": ""MultiPoint""}"
17881,2022:2001464726,2022-07-31T01:12:00,KENNEDY RD,TRANSWAY CRES,,3,Fatal Injury,At Intersection,No Control,Turning Movement,Clear,Dark with Artificial Lighting,Dry,Major Arterial,false,-79.26752126535737,43.73114600432494,NA,,,3,39,None,,,,,,,,,,,passenger,NA,Scarborough Southwest (20),41 Division,Kennedy Park,true,false,false,true,false,false,false,false,false,false,"{""coordinates"": [[-79.26752126535737, 43.73114600432494]], ""type"": ""MultiPoint""}"
17882,2022:2001464726,2022-07-31T01:12:00,KENNEDY RD,TRANSWAY CRES,,3,Fatal Injury,At Intersection,No Control,Turning Movement,Clear,Dark with Artificial Lighting,Dry,Major Arterial,false,-79.26752126535737,43.73114600432494,NA,Automobile or Station Wagon,South,2,30,None,,Driving properly,Normal,,,Turning Left,,,,,driver,NA,Scarborough Southwest (20),41 Division,Kennedy Park,true,false,false,true,false,false,false,false,false,false,"{""coordinates"": [[-79.26752126535737, 43.73114600432494]], ""type"": ""MultiPoint""}"
17883,2022:2001464726,2022-07-31T01:12:00,KENNEDY RD,TRANSWAY CRES,,3,Fatal Injury,At Intersection,No Control,Turning Movement,Clear,Dark with Artificial Lighting,Dry,Major Arterial,false,-79.26752126535737,43.73114600432494,NA,Motorcycle,North,1,39,Fatal,,Exceeding speed limit,Unknown,,,Going Ahead,,,,,motorcyclist,32,Scarborough Southwest (20),41 Division,Kennedy Park,true,false,false,true,false,false,false,false,false,false,"{""coordinates"": [[-79.26752126535737, 43.73114600432494]], ""type"": ""MultiPoint""}"
17884,2022:2001470034,2022-07-31T20:25:00,DISCO RD,ATTWELL DR,,1,Non-Fatal Injury,At Intersection,No Control,SMV Other,Clear,Daylight,Dry,Collector,false,-79.60892200966495,43.701338402077745,1,Motorcycle,North,1,43,Major,Helmet,Lost control,Other Condition,,,Other,,,,,motorcyclist,NA,Etobicoke North (1),23 Division,West Humber-Clairville,false,false,false,true,false,false,false,false,false,false,"{""coordinates"": [[-79.60892200966495, 43.701338402077745]], ""type"": ""MultiPoint""}"
17885,2022:2001477527,2022-08-01T22:22:00,STEELES AVE E,SEWELLS RD,,7,Fatal Injury,Non-Intersection,No Control,Approaching Head On,Clear,Dark,Dry,Minor Arterial,false,-79.207355677408,43.84652910854544,NA,Automobile or Station Wagon,West,4,36,None,,Driving properly,Normal,,,Going Ahead,,,,,driver,NA,Scarborough-Rouge Park (25),42 Division,Morningside Heights,true,false,false,false,false,false,false,false,true,false,"{""coordinates"": [[-79.207355677408, 43.84652910854544]], ""type"": ""MultiPoint""}"
17886,2022:2001477527,2022-08-01T22:22:00,STEELES AVE E,SEWELLS RD,,7,Fatal Injury,Non-Intersection,No Control,Approaching Head On,Clear,Dark,Dry,Minor Arterial,false,-79.207355677408,43.84652910854544,NA,,,7,7,None,,,,,,,,,,,passenger,NA,Scarborough-Rouge Park (25),42 Division,Morningside Heights,true,false,false,false,false,false,false,false,true,false,"{""coordinates"": [[-79.207355677408, 43.84652910854544]], ""type"": ""MultiPoint""}"
17887,2022:2001477527,2022-08-01T22:22:00,STEELES AVE E,SEWELLS RD,,7,Fatal Injury,Non-Intersection,No Control,Approaching Head On,Clear,Dark,Dry,Minor Arterial,false,-79.207355677408,43.84652910854544,NA,,,3,22,Minor,,,,,,,,,,,passenger,NA,Scarborough-Rouge Park (25),42 Division,Morningside Heights,true,false,false,false,false,false,false,false,true,false,"{""coordinates"": [[-79.207355677408, 43.84652910854544]], ""type"": ""MultiPoint""}"
17888,2022:2001477527,2022-08-01T22:22:00,STEELES AVE E,SEWELLS RD,,7,Fatal Injury,Non-Intersection,No Control,Approaching Head On,Clear,Dark,Dry,Minor Arterial,false,-79.207355677408,43.84652910854544,NA,Automobile or Station Wagon,East,2,21,Major,,Exceeding speed limit,Normal,,,Going Ahead,,,,,driver,NA,Scarborough-Rouge Park (25),42 Division,Morningside Heights,true,false,false,false,false,false,false,false,true,false,"{""coordinates"": [[-79.207355677408, 43.84652910854544]], ""type"": ""MultiPoint""}"
17889,2022:2001477527,2022-08-01T22:22:00,STEELES AVE E,SEWELLS RD,,7,Fatal Injury,Non-Intersection,No Control,Approaching Head On,Clear,Dark,Dry,Minor Arterial,false,-79.207355677408,43.84652910854544,NA,Automobile or Station Wagon,West,1,41,Fatal,,Driving properly,Normal,,,Going Ahead,,,,,driver,33,Scarborough-Rouge Park (25),42 Division,Morningside Heights,true,false,false,false,false,false,false,false,true,false,"{""coordinates"": [[-79.207355677408, 43.84652910854544]], ""type"": ""MultiPoint""}"
17890,2022:2001477527,2022-08-01T22:22:00,STEELES AVE E,SEWELLS RD,,7,Fatal Injury,Non-Intersection,No Control,Approaching Head On,Clear,Dark,Dry,Minor Arterial,false,-79.207355677408,43.84652910854544,NA,,,6,4,None,,,,,,,,,,,passenger,NA,Scarborough-Rouge Park (25),42 Division,Morningside Heights,true,false,false,false,false,false,false,false,true,false,"{""coordinates"": [[-79.207355677408, 43.84652910854544]], ""type"": ""MultiPoint""}"
17891,2022:2001477527,2022-08-01T22:22:00,STEELES AVE E,SEWELLS RD,,7,Fatal Injury,Non-Intersection,No Control,Approaching Head On,Clear,Dark,Dry,Minor Arterial,false,-79.207355677408,43.84652910854544,NA,,,5,41,None,,,,,,,,,,,passenger,NA,Scarborough-Rouge Park (25),42 Division,Morningside Heights,true,false,false,false,false,false,false,false,true,false,"{""coordinates"": [[-79.207355677408, 43.84652910854544]], ""type"": ""MultiPoint""}"
17892,2022:2001485578,2022-08-03T00:25:00,JANE ST,ALLIANCE AVE,100 m South of,2,Non-Fatal Injury,Non-Intersection,No Control,Pedestrian Collision(internal code),Clear,Dark with Artificial Lighting,Dry,Major Arterial,true,-79.49525919009011,43.6751656436769,1,,Unknown,2,23,Major,No Equipment Available,,,Other,Normal,,Other,,,,pedestrian,NA,York South-Weston (5),12 Division,Rockcliffe-Smythe,false,false,false,false,false,false,true,false,false,false,"{""coordinates"": [[-79.49525919009011, 43.6751656436769]], ""type"": ""MultiPoint""}"
17893,2022:2001485578,2022-08-03T00:25:00,JANE ST,ALLIANCE AVE,100 m South of,2,Non-Fatal Injury,Non-Intersection,No Control,Pedestrian Collision(internal code),Clear,Dark with Artificial Lighting,Dry,Major Arterial,true,-79.49525919009011,43.6751656436769,1,Automobile or Station Wagon,North,1,55,None,Lap and Shoulder Belt,Other,Other Condition,,,Slowing or Stopping,,,,,driver,NA,York South-Weston (5),12 Division,Rockcliffe-Smythe,false,false,false,false,false,false,true,false,false,false,"{""coordinates"": [[-79.49525919009011, 43.6751656436769]], ""type"": ""MultiPoint""}"
17894,2022:2001487064,2022-08-03T08:55:00,DEAUVILLE LANE,GRENOBLE DR,,2,Non-Fatal Injury,At Intersection,Stop Sign,Pedestrian Collision(internal code),Clear,Daylight,Dry,Collector,false,-79.33034182937493,43.71650146425284,1,,West,2,41,Major,No Equipment Available,,,Crossing with right-of-way (intersection),Normal,,Driver going straight hits pedestrian crossing with right-of-way (at intersection),,,,pedestrian,NA,Don Valley East (16),55 Division,Flemingdon Park,true,true,false,false,false,true,true,false,false,false,"{""coordinates"": [[-79.33034182937493, 43.71650146425284]], ""type"": ""MultiPoint""}"