X_id,collision_id,accdate,stname1,stname2,stname3,per_inv,acclass,accloc,traffictl,impactype,visible,light,rdsfcond,road_class,failtorem,longitude,latitude,veh_no,vehtype,initdir,per_no,invage,injury,safequip,drivact,drivcond,pedact,pedcond,manoeuvre,pedtype,cyclistype,cycact,cyccond,road_user,fatal_no,wardname,division,neighbourhood,aggressive,distracted,cyclist,motorcyclist,other_micromobility,older_adult,pedestrian,red_light,school_child,heavy_truck,geometry
18044,2022:2001876450,2022-09-26T19:20:00,KINGSTON RD,MORNINGSIDE AV,,2,Non-Fatal Injury,At Intersection,Traffic Signal,Pedestrian Collision(internal code),Rain,Dark,Wet,Major Arterial,false,-79.18687078016656,43.77050596992367,1,Municipal Transit Bus (TTC),East,1,40,None,Lap and Shoulder Belt,Driving properly,Normal,,,Turning Left,,,,,driver,NA,Scarborough-Guildwood (24),43 Division,West Hill,false,true,false,false,false,false,true,false,false,true,"{""coordinates"": [[-79.18687078016656, 43.77050596992367]], ""type"": ""MultiPoint""}"
18045,2022:2001876450,2022-09-26T19:20:00,KINGSTON RD,MORNINGSIDE AV,,2,Non-Fatal Injury,At Intersection,Traffic Signal,Pedestrian Collision(internal code),Rain,Dark,Wet,Major Arterial,false,-79.18687078016656,43.77050596992367,1,,Unknown,2,25,Major,Lap and Shoulder Belt,,,Crossing - marked crosswalk without right-of-way,Inattentive,,Driver turns left into pedestrian crossing without right-of-way (at intersection),,,,pedestrian,NA,Scarborough-Guildwood (24),43 Division,West Hill,false,true,false,false,false,false,true,false,false,true,"{""coordinates"": [[-79.18687078016656, 43.77050596992367]], ""type"": ""MultiPoint""}"
18046,2022:2001891464,2022-09-28T20:12:00,WILSON AVE,DALLNER RD,,2,Non-Fatal Injury,At Intersection,No Control,Pedestrian Collision(internal code),Clear,Dark with Artificial Lighting,Dry,Major Arterial,false,-79.51376804546656,43.719824305006966,1,Automobile or Station Wagon,East,1,NA,None,Use Unknown,Driving properly,Unknown,,,Going Ahead,,,,,driver,NA,Humber River-Black Creek (7),31 Division,Oakdale-Beverley Heights,false,false,false,false,false,false,true,false,false,false,"{""coordinates"": [[-79.51376804546656, 43.719824305006966]], ""type"": ""MultiPoint""}"
18047,2022:2001891464,2022-09-28T20:12:00,WILSON AVE,DALLNER RD,,2,Non-Fatal Injury,At Intersection,No Control,Pedestrian Collision(internal code),Clear,Dark with Artificial Lighting,Dry,Major Arterial,false,-79.51376804546656,43.719824305006966,1,,Unknown,2,58,Major,Use Unknown,,,Walking on roadway against traffic,Other Condition,,Driver going straight hits pedestrian crossing without right-of-way (at intersection),,,,pedestrian,NA,Humber River-Black Creek (7),31 Division,Oakdale-Beverley Heights,false,false,false,false,false,false,true,false,false,false,"{""coordinates"": [[-79.51376804546656, 43.719824305006966]], ""type"": ""MultiPoint""}"
18048,2022:2001894189,2022-09-29T09:04:00,STEELES AVE W,FENMAR DR,,3,Non-Fatal Injury,At Intersection,Traffic Signal,Pedestrian Collision(internal code),Clear,Daylight,Dry,Major Arterial,false,-79.56474001663312,43.76647427317571,1,,North,3,54,Major,No Equipment Available,,,Crossing with right-of-way (intersection),Normal,,Driver turns left into pedestrian crossing with right-of-way (at intersection),,,,pedestrian,NA,Humber River-Black Creek (7),31 Division,Humber Summit,true,true,false,false,false,true,true,false,false,false,"{""coordinates"": [[-79.56474001663312, 43.76647427317571]], ""type"": ""MultiPoint""}"
18049,2022:2001894189,2022-09-29T09:04:00,STEELES AVE W,FENMAR DR,,3,Non-Fatal Injury,At Intersection,Traffic Signal,Pedestrian Collision(internal code),Clear,Daylight,Dry,Major Arterial,false,-79.56474001663312,43.76647427317571,1,Pickup Truck,South,1,74,None,Use Unknown,Failed to yield right-of-way,Inattentive,,,Turning Left,,,,,driver,NA,Humber River-Black Creek (7),31 Division,Humber Summit,true,true,false,false,false,true,true,false,false,false,"{""coordinates"": [[-79.56474001663312, 43.76647427317571]], ""type"": ""MultiPoint""}"
18050,2022:2001894189,2022-09-29T09:04:00,STEELES AVE W,FENMAR DR,,3,Non-Fatal Injury,At Intersection,Traffic Signal,Pedestrian Collision(internal code),Clear,Daylight,Dry,Major Arterial,false,-79.56474001663312,43.76647427317571,1,,,2,68,None,Use Unknown,,,,,,,,,,passenger,NA,Humber River-Black Creek (7),31 Division,Humber Summit,true,true,false,false,false,true,true,false,false,false,"{""coordinates"": [[-79.56474001663312, 43.76647427317571]], ""type"": ""MultiPoint""}"
18051,2022:2001898372,2022-09-29T19:20:00,SKYWAY AVE,DIXON RD,187 m south of,2,Fatal Injury,Non-Intersection,No Control,Turning Movement,,Daylight,,Minor Arterial,false,-79.58604145383374,43.68670139077487,NA,Automobile or Station Wagon,South,2,55,None,,Improper turn,Inattentive,,,Making U-Turn,,,,,driver,NA,Etobicoke North (1),23 Division,West Humber-Clairville,false,true,false,true,false,false,false,false,false,false,"{""coordinates"": [[-79.58604145383374, 43.68670139077487]], ""type"": ""MultiPoint""}"
18052,2022:2001898372,2022-09-29T19:20:00,SKYWAY AVE,DIXON RD,187 m south of,2,Fatal Injury,Non-Intersection,No Control,Turning Movement,,Daylight,,Minor Arterial,false,-79.58604145383374,43.68670139077487,NA,Motorcycle,South,1,53,Fatal,,Driving properly,Normal,,,Going Ahead,,,,,motorcyclist,44,Etobicoke North (1),23 Division,West Humber-Clairville,false,true,false,true,false,false,false,false,false,false,"{""coordinates"": [[-79.58604145383374, 43.68670139077487]], ""type"": ""MultiPoint""}"
18053,2022:2001902035,2022-09-30T10:05:00,33 QUEEN ST E,,30 m East of,4,Non-Fatal Injury,At/Near Private Drive,No Control,Turning Movement,Clear,Daylight,Dry,Major Arterial,false,-79.37760610891338,43.65268546984002,2,,,4,57,Minimal,Lap and Shoulder Belt,,,,,,,,,,passenger,NA,Toronto Centre (13),51 Division,Downtown Yonge East,true,false,false,false,false,true,false,false,false,true,"{""coordinates"": [[-79.37760610891338, 43.65268546984002]], ""type"": ""MultiPoint""}"
18054,2022:2001902035,2022-09-30T10:05:00,33 QUEEN ST E,,30 m East of,4,Non-Fatal Injury,At/Near Private Drive,No Control,Turning Movement,Clear,Daylight,Dry,Major Arterial,false,-79.37760610891338,43.65268546984002,3,Truck - Dump,West,3,56,Minor,Lap and Shoulder Belt,Driving properly,Normal,,,Going Ahead,,,,,driver,NA,Toronto Centre (13),51 Division,Downtown Yonge East,true,false,false,false,false,true,false,false,false,true,"{""coordinates"": [[-79.37760610891338, 43.65268546984002]], ""type"": ""MultiPoint""}"
18055,2022:2001902035,2022-09-30T10:05:00,33 QUEEN ST E,,30 m East of,4,Non-Fatal Injury,At/Near Private Drive,No Control,Turning Movement,Clear,Daylight,Dry,Major Arterial,false,-79.37760610891338,43.65268546984002,2,Automobile or Station Wagon,East,2,58,Minimal,Lap and Shoulder Belt,Driving properly,Normal,,,Going Ahead,,,,,driver,NA,Toronto Centre (13),51 Division,Downtown Yonge East,true,false,false,false,false,true,false,false,false,true,"{""coordinates"": [[-79.37760610891338, 43.65268546984002]], ""type"": ""MultiPoint""}"
18056,2022:2001902035,2022-09-30T10:05:00,33 QUEEN ST E,,30 m East of,4,Non-Fatal Injury,At/Near Private Drive,No Control,Turning Movement,Clear,Daylight,Dry,Major Arterial,false,-79.37760610891338,43.65268546984002,1,Automobile or Station Wagon,North,1,86,Major,Lap and Shoulder Belt,Failed to yield right-of-way,Unknown,,,Turning Right,,,,,driver,NA,Toronto Centre (13),51 Division,Downtown Yonge East,true,false,false,false,false,true,false,false,false,true,"{""coordinates"": [[-79.37760610891338, 43.65268546984002]], ""type"": ""MultiPoint""}"
18057,2022:2001903424,2022-09-30T13:31:00,BURNHAMTHORPE RD,LAUREL AV,80 m West of,3,Non-Fatal Injury,Non-Intersection,No Control,Angle,Clear,Daylight,Dry,Major Arterial,false,-79.55666069203289,43.6469446034688,1,Motorcycle,West,1,39,Major,Helmet,Lost control,Normal,,,Going Ahead,,,,,motorcyclist,NA,Etobicoke Centre (2),22 Division,Islington,false,false,false,true,false,true,false,false,false,false,"{""coordinates"": [[-79.55666069203289, 43.646944603468796]], ""type"": ""MultiPoint""}"
18058,2022:2001903424,2022-09-30T13:31:00,BURNHAMTHORPE RD,LAUREL AV,80 m West of,3,Non-Fatal Injury,Non-Intersection,No Control,Angle,Clear,Daylight,Dry,Major Arterial,false,-79.55666069203289,43.6469446034688,2,,,3,68,None,Lap and Shoulder Belt,,,,,,,,,,passenger,NA,Etobicoke Centre (2),22 Division,Islington,false,false,false,true,false,true,false,false,false,false,"{""coordinates"": [[-79.55666069203289, 43.646944603468796]], ""type"": ""MultiPoint""}"
18059,2022:2001903424,2022-09-30T13:31:00,BURNHAMTHORPE RD,LAUREL AV,80 m West of,3,Non-Fatal Injury,Non-Intersection,No Control,Angle,Clear,Daylight,Dry,Major Arterial,false,-79.55666069203289,43.6469446034688,2,Automobile or Station Wagon,North,2,73,None,Lap and Shoulder Belt,Driving properly,Normal,,,Going Ahead,,,,,driver,NA,Etobicoke Centre (2),22 Division,Islington,false,false,false,true,false,true,false,false,false,false,"{""coordinates"": [[-79.55666069203289, 43.646944603468796]], ""type"": ""MultiPoint""}"
18060,2022:2001905181,2022-09-30T17:31:00,CARLTON ST,JARVIS ST,,5,Non-Fatal Injury,At Intersection,Traffic Signal,Pedestrian Collision(internal code),Clear,Daylight,Dry,Major Arterial,false,-79.37669056505051,43.6624129444778,1,,,3,NA,None,Lap and Shoulder Belt,,,,,,,,,,passenger,NA,Toronto Centre (13),51 Division,Moss Park,true,false,false,true,false,false,true,false,false,false,"{""coordinates"": [[-79.37669056505051, 43.6624129444778]], ""type"": ""MultiPoint""}"
18061,2022:2001905181,2022-09-30T17:31:00,CARLTON ST,JARVIS ST,,5,Non-Fatal Injury,At Intersection,Traffic Signal,Pedestrian Collision(internal code),Clear,Daylight,Dry,Major Arterial,false,-79.37669056505051,43.6624129444778,1,Automobile or Station Wagon,West,1,26,None,Lap and Shoulder Belt,Failed to yield right-of-way,Normal,,,Turning Left,,,,,driver,NA,Toronto Centre (13),51 Division,Moss Park,true,false,false,true,false,false,true,false,false,false,"{""coordinates"": [[-79.37669056505051, 43.6624129444778]], ""type"": ""MultiPoint""}"
18062,2022:2001905181,2022-09-30T17:31:00,CARLTON ST,JARVIS ST,,5,Non-Fatal Injury,At Intersection,Traffic Signal,Pedestrian Collision(internal code),Clear,Daylight,Dry,Major Arterial,false,-79.37669056505051,43.6624129444778,1,,Unknown,4,36,Minimal,Use Unknown,,,On sidewalk or shoulder,Normal,,Driver hits pedestrian on sidewalk or shoulder,,,,pedestrian,NA,Toronto Centre (13),51 Division,Moss Park,true,false,false,true,false,false,true,false,false,false,"{""coordinates"": [[-79.37669056505051, 43.6624129444778]], ""type"": ""MultiPoint""}"
18063,2022:2001905181,2022-09-30T17:31:00,CARLTON ST,JARVIS ST,,5,Non-Fatal Injury,At Intersection,Traffic Signal,Pedestrian Collision(internal code),Clear,Daylight,Dry,Major Arterial,false,-79.37669056505051,43.6624129444778,2,Motorcycle,East,2,59,Major,Helmet,Driving properly,Normal,,,Going Ahead,,,,,motorcyclist,NA,Toronto Centre (13),51 Division,Moss Park,true,false,false,true,false,false,true,false,false,false,"{""coordinates"": [[-79.37669056505051, 43.6624129444778]], ""type"": ""MultiPoint""}"
18064,2022:2001905181,2022-09-30T17:31:00,CARLTON ST,JARVIS ST,,5,Non-Fatal Injury,At Intersection,Traffic Signal,Pedestrian Collision(internal code),Clear,Daylight,Dry,Major Arterial,false,-79.37669056505051,43.6624129444778,2,,Unknown,5,37,Minimal,Use Unknown,,,On sidewalk or shoulder,Normal,,Driver hits pedestrian on sidewalk or shoulder,,,,pedestrian,NA,Toronto Centre (13),51 Division,Moss Park,true,false,false,true,false,false,true,false,false,false,"{""coordinates"": [[-79.37669056505051, 43.6624129444778]], ""type"": ""MultiPoint""}"
18065,2022:2001909311,2022-10-01T09:56:00,DUFFERIN ST,PEEL AVE,23 m North of,2,Non-Fatal Injury,At Intersection,No Control,Cyclist Collision,Clear,Daylight,Dry,Minor Arterial,false,-79.42919618993193,43.64378967492168,1,Bicycle,South,1,33,Major,Lap and Shoulder Belt,,,,,Turning Left,,Cyclist turns left into path of driver,Failed to Yield Right of Way,Inattentive,cyclist,NA,Davenport (9),11 Division,Little Portugal,false,true,true,false,false,false,false,false,false,false,"{""coordinates"": [[-79.42919618993193, 43.64378967492168]], ""type"": ""MultiPoint""}"
18066,2022:2001909311,2022-10-01T09:56:00,DUFFERIN ST,PEEL AVE,23 m North of,2,Non-Fatal Injury,At Intersection,No Control,Cyclist Collision,Clear,Daylight,Dry,Minor Arterial,false,-79.42919618993193,43.64378967492168,2,Automobile or Station Wagon,North,2,42,None,Use Unknown,Driving properly,Normal,,,Going Ahead,,,,,driver,NA,Davenport (9),11 Division,Little Portugal,false,true,true,false,false,false,false,false,false,false,"{""coordinates"": [[-79.42919618993193, 43.64378967492168]], ""type"": ""MultiPoint""}"
18067,2022:2001915767,2022-10-02T08:10:00,EVANS AVE,ISLINGTON AVE,,2,Non-Fatal Injury,At Intersection,Traffic Signal,Cyclist Collision,Clear,Daylight,Dry,Major Arterial,false,-79.51125815894632,43.61831144456832,2,Bicycle,South,2,35,Major,Helmet,,,,,Going Ahead,,Driver turns right on red at signalized intersection and hits cyclist,Other,Normal,cyclist,NA,Etobicoke-Lakeshore (3),22 Division,Mimico-Queensway,false,false,true,false,false,false,false,false,false,false,"{""coordinates"": [[-79.51125815894632, 43.61831144456832]], ""type"": ""MultiPoint""}"
18068,2022:2001915767,2022-10-02T08:10:00,EVANS AVE,ISLINGTON AVE,,2,Non-Fatal Injury,At Intersection,Traffic Signal,Cyclist Collision,Clear,Daylight,Dry,Major Arterial,false,-79.51125815894632,43.61831144456832,1,Automobile or Station Wagon,West,1,64,None,Lap and Shoulder Belt,Improper turn,Normal,,,Turning Right,,,,,driver,NA,Etobicoke-Lakeshore (3),22 Division,Mimico-Queensway,false,false,true,false,false,false,false,false,false,false,"{""coordinates"": [[-79.51125815894632, 43.61831144456832]], ""type"": ""MultiPoint""}"
18069,2022:2001916054,2022-10-02T09:34:00,DUNDAS ST W,BROCK AVE,3 m North of,2,Non-Fatal Injury,At Intersection,Traffic Signal,Pedestrian Collision(internal code),Clear,Daylight,Dry,Minor Arterial,false,-79.43555910743355,43.64981690397559,1,Automobile or Station Wagon,South,1,59,None,Lap and Shoulder Belt,Failed to yield right-of-way,Inattentive,,,Turning Left,,,,,driver,NA,Davenport (9),11 Division,Little Portugal,true,true,false,false,false,true,true,false,false,false,"{""coordinates"": [[-79.43555910743355, 43.64981690397559]], ""type"": ""MultiPoint""}"
18070,2022:2001916054,2022-10-02T09:34:00,DUNDAS ST W,BROCK AVE,3 m North of,2,Non-Fatal Injury,At Intersection,Traffic Signal,Pedestrian Collision(internal code),Clear,Daylight,Dry,Minor Arterial,false,-79.43555910743355,43.64981690397559,1,,North,2,86,Major,No Equipment Available,,,Crossing with right-of-way (intersection),Normal,,Driver turns left into pedestrian crossing with right-of-way (at intersection),,,,pedestrian,NA,Davenport (9),11 Division,Little Portugal,true,true,false,false,false,true,true,false,false,false,"{""coordinates"": [[-79.43555910743355, 43.64981690397559]], ""type"": ""MultiPoint""}"
18071,2022:2001921551,2022-10-03T06:22:00,BLOOR ST W,BATHURST ST,,2,Non-Fatal Injury,At Intersection,Traffic Signal,Turning Movement,Clear,Dark with Artificial Lighting,Dry,Major Arterial,false,-79.41117549043969,43.66504132025066,1,Automobile or Station Wagon,East,1,32,None,Lap and Shoulder Belt,Failed to yield right-of-way,Inattentive,,,Turning Left,,,,,driver,NA,University-Rosedale (11),14 Division,University,true,true,false,true,false,false,false,false,false,false,"{""coordinates"": [[-79.41117549043969, 43.66504132025066]], ""type"": ""MultiPoint""}"
18072,2022:2001921551,2022-10-03T06:22:00,BLOOR ST W,BATHURST ST,,2,Non-Fatal Injury,At Intersection,Traffic Signal,Turning Movement,Clear,Dark with Artificial Lighting,Dry,Major Arterial,false,-79.41117549043969,43.66504132025066,2,Motorcycle,West,2,29,Major,Helmet,Driving properly,Normal,,,Going Ahead,,,,,motorcyclist,NA,University-Rosedale (11),14 Division,University,true,true,false,true,false,false,false,false,false,false,"{""coordinates"": [[-79.41117549043969, 43.66504132025066]], ""type"": ""MultiPoint""}"
18073,2022:2001933263,2022-10-04T17:52:00,FINCH AVE E,MARKHAM RD,,5,Non-Fatal Injury,At Intersection,Traffic Signal,Turning Movement,Clear,Dark with Artificial Lighting,Dry,Major Arterial,false,-79.2430384262501,43.812898763901515,2,Automobile or Station Wagon,North,2,39,Minor,Lap and Shoulder Belt,Driving properly,Normal,,,Turning Left,,,,,driver,NA,Scarborough North (23),42 Division,Malvern West,true,false,false,false,false,false,false,true,false,false,"{""coordinates"": [[-79.2430384262501, 43.812898763901515]], ""type"": ""MultiPoint""}"
18074,2022:2001933263,2022-10-04T17:52:00,FINCH AVE E,MARKHAM RD,,5,Non-Fatal Injury,At Intersection,Traffic Signal,Turning Movement,Clear,Dark with Artificial Lighting,Dry,Major Arterial,false,-79.2430384262501,43.812898763901515,1,Automobile or Station Wagon,East,1,24,Minor,Lap and Shoulder Belt,Disobeyed traffic control,Unknown,,,Going Ahead,,,,,driver,NA,Scarborough North (23),42 Division,Malvern West,true,false,false,false,false,false,false,true,false,false,"{""coordinates"": [[-79.2430384262501, 43.812898763901515]], ""type"": ""MultiPoint""}"
18075,2022:2001933263,2022-10-04T17:52:00,FINCH AVE E,MARKHAM RD,,5,Non-Fatal Injury,At Intersection,Traffic Signal,Turning Movement,Clear,Dark with Artificial Lighting,Dry,Major Arterial,false,-79.2430384262501,43.812898763901515,2,,,5,0,Minor,Child Safety Seat Used Correctly,,,,,,,,,,passenger,NA,Scarborough North (23),42 Division,Malvern West,true,false,false,false,false,false,false,true,false,false,"{""coordinates"": [[-79.2430384262501, 43.812898763901515]], ""type"": ""MultiPoint""}"
18076,2022:2001933263,2022-10-04T17:52:00,FINCH AVE E,MARKHAM RD,,5,Non-Fatal Injury,At Intersection,Traffic Signal,Turning Movement,Clear,Dark with Artificial Lighting,Dry,Major Arterial,false,-79.2430384262501,43.812898763901515,2,,,4,37,Major,Lap and Shoulder Belt,,,,,,,,,,passenger,NA,Scarborough North (23),42 Division,Malvern West,true,false,false,false,false,false,false,true,false,false,"{""coordinates"": [[-79.2430384262501, 43.812898763901515]], ""type"": ""MultiPoint""}"
18077,2022:2001933263,2022-10-04T17:52:00,FINCH AVE E,MARKHAM RD,,5,Non-Fatal Injury,At Intersection,Traffic Signal,Turning Movement,Clear,Dark with Artificial Lighting,Dry,Major Arterial,false,-79.2430384262501,43.812898763901515,3,Automobile or Station Wagon,South,3,30,None,Use Unknown,Driving properly,Normal,,,Turning Left,,,,,driver,NA,Scarborough North (23),42 Division,Malvern West,true,false,false,false,false,false,false,true,false,false,"{""coordinates"": [[-79.2430384262501, 43.812898763901515]], ""type"": ""MultiPoint""}"
18078,2022:2001934242,2022-10-04T20:43:00,2868 WESTON ROAD,,60 m South of BRADMORE AVE,3,Non-Fatal Injury,Non-Intersection,No Control,Rear End,Clear,Dark with Artificial Lighting,Dry,Major Arterial,false,-79.5370987589044,43.72231151289382,2,Automobile or Station Wagon,South,2,47,Major,Lap and Shoulder Belt,Driving properly,Normal,,,Slowing or Stopping,,,,,driver,NA,Humber River-Black Creek (7),31 Division,Pelmo Park-Humberlea,true,false,false,false,false,false,false,false,false,true,"{""coordinates"": [[-79.5370987589044, 43.72231151289382]], ""type"": ""MultiPoint""}"
18079,2022:2001934242,2022-10-04T20:43:00,2868 WESTON ROAD,,60 m South of BRADMORE AVE,3,Non-Fatal Injury,Non-Intersection,No Control,Rear End,Clear,Dark with Artificial Lighting,Dry,Major Arterial,false,-79.5370987589044,43.72231151289382,3,Automobile or Station Wagon,South,3,60,None,Lap and Shoulder Belt,Driving properly,Normal,,,Slowing or Stopping,,,,,driver,NA,Humber River-Black Creek (7),31 Division,Pelmo Park-Humberlea,true,false,false,false,false,false,false,false,false,true,"{""coordinates"": [[-79.5370987589044, 43.72231151289382]], ""type"": ""MultiPoint""}"
18080,2022:2001934242,2022-10-04T20:43:00,2868 WESTON ROAD,,60 m South of BRADMORE AVE,3,Non-Fatal Injury,Non-Intersection,No Control,Rear End,Clear,Dark with Artificial Lighting,Dry,Major Arterial,false,-79.5370987589044,43.72231151289382,1,Truck - Open (Flatbed),South,1,28,None,Lap and Shoulder Belt,Following too closely,Normal,,,Going Ahead,,,,,driver,NA,Humber River-Black Creek (7),31 Division,Pelmo Park-Humberlea,true,false,false,false,false,false,false,false,false,true,"{""coordinates"": [[-79.5370987589044, 43.72231151289382]], ""type"": ""MultiPoint""}"
18081,2022:2001941837,2022-10-05T21:12:00,F G GARDINER XY W,GRAND AVE,345 m East of,3,Non-Fatal Injury,Non-Intersection,No Control,SMV Other,Clear,Dark with Artificial Lighting,Dry,Expressway,false,-79.48930071146042,43.62565851728438,1,,,3,22,Major,Use Unknown,,,,,,,,,,passenger,NA,Etobicoke-Lakeshore (3),22 Division,Humber Bay Shores,false,false,false,false,false,true,false,false,false,false,"{""coordinates"": [[-79.48930071146042, 43.62565851728438]], ""type"": ""MultiPoint""}"
18082,2022:2001941837,2022-10-05T21:12:00,F G GARDINER XY W,GRAND AVE,345 m East of,3,Non-Fatal Injury,Non-Intersection,No Control,SMV Other,Clear,Dark with Artificial Lighting,Dry,Expressway,false,-79.48930071146042,43.62565851728438,1,Automobile or Station Wagon,West,1,21,Major,Use Unknown,Lost control,Unknown,,,Changing Lanes,,,,,driver,NA,Etobicoke-Lakeshore (3),22 Division,Humber Bay Shores,false,false,false,false,false,true,false,false,false,false,"{""coordinates"": [[-79.48930071146042, 43.62565851728438]], ""type"": ""MultiPoint""}"
18083,2022:2001941837,2022-10-05T21:12:00,F G GARDINER XY W,GRAND AVE,345 m East of,3,Non-Fatal Injury,Non-Intersection,No Control,SMV Other,Clear,Dark with Artificial Lighting,Dry,Expressway,false,-79.48930071146042,43.62565851728438,2,Pickup Truck,West,2,66,None,Use Unknown,Driving properly,Normal,,,Going Ahead,,,,,driver,NA,Etobicoke-Lakeshore (3),22 Division,Humber Bay Shores,false,false,false,false,false,true,false,false,false,false,"{""coordinates"": [[-79.48930071146042, 43.62565851728438]], ""type"": ""MultiPoint""}"
18084,2022:2001952231,2022-10-07T11:03:00,450 WINONA DR,,1 m East of,3,Non-Fatal Injury,Non-Intersection,No Control,Cyclist Collision,Clear,Daylight,Dry,Local,false,-79.43563533567912,43.68933333950617,2,Automobile or Station Wagon,South,2,50,None,Lap and Shoulder Belt,Driving properly,Normal,,,Going Ahead,,,,,driver,NA,Toronto-St. Paul's (12),13 Division,Oakwood Village,false,true,true,false,false,false,false,false,false,false,"{""coordinates"": [[-79.43563533567912, 43.68933333950617]], ""type"": ""MultiPoint""}"
18085,2022:2001952231,2022-10-07T11:03:00,450 WINONA DR,,1 m East of,3,Non-Fatal Injury,Non-Intersection,No Control,Cyclist Collision,Clear,Daylight,Dry,Local,false,-79.43563533567912,43.68933333950617,2,,South,3,51,None,Lap and Shoulder Belt,,,,,,,,,,passenger,NA,Toronto-St. Paul's (12),13 Division,Oakwood Village,false,true,true,false,false,false,false,false,false,false,"{""coordinates"": [[-79.43563533567912, 43.68933333950617]], ""type"": ""MultiPoint""}"
18086,2022:2001952231,2022-10-07T11:03:00,450 WINONA DR,,1 m East of,3,Non-Fatal Injury,Non-Intersection,No Control,Cyclist Collision,Clear,Daylight,Dry,Local,false,-79.43563533567912,43.68933333950617,1,Bicycle,North,1,27,Major,Helmet,,,,,Going Ahead,,Cyclist rides off sidewalk into road at midblock,Lost control,Inattentive,cyclist,NA,Toronto-St. Paul's (12),13 Division,Oakwood Village,false,true,true,false,false,false,false,false,false,false,"{""coordinates"": [[-79.43563533567912, 43.68933333950617]], ""type"": ""MultiPoint""}"
18087,2022:2001965274,2022-10-09T10:21:00,BATHURST ST,DEWLANE DR,25 m North of,3,Non-Fatal Injury,Non-Intersection,No Control,Pedestrian Collision(internal code),Clear,Daylight,Dry,Major Arterial,false,-79.44605696301312,43.78591764579156,1,,,2,74,Minimal,Use Unknown,,,,,,,,,,passenger,NA,York Centre (6),32 Division,Westminster-Branson,false,false,false,false,false,true,true,false,false,true,"{""coordinates"": [[-79.44605696301312, 43.78591764579156]], ""type"": ""MultiPoint""}"
18088,2022:2001965274,2022-10-09T10:21:00,BATHURST ST,DEWLANE DR,25 m North of,3,Non-Fatal Injury,Non-Intersection,No Control,Pedestrian Collision(internal code),Clear,Daylight,Dry,Major Arterial,false,-79.44605696301312,43.78591764579156,1,Municipal Transit Bus (TTC),South,1,34,None,Use Unknown,Driving properly,Normal,,,Going Ahead,,,,,driver,NA,York Centre (6),32 Division,Westminster-Branson,false,false,false,false,false,true,true,false,false,true,"{""coordinates"": [[-79.44605696301312, 43.78591764579156]], ""type"": ""MultiPoint""}"
18089,2022:2001965274,2022-10-09T10:21:00,BATHURST ST,DEWLANE DR,25 m North of,3,Non-Fatal Injury,Non-Intersection,No Control,Pedestrian Collision(internal code),Clear,Daylight,Dry,Major Arterial,false,-79.44605696301312,43.78591764579156,1,,East,3,20,Major,Use Unknown,,,Other,Other Condition,,Transit vehicle driver hits pedestrian anywhere along roadway,,,,pedestrian,NA,York Centre (6),32 Division,Westminster-Branson,false,false,false,false,false,true,true,false,false,true,"{""coordinates"": [[-79.44605696301312, 43.78591764579156]], ""type"": ""MultiPoint""}"
18090,2022:2001988783,2022-10-12T19:50:00,207 BELLAMY RD N,,74 m North of NELSON ST,1,Non-Fatal Injury,Non-Intersection,No Control,SMV Other,Clear,Dark with Artificial Lighting,Dry,Minor Arterial,false,-79.23131208334121,43.747030363254865,1,Automobile or Station Wagon,South,1,45,Major,Lap and Shoulder Belt,Lost control,Medical or Physical Disability,,,Going Ahead,,,,,driver,NA,Scarborough Centre (21),43 Division,Eglinton East,false,false,false,false,false,false,false,false,false,false,"{""coordinates"": [[-79.23131208334121, 43.747030363254865]], ""type"": ""MultiPoint""}"
18091,2022:2001996096,2022-10-13T19:40:00,MIDDLEFIELD RD,MCCOWAN RD,16 m North of,5,Non-Fatal Injury,Non-Intersection,No Control,Turning Movement,Clear,Dark,Dry,Major Arterial,false,-79.26197462308691,43.7987004789991,2,Automobile or Station Wagon,West,5,21,Major,Lap and Shoulder Belt,Driving properly,Normal,,,Going Ahead,,,,,driver,NA,Scarborough North (23),42 Division,Agincourt North,false,false,false,false,false,false,false,false,true,false,"{""coordinates"": [[-79.26197462308691, 43.7987004789991]], ""type"": ""MultiPoint""}"
18092,2022:2001996096,2022-10-13T19:40:00,MIDDLEFIELD RD,MCCOWAN RD,16 m North of,5,Non-Fatal Injury,Non-Intersection,No Control,Turning Movement,Clear,Dark,Dry,Major Arterial,false,-79.26197462308691,43.7987004789991,1,,,1,13,None,Lap and Shoulder Belt,,,,,,,,,,passenger,NA,Scarborough North (23),42 Division,Agincourt North,false,false,false,false,false,false,false,false,true,false,"{""coordinates"": [[-79.26197462308691, 43.7987004789991]], ""type"": ""MultiPoint""}"
18093,2022:2001996096,2022-10-13T19:40:00,MIDDLEFIELD RD,MCCOWAN RD,16 m North of,5,Non-Fatal Injury,Non-Intersection,No Control,Turning Movement,Clear,Dark,Dry,Major Arterial,false,-79.26197462308691,43.7987004789991,1,,,2,8,None,Lap and Shoulder Belt,,,,,,,,,,passenger,NA,Scarborough North (23),42 Division,Agincourt North,false,false,false,false,false,false,false,false,true,false,"{""coordinates"": [[-79.26197462308691, 43.7987004789991]], ""type"": ""MultiPoint""}"