X_id,collision_id,accdate,stname1,stname2,stname3,per_inv,acclass,accloc,traffictl,impactype,visible,light,rdsfcond,road_class,failtorem,longitude,latitude,veh_no,vehtype,initdir,per_no,invage,injury,safequip,drivact,drivcond,pedact,pedcond,manoeuvre,pedtype,cyclistype,cycact,cyccond,road_user,fatal_no,wardname,division,neighbourhood,aggressive,distracted,cyclist,motorcyclist,other_micromobility,older_adult,pedestrian,red_light,school_child,heavy_truck,geometry
18634,2023:3001762588,2023-07-29T09:54:00,LESLIE ST,LAKE SHORE BLVD E,,2,Non-Fatal Injury,Non-Intersection,,Rear End,Rain,Daylight,Wet,Minor Arterial,true,-79.32826670957512,43.65898727631204,2,Truck - Dump,South,2,0,None,Lap and Shoulder Belt,Driving properly,Normal,,,Going Ahead,,,,,driver,NA,Toronto-Danforth (14),55 Division,South Riverdale,false,false,true,false,false,false,false,false,true,true,"{""coordinates"": [[-79.32826670957512, 43.65898727631204]], ""type"": ""MultiPoint""}"
18635,2023:3001762588,2023-07-29T09:54:00,LESLIE ST,LAKE SHORE BLVD E,,2,Non-Fatal Injury,Non-Intersection,,Rear End,Rain,Daylight,Wet,Minor Arterial,true,-79.32826670957512,43.65898727631204,1,Bicycle,South,1,16,Major,Helmet,,,,,Going Ahead,,Rear end with cyclist and driver travelling in same direction,Lost control,Normal,cyclist,NA,Toronto-Danforth (14),55 Division,South Riverdale,false,false,true,false,false,false,false,false,true,true,"{""coordinates"": [[-79.32826670957512, 43.65898727631204]], ""type"": ""MultiPoint""}"
18636,2023:3001764047,2023-07-29T14:07:00,DIXON RD,MARTIN GROVE RD,,1,Fatal Injury,Non-Intersection,Traffic Signal,SMV Other,Rain,Daylight,Wet,Major Arterial,false,-79.57079789493078,43.69151933270728,NA,Pickup Truck,North,1,30,Fatal,,Other,Other Condition,,,Going Ahead,,,,,driver,24,Etobicoke Centre (2),23 Division,West Humber-Clairville,false,false,false,false,false,false,false,false,false,false,"{""coordinates"": [[-79.57079789493078, 43.69151933270728]], ""type"": ""MultiPoint""}"
18637,2023:3001772212,2023-07-29T22:10:00,COLLEGE ST,HURON ST,,2,Non-Fatal Injury,Intersection-Related,Traffic Signal,Turning Movement,Clear,Daylight,Dry,Major Arterial,false,-79.39816735843799,43.65826640086029,1,Automobile or Station Wagon,West,1,62,None,Lap and Shoulder Belt,Improper turn,Normal,,,Turning Right,,,,,driver,NA,University-Rosedale (11),52 Division,Kensington-Chinatown,false,false,true,false,false,false,false,false,true,false,"{""coordinates"": [[-79.39816735843799, 43.65826640086029]], ""type"": ""MultiPoint""}"
18638,2023:3001772212,2023-07-29T22:10:00,COLLEGE ST,HURON ST,,2,Non-Fatal Injury,Intersection-Related,Traffic Signal,Turning Movement,Clear,Daylight,Dry,Major Arterial,false,-79.39816735843799,43.65826640086029,2,E-Bike (Power-Assisted Bicycle),West,2,18,Major,No Equipment Available,Driving properly,Normal,,,Going Ahead,,,,,cyclist,NA,University-Rosedale (11),52 Division,Kensington-Chinatown,false,false,true,false,false,false,false,false,true,false,"{""coordinates"": [[-79.39816735843799, 43.65826640086029]], ""type"": ""MultiPoint""}"
18639,2023:3001774225,2023-07-30T20:17:00,LAKE SHORE BLVD E,ASHBRIDGES BAY PARK RD,,2,Non-Fatal Injury,Intersection-Related,Traffic Signal,Turning Movement,Clear,Dusk with Artificial Lighting,Dry,Major Arterial,false,-79.3147931684128,43.66229078421225,2,Motorcycle,West,2,39,Major,Helmet,Driving properly,Normal,,,Going Ahead,,,,,motorcyclist,NA,Beaches-East York (19),55 Division,The Beaches,false,false,false,true,false,false,false,false,false,false,"{""coordinates"": [[-79.3147931684128, 43.66229078421225]], ""type"": ""MultiPoint""}"
18640,2023:3001774225,2023-07-30T20:17:00,LAKE SHORE BLVD E,ASHBRIDGES BAY PARK RD,,2,Non-Fatal Injury,Intersection-Related,Traffic Signal,Turning Movement,Clear,Dusk with Artificial Lighting,Dry,Major Arterial,false,-79.3147931684128,43.66229078421225,1,Automobile or Station Wagon,East,1,48,None,Lap and Shoulder Belt,Improper turn,Normal,,,Turning Left,,,,,driver,NA,Beaches-East York (19),55 Division,The Beaches,false,false,false,true,false,false,false,false,false,false,"{""coordinates"": [[-79.3147931684128, 43.66229078421225]], ""type"": ""MultiPoint""}"
18641,2023:3001801230,2023-08-03T00:01:00,WESTON RD,BLACK CREEK DR,3 m West of,2,Non-Fatal Injury,Intersection-Related,Traffic Signal,Turning Movement,Clear,Dark with Artificial Lighting,Dry,Major Arterial,true,-79.48028264574671,43.683367217780955,2,Automobile or Station Wagon,South,2,32,Major,Use Unknown,,,,,Turning Left,,,,,driver,NA,York South-Weston (5),12 Division,Rockcliffe-Smythe,true,false,false,false,false,false,false,true,false,false,"{""coordinates"": [[-79.48028264574671, 43.683367217780955]], ""type"": ""MultiPoint""}"
18642,2023:3001801230,2023-08-03T00:01:00,WESTON RD,BLACK CREEK DR,3 m West of,2,Non-Fatal Injury,Intersection-Related,Traffic Signal,Turning Movement,Clear,Dark with Artificial Lighting,Dry,Major Arterial,true,-79.48028264574671,43.683367217780955,1,Automobile or Station Wagon,South,1,32,Major,Helmet,Disobeyed traffic control,Other Condition,,,Turning Left,,,,,driver,NA,York South-Weston (5),12 Division,Rockcliffe-Smythe,true,false,false,false,false,false,false,true,false,false,"{""coordinates"": [[-79.48028264574671, 43.683367217780955]], ""type"": ""MultiPoint""}"
18643,2023:3001810408,2023-08-04T01:10:00,LAWRENCE AVE E,BIRCHMOUNT RD,181 m East of,2,Non-Fatal Injury,At/Near Private Drive,,Reversing,Rain,Dark with Artificial Lighting,Wet,Major Arterial,false,-79.28052938412425,43.74837319434483,1,,,2,0,Major,Use Unknown,,,Other,Other Condition,,Driver hits pedestrian at private driveway,,,,pedestrian,NA,Scarborough Centre (21),41 Division,Dorset Park,true,false,false,false,false,false,true,false,false,false,"{""coordinates"": [[-79.28052938412425, 43.74837319434483]], ""type"": ""MultiPoint""}"
18644,2023:3001810408,2023-08-04T01:10:00,LAWRENCE AVE E,BIRCHMOUNT RD,181 m East of,2,Non-Fatal Injury,At/Near Private Drive,,Reversing,Rain,Dark with Artificial Lighting,Wet,Major Arterial,false,-79.28052938412425,43.74837319434483,1,Automobile or Station Wagon,East,1,22,None,Lap and Shoulder Belt,Failed to yield right-of-way,Normal,,,Going Ahead,,,,,driver,NA,Scarborough Centre (21),41 Division,Dorset Park,true,false,false,false,false,false,true,false,false,false,"{""coordinates"": [[-79.28052938412425, 43.74837319434483]], ""type"": ""MultiPoint""}"
18645,2023:3001816584,2023-08-04T18:48:00,VAUGHAN RD,ATLAS AVE,east of,2,Fatal Injury,Non-Intersection,No Control,Reversing,Clear,Daylight,Dry,Minor Arterial,false,-79.43370509577105,43.68905486401564,NA,Pickup Truck,West,2,65,,,Driving properly,Normal,,,Going Ahead,,,,,driver,NA,Toronto-St. Paul's (12),13 Division,Oakwood Village,false,false,false,false,false,true,true,false,false,false,"{""coordinates"": [[-79.43370509577105, 43.68905486401564]], ""type"": ""MultiPoint""}"
18646,2023:3001816584,2023-08-04T18:48:00,VAUGHAN RD,ATLAS AVE,east of,2,Fatal Injury,Non-Intersection,No Control,Reversing,Clear,Daylight,Dry,Minor Arterial,false,-79.43370509577105,43.68905486401564,NA,Pickup Truck,,1,84,Fatal,,,,Crossing - no traffic control,Other Condition,,Driver hits pedestrian at midblock,,,,pedestrian,25,Toronto-St. Paul's (12),13 Division,Oakwood Village,false,false,false,false,false,true,true,false,false,false,"{""coordinates"": [[-79.43370509577105, 43.68905486401564]], ""type"": ""MultiPoint""}"
18647,2023:3001817720,2023-08-04T21:41:00,KINGSTON RD,KALMAR AVE,,1,Non-Fatal Injury,Intersection-Related,No Control,Reversing,Clear,Daylight with Artificial Lighting,Dry,Major Arterial,true,-79.26792567433823,43.68971839063779,1,,West,1,69,Major,Use Unknown,,,Crossing - no traffic control,Normal,Going Ahead,Driver going straight hits pedestrian crossing with right-of-way (at intersection),,,,pedestrian,NA,Scarborough Southwest (20),41 Division,Birchcliffe-Cliffside,false,false,false,false,false,true,true,false,false,false,"{""coordinates"": [[-79.26792567433823, 43.68971839063779]], ""type"": ""MultiPoint""}"
18648,2023:3001826353,2023-08-05T22:00:00,LESLIE ST,SHEPPARD AV E,,2,Non-Fatal Injury,Intersection-Related,Traffic Signal,Reversing,Clear,Dusk with Artificial Lighting,Dry,Major Arterial,false,-79.36413240629157,43.771665839721024,1,,,2,27,Major,No Equipment Available,,,Other,Normal,,Driver turns right into pedestrian crossing with right-of-way (at intersection),,,,pedestrian,NA,Don Valley North (17),33 Division,Don Valley Village,false,false,false,false,false,false,true,false,false,false,"{""coordinates"": [[-79.36413240629157, 43.771665839721024]], ""type"": ""MultiPoint""}"
18649,2023:3001826353,2023-08-05T22:00:00,LESLIE ST,SHEPPARD AV E,,2,Non-Fatal Injury,Intersection-Related,Traffic Signal,Reversing,Clear,Dusk with Artificial Lighting,Dry,Major Arterial,false,-79.36413240629157,43.771665839721024,1,Automobile or Station Wagon,North,1,27,None,Lap and Shoulder Belt,Other,Normal,,,Turning Right,,,,,driver,NA,Don Valley North (17),33 Division,Don Valley Village,false,false,false,false,false,false,true,false,false,false,"{""coordinates"": [[-79.36413240629157, 43.771665839721024]], ""type"": ""MultiPoint""}"
18650,2023:3001831500,2023-08-06T15:34:00,STEELES AVE W,EMERALD LANE,,5,Non-Fatal Injury,Intersection-Related,Traffic Signal,Turning Movement,Clear,Daylight,Dry,Major Arterial,false,-79.44099865749219,43.79344785097925,1,,,4,6,None,Lap and Shoulder Belt,,,,,,,,,,passenger,NA,,32 Division,Newtonbrook West,false,false,false,true,false,false,false,false,true,false,"{""coordinates"": [[-79.44099865749219, 43.79344785097925]], ""type"": ""MultiPoint""}"
18651,2023:3001831500,2023-08-06T15:34:00,STEELES AVE W,EMERALD LANE,,5,Non-Fatal Injury,Intersection-Related,Traffic Signal,Turning Movement,Clear,Daylight,Dry,Major Arterial,false,-79.44099865749219,43.79344785097925,1,,,3,52,None,Lap and Shoulder Belt,,,,,,,,,,passenger,NA,,32 Division,Newtonbrook West,false,false,false,true,false,false,false,false,true,false,"{""coordinates"": [[-79.44099865749219, 43.79344785097925]], ""type"": ""MultiPoint""}"
18652,2023:3001831500,2023-08-06T15:34:00,STEELES AVE W,EMERALD LANE,,5,Non-Fatal Injury,Intersection-Related,Traffic Signal,Turning Movement,Clear,Daylight,Dry,Major Arterial,false,-79.44099865749219,43.79344785097925,1,Automobile or Station Wagon,West,1,49,None,Lap and Shoulder Belt,Improper turn,Normal,,,Turning Left,,,,,driver,NA,,32 Division,Newtonbrook West,false,false,false,true,false,false,false,false,true,false,"{""coordinates"": [[-79.44099865749219, 43.79344785097925]], ""type"": ""MultiPoint""}"
18653,2023:3001831500,2023-08-06T15:34:00,STEELES AVE W,EMERALD LANE,,5,Non-Fatal Injury,Intersection-Related,Traffic Signal,Turning Movement,Clear,Daylight,Dry,Major Arterial,false,-79.44099865749219,43.79344785097925,1,,,5,15,None,Lap and Shoulder Belt,,,,,,,,,,passenger,NA,,32 Division,Newtonbrook West,false,false,false,true,false,false,false,false,true,false,"{""coordinates"": [[-79.44099865749219, 43.79344785097925]], ""type"": ""MultiPoint""}"
18654,2023:3001831500,2023-08-06T15:34:00,STEELES AVE W,EMERALD LANE,,5,Non-Fatal Injury,Intersection-Related,Traffic Signal,Turning Movement,Clear,Daylight,Dry,Major Arterial,false,-79.44099865749219,43.79344785097925,2,Motorcycle,East,2,27,Major,Helmet,,Unknown,,,Going Ahead,,,,,motorcyclist,NA,,32 Division,Newtonbrook West,false,false,false,true,false,false,false,false,true,false,"{""coordinates"": [[-79.44099865749219, 43.79344785097925]], ""type"": ""MultiPoint""}"
18655,2023:3001847275,2023-08-08T16:43:00,QUEEN ST E,SAULTER ST,5 m West of,2,Non-Fatal Injury,Non-Intersection,,Reversing,Clear,Daylight,Dry,Major Arterial,false,-79.3474165262411,43.65942599443961,1,,,2,28,Major,No Equipment Available,,,Crossing without right-of-way (intersection),Normal,,Driver hits pedestrian at midblock,,,,pedestrian,NA,Toronto-Danforth (14),55 Division,South Riverdale,false,false,false,false,false,false,true,false,false,false,"{""coordinates"": [[-79.3474165262411, 43.65942599443961]], ""type"": ""MultiPoint""}"
18656,2023:3001847275,2023-08-08T16:43:00,QUEEN ST E,SAULTER ST,5 m West of,2,Non-Fatal Injury,Non-Intersection,,Reversing,Clear,Daylight,Dry,Major Arterial,false,-79.3474165262411,43.65942599443961,1,Automobile or Station Wagon,West,1,47,None,Lap and Shoulder Belt,Driving properly,Normal,,,Going Ahead,,,,,driver,NA,Toronto-Danforth (14),55 Division,South Riverdale,false,false,false,false,false,false,true,false,false,false,"{""coordinates"": [[-79.3474165262411, 43.65942599443961]], ""type"": ""MultiPoint""}"
18657,2023:3001857283,2023-08-09T19:58:00,QUEEN ST E,LEWIS ST,4 m West of,2,Non-Fatal Injury,Non-Intersection,Stop Sign,Reversing,Clear,Dark with Artificial Lighting,Dry,Minor Arterial,false,-79.34862197335657,43.65915515263852,1,,,2,47,Major,No Equipment Available,,,Running onto roadway,Other Condition,,Driver hits pedestrian at midblock,,,,pedestrian,NA,Toronto-Danforth (14),55 Division,South Riverdale,false,false,false,false,false,false,true,false,false,true,"{""coordinates"": [[-79.34862197335657, 43.65915515263852]], ""type"": ""MultiPoint""}"
18658,2023:3001857283,2023-08-09T19:58:00,QUEEN ST E,LEWIS ST,4 m West of,2,Non-Fatal Injury,Non-Intersection,Stop Sign,Reversing,Clear,Dark with Artificial Lighting,Dry,Minor Arterial,false,-79.34862197335657,43.65915515263852,1,Streetcar,West,1,34,None,Lap and Shoulder Belt,Driving properly,Normal,,,Going Ahead,,,,,driver,NA,Toronto-Danforth (14),55 Division,South Riverdale,false,false,false,false,false,false,true,false,false,true,"{""coordinates"": [[-79.34862197335657, 43.65915515263852]], ""type"": ""MultiPoint""}"
18659,2024:4000825869,2024-04-17T22:56:00,HIGHWAY 27 S,HUMBER COLLEGE BV,,3,Fatal Injury,Non-Intersection,,SMV Other,Rain,Dark with Artificial Lighting,Wet,Major Arterial,false,-79.60195630618588,43.73168047746537,1,Passenger Van,,3,68,Fatal,Lap and Shoulder Belt,,,,,,,,,,passenger,14,Etobicoke North (1),23 Division,West Humber-Clairville,false,false,false,false,false,true,false,false,false,false,"{""coordinates"": [[-79.60195630618588, 43.73168047746537]], ""type"": ""MultiPoint""}"
18660,2023:3001857549,2023-08-09T20:39:00,BLOOR ST W,ST GEORGE ST,55 m South of,3,Non-Fatal Injury,Non-Intersection,Traffic Signal,Cyclist Collision,Clear,Dark,Dry,Minor Arterial,false,-79.399647450118,43.66704020444424,1,Automobile or Station Wagon,North,1,40,None,Lap and Shoulder Belt,Driving properly,Normal,,,Stopped,,,,,driver,NA,University-Rosedale (11),52 Division,University,false,false,true,false,false,false,false,false,false,false,"{""coordinates"": [[-79.399647450118, 43.66704020444424]], ""type"": ""MultiPoint""}"
18661,2023:3001857549,2023-08-09T20:39:00,BLOOR ST W,ST GEORGE ST,55 m South of,3,Non-Fatal Injury,Non-Intersection,Traffic Signal,Cyclist Collision,Clear,Dark,Dry,Minor Arterial,false,-79.399647450118,43.66704020444424,2,Bicycle,North,2,21,Major,Helmet,,,,,Going Ahead,,Insufficient information to describe collision,Driving Properly,Normal,cyclist,NA,University-Rosedale (11),52 Division,University,false,false,true,false,false,false,false,false,false,false,"{""coordinates"": [[-79.399647450118, 43.66704020444424]], ""type"": ""MultiPoint""}"
18662,2023:3001857549,2023-08-09T20:39:00,BLOOR ST W,ST GEORGE ST,55 m South of,3,Non-Fatal Injury,Non-Intersection,Traffic Signal,Cyclist Collision,Clear,Dark,Dry,Minor Arterial,false,-79.399647450118,43.66704020444424,1,,,3,21,None,Lap and Shoulder Belt,,,,,,,,,,passenger,NA,University-Rosedale (11),52 Division,University,false,false,true,false,false,false,false,false,false,false,"{""coordinates"": [[-79.399647450118, 43.66704020444424]], ""type"": ""MultiPoint""}"
18663,2023:3001860153,2023-08-10T07:50:00,STEELES AV E,MCCOWAN RD,100 m West of,4,Non-Fatal Injury,Non-Intersection,No Control,Rear End,Clear,Daylight,Dry,Major Arterial,false,-79.2763407685723,43.83077828881492,1,Automobile or Station Wagon,West,1,36,Major,Lap and Shoulder Belt,Lost control,Other Condition,,,Going Ahead,,,,,driver,NA,,42 Division,,false,false,false,false,false,false,false,false,false,false,"{""coordinates"": [[-79.2763407685723, 43.83077828881492]], ""type"": ""MultiPoint""}"
18664,2023:3001860153,2023-08-10T07:50:00,STEELES AV E,MCCOWAN RD,100 m West of,4,Non-Fatal Injury,Non-Intersection,No Control,Rear End,Clear,Daylight,Dry,Major Arterial,false,-79.2763407685723,43.83077828881492,2,Automobile or Station Wagon,West,2,58,None,Lap and Shoulder Belt,Driving properly,Normal,,,Going Ahead,,,,,driver,NA,,42 Division,,false,false,false,false,false,false,false,false,false,false,"{""coordinates"": [[-79.2763407685723, 43.83077828881492]], ""type"": ""MultiPoint""}"
18665,2023:3001860153,2023-08-10T07:50:00,STEELES AV E,MCCOWAN RD,100 m West of,4,Non-Fatal Injury,Non-Intersection,No Control,Rear End,Clear,Daylight,Dry,Major Arterial,false,-79.2763407685723,43.83077828881492,3,,East,4,54,Major,Lap and Shoulder Belt,,,,,,,,,,passenger,NA,,42 Division,,false,false,false,false,false,false,false,false,false,false,"{""coordinates"": [[-79.2763407685723, 43.83077828881492]], ""type"": ""MultiPoint""}"
18666,2023:3001860153,2023-08-10T07:50:00,STEELES AV E,MCCOWAN RD,100 m West of,4,Non-Fatal Injury,Non-Intersection,No Control,Rear End,Clear,Daylight,Dry,Major Arterial,false,-79.2763407685723,43.83077828881492,3,Automobile or Station Wagon,East,3,27,Major,Lap and Shoulder Belt,Driving properly,Normal,,,Going Ahead,,,,,driver,NA,,42 Division,,false,false,false,false,false,false,false,false,false,false,"{""coordinates"": [[-79.2763407685723, 43.83077828881492]], ""type"": ""MultiPoint""}"
18667,2023:3001869877,2023-08-11T11:28:00,THE POND RD,SHOREHAM DR,,2,Non-Fatal Injury,At Intersection,Traffic Signal,Reversing,Clear,Daylight,Dry,Minor Arterial,false,-79.51160121050583,43.772219148099424,1,Automobile or Station Wagon,East,1,33,None,Lap and Shoulder Belt,Driving properly,Normal,,,Going Ahead,,,,,driver,NA,Humber River-Black Creek (7),31 Division,York University Heights,false,true,false,false,false,false,true,false,false,false,"{""coordinates"": [[-79.51160121050583, 43.772219148099424]], ""type"": ""MultiPoint""}"
18668,2023:3001869877,2023-08-11T11:28:00,THE POND RD,SHOREHAM DR,,2,Non-Fatal Injury,At Intersection,Traffic Signal,Reversing,Clear,Daylight,Dry,Minor Arterial,false,-79.51160121050583,43.772219148099424,1,,North,2,37,Major,Use Unknown,,,Crossing without right-of-way (intersection),Inattentive,,Driver going straight hits pedestrian crossing without right-of-way (at intersection),,,,pedestrian,NA,Humber River-Black Creek (7),31 Division,York University Heights,false,true,false,false,false,false,true,false,false,false,"{""coordinates"": [[-79.51160121050583, 43.772219148099424]], ""type"": ""MultiPoint""}"
18669,2023:3001871981,2023-08-11T15:55:00,DUNDAS ST W,LANSDOWNE AV,,2,Non-Fatal Injury,Intersection-Related,Traffic Signal,Cyclist Collision,Clear,Daylight,Dry,Minor Arterial,false,-79.43970187624326,43.650171676893464,2,Automobile or Station Wagon,West,2,37,None,Lap and Shoulder Belt,Disobeyed traffic control,Other Condition,,,Going Ahead,,,,,driver,NA,Davenport (9),11 Division,Dufferin Grove,true,false,true,false,false,false,false,true,true,false,"{""coordinates"": [[-79.43970187624326, 43.650171676893464]], ""type"": ""MultiPoint""}"
18670,2023:3001871981,2023-08-11T15:55:00,DUNDAS ST W,LANSDOWNE AV,,2,Non-Fatal Injury,Intersection-Related,Traffic Signal,Cyclist Collision,Clear,Daylight,Dry,Minor Arterial,false,-79.43970187624326,43.650171676893464,1,Bicycle,South,1,18,Major,No Equipment Available,,,,,Going Ahead,,Cyclist turns left into path of driver,Improper Turn,Other Condition,cyclist,NA,Davenport (9),11 Division,Dufferin Grove,true,false,true,false,false,false,false,true,true,false,"{""coordinates"": [[-79.43970187624326, 43.650171676893464]], ""type"": ""MultiPoint""}"
18671,2023:3001880373,2023-08-12T17:40:00,SHEPPARD AV W,BATHURST ST,3 m West of,5,Non-Fatal Injury,At Intersection,Traffic Signal,Reversing,Clear,Daylight,Dry,Major Arterial,false,-79.4384428501301,43.75546491312156,1,Automobile or Station Wagon,West,1,20,Minor,Lap and Shoulder Belt,Failed to yield right-of-way,Normal,,,Turning Left,,,,,driver,NA,York Centre (6),32 Division,Bathurst Manor,true,false,false,false,false,false,true,false,false,false,"{""coordinates"": [[-79.4384428501301, 43.75546491312156]], ""type"": ""MultiPoint""}"
18672,2023:3001880373,2023-08-12T17:40:00,SHEPPARD AV W,BATHURST ST,3 m West of,5,Non-Fatal Injury,At Intersection,Traffic Signal,Reversing,Clear,Daylight,Dry,Major Arterial,false,-79.4384428501301,43.75546491312156,2,,,4,45,Minor,Use Unknown,,,On sidewalk or shoulder,Normal,,Driver hits pedestrian on sidewalk or shoulder,,,,pedestrian,NA,York Centre (6),32 Division,Bathurst Manor,true,false,false,false,false,false,true,false,false,false,"{""coordinates"": [[-79.4384428501301, 43.75546491312156]], ""type"": ""MultiPoint""}"
18673,2023:3001880373,2023-08-12T17:40:00,SHEPPARD AV W,BATHURST ST,3 m West of,5,Non-Fatal Injury,At Intersection,Traffic Signal,Reversing,Clear,Daylight,Dry,Major Arterial,false,-79.4384428501301,43.75546491312156,2,,,3,49,Minor,No Equipment Available,,,On sidewalk or shoulder,Normal,,Driver hits pedestrian on sidewalk or shoulder,,,,pedestrian,NA,York Centre (6),32 Division,Bathurst Manor,true,false,false,false,false,false,true,false,false,false,"{""coordinates"": [[-79.4384428501301, 43.75546491312156]], ""type"": ""MultiPoint""}"
18674,2023:3001880373,2023-08-12T17:40:00,SHEPPARD AV W,BATHURST ST,3 m West of,5,Non-Fatal Injury,At Intersection,Traffic Signal,Reversing,Clear,Daylight,Dry,Major Arterial,false,-79.4384428501301,43.75546491312156,2,,,5,23,Major,Use Unknown,,,,Unknown,,Driver hits pedestrian on sidewalk or shoulder,,,,pedestrian,NA,York Centre (6),32 Division,Bathurst Manor,true,false,false,false,false,false,true,false,false,false,"{""coordinates"": [[-79.4384428501301, 43.75546491312156]], ""type"": ""MultiPoint""}"
18675,2023:3001880373,2023-08-12T17:40:00,SHEPPARD AV W,BATHURST ST,3 m West of,5,Non-Fatal Injury,At Intersection,Traffic Signal,Reversing,Clear,Daylight,Dry,Major Arterial,false,-79.4384428501301,43.75546491312156,2,Automobile or Station Wagon,East,2,28,Minor,Lap and Shoulder Belt,Driving properly,Normal,,,Going Ahead,,,,,driver,NA,York Centre (6),32 Division,Bathurst Manor,true,false,false,false,false,false,true,false,false,false,"{""coordinates"": [[-79.4384428501301, 43.75546491312156]], ""type"": ""MultiPoint""}"
18676,2023:3001889840,2023-08-13T22:56:00,BEECHBOROUGH AV,KEELE ST,,2,Non-Fatal Injury,Intersection-Related,Traffic Signal,Turning Movement,Clear,Dark,Dry,Collector,false,-79.47478945190797,43.69435734808595,2,Motorcycle,North,2,30,Major,Helmet,Driving properly,Normal,,,Going Ahead,,,,,motorcyclist,NA,York South-Weston (5),12 Division,Beechborough-Greenbrook,false,false,false,true,false,false,false,false,false,false,"{""coordinates"": [[-79.47478945190797, 43.69435734808595]], ""type"": ""MultiPoint""}"
18677,2023:3001889840,2023-08-13T22:56:00,BEECHBOROUGH AV,KEELE ST,,2,Non-Fatal Injury,Intersection-Related,Traffic Signal,Turning Movement,Clear,Dark,Dry,Collector,false,-79.47478945190797,43.69435734808595,1,Automobile or Station Wagon,South,1,55,None,Lap and Shoulder Belt,Improper turn,Normal,,,Turning Left,,,,,driver,NA,York South-Weston (5),12 Division,Beechborough-Greenbrook,false,false,false,true,false,false,false,false,false,false,"{""coordinates"": [[-79.47478945190797, 43.69435734808595]], ""type"": ""MultiPoint""}"
18678,2023:3001897484,2023-08-14T20:47:00,YONGE ST,ROXBOROUGH ST E,,2,Non-Fatal Injury,Intersection-Related,Stop Sign,SMV Other,Clear,Dark with Artificial Lighting,Dry,Collector,false,-79.38871448978918,43.678098993474855,2,E-Bike (Power-Assisted Bicycle),North,2,39,Major,Helmet,Driving properly,Normal,,,Going Ahead,,,,,cyclist,NA,University-Rosedale (11),53 Division,Rosedale-Moore Park,false,false,true,false,false,false,false,false,false,false,"{""coordinates"": [[-79.38871448978918, 43.678098993474855]], ""type"": ""MultiPoint""}"
18679,2023:3001897484,2023-08-14T20:47:00,YONGE ST,ROXBOROUGH ST E,,2,Non-Fatal Injury,Intersection-Related,Stop Sign,SMV Other,Clear,Dark with Artificial Lighting,Dry,Collector,false,-79.38871448978918,43.678098993474855,1,Automobile or Station Wagon,South,1,56,None,Lap and Shoulder Belt,Improper turn,Normal,,,Turning Left,,,,,driver,NA,University-Rosedale (11),53 Division,Rosedale-Moore Park,false,false,true,false,false,false,false,false,false,false,"{""coordinates"": [[-79.38871448978918, 43.678098993474855]], ""type"": ""MultiPoint""}"
18680,2023:3001904810,2023-08-15T18:17:00,500 THE EAST ML,FOUR SEASONS PL,189 m North of,1,Non-Fatal Injury,At/Near Private Drive,No Control,SMV Other,Clear,Daylight,Dry,Minor Arterial,false,-79.56249717852616,43.65122469850321,1,Automobile or Station Wagon,South,1,19,Major,Lap and Shoulder Belt,Exceeding speed limit,Other Condition,,,Going Ahead,,,,,driver,NA,Etobicoke Centre (2),22 Division,Islington,true,false,false,false,false,false,false,false,true,false,"{""coordinates"": [[-79.56249717852616, 43.65122469850321]], ""type"": ""MultiPoint""}"
18681,2023:3001922494,2023-08-17T20:36:00,EGLINTON AV E,MARKHAM RD,6 m East of,3,Non-Fatal Injury,Intersection-Related,Traffic Signal,Reversing,Clear,Dusk with Artificial Lighting,Dry,Major Arterial,false,-79.2188837862144,43.743185134905474,1,Automobile or Station Wagon,East,1,49,None,Lap and Shoulder Belt,Driving properly,Normal,,,Going Ahead,,,,,driver,NA,Scarborough-Guildwood (24),43 Division,Scarborough Village,false,false,false,false,false,false,true,false,true,false,"{""coordinates"": [[-79.2188837862144, 43.743185134905474]], ""type"": ""MultiPoint""}"
18682,2023:3001922494,2023-08-17T20:36:00,EGLINTON AV E,MARKHAM RD,6 m East of,3,Non-Fatal Injury,Intersection-Related,Traffic Signal,Reversing,Clear,Dusk with Artificial Lighting,Dry,Major Arterial,false,-79.2188837862144,43.743185134905474,1,,South,3,48,Major,No Equipment Available,,,Crossing - marked crosswalk without right-of-way,Had Been Drinking,,Driver going straight hits pedestrian crossing without right-of-way (at intersection),,,,pedestrian,NA,Scarborough-Guildwood (24),43 Division,Scarborough Village,false,false,false,false,false,false,true,false,true,false,"{""coordinates"": [[-79.2188837862144, 43.743185134905474]], ""type"": ""MultiPoint""}"
18683,2023:3001922494,2023-08-17T20:36:00,EGLINTON AV E,MARKHAM RD,6 m East of,3,Non-Fatal Injury,Intersection-Related,Traffic Signal,Reversing,Clear,Dusk with Artificial Lighting,Dry,Major Arterial,false,-79.2188837862144,43.743185134905474,1,,East,2,10,None,Lap and Shoulder Belt,,,,,,,,,,passenger,NA,Scarborough-Guildwood (24),43 Division,Scarborough Village,false,false,false,false,false,false,true,false,true,false,"{""coordinates"": [[-79.2188837862144, 43.743185134905474]], ""type"": ""MultiPoint""}"
18684,2023:3001923294,2023-08-17T22:46:00,F G GARDINER XY E,ISLINGTON AV,275 m West of,5,Non-Fatal Injury,Non-Intersection,No Control,Rear End,Rain,Dark with Artificial Lighting,Wet,Expressway,false,-79.51630119286362,43.61967711182589,2,Passenger Van,East,2,27,Major,Lap and Shoulder Belt,Driving properly,Normal,,,Going Ahead,,,,,driver,NA,Etobicoke-Lakeshore (3),22 Division,Mimico-Queensway,true,false,false,false,false,false,false,false,false,false,"{""coordinates"": [[-79.51630119286362, 43.61967711182589]], ""type"": ""MultiPoint""}"