X_id,collision_id,accdate,stname1,stname2,stname3,per_inv,acclass,accloc,traffictl,impactype,visible,light,rdsfcond,road_class,failtorem,longitude,latitude,veh_no,vehtype,initdir,per_no,invage,injury,safequip,drivact,drivcond,pedact,pedcond,manoeuvre,pedtype,cyclistype,cycact,cyccond,road_user,fatal_no,wardname,division,neighbourhood,aggressive,distracted,cyclist,motorcyclist,other_micromobility,older_adult,pedestrian,red_light,school_child,heavy_truck,geometry
18734,2023:3002050673,2023-09-02T15:15:00,ISLINGTON AV,THE WESTWAY,,2,Non-Fatal Injury,Intersection-Related,Traffic Signal,Turning Movement,Clear,Daylight,Dry,Local,false,-79.52972125469175,43.65240721402989,1,Automobile or Station Wagon,South,1,49,None,Lap and Shoulder Belt,Improper turn,Normal,,,Turning Left,,,,,driver,NA,Etobicoke Centre (2),22 Division,Princess-Rosethorn,false,false,false,true,false,false,false,false,false,false,"{""coordinates"": [[-79.52972125469175, 43.65240721402989]], ""type"": ""MultiPoint""}"
18735,2023:3002052041,2023-09-02T18:39:00,LAKE SHORE BLVD,LONG BRANCH AV,,2,Non-Fatal Injury,Intersection-Related,Traffic Signal,Reversing,Clear,Daylight,Dry,Major Arterial,false,-79.53391753473771,43.59449633083399,1,Automobile or Station Wagon,West,1,87,None,Lap and Shoulder Belt,Driving properly,Normal,,,Going Ahead,,,,,driver,NA,Etobicoke-Lakeshore (3),22 Division,Long Branch,false,false,false,false,false,true,true,false,false,false,"{""coordinates"": [[-79.53391753473771, 43.59449633083399]], ""type"": ""MultiPoint""}"
18736,2023:3002052041,2023-09-02T18:39:00,LAKE SHORE BLVD,LONG BRANCH AV,,2,Non-Fatal Injury,Intersection-Related,Traffic Signal,Reversing,Clear,Daylight,Dry,Major Arterial,false,-79.53391753473771,43.59449633083399,1,,,2,38,Major,No Equipment Available,,,Crossing without right-of-way (intersection),Had Been Drinking,,Driver going straight hits pedestrian crossing without right-of-way (at intersection),,,,pedestrian,NA,Etobicoke-Lakeshore (3),22 Division,Long Branch,false,false,false,false,false,true,true,false,false,false,"{""coordinates"": [[-79.53391753473771, 43.59449633083399]], ""type"": ""MultiPoint""}"
18737,2023:3002054123,2023-09-03T00:19:00,RICHMOND ST W,BAY ST,40 m East of,1,Non-Fatal Injury,Intersection-Related,Traffic Signal,SMV Other,Clear,Dark with Artificial Lighting,Dry,Major Arterial,false,-79.38082572182162,43.65128166629648,1,Automobile or Station Wagon,West,1,35,Major,Lap and Shoulder Belt,Driving properly,Other Condition,,,Pulling Onto Shoulder or Toward Curb,,,,,driver,NA,Toronto Centre (13),52 Division,Yonge-Bay Corridor,false,false,false,false,false,false,false,false,false,false,"{""coordinates"": [[-79.38082572182162, 43.65128166629648]], ""type"": ""MultiPoint""}"
18738,2022:2002282330,2022-11-23T03:04:00,STEELES AVE E,SEWELLS RD,,3,Fatal Injury,Non-Intersection,No Control,SMV Other,Clear,Dark,Dry,Minor Arterial,false,-79.21226901437527,43.84543810934312,NA,Automobile or Station Wagon,West,2,19,Minor,,Lost control,Unknown,,,Other,,,,,driver,NA,Scarborough-Rouge Park (25),42 Division,Morningside Heights,false,false,false,false,false,false,false,false,true,false,"{""coordinates"": [[-79.21226901437527, 43.84543810934312]], ""type"": ""MultiPoint""}"
18739,2023:3002054780,2023-09-03T02:55:00,343 KIPLING AV,BIRMINGHAM ST,46 m South of,1,Non-Fatal Injury,Non-Intersection,No Control,SMV Other,Clear,Dark with Artificial Lighting,Dry,Major Arterial,false,-79.51785762727573,43.60029083225708,1,Automobile or Station Wagon,North,1,42,Major,Lap and Shoulder Belt,Lost control,Fatigue/Fell Asleep,,,Going Ahead,,,,,driver,NA,Etobicoke-Lakeshore (3),22 Division,New Toronto,false,false,false,false,false,false,false,false,false,false,"{""coordinates"": [[-79.51785762727573, 43.60029083225708]], ""type"": ""MultiPoint""}"
18740,2023:3002057635,2023-09-03T14:00:00,DUFFERIN ST,DUFFERIN PARK AV,,3,Non-Fatal Injury,Intersection-Related,Traffic Signal,Reversing,Clear,Daylight,Dry,Major Arterial,false,-79.43428498397147,43.65712967429566,1,,,3,20,Major,Use Unknown,,,Crossing with right-of-way (intersection),Normal,,Driver turns right into pedestrian crossing with right-of-way (at intersection),,,,pedestrian,NA,Davenport (9),14 Division,Dufferin Grove,false,false,false,false,false,true,true,false,false,false,"{""coordinates"": [[-79.43428498397147, 43.65712967429566]], ""type"": ""MultiPoint""}"
18741,2023:3002057635,2023-09-03T14:00:00,DUFFERIN ST,DUFFERIN PARK AV,,3,Non-Fatal Injury,Intersection-Related,Traffic Signal,Reversing,Clear,Daylight,Dry,Major Arterial,false,-79.43428498397147,43.65712967429566,1,,,2,83,None,Lap and Shoulder Belt,,,,,,,,,,passenger,NA,Davenport (9),14 Division,Dufferin Grove,false,false,false,false,false,true,true,false,false,false,"{""coordinates"": [[-79.43428498397147, 43.65712967429566]], ""type"": ""MultiPoint""}"
18742,2023:3002057635,2023-09-03T14:00:00,DUFFERIN ST,DUFFERIN PARK AV,,3,Non-Fatal Injury,Intersection-Related,Traffic Signal,Reversing,Clear,Daylight,Dry,Major Arterial,false,-79.43428498397147,43.65712967429566,1,Automobile or Station Wagon,East,1,86,None,Lap and Shoulder Belt,Improper turn,Normal,,,Turning Right,,,,,driver,NA,Davenport (9),14 Division,Dufferin Grove,false,false,false,false,false,true,true,false,false,false,"{""coordinates"": [[-79.43428498397147, 43.65712967429566]], ""type"": ""MultiPoint""}"
18743,2023:3002069138,2023-09-04T23:11:00,EGLINTON AV W,ISLINGTON AV,5 m South of,2,Non-Fatal Injury,Intersection-Related,Traffic Signal,Angle,Clear,Dark with Artificial Lighting,Dry,Major Arterial,false,-79.53899093009954,43.67984632794688,1,Automobile or Station Wagon,North,1,39,Major,Lap and Shoulder Belt,Driving properly,Normal,,,Going Ahead,,,,,driver,NA,Etobicoke Centre (2),22 Division,Willowridge-Martingrove-Richview,false,false,false,false,false,false,false,false,false,false,"{""coordinates"": [[-79.53899093009954, 43.67984632794688]], ""type"": ""MultiPoint""}"
18744,2023:3002069138,2023-09-04T23:11:00,EGLINTON AV W,ISLINGTON AV,5 m South of,2,Non-Fatal Injury,Intersection-Related,Traffic Signal,Angle,Clear,Dark with Artificial Lighting,Dry,Major Arterial,false,-79.53899093009954,43.67984632794688,2,Automobile or Station Wagon,West,2,62,Minimal,Lap and Shoulder Belt,Driving properly,Normal,,,Going Ahead,,,,,driver,NA,Etobicoke Centre (2),22 Division,Willowridge-Martingrove-Richview,false,false,false,false,false,false,false,false,false,false,"{""coordinates"": [[-79.53899093009954, 43.67984632794688]], ""type"": ""MultiPoint""}"
18745,2023:3002072686,2023-09-05T11:24:00,LESLIE ST,PEACH WILLOWAY,7 m North of,2,Non-Fatal Injury,At/Near Private Drive,No Control,Cyclist Collision,Clear,Daylight,Dry,Major Arterial,false,-79.36549806248944,43.77927616213148,2,Delivery Van,West,2,61,None,Lap and Shoulder Belt,Failed to yield right-of-way,Normal,,,Going Ahead,,,,,driver,NA,Don Valley North (17),33 Division,Don Valley Village,true,false,true,false,false,false,false,false,false,true,"{""coordinates"": [[-79.36549806248944, 43.77927616213148]], ""type"": ""MultiPoint""}"
18746,2023:3002072686,2023-09-05T11:24:00,LESLIE ST,PEACH WILLOWAY,7 m North of,2,Non-Fatal Injury,At/Near Private Drive,No Control,Cyclist Collision,Clear,Daylight,Dry,Major Arterial,false,-79.36549806248944,43.77927616213148,1,Bicycle,South,1,63,Major,No Equipment Available,,,,,Going Ahead,,"Driver without right-of-way drives into path of cyclist (at intersection, laneway, or driveway)",Other,Normal,cyclist,NA,Don Valley North (17),33 Division,Don Valley Village,true,false,true,false,false,false,false,false,false,true,"{""coordinates"": [[-79.36549806248944, 43.77927616213148]], ""type"": ""MultiPoint""}"
18747,2023:3002077507,2023-09-05T16:48:00,DOLLEY VARDEN BLVD,ELLESMERE RD,100 m South of,2,Non-Fatal Injury,Non-Intersection,No Control,SMV Other,Clear,Daylight,Dry,Collector,false,-79.23463848154847,43.77487766153145,1,Automobile or Station Wagon,North,1,21,Major,Lap and Shoulder Belt,Driving properly,Normal,,,Going Ahead,,,,,driver,NA,Scarborough-Guildwood (24),43 Division,Woburn North,false,false,false,false,false,false,false,false,false,false,"{""coordinates"": [[-79.23463848154847, 43.77487766153145]], ""type"": ""MultiPoint""}"
18748,2023:3002077507,2023-09-05T16:48:00,DOLLEY VARDEN BLVD,ELLESMERE RD,100 m South of,2,Non-Fatal Injury,Non-Intersection,No Control,SMV Other,Clear,Daylight,Dry,Collector,false,-79.23463848154847,43.77487766153145,1,,,2,21,None,Lap and Shoulder Belt,,,,,,,,,,passenger,NA,Scarborough-Guildwood (24),43 Division,Woburn North,false,false,false,false,false,false,false,false,false,false,"{""coordinates"": [[-79.23463848154847, 43.77487766153145]], ""type"": ""MultiPoint""}"
18749,2023:3002081171,2023-09-06T10:26:00,CHURCH ST,HAYDEN ST,5 m East of,2,Non-Fatal Injury,Intersection-Related,Stop Sign,Reversing,Clear,Daylight,Dry,Minor Arterial,false,-79.38277882183738,43.670160601816505,1,Pickup Truck,South,1,45,None,Lap and Shoulder Belt,Improper turn,Normal,,,Turning Left,,,,,driver,NA,University-Rosedale (11),51 Division,Church-Wellesley,false,false,false,false,false,false,true,false,false,false,"{""coordinates"": [[-79.38277882183738, 43.670160601816505]], ""type"": ""MultiPoint""}"
18750,2023:3002081171,2023-09-06T10:26:00,CHURCH ST,HAYDEN ST,5 m East of,2,Non-Fatal Injury,Intersection-Related,Stop Sign,Reversing,Clear,Daylight,Dry,Minor Arterial,false,-79.38277882183738,43.670160601816505,1,,,2,60,Major,Use Unknown,,,Crossing without right-of-way (intersection),Normal,,Driver turns left into pedestrian crossing without right-of-way (at intersection),,,,pedestrian,NA,University-Rosedale (11),51 Division,Church-Wellesley,false,false,false,false,false,false,true,false,false,false,"{""coordinates"": [[-79.38277882183738, 43.670160601816505]], ""type"": ""MultiPoint""}"
18751,2023:3002082759,2023-09-06T13:28:00,BRIMLEY RD,SHADDOCK CRES,35 m North of,2,Non-Fatal Injury,At/Near Private Drive,No Control,Turning Movement,Clear,Daylight,Dry,Major Arterial,false,-79.24913438422146,43.7385464940944,2,Motorcycle,North,2,18,Major,Helmet,Driving properly,Normal,,,Going Ahead,,,,,motorcyclist,NA,Scarborough Centre (21),41 Division,Eglinton East,true,false,false,true,false,true,false,false,true,false,"{""coordinates"": [[-79.24913438422146, 43.7385464940944]], ""type"": ""MultiPoint""}"
18752,2023:3002082759,2023-09-06T13:28:00,BRIMLEY RD,SHADDOCK CRES,35 m North of,2,Non-Fatal Injury,At/Near Private Drive,No Control,Turning Movement,Clear,Daylight,Dry,Major Arterial,false,-79.24913438422146,43.7385464940944,1,Automobile or Station Wagon,East,1,65,None,Lap and Shoulder Belt,Failed to yield right-of-way,Normal,,,Turning Left,,,,,driver,NA,Scarborough Centre (21),41 Division,Eglinton East,true,false,false,true,false,true,false,false,true,false,"{""coordinates"": [[-79.24913438422146, 43.7385464940944]], ""type"": ""MultiPoint""}"
18753,2023:3002086345,2023-09-06T20:30:00,BRIMLEY RD,STEELES AV E,16 m East of,9,Non-Fatal Injury,Intersection-Related,Traffic Signal,,Clear,Dusk,Dry,Major Arterial,false,-79.28718215700745,43.828279673962086,6,Pickup Truck,West,6,61,Minor,Lap and Shoulder Belt,Driving properly,Normal,,,Going Ahead,,,,,driver,NA,Scarborough North (23),42 Division,Milliken,true,false,false,false,false,true,false,false,false,false,"{""coordinates"": [[-79.28718215700745, 43.828279673962086]], ""type"": ""MultiPoint""}"
18754,2023:3002086345,2023-09-06T20:30:00,BRIMLEY RD,STEELES AV E,16 m East of,9,Non-Fatal Injury,Intersection-Related,Traffic Signal,,Clear,Dusk,Dry,Major Arterial,false,-79.28718215700745,43.828279673962086,5,,,9,21,Minor,Lap and Shoulder Belt,,,,,,,,,,passenger,NA,Scarborough North (23),42 Division,Milliken,true,false,false,false,false,true,false,false,false,false,"{""coordinates"": [[-79.28718215700745, 43.828279673962086]], ""type"": ""MultiPoint""}"
18755,2023:3002086345,2023-09-06T20:30:00,BRIMLEY RD,STEELES AV E,16 m East of,9,Non-Fatal Injury,Intersection-Related,Traffic Signal,,Clear,Dusk,Dry,Major Arterial,false,-79.28718215700745,43.828279673962086,4,Automobile or Station Wagon,West,4,27,None,Lap and Shoulder Belt,Driving properly,Normal,,,Turning Left,,,,,driver,NA,Scarborough North (23),42 Division,Milliken,true,false,false,false,false,true,false,false,false,false,"{""coordinates"": [[-79.28718215700745, 43.828279673962086]], ""type"": ""MultiPoint""}"
18756,2023:3002086345,2023-09-06T20:30:00,BRIMLEY RD,STEELES AV E,16 m East of,9,Non-Fatal Injury,Intersection-Related,Traffic Signal,,Clear,Dusk,Dry,Major Arterial,false,-79.28718215700745,43.828279673962086,3,,,7,71,Minor,Lap and Shoulder Belt,,,,,,,,,,passenger,NA,Scarborough North (23),42 Division,Milliken,true,false,false,false,false,true,false,false,false,false,"{""coordinates"": [[-79.28718215700745, 43.828279673962086]], ""type"": ""MultiPoint""}"
18757,2023:3002086345,2023-09-06T20:30:00,BRIMLEY RD,STEELES AV E,16 m East of,9,Non-Fatal Injury,Intersection-Related,Traffic Signal,,Clear,Dusk,Dry,Major Arterial,false,-79.28718215700745,43.828279673962086,4,,,8,26,None,Lap and Shoulder Belt,,,,,,,,,,passenger,NA,Scarborough North (23),42 Division,Milliken,true,false,false,false,false,true,false,false,false,false,"{""coordinates"": [[-79.28718215700745, 43.828279673962086]], ""type"": ""MultiPoint""}"
18758,2023:3002086345,2023-09-06T20:30:00,BRIMLEY RD,STEELES AV E,16 m East of,9,Non-Fatal Injury,Intersection-Related,Traffic Signal,,Clear,Dusk,Dry,Major Arterial,false,-79.28718215700745,43.828279673962086,5,Automobile or Station Wagon,West,5,28,Minimal,Lap and Shoulder Belt,Driving properly,Normal,,,Going Ahead,,,,,driver,NA,Scarborough North (23),42 Division,Milliken,true,false,false,false,false,true,false,false,false,false,"{""coordinates"": [[-79.28718215700745, 43.828279673962086]], ""type"": ""MultiPoint""}"
18759,2023:3002086345,2023-09-06T20:30:00,BRIMLEY RD,STEELES AV E,16 m East of,9,Non-Fatal Injury,Intersection-Related,Traffic Signal,,Clear,Dusk,Dry,Major Arterial,false,-79.28718215700745,43.828279673962086,2,Automobile or Station Wagon,West,2,22,Major,Lap and Shoulder Belt,Exceeding speed limit,Normal,,,Going Ahead,,,,,driver,NA,Scarborough North (23),42 Division,Milliken,true,false,false,false,false,true,false,false,false,false,"{""coordinates"": [[-79.28718215700745, 43.828279673962086]], ""type"": ""MultiPoint""}"
18760,2023:3002086345,2023-09-06T20:30:00,BRIMLEY RD,STEELES AV E,16 m East of,9,Non-Fatal Injury,Intersection-Related,Traffic Signal,,Clear,Dusk,Dry,Major Arterial,false,-79.28718215700745,43.828279673962086,3,Automobile or Station Wagon,West,3,72,None,Lap and Shoulder Belt,Driving properly,Normal,,,Turning Left,,,,,driver,NA,Scarborough North (23),42 Division,Milliken,true,false,false,false,false,true,false,false,false,false,"{""coordinates"": [[-79.28718215700745, 43.828279673962086]], ""type"": ""MultiPoint""}"
18761,2023:3002086345,2023-09-06T20:30:00,BRIMLEY RD,STEELES AV E,16 m East of,9,Non-Fatal Injury,Intersection-Related,Traffic Signal,,Clear,Dusk,Dry,Major Arterial,false,-79.28718215700745,43.828279673962086,1,Automobile or Station Wagon,West,1,28,Minor,Lap and Shoulder Belt,Driving properly,Normal,,,Changing Lanes,,,,,driver,NA,Scarborough North (23),42 Division,Milliken,true,false,false,false,false,true,false,false,false,false,"{""coordinates"": [[-79.28718215700745, 43.828279673962086]], ""type"": ""MultiPoint""}"
18762,2023:3002103400,2023-09-08T18:53:00,STEELES AV W,KIPLING AV,200 m East of,4,Non-Fatal Injury,Non-Intersection,No Control,Approaching Head On,Clear,Dark,Dry,Major Arterial,false,-79.58745276098621,43.76003509118295,3,Automobile or Station Wagon,East,3,60,None,Lap and Shoulder Belt,Driving properly,Normal,,,Going Ahead,,,,,driver,NA,Etobicoke North (1),23 Division,Mount Olive-Silverstone-Jamestown,false,false,false,false,false,false,false,false,false,false,"{""coordinates"": [[-79.58745276098621, 43.76003509118295]], ""type"": ""MultiPoint""}"
18763,2023:3002103400,2023-09-08T18:53:00,STEELES AV W,KIPLING AV,200 m East of,4,Non-Fatal Injury,Non-Intersection,No Control,Approaching Head On,Clear,Dark,Dry,Major Arterial,false,-79.58745276098621,43.76003509118295,2,,,4,53,Minor,Lap and Shoulder Belt,,,,,,,,,,passenger,NA,Etobicoke North (1),23 Division,Mount Olive-Silverstone-Jamestown,false,false,false,false,false,false,false,false,false,false,"{""coordinates"": [[-79.58745276098621, 43.76003509118295]], ""type"": ""MultiPoint""}"
18764,2023:3002103400,2023-09-08T18:53:00,STEELES AV W,KIPLING AV,200 m East of,4,Non-Fatal Injury,Non-Intersection,No Control,Approaching Head On,Clear,Dark,Dry,Major Arterial,false,-79.58745276098621,43.76003509118295,2,Automobile or Station Wagon,East,2,54,Minor,Lap and Shoulder Belt,Driving properly,Normal,,,Going Ahead,,,,,driver,NA,Etobicoke North (1),23 Division,Mount Olive-Silverstone-Jamestown,false,false,false,false,false,false,false,false,false,false,"{""coordinates"": [[-79.58745276098621, 43.76003509118295]], ""type"": ""MultiPoint""}"
18765,2023:3002103400,2023-09-08T18:53:00,STEELES AV W,KIPLING AV,200 m East of,4,Non-Fatal Injury,Non-Intersection,No Control,Approaching Head On,Clear,Dark,Dry,Major Arterial,false,-79.58745276098621,43.76003509118295,1,Automobile or Station Wagon,West,1,53,Major,Lap and Shoulder Belt,Lost control,Normal,,,Going Ahead,,,,,driver,NA,Etobicoke North (1),23 Division,Mount Olive-Silverstone-Jamestown,false,false,false,false,false,false,false,false,false,false,"{""coordinates"": [[-79.58745276098621, 43.76003509118295]], ""type"": ""MultiPoint""}"
18766,2023:3002104181,2023-09-08T20:39:00,VICTORIA PARK AVE,BISCAYNE BLVD,5 m North of,2,Non-Fatal Injury,Non-Intersection,No Control,Reversing,Clear,Dark with Artificial Lighting,Dry,Major Arterial,false,-79.30447048992211,43.72911663330942,1,,,2,59,Fatal,No Equipment Available,,,Crossing without right-of-way (intersection),Normal,,Driver hits pedestrian at midblock,,,,pedestrian,28,Scarborough Centre (21),41 Division,Wexford/Maryvale,false,false,false,false,false,false,true,false,false,false,"{""coordinates"": [[-79.30447048992211, 43.72911663330942]], ""type"": ""MultiPoint""}"
18767,2024:4001170728,2024-05-30T13:48:00,ST. DUNSTAN DR,DANFORTH AVE,,2,Fatal Injury,Non-Intersection,No Control,Reversing,Clear,Daylight,Dry,Local,false,-79.28567167569302,43.69221704211896,1,Pickup Truck,South,2,46,None,,Other,Other Condition,,,Reversing,,,,,driver,NA,Scarborough Southwest (20),41 Division,Oakridge,false,false,false,false,false,false,true,false,false,false,"{""coordinates"": [[-79.28567167569302, 43.69221704211896]], ""type"": ""MultiPoint""}"
18768,2023:3002104181,2023-09-08T20:39:00,VICTORIA PARK AVE,BISCAYNE BLVD,5 m North of,2,Non-Fatal Injury,Non-Intersection,No Control,Reversing,Clear,Dark with Artificial Lighting,Dry,Major Arterial,false,-79.30447048992211,43.72911663330942,1,Automobile or Station Wagon,South,1,20,None,Lap and Shoulder Belt,Driving properly,Normal,,,Going Ahead,,,,,driver,NA,Scarborough Centre (21),41 Division,Wexford/Maryvale,false,false,false,false,false,false,true,false,false,false,"{""coordinates"": [[-79.30447048992211, 43.72911663330942]], ""type"": ""MultiPoint""}"
18769,2023:3002109887,2023-09-09T15:25:00,ELLESMERE RD,DALECLIFF CRES,,2,Non-Fatal Injury,Intersection-Related,Stop Sign,Cyclist Collision,Clear,Daylight,Dry,Major Arterial,false,-79.30242577159468,43.760797691526854,1,Bicycle,West,1,78,Major,No Equipment Available,,,,,Going Ahead,,"Cyclist without right-of-way rides into path of driver (at intersection, laneway, or driveway)",Failed to Yield Right of Way,Normal,cyclist,NA,Scarborough Centre (21),41 Division,Wexford/Maryvale,false,false,true,false,false,true,false,false,false,false,"{""coordinates"": [[-79.30242577159468, 43.760797691526854]], ""type"": ""MultiPoint""}"
18770,2023:3002109887,2023-09-09T15:25:00,ELLESMERE RD,DALECLIFF CRES,,2,Non-Fatal Injury,Intersection-Related,Stop Sign,Cyclist Collision,Clear,Daylight,Dry,Major Arterial,false,-79.30242577159468,43.760797691526854,2,Automobile or Station Wagon,North,2,61,None,Lap and Shoulder Belt,Driving properly,Normal,,,Turning Right,,,,,driver,NA,Scarborough Centre (21),41 Division,Wexford/Maryvale,false,false,true,false,false,true,false,false,false,false,"{""coordinates"": [[-79.30242577159468, 43.760797691526854]], ""type"": ""MultiPoint""}"
18771,2023:3002113122,2023-09-09T23:26:00,BLOOR ST W,KIPLING AV,100 m East of,2,Non-Fatal Injury,Intersection-Related,,,Clear,Dark,Dry,Major Arterial,false,-79.53415395792061,43.64209228354358,1,Motorcycle,West,1,29,Major,Helmet,Exceeding speed limit,Normal,,,Going Ahead,,,,,motorcyclist,NA,Etobicoke-Lakeshore (3),22 Division,Etobicoke City Centre,true,false,false,true,false,false,false,false,false,false,"{""coordinates"": [[-79.53415395792061, 43.64209228354358]], ""type"": ""MultiPoint""}"
18772,2023:3002113122,2023-09-09T23:26:00,BLOOR ST W,KIPLING AV,100 m East of,2,Non-Fatal Injury,Intersection-Related,,,Clear,Dark,Dry,Major Arterial,false,-79.53415395792061,43.64209228354358,2,Automobile or Station Wagon,West,2,47,None,Lap and Shoulder Belt,Driving properly,Normal,,,Stopped,,,,,driver,NA,Etobicoke-Lakeshore (3),22 Division,Etobicoke City Centre,true,false,false,true,false,false,false,false,false,false,"{""coordinates"": [[-79.53415395792061, 43.64209228354358]], ""type"": ""MultiPoint""}"
18773,2023:3002116014,2023-09-10T11:05:00,SKYWAY AV,161 SKYWAY AV,4 m West of,2,Non-Fatal Injury,At/Near Private Drive,No Control,Turning Movement,Clear,Daylight,Dry,Minor Arterial,false,-79.58129597458371,43.68125781538139,2,Automobile or Station Wagon,North,2,37,None,Lap and Shoulder Belt,Driving properly,Normal,,,Going Ahead,,,,,driver,NA,Etobicoke North (1),23 Division,West Humber-Clairville,true,false,false,false,false,false,false,false,false,false,"{""coordinates"": [[-79.58129597458371, 43.68125781538139]], ""type"": ""MultiPoint""}"
18774,2023:3002116014,2023-09-10T11:05:00,SKYWAY AV,161 SKYWAY AV,4 m West of,2,Non-Fatal Injury,At/Near Private Drive,No Control,Turning Movement,Clear,Daylight,Dry,Minor Arterial,false,-79.58129597458371,43.68125781538139,1,Automobile or Station Wagon,South,1,55,Major,Equipment Not Used But Available,Failed to yield right-of-way,Normal,,,Turning Left,,,,,driver,NA,Etobicoke North (1),23 Division,West Humber-Clairville,true,false,false,false,false,false,false,false,false,false,"{""coordinates"": [[-79.58129597458371, 43.68125781538139]], ""type"": ""MultiPoint""}"
18775,2023:3002123068,2023-09-11T09:15:00,ANSFORD AVE,WILSON HEIGHTS BLVD,5 m South of,2,Non-Fatal Injury,Intersection-Related,Stop Sign,Reversing,Clear,Daylight,Dry,Minor Arterial,false,-79.44772786969283,43.73559417292608,1,Pickup Truck,West,1,43,None,Lap and Shoulder Belt,Failed to yield right-of-way,Inattentive,,,Turning Left,,,,,driver,NA,York Centre (6),32 Division,Clanton Park,true,true,false,false,false,true,true,false,false,false,"{""coordinates"": [[-79.44772786969283, 43.73559417292608]], ""type"": ""MultiPoint""}"
18776,2023:3002123068,2023-09-11T09:15:00,ANSFORD AVE,WILSON HEIGHTS BLVD,5 m South of,2,Non-Fatal Injury,Intersection-Related,Stop Sign,Reversing,Clear,Daylight,Dry,Minor Arterial,false,-79.44772786969283,43.73559417292608,1,,,2,66,Major,Use Unknown,,,Crossing without right-of-way (intersection),Normal,,Driver turns left into pedestrian crossing without right-of-way (at intersection),,,,pedestrian,NA,York Centre (6),32 Division,Clanton Park,true,true,false,false,false,true,true,false,false,false,"{""coordinates"": [[-79.44772786969283, 43.73559417292608]], ""type"": ""MultiPoint""}"
18777,2023:3002139943,2023-09-13T08:58:00,KEELE ST,WILSON AVE,,3,Non-Fatal Injury,Intersection-Related,Traffic Signal,,Clear,Daylight,Dry,Major Arterial,false,-79.4820449615494,43.72664494121287,2,Automobile or Station Wagon,North,2,38,None,Lap and Shoulder Belt,Driving properly,Normal,,,Slowing or Stopping,,,,,driver,NA,York Centre (6),31 Division,Downsview,true,false,false,false,false,false,false,false,false,true,"{""coordinates"": [[-79.4820449615494, 43.72664494121287]], ""type"": ""MultiPoint""}"
18778,2023:3002139943,2023-09-13T08:58:00,KEELE ST,WILSON AVE,,3,Non-Fatal Injury,Intersection-Related,Traffic Signal,,Clear,Daylight,Dry,Major Arterial,false,-79.4820449615494,43.72664494121287,1,,,3,61,Major,No Equipment Available,,,,,,,,,,passenger,NA,York Centre (6),31 Division,Downsview,true,false,false,false,false,false,false,false,false,true,"{""coordinates"": [[-79.4820449615494, 43.72664494121287]], ""type"": ""MultiPoint""}"
18779,2023:3002139943,2023-09-13T08:58:00,KEELE ST,WILSON AVE,,3,Non-Fatal Injury,Intersection-Related,Traffic Signal,,Clear,Daylight,Dry,Major Arterial,false,-79.4820449615494,43.72664494121287,1,Bus - Other,North,1,37,None,Lap and Shoulder Belt,Following too closely,Normal,,,Going Ahead,,,,,driver,NA,York Centre (6),31 Division,Downsview,true,false,false,false,false,false,false,false,false,true,"{""coordinates"": [[-79.4820449615494, 43.72664494121287]], ""type"": ""MultiPoint""}"
18780,2023:3002144420,2023-09-13T18:38:00,ISLINGTON AVE,SPRINGBROOK GRDN,9 m North,10,Non-Fatal Injury,Intersection-Related,Stop Sign,Turning Movement,Clear,Dark with Artificial Lighting,Dry,Major Arterial,false,-79.52170365125647,43.640694086822286,1,,,5,46,Minor,Lap and Shoulder Belt,,,,,,,,,,passenger,NA,Etobicoke-Lakeshore (3),22 Division,Stonegate-Queensway,true,false,false,false,false,false,false,false,true,false,"{""coordinates"": [[-79.52170365125647, 43.640694086822286]], ""type"": ""MultiPoint""}"
18781,2023:3002144420,2023-09-13T18:38:00,ISLINGTON AVE,SPRINGBROOK GRDN,9 m North,10,Non-Fatal Injury,Intersection-Related,Stop Sign,Turning Movement,Clear,Dark with Artificial Lighting,Dry,Major Arterial,false,-79.52170365125647,43.640694086822286,3,,,10,43,Major,Lap and Shoulder Belt,,,,,,,,,,passenger,NA,Etobicoke-Lakeshore (3),22 Division,Stonegate-Queensway,true,false,false,false,false,false,false,false,true,false,"{""coordinates"": [[-79.52170365125647, 43.640694086822286]], ""type"": ""MultiPoint""}"
18782,2023:3002144420,2023-09-13T18:38:00,ISLINGTON AVE,SPRINGBROOK GRDN,9 m North,10,Non-Fatal Injury,Intersection-Related,Stop Sign,Turning Movement,Clear,Dark with Artificial Lighting,Dry,Major Arterial,false,-79.52170365125647,43.640694086822286,2,Automobile or Station Wagon,West,2,42,None,Lap and Shoulder Belt,Driving properly,Normal,,,Turning Left,,,,,driver,NA,Etobicoke-Lakeshore (3),22 Division,Stonegate-Queensway,true,false,false,false,false,false,false,false,true,false,"{""coordinates"": [[-79.52170365125647, 43.640694086822286]], ""type"": ""MultiPoint""}"
18783,2023:3002144420,2023-09-13T18:38:00,ISLINGTON AVE,SPRINGBROOK GRDN,9 m North,10,Non-Fatal Injury,Intersection-Related,Stop Sign,Turning Movement,Clear,Dark with Artificial Lighting,Dry,Major Arterial,false,-79.52170365125647,43.640694086822286,1,,,6,15,Minor,Lap and Shoulder Belt,,,,,,,,,,passenger,NA,Etobicoke-Lakeshore (3),22 Division,Stonegate-Queensway,true,false,false,false,false,false,false,false,true,false,"{""coordinates"": [[-79.52170365125647, 43.640694086822286]], ""type"": ""MultiPoint""}"