X_id,collision_id,accdate,stname1,stname2,stname3,per_inv,acclass,accloc,traffictl,impactype,visible,light,rdsfcond,road_class,failtorem,longitude,latitude,veh_no,vehtype,initdir,per_no,invage,injury,safequip,drivact,drivcond,pedact,pedcond,manoeuvre,pedtype,cyclistype,cycact,cyccond,road_user,fatal_no,wardname,division,neighbourhood,aggressive,distracted,cyclist,motorcyclist,other_micromobility,older_adult,pedestrian,red_light,school_child,heavy_truck,geometry
19031,2024:4000019929,2024-01-03T16:24:00,BAY ST,FRONT ST W,5 m North of,6,Non-Fatal Injury,Intersection-Related,Traffic Signal,Reversing,Clear,Daylight with Artificial Lighting,Dry,Major Arterial,true,-79.37910148326182,43.645998309167226,1,Automobile or Station Wagon,,2,27,None,Lap and Shoulder Belt,,,,,,,,,,passenger,NA,Toronto Centre (13),52 Division,Yonge-Bay Corridor,false,false,false,false,false,false,true,false,false,false,"{""coordinates"": [[-79.37910148326182, 43.645998309167226]], ""type"": ""MultiPoint""}"
19032,2024:4000019929,2024-01-03T16:24:00,BAY ST,FRONT ST W,5 m North of,6,Non-Fatal Injury,Intersection-Related,Traffic Signal,Reversing,Clear,Daylight with Artificial Lighting,Dry,Major Arterial,true,-79.37910148326182,43.645998309167226,1,Automobile or Station Wagon,,1,24,None,Lap and Shoulder Belt,,,,,,,,,,passenger,NA,Toronto Centre (13),52 Division,Yonge-Bay Corridor,false,false,false,false,false,false,true,false,false,false,"{""coordinates"": [[-79.37910148326182, 43.645998309167226]], ""type"": ""MultiPoint""}"
19033,2024:4000019929,2024-01-03T16:24:00,BAY ST,FRONT ST W,5 m North of,6,Non-Fatal Injury,Intersection-Related,Traffic Signal,Reversing,Clear,Daylight with Artificial Lighting,Dry,Major Arterial,true,-79.37910148326182,43.645998309167226,1,Automobile or Station Wagon,North,5,22,None,Lap and Shoulder Belt,Improper turn,Normal,,,Making U-Turn,,,,,driver,NA,Toronto Centre (13),52 Division,Yonge-Bay Corridor,false,false,false,false,false,false,true,false,false,false,"{""coordinates"": [[-79.37910148326182, 43.645998309167226]], ""type"": ""MultiPoint""}"
19034,2024:4000019929,2024-01-03T16:24:00,BAY ST,FRONT ST W,5 m North of,6,Non-Fatal Injury,Intersection-Related,Traffic Signal,Reversing,Clear,Daylight with Artificial Lighting,Dry,Major Arterial,true,-79.37910148326182,43.645998309167226,2,Automobile or Station Wagon,South,6,51,Minor,Lap and Shoulder Belt,Driving properly,Normal,,,Going Ahead,,,,,driver,NA,Toronto Centre (13),52 Division,Yonge-Bay Corridor,false,false,false,false,false,false,true,false,false,false,"{""coordinates"": [[-79.37910148326182, 43.645998309167226]], ""type"": ""MultiPoint""}"
19035,2024:4000030571,2024-01-05T02:19:00,YONGE ST,SHAFTESBURY AVE,,2,Non-Fatal Injury,Intersection-Related,Traffic Signal,Reversing,Clear,Dark with Artificial Lighting,Dry,Major Arterial,false,-79.39151447696901,43.68189843492651,1,Automobile or Station Wagon,North,1,22,None,Lap and Shoulder Belt,Driving properly,Normal,,,Going Ahead,,,,,driver,NA,University-Rosedale (11),53 Division,Rosedale-Moore Park,false,true,false,false,false,false,true,false,false,false,"{""coordinates"": [[-79.39151447696901, 43.68189843492651]], ""type"": ""MultiPoint""}"
19036,2024:4000030571,2024-01-05T02:19:00,YONGE ST,SHAFTESBURY AVE,,2,Non-Fatal Injury,Intersection-Related,Traffic Signal,Reversing,Clear,Dark with Artificial Lighting,Dry,Major Arterial,false,-79.39151447696901,43.68189843492651,1,,,2,25,Major,No Equipment Available,,,Crossing without right-of-way (intersection),Inattentive,,Driver going straight hits pedestrian crossing without right-of-way (at intersection),,,,pedestrian,NA,University-Rosedale (11),53 Division,Rosedale-Moore Park,false,true,false,false,false,false,true,false,false,false,"{""coordinates"": [[-79.39151447696901, 43.68189843492651]], ""type"": ""MultiPoint""}"
19037,2024:4000062612,2024-01-09T11:43:00,BOND ST,DUNDAS ST E,2 m East of,2,Non-Fatal Injury,Intersection-Related,Stop Sign,Reversing,Snow,Daylight,Slush,Major Arterial,false,-79.37823934454272,43.656191176837545,1,,,2,73,Major,Lap and Shoulder Belt,,,Crossing with right-of-way (intersection),Medical or Physical Disability,,Driver turns left into pedestrian crossing with right-of-way (at intersection),,,,pedestrian,NA,Toronto Centre (13),51 Division,Downtown Yonge East,false,false,false,false,false,true,true,false,false,false,"{""coordinates"": [[-79.37823934454272, 43.656191176837545]], ""type"": ""MultiPoint""}"
19038,2024:4000062612,2024-01-09T11:43:00,BOND ST,DUNDAS ST E,2 m East of,2,Non-Fatal Injury,Intersection-Related,Stop Sign,Reversing,Snow,Daylight,Slush,Major Arterial,false,-79.37823934454272,43.656191176837545,1,Automobile or Station Wagon,Unknown,1,55,None,Lap and Shoulder Belt,Driving properly,Fatigue/Fell Asleep,,,Turning Left,,,,,driver,NA,Toronto Centre (13),51 Division,Downtown Yonge East,false,false,false,false,false,true,true,false,false,false,"{""coordinates"": [[-79.37823934454272, 43.656191176837545]], ""type"": ""MultiPoint""}"
19039,2024:4000064287,2024-01-09T15:35:00,THE WEST MALL,THE QUEENSWAY,,2,Non-Fatal Injury,Intersection-Related,Traffic Signal,Reversing,Rain,Daylight with Artificial Lighting,Wet,Major Arterial,false,-79.56263458079451,43.612234700082304,1,Truck - Other,South,1,46,None,Lap and Shoulder Belt,Failed to yield right-of-way,Normal,,,Turning Left,,,,,driver,NA,Etobicoke-Lakeshore (3),22 Division,Etobicoke City Centre,true,false,false,false,false,false,true,false,false,true,"{""coordinates"": [[-79.56263458079451, 43.612234700082304]], ""type"": ""MultiPoint""}"
19040,2024:4000064287,2024-01-09T15:35:00,THE WEST MALL,THE QUEENSWAY,,2,Non-Fatal Injury,Intersection-Related,Traffic Signal,Reversing,Rain,Daylight with Artificial Lighting,Wet,Major Arterial,false,-79.56263458079451,43.612234700082304,1,,,2,22,Major,Use Unknown,,,Crossing with right-of-way (intersection),Normal,,Driver turns left into pedestrian crossing with right-of-way (at intersection),,,,pedestrian,NA,Etobicoke-Lakeshore (3),22 Division,Etobicoke City Centre,true,false,false,false,false,false,true,false,false,true,"{""coordinates"": [[-79.56263458079451, 43.612234700082304]], ""type"": ""MultiPoint""}"
19041,2024:4000070953,2024-01-10T13:13:00,VANDERHOOF AV,AERODROME CR,,2,Non-Fatal Injury,Intersection-Related,Stop Sign,Turning Movement,Clear,Daylight,Dry,Local,false,-79.35533577430573,43.713663363187095,2,Automobile or Station Wagon,South,2,59,Major,Lap and Shoulder Belt,,Unknown,,,Turning Right,,,,,driver,NA,Don Valley West (15),53 Division,Thorncliffe Park,false,false,false,false,false,false,false,false,true,false,"{""coordinates"": [[-79.35533577430573, 43.713663363187095]], ""type"": ""MultiPoint""}"
19042,2024:4000070953,2024-01-10T13:13:00,VANDERHOOF AV,AERODROME CR,,2,Non-Fatal Injury,Intersection-Related,Stop Sign,Turning Movement,Clear,Daylight,Dry,Local,false,-79.35533577430573,43.713663363187095,1,Automobile or Station Wagon,West,1,16,None,Lap and Shoulder Belt,Lost control,Normal,,,Turning Right,,,,,driver,NA,Don Valley West (15),53 Division,Thorncliffe Park,false,false,false,false,false,false,false,false,true,false,"{""coordinates"": [[-79.35533577430573, 43.713663363187095]], ""type"": ""MultiPoint""}"
19043,2024:4000087560,2024-01-12T14:49:00,NORTHGLEN AVE,COWLEY AVE,,2,Non-Fatal Injury,Four-way,Stop Sign,Angle,Clear,Daylight,Dry,Local,false,-79.553540770629,43.652587619501155,2,Automobile or Station Wagon,East,2,54,None,Use Unknown,Driving properly,Normal,,,Going Ahead,,,,,driver,NA,Etobicoke Centre (2),22 Division,Islington,false,false,false,false,true,false,false,false,false,false,"{""coordinates"": [[-79.553540770629, 43.652587619501155]], ""type"": ""MultiPoint""}"
19044,2024:4000087560,2024-01-12T14:49:00,NORTHGLEN AVE,COWLEY AVE,,2,Non-Fatal Injury,Four-way,Stop Sign,Angle,Clear,Daylight,Dry,Local,false,-79.553540770629,43.652587619501155,1,E-Scooter (Electric Kick-Style Scooter),South,1,28,Major,No Equipment Available,,,,,Going Ahead,,"Cyclist without right-of-way rides into path of driver (at intersection, laneway, or driveway)",Disobeyed Traffic Control,Normal,other_micromobility,NA,Etobicoke Centre (2),22 Division,Islington,false,false,false,false,true,false,false,false,false,false,"{""coordinates"": [[-79.553540770629, 43.652587619501155]], ""type"": ""MultiPoint""}"
19045,2024:4000130665,2024-01-18T08:39:00,MORNINGSIDE AVE,LAWRENCE AVE E,30 m North of,2,Non-Fatal Injury,Intersection-Related,Traffic Signal,Reversing,Clear,Daylight,Dry,Minor Arterial,false,-79.18622991162907,43.76840788527467,1,Automobile or Station Wagon,North,1,40,None,Use Unknown,,Unknown,,,Going Ahead,,,,,driver,NA,Scarborough-Guildwood (24),43 Division,West Hill,false,false,false,false,false,false,true,false,false,false,"{""coordinates"": [[-79.18622991162907, 43.76840788527467]], ""type"": ""MultiPoint""}"
19046,2024:4000130665,2024-01-18T08:39:00,MORNINGSIDE AVE,LAWRENCE AVE E,30 m North of,2,Non-Fatal Injury,Intersection-Related,Traffic Signal,Reversing,Clear,Daylight,Dry,Minor Arterial,false,-79.18622991162907,43.76840788527467,1,,,2,39,Major,Use Unknown,,,Crossing without right-of-way (intersection),Normal,,Driver going straight hits pedestrian crossing without right-of-way (at intersection),,,,pedestrian,NA,Scarborough-Guildwood (24),43 Division,West Hill,false,false,false,false,false,false,true,false,false,false,"{""coordinates"": [[-79.18622991162907, 43.76840788527467]], ""type"": ""MultiPoint""}"
19047,2024:4000146970,2024-01-20T08:43:00,LAKE SHORE BLVD E,CHERRY ST,,2,Fatal Injury,Non-Intersection,No Control,Approaching Head On,Clear,Daylight,Dry,Expressway,false,-79.35210601789996,43.64902573634419,1,Passenger Van,West,1,18,Fatal,,Lost control,Other Condition,,,Going Ahead,,,,,driver,1,Spadina-Fort York (10),51 Division,St Lawrence-East Bayfront-The Islands,false,false,false,false,false,false,false,false,true,false,"{""coordinates"": [[-79.35210601789996, 43.64902573634419]], ""type"": ""MultiPoint""}"
19048,2024:4000146970,2024-01-20T08:43:00,LAKE SHORE BLVD E,CHERRY ST,,2,Fatal Injury,Non-Intersection,No Control,Approaching Head On,Clear,Daylight,Dry,Expressway,false,-79.35210601789996,43.64902573634419,2,Pickup Truck,East,2,32,Minimal,,Driving properly,Normal,,,Going Ahead,,,,,driver,NA,Spadina-Fort York (10),51 Division,St Lawrence-East Bayfront-The Islands,false,false,false,false,false,false,false,false,true,false,"{""coordinates"": [[-79.35210601789996, 43.64902573634419]], ""type"": ""MultiPoint""}"
19049,2024:4000149043,2024-01-20T14:52:00,BATHURST ST,COLLEGE ST,190 m North of,3,Non-Fatal Injury,Non-Intersection,No Control,Approaching Head On,Clear,Daylight,Dry,Major Arterial,false,-79.40831447335843,43.657953610595456,1,Automobile or Station Wagon,,3,75,Major,Lap and Shoulder Belt,,,,,,,,,,passenger,NA,University-Rosedale (11),14 Division,University,true,false,false,false,false,true,false,false,false,true,"{""coordinates"": [[-79.40831447335843, 43.657953610595456]], ""type"": ""MultiPoint""}"
19050,2024:4000149043,2024-01-20T14:52:00,BATHURST ST,COLLEGE ST,190 m North of,3,Non-Fatal Injury,Non-Intersection,No Control,Approaching Head On,Clear,Daylight,Dry,Major Arterial,false,-79.40831447335843,43.657953610595456,2,Streetcar,North,2,50,None,Lap and Shoulder Belt,Driving properly,Normal,,,Going Ahead,,,,,driver,NA,University-Rosedale (11),14 Division,University,true,false,false,false,false,true,false,false,false,true,"{""coordinates"": [[-79.40831447335843, 43.657953610595456]], ""type"": ""MultiPoint""}"
19051,2024:4000149043,2024-01-20T14:52:00,BATHURST ST,COLLEGE ST,190 m North of,3,Non-Fatal Injury,Non-Intersection,No Control,Approaching Head On,Clear,Daylight,Dry,Major Arterial,false,-79.40831447335843,43.657953610595456,1,Automobile or Station Wagon,South,1,78,Major,Lap and Shoulder Belt,Exceeding speed limit,Normal,,,Going Ahead,,,,,driver,NA,University-Rosedale (11),14 Division,University,true,false,false,false,false,true,false,false,false,true,"{""coordinates"": [[-79.40831447335843, 43.657953610595456]], ""type"": ""MultiPoint""}"
19052,2024:4000161611,2024-01-22T10:51:00,400 MIDWEST RD,GREAT W DR,325 m South of,2,Non-Fatal Injury,Non-Intersection,No Control,Rear End,Clear,Daylight,Dry,Collector,false,-79.27251086307005,43.76395622435856,2,Pickup Truck,North,2,29,None,Lap and Shoulder Belt,Driving properly,Normal,,,Slowing or Stopping,,,,,driver,NA,Scarborough Centre (21),41 Division,Dorset Park,true,false,false,false,false,false,false,false,false,false,"{""coordinates"": [[-79.27251086307005, 43.76395622435856]], ""type"": ""MultiPoint""}"
19053,2024:4000161611,2024-01-22T10:51:00,400 MIDWEST RD,GREAT W DR,325 m South of,2,Non-Fatal Injury,Non-Intersection,No Control,Rear End,Clear,Daylight,Dry,Collector,false,-79.27251086307005,43.76395622435856,1,Automobile or Station Wagon,North,1,20,Major,Lap and Shoulder Belt,Exceeding speed limit,Normal,,,Going Ahead,,,,,driver,NA,Scarborough Centre (21),41 Division,Dorset Park,true,false,false,false,false,false,false,false,false,false,"{""coordinates"": [[-79.27251086307005, 43.76395622435856]], ""type"": ""MultiPoint""}"
19054,2024:4000191749,2024-01-26T07:15:00,DORIS AV,FINCH AV E,,2,Non-Fatal Injury,Intersection-Related,Traffic Signal,SMV Other,Rain,Dark with Artificial Lighting,Wet,,false,-79.41218733990432,43.78044209298617,1,Passenger Van,North,1,64,None,Lap and Shoulder Belt,Failed to yield right-of-way,Normal,,,Turning Right,,,,,driver,NA,Willowdale (18),32 Division,East Willowdale,true,false,false,false,false,false,true,false,false,false,"{""coordinates"": [[-79.41218733990432, 43.78044209298617]], ""type"": ""MultiPoint""}"
19055,2024:4000191749,2024-01-26T07:15:00,DORIS AV,FINCH AV E,,2,Non-Fatal Injury,Intersection-Related,Traffic Signal,SMV Other,Rain,Dark with Artificial Lighting,Wet,,false,-79.41218733990432,43.78044209298617,1,,,2,21,Major,No Equipment Available,,,Crossing with right-of-way (intersection),Normal,,Driver turns right into pedestrian crossing with right-of-way (at intersection),,,,pedestrian,NA,Willowdale (18),32 Division,East Willowdale,true,false,false,false,false,false,true,false,false,false,"{""coordinates"": [[-79.41218733990432, 43.78044209298617]], ""type"": ""MultiPoint""}"
19056,2024:4000198393,2024-01-26T23:36:00,BRIMLEY RD,STRODE DR,,3,Non-Fatal Injury,Intersection-Related,No Control,Rear End,Clear,Dark with Artificial Lighting,Wet,Major Arterial,false,-79.24950822400771,43.739450577868205,1,Automobile or Station Wagon,,3,0,Major,Lap and Shoulder Belt,,,,,,,,,,passenger,NA,Scarborough Centre (21),41 Division,Eglinton East,false,false,false,false,false,false,false,false,false,true,"{""coordinates"": [[-79.24950822400771, 43.739450577868205]], ""type"": ""MultiPoint""}"
19057,2024:4000198393,2024-01-26T23:36:00,BRIMLEY RD,STRODE DR,,3,Non-Fatal Injury,Intersection-Related,No Control,Rear End,Clear,Dark with Artificial Lighting,Wet,Major Arterial,false,-79.24950822400771,43.739450577868205,1,Automobile or Station Wagon,South,1,26,Minor,Lap and Shoulder Belt,Lost control,Other Condition,,,Going Ahead,,,,,driver,NA,Scarborough Centre (21),41 Division,Eglinton East,false,false,false,false,false,false,false,false,false,true,"{""coordinates"": [[-79.24950822400771, 43.739450577868205]], ""type"": ""MultiPoint""}"
19058,2024:4000198393,2024-01-26T23:36:00,BRIMLEY RD,STRODE DR,,3,Non-Fatal Injury,Intersection-Related,No Control,Rear End,Clear,Dark with Artificial Lighting,Wet,Major Arterial,false,-79.24950822400771,43.739450577868205,2,Truck - Dump,South,2,30,None,Other Safety Equipment Used,Driving properly,Normal,,,Slowing or Stopping,,,,,driver,NA,Scarborough Centre (21),41 Division,Eglinton East,false,false,false,false,false,false,false,false,false,true,"{""coordinates"": [[-79.24950822400771, 43.739450577868205]], ""type"": ""MultiPoint""}"
19059,2024:4000199163,2024-01-27T02:33:00,EGLINTON AVE W,SCARLETT RD,242 m W of,4,Non-Fatal Injury,Non-Intersection,,SMV Other,Clear,Dark,Wet,Major Arterial,false,-79.51466836300813,43.683467056298554,1,Automobile or Station Wagon,West,1,34,Minimal,Use Unknown,Exceeding speed limit,Unknown,,,Going Ahead,,,,,driver,NA,Etobicoke Centre (2),22 Division,Edenbridge-Humber Valley,true,false,false,false,false,false,false,false,false,false,"{""coordinates"": [[-79.51466836300813, 43.683467056298554]], ""type"": ""MultiPoint""}"
19060,2024:4000199163,2024-01-27T02:33:00,EGLINTON AVE W,SCARLETT RD,242 m W of,4,Non-Fatal Injury,Non-Intersection,,SMV Other,Clear,Dark,Wet,Major Arterial,false,-79.51466836300813,43.683467056298554,1,,,2,35,Minor,Lap and Shoulder Belt,,,,,,,,,,passenger,NA,Etobicoke Centre (2),22 Division,Edenbridge-Humber Valley,true,false,false,false,false,false,false,false,false,false,"{""coordinates"": [[-79.51466836300813, 43.683467056298554]], ""type"": ""MultiPoint""}"
19061,2024:4000199163,2024-01-27T02:33:00,EGLINTON AVE W,SCARLETT RD,242 m W of,4,Non-Fatal Injury,Non-Intersection,,SMV Other,Clear,Dark,Wet,Major Arterial,false,-79.51466836300813,43.683467056298554,1,,,4,28,Major,Lap and Shoulder Belt,,,,,,,,,,passenger,NA,Etobicoke Centre (2),22 Division,Edenbridge-Humber Valley,true,false,false,false,false,false,false,false,false,false,"{""coordinates"": [[-79.51466836300813, 43.683467056298554]], ""type"": ""MultiPoint""}"
19062,2024:4000199163,2024-01-27T02:33:00,EGLINTON AVE W,SCARLETT RD,242 m W of,4,Non-Fatal Injury,Non-Intersection,,SMV Other,Clear,Dark,Wet,Major Arterial,false,-79.51466836300813,43.683467056298554,1,,,3,36,Minor,Lap and Shoulder Belt,,,,,,,,,,passenger,NA,Etobicoke Centre (2),22 Division,Edenbridge-Humber Valley,true,false,false,false,false,false,false,false,false,false,"{""coordinates"": [[-79.51466836300813, 43.683467056298554]], ""type"": ""MultiPoint""}"
19063,2024:4000204314,2024-01-27T19:09:00,GRAYDON HALL DR,FENELON DR,2 m East of,2,Non-Fatal Injury,Non-Intersection,No Control,SMV Other,Clear,Dark,Dry,Collector,false,-79.33913084709985,43.763651130280195,1,Automobile or Station Wagon,East,1,46,Major,Lap and Shoulder Belt,Lost control,Medical or Physical Disability,,,Going Ahead,,,,,driver,NA,Don Valley East (16),33 Division,Fenside-Parkwoods,false,false,false,false,false,false,false,false,true,false,"{""coordinates"": [[-79.33913084709985, 43.763651130280195]], ""type"": ""MultiPoint""}"
19064,2024:4000204314,2024-01-27T19:09:00,GRAYDON HALL DR,FENELON DR,2 m East of,2,Non-Fatal Injury,Non-Intersection,No Control,SMV Other,Clear,Dark,Dry,Collector,false,-79.33913084709985,43.763651130280195,1,Automobile or Station Wagon,,2,14,Minimal,Lap and Shoulder Belt,,,,,,,,,,passenger,NA,Don Valley East (16),33 Division,Fenside-Parkwoods,false,false,false,false,false,false,false,false,true,false,"{""coordinates"": [[-79.33913084709985, 43.763651130280195]], ""type"": ""MultiPoint""}"
19065,2024:4000206703,2024-01-28T03:13:00,CARLTON ST,YONGE ST,3 m West of,2,Non-Fatal Injury,Intersection-Related,Traffic Signal,Reversing,Clear,Dark with Artificial Lighting,Dry,Major Arterial,false,-79.38306875291298,43.661299062395805,1,,,2,33,Major,No Equipment Available,,,Walking on roadway with traffic,Had Been Drinking,,Driver hits pedestrian on sidewalk or shoulder,,,,pedestrian,NA,Toronto Centre (13),51 Division,Downtown Yonge East,false,false,false,false,false,false,true,false,false,false,"{""coordinates"": [[-79.38306875291298, 43.661299062395805]], ""type"": ""MultiPoint""}"
19066,2024:4000206703,2024-01-28T03:13:00,CARLTON ST,YONGE ST,3 m West of,2,Non-Fatal Injury,Intersection-Related,Traffic Signal,Reversing,Clear,Dark with Artificial Lighting,Dry,Major Arterial,false,-79.38306875291298,43.661299062395805,1,Automobile or Station Wagon,West,1,29,None,Lap and Shoulder Belt,Driving properly,Normal,,,Going Ahead,,,,,driver,NA,Toronto Centre (13),51 Division,Downtown Yonge East,false,false,false,false,false,false,true,false,false,false,"{""coordinates"": [[-79.38306875291298, 43.661299062395805]], ""type"": ""MultiPoint""}"
19067,2024:4000216770,2024-01-29T13:46:00,MCNICOLL AVE,BRIMLEY RD,,2,Fatal Injury,At Intersection,Traffic Signal,Cyclist Collision,Clear,Daylight,Dry,Major Arterial,false,-79.28187679722002,43.81554334046139,NA,Bicycle,East,1,60,Fatal,,,,,,Going Ahead,,Driver turns left into path of cyclist,,,cyclist,3,Scarborough North (23),42 Division,Milliken,true,false,true,false,false,false,false,false,false,false,"{""coordinates"": [[-79.28187679722002, 43.815543340461396]], ""type"": ""MultiPoint""}"
19068,2024:4000216770,2024-01-29T13:46:00,MCNICOLL AVE,BRIMLEY RD,,2,Fatal Injury,At Intersection,Traffic Signal,Cyclist Collision,Clear,Daylight,Dry,Major Arterial,false,-79.28187679722002,43.81554334046139,NA,Automobile or Station Wagon,West,2,49,,,Failed to yield right-of-way,Normal,,,Turning Left,,,,,driver,NA,Scarborough North (23),42 Division,Milliken,true,false,true,false,false,false,false,false,false,false,"{""coordinates"": [[-79.28187679722002, 43.815543340461396]], ""type"": ""MultiPoint""}"
19069,2024:4000243538,2024-02-01T18:55:00,JANE ST,CLAIR RD,1.5 m N,2,Fatal Injury,At Intersection,Traffic Signal,Reversing,Clear,Dark with Artificial Lighting,Dry,Major Arterial,false,-79.51363830616337,43.74116752518683,NA,,,1,70,Fatal,,,,Crossing without right-of-way (intersection),Normal,,Driver going straight hits pedestrian crossing without right-of-way (at intersection),,,,pedestrian,2,Humber River-Black Creek (7),31 Division,Glenfield-Jane Heights,false,false,false,false,false,true,true,false,false,false,"{""coordinates"": [[-79.51363830616337, 43.74116752518683]], ""type"": ""MultiPoint""}"
19070,2024:4000243538,2024-02-01T18:55:00,JANE ST,CLAIR RD,1.5 m N,2,Fatal Injury,At Intersection,Traffic Signal,Reversing,Clear,Dark with Artificial Lighting,Dry,Major Arterial,false,-79.51363830616337,43.74116752518683,NA,Automobile or Station Wagon,South,2,53,None,,Driving properly,Normal,,,Going Ahead,,,,,driver,NA,Humber River-Black Creek (7),31 Division,Glenfield-Jane Heights,false,false,false,false,false,true,true,false,false,false,"{""coordinates"": [[-79.51363830616337, 43.74116752518683]], ""type"": ""MultiPoint""}"
19071,2024:4000247530,2024-02-02T10:02:00,127 MAITLAND ST,JARVIS STREET,1 m North of,2,Non-Fatal Injury,Non-Intersection,No Control,Reversing,Clear,Daylight,Dry,Collector,false,-79.37851398995221,43.66499168198435,1,Automobile or Station Wagon,East,1,58,None,Lap and Shoulder Belt,,Unknown,,,Going Ahead,,,,,driver,NA,Toronto Centre (13),51 Division,Church-Wellesley,false,false,false,false,false,false,true,false,false,false,"{""coordinates"": [[-79.37851398995221, 43.66499168198435]], ""type"": ""MultiPoint""}"
19072,2024:4000247530,2024-02-02T10:02:00,127 MAITLAND ST,JARVIS STREET,1 m North of,2,Non-Fatal Injury,Non-Intersection,No Control,Reversing,Clear,Daylight,Dry,Collector,false,-79.37851398995221,43.66499168198435,1,,,2,57,Major,No Equipment Available,,,Crossing - no traffic control,Had Been Drinking,,Driver hits pedestrian at midblock,,,,pedestrian,NA,Toronto Centre (13),51 Division,Church-Wellesley,false,false,false,false,false,false,true,false,false,false,"{""coordinates"": [[-79.37851398995221, 43.66499168198435]], ""type"": ""MultiPoint""}"
19073,2024:4000247868,2024-02-02T10:50:00,YONGE ST,3083 YONGE ST,10 m East of,4,Non-Fatal Injury,Non-Intersection,Traffic Signal,Reversing,Clear,Daylight,Dry,Major Arterial,true,-79.40196669895602,43.725054108390374,2,,,4,71,Major,No Equipment Available,,,On sidewalk or shoulder,Normal,,Driver hits pedestrian on sidewalk or shoulder,,,,pedestrian,NA,Don Valley West (15),53 Division,Lawrence Park South,false,false,false,false,false,true,true,false,false,true,"{""coordinates"": [[-79.40196669895602, 43.725054108390374]], ""type"": ""MultiPoint""}"
19074,2024:4000247868,2024-02-02T10:50:00,YONGE ST,3083 YONGE ST,10 m East of,4,Non-Fatal Injury,Non-Intersection,Traffic Signal,Reversing,Clear,Daylight,Dry,Major Arterial,true,-79.40196669895602,43.725054108390374,1,Truck - Closed,East,1,57,,Use Unknown,,Unknown,,,Going Ahead,,,,,driver,NA,Don Valley West (15),53 Division,Lawrence Park South,false,false,false,false,false,true,true,false,false,true,"{""coordinates"": [[-79.40196669895602, 43.725054108390374]], ""type"": ""MultiPoint""}"
19075,2024:4000247868,2024-02-02T10:50:00,YONGE ST,3083 YONGE ST,10 m East of,4,Non-Fatal Injury,Non-Intersection,Traffic Signal,Reversing,Clear,Daylight,Dry,Major Arterial,true,-79.40196669895602,43.725054108390374,2,Automobile or Station Wagon,East,2,56,None,Lap and Shoulder Belt,Lost control,Normal,,,Going Ahead,,,,,driver,NA,Don Valley West (15),53 Division,Lawrence Park South,false,false,false,false,false,true,true,false,false,true,"{""coordinates"": [[-79.40196669895602, 43.725054108390374]], ""type"": ""MultiPoint""}"
19076,2024:4000247868,2024-02-02T10:50:00,YONGE ST,3083 YONGE ST,10 m East of,4,Non-Fatal Injury,Non-Intersection,Traffic Signal,Reversing,Clear,Daylight,Dry,Major Arterial,true,-79.40196669895602,43.725054108390374,2,Automobile or Station Wagon,,3,78,None,Lap and Shoulder Belt,,,,,,,,,,passenger,NA,Don Valley West (15),53 Division,Lawrence Park South,false,false,false,false,false,true,true,false,false,true,"{""coordinates"": [[-79.40196669895602, 43.725054108390374]], ""type"": ""MultiPoint""}"
19077,2024:4000250094,2024-02-02T15:38:00,WASHBURN WY,NAHANNI TER,5 m North of,2,Non-Fatal Injury,Intersection-Related,Pedestrian Crossover,Reversing,Clear,Daylight,Dry,Collector,false,-79.2244303168338,43.80246936201805,1,,,2,17,Major,Use Unknown,,,Crossing - pedestrian crossover,Normal,,Driver going straight hits pedestrian crossing with right-of-way (at intersection),,,,pedestrian,NA,Scarborough North (23),42 Division,Malvern West,false,false,false,false,false,true,true,false,true,false,"{""coordinates"": [[-79.2244303168338, 43.802469362018044]], ""type"": ""MultiPoint""}"
19078,2024:4000250094,2024-02-02T15:38:00,WASHBURN WY,NAHANNI TER,5 m North of,2,Non-Fatal Injury,Intersection-Related,Pedestrian Crossover,Reversing,Clear,Daylight,Dry,Collector,false,-79.2244303168338,43.80246936201805,1,Automobile or Station Wagon,South,1,74,None,Lap and Shoulder Belt,Driving properly,Normal,,,Going Ahead,,,,,driver,NA,Scarborough North (23),42 Division,Malvern West,false,false,false,false,false,true,true,false,true,false,"{""coordinates"": [[-79.2244303168338, 43.802469362018044]], ""type"": ""MultiPoint""}"
19079,2024:4000252873,2024-02-02T22:13:00,KING ST W,NIAGARA ST,3 m East of,2,Non-Fatal Injury,Intersection-Related,Traffic Signal,Reversing,Clear,Dark with Artificial Lighting,Dry,Major Arterial,false,-79.40779569764918,43.64276348957411,1,Automobile or Station Wagon,East,1,57,None,Lap and Shoulder Belt,Failed to yield right-of-way,Normal,,,Turning Left,,,,,driver,NA,Spadina-Fort York (10),14 Division,West Queen West,true,false,false,false,false,false,true,false,false,false,"{""coordinates"": [[-79.40779569764918, 43.64276348957411]], ""type"": ""MultiPoint""}"
19080,2024:4000252873,2024-02-02T22:13:00,KING ST W,NIAGARA ST,3 m East of,2,Non-Fatal Injury,Intersection-Related,Traffic Signal,Reversing,Clear,Dark with Artificial Lighting,Dry,Major Arterial,false,-79.40779569764918,43.64276348957411,1,,North,2,28,Major,Use Unknown,,,Crossing with right-of-way (intersection),Normal,,Driver turns left into pedestrian crossing with right-of-way (at intersection),,,,pedestrian,NA,Spadina-Fort York (10),14 Division,West Queen West,true,false,false,false,false,false,true,false,false,false,"{""coordinates"": [[-79.40779569764918, 43.64276348957411]], ""type"": ""MultiPoint""}"