X_id,collision_id,accdate,stname1,stname2,stname3,per_inv,acclass,accloc,traffictl,impactype,visible,light,rdsfcond,road_class,failtorem,longitude,latitude,veh_no,vehtype,initdir,per_no,invage,injury,safequip,drivact,drivcond,pedact,pedcond,manoeuvre,pedtype,cyclistype,cycact,cyccond,road_user,fatal_no,wardname,division,neighbourhood,aggressive,distracted,cyclist,motorcyclist,other_micromobility,older_adult,pedestrian,red_light,school_child,heavy_truck,geometry
19483,2024:4002011413,2024-09-13T16:19:00,WILLIAM R ALLEN RD N,WILSON HEIGHTS BLVD,272 m South of,6,Non-Fatal Injury,Non-Intersection,No Control,Same Direction,Clear,Daylight,Dry,Expressway,false,-79.45211085812474,43.7399342500936,3,Automobile or Station Wagon,North,3,18,None,Lap and Shoulder Belt,Driving properly,Normal,,,Going Ahead,,,,,driver,NA,York Centre (6),32 Division,Clanton Park,false,false,false,false,false,true,false,false,true,false,"{""coordinates"": [[-79.45211085812474, 43.739934250093604]], ""type"": ""MultiPoint""}"
19484,2024:4002012319,2024-09-13T18:15:00,ELLESMERE RD,MEADOWVALE RD,44 m West of,2,Non-Fatal Injury,Non-Intersection,,Rear End,Clear,Daylight,Dry,,false,-79.16427065171041,43.79233231715768,2,Automobile or Station Wagon,West,2,85,Major,Lap and Shoulder Belt,Driving properly,Normal,,,Going Ahead,,,,,driver,NA,Scarborough-Rouge Park (25),43 Division,Highland Creek,true,false,false,false,false,true,false,false,false,false,"{""coordinates"": [[-79.16427065171041, 43.79233231715768]], ""type"": ""MultiPoint""}"
19485,2024:4002012319,2024-09-13T18:15:00,ELLESMERE RD,MEADOWVALE RD,44 m West of,2,Non-Fatal Injury,Non-Intersection,,Rear End,Clear,Daylight,Dry,,false,-79.16427065171041,43.79233231715768,1,Automobile or Station Wagon,West,1,29,None,Lap and Shoulder Belt,Following too closely,Unknown,,,Going Ahead,,,,,driver,NA,Scarborough-Rouge Park (25),43 Division,Highland Creek,true,false,false,false,false,true,false,false,false,false,"{""coordinates"": [[-79.16427065171041, 43.79233231715768]], ""type"": ""MultiPoint""}"
19486,2024:4002021510,2024-09-14T22:57:00,DUNDAS ST W,CHELSEA AVE,40 m N of,2,Non-Fatal Injury,At/Near Private Drive,Traffic Signal,Turning Movement,Clear,Dark,Dry,,false,-79.45304049920874,43.658580882531254,2,Delivery Van,South,2,30,None,Lap and Shoulder Belt,Driving properly,Normal,,,Turning Left,,,,,driver,NA,Parkdale-High Park (4),11 Division,High Park North,true,false,false,true,false,false,false,false,false,true,"{""coordinates"": [[-79.45304049920874, 43.658580882531254]], ""type"": ""MultiPoint""}"
19487,2024:4002021510,2024-09-14T22:57:00,DUNDAS ST W,CHELSEA AVE,40 m N of,2,Non-Fatal Injury,At/Near Private Drive,Traffic Signal,Turning Movement,Clear,Dark,Dry,,false,-79.45304049920874,43.658580882531254,1,Motorcycle,North,1,21,Major,Use Unknown,Exceeding speed limit,Normal,,,Going Ahead,,,,,motorcyclist,NA,Parkdale-High Park (4),11 Division,High Park North,true,false,false,true,false,false,false,false,false,true,"{""coordinates"": [[-79.45304049920874, 43.658580882531254]], ""type"": ""MultiPoint""}"
19488,2024:4002021930,2024-09-15T00:16:00,DANFORTH RD,SAVARIN ST,15 m N of,2,Fatal Injury,Non-Intersection,No Control,SMV Other,Clear,Dark with Artificial Lighting,Dry,Major Arterial,false,-79.24503930060851,43.74339928786728,NA,,,2,27,Fatal,,,,Crossing - no traffic control,Unknown,,Driver hits pedestrian at midblock,,,,pedestrian,32,Scarborough Centre (21),43 Division,Eglinton East,true,false,false,false,false,true,true,false,false,false,"{""coordinates"": [[-79.24503930060851, 43.743399287867284]], ""type"": ""MultiPoint""}"
19489,2024:4002021930,2024-09-15T00:16:00,DANFORTH RD,SAVARIN ST,15 m N of,2,Fatal Injury,Non-Intersection,No Control,SMV Other,Clear,Dark with Artificial Lighting,Dry,Major Arterial,false,-79.24503930060851,43.74339928786728,1,Automobile or Station Wagon,South,1,65,None,Lap and Shoulder Belt,Failed to yield right-of-way,Normal,,,Going Ahead,,,,,driver,NA,Scarborough Centre (21),43 Division,Eglinton East,true,false,false,false,false,true,true,false,false,false,"{""coordinates"": [[-79.24503930060851, 43.743399287867284]], ""type"": ""MultiPoint""}"
19490,2024:4002022585,2024-09-15T02:49:00,THE QUEENSWAY,STOCK AV,32 m East of,1,Non-Fatal Injury,Non-Intersection,No Control,SMV Other,Clear,Dark with Artificial Lighting,Dry,,false,-79.5249648915819,43.621235101019465,1,Automobile or Station Wagon,East,1,27,Major,Lap and Shoulder Belt,Lost control,Normal,,,Going Ahead,,,,,driver,NA,Etobicoke-Lakeshore (3),22 Division,Etobicoke City Centre,false,false,false,false,false,false,false,false,false,false,"{""coordinates"": [[-79.5249648915819, 43.621235101019465]], ""type"": ""MultiPoint""}"
19491,2024:4002028478,2024-09-15T22:09:00,COXWELL AV,MORTIMER AV,20 m South of,3,Non-Fatal Injury,Non-Intersection,Traffic Signal,SMV Other,Clear,Dark with Artificial Lighting,Dry,,false,-79.32631471112038,43.68999539438053,1,Automobile or Station Wagon,North,1,62,None,Lap and Shoulder Belt,Driving properly,Normal,,,Going Ahead,,,,,driver,NA,Beaches-East York (19),55 Division,Danforth East York,false,false,false,false,false,true,true,false,false,false,"{""coordinates"": [[-79.32631471112038, 43.68999539438053]], ""type"": ""MultiPoint""}"
19492,2024:4002028478,2024-09-15T22:09:00,COXWELL AV,MORTIMER AV,20 m South of,3,Non-Fatal Injury,Non-Intersection,Traffic Signal,SMV Other,Clear,Dark with Artificial Lighting,Dry,,false,-79.32631471112038,43.68999539438053,1,,,3,74,Minor,Use Unknown,,,Crossing - no traffic control,Normal,,Driver hits pedestrian at midblock,,,,pedestrian,NA,Beaches-East York (19),55 Division,Danforth East York,false,false,false,false,false,true,true,false,false,false,"{""coordinates"": [[-79.32631471112038, 43.68999539438053]], ""type"": ""MultiPoint""}"
19493,2024:4002028478,2024-09-15T22:09:00,COXWELL AV,MORTIMER AV,20 m South of,3,Non-Fatal Injury,Non-Intersection,Traffic Signal,SMV Other,Clear,Dark with Artificial Lighting,Dry,,false,-79.32631471112038,43.68999539438053,1,,,2,77,Major,Use Unknown,,,Crossing - no traffic control,Normal,,Driver hits pedestrian at midblock,,,,pedestrian,NA,Beaches-East York (19),55 Division,Danforth East York,false,false,false,false,false,true,true,false,false,false,"{""coordinates"": [[-79.32631471112038, 43.68999539438053]], ""type"": ""MultiPoint""}"
19494,2024:4002046525,2024-09-18T05:23:00,DVP N BAYVIEW BLOOR RAMP,BAYVIEW BLOOR DVP RAMP,398 m East of,1,Non-Fatal Injury,Non-Intersection,No Control,SMV Other,Clear,Dawn with Artificial Lighting,Dry,Expressway Ramp,false,-79.36670280123317,43.679561152413235,1,Automobile or Station Wagon,West,1,41,Major,Lap and Shoulder Belt,Lost control,Normal,,,Going Ahead,,,,,driver,NA,University-Rosedale (11),53 Division,Leaside-Bennington,false,false,false,false,false,false,false,false,false,false,"{""coordinates"": [[-79.36670280123317, 43.679561152413235]], ""type"": ""MultiPoint""}"
19495,2024:4002058547,2024-09-19T15:36:00,MOUNT PLEASANT RD,MILLWOOD RD,1 m North of,4,Non-Fatal Injury,Intersection-Related,Stop Sign,Approaching Head On,Clear,Daylight,Dry,,false,-79.38749210610794,43.70175357665919,3,Automobile or Station Wagon,South,3,27,None,Lap and Shoulder Belt,Driving properly,Normal,,,Going Ahead,,,,,driver,NA,Don Valley West (15),53 Division,Mount Pleasant East,false,true,false,true,false,true,false,false,true,false,"{""coordinates"": [[-79.38749210610794, 43.70175357665919]], ""type"": ""MultiPoint""}"
19496,2024:4002058547,2024-09-19T15:36:00,MOUNT PLEASANT RD,MILLWOOD RD,1 m North of,4,Non-Fatal Injury,Intersection-Related,Stop Sign,Approaching Head On,Clear,Daylight,Dry,,false,-79.38749210610794,43.70175357665919,1,Motorcycle,North,1,19,Major,Helmet,Lost control,Inattentive - Other,,,Changing Lanes,,,,,motorcyclist,NA,Don Valley West (15),53 Division,Mount Pleasant East,false,true,false,true,false,true,false,false,true,false,"{""coordinates"": [[-79.38749210610794, 43.70175357665919]], ""type"": ""MultiPoint""}"
19497,2024:4002058547,2024-09-19T15:36:00,MOUNT PLEASANT RD,MILLWOOD RD,1 m North of,4,Non-Fatal Injury,Intersection-Related,Stop Sign,Approaching Head On,Clear,Daylight,Dry,,false,-79.38749210610794,43.70175357665919,4,Automobile or Station Wagon,North,4,48,None,Lap and Shoulder Belt,Driving properly,Normal,,,Going Ahead,,,,,driver,NA,Don Valley West (15),53 Division,Mount Pleasant East,false,true,false,true,false,true,false,false,true,false,"{""coordinates"": [[-79.38749210610794, 43.70175357665919]], ""type"": ""MultiPoint""}"
19498,2024:4002058547,2024-09-19T15:36:00,MOUNT PLEASANT RD,MILLWOOD RD,1 m North of,4,Non-Fatal Injury,Intersection-Related,Stop Sign,Approaching Head On,Clear,Daylight,Dry,,false,-79.38749210610794,43.70175357665919,2,Automobile or Station Wagon,South,2,82,None,Lap and Shoulder Belt,Driving properly,Normal,,,Going Ahead,,,,,driver,NA,Don Valley West (15),53 Division,Mount Pleasant East,false,true,false,true,false,true,false,false,true,false,"{""coordinates"": [[-79.38749210610794, 43.70175357665919]], ""type"": ""MultiPoint""}"
19499,2024:4002059443,2024-09-19T17:05:00,STEELES AVE W,GERRY FITZGERALD DR,14 m West of,3,Non-Fatal Injury,Intersection-Related,Traffic Signal,Same Direction,Clear,Daylight,Dry,,false,-79.47499623544648,43.786033667108235,2,Municipal Transit Bus (TTC),East,2,35,None,Lap and Shoulder Belt,Driving properly,Normal,,,Slowing or Stopping,,,,,driver,NA,York Centre (6),32 Division,York University Heights,false,false,false,false,false,false,false,false,false,true,"{""coordinates"": [[-79.47499623544648, 43.786033667108235]], ""type"": ""MultiPoint""}"
19500,2024:4002059443,2024-09-19T17:05:00,STEELES AVE W,GERRY FITZGERALD DR,14 m West of,3,Non-Fatal Injury,Intersection-Related,Traffic Signal,Same Direction,Clear,Daylight,Dry,,false,-79.47499623544648,43.786033667108235,1,Automobile or Station Wagon,East,1,0,None,Use Unknown,Speed too slow,Unknown,,,Slowing or Stopping,,,,,driver,NA,York Centre (6),32 Division,York University Heights,false,false,false,false,false,false,false,false,false,true,"{""coordinates"": [[-79.47499623544648, 43.786033667108235]], ""type"": ""MultiPoint""}"
19501,2024:4002059443,2024-09-19T17:05:00,STEELES AVE W,GERRY FITZGERALD DR,14 m West of,3,Non-Fatal Injury,Intersection-Related,Traffic Signal,Same Direction,Clear,Daylight,Dry,,false,-79.47499623544648,43.786033667108235,2,Municipal Transit Bus (TTC),,3,52,Major,Equipment Not Used But Available,,,,,,,,,,passenger,NA,York Centre (6),32 Division,York University Heights,false,false,false,false,false,false,false,false,false,true,"{""coordinates"": [[-79.47499623544648, 43.786033667108235]], ""type"": ""MultiPoint""}"
19502,2024:4002070178,2024-09-21T01:20:00,CALEDONIA RD,CASTLEFIELD AVE,,2,Non-Fatal Injury,Four-way,Traffic Signal,Turning Movement,Clear,Dark with Artificial Lighting,Dry,Minor Arterial,false,-79.46343064987144,43.698417781460385,1,Automobile or Station Wagon,South,1,32,None,Lap and Shoulder Belt,Failed to yield right-of-way,Normal,,,Turning Left,,,,,driver,NA,Eglinton-Lawrence (8),13 Division,Briar Hill-Belgravia,true,false,false,true,false,false,false,false,false,false,"{""coordinates"": [[-79.46343064987144, 43.698417781460385]], ""type"": ""MultiPoint""}"
19503,2024:4002070178,2024-09-21T01:20:00,CALEDONIA RD,CASTLEFIELD AVE,,2,Non-Fatal Injury,Four-way,Traffic Signal,Turning Movement,Clear,Dark with Artificial Lighting,Dry,Minor Arterial,false,-79.46343064987144,43.698417781460385,2,Motorcycle,North,2,31,Major,Helmet,Driving properly,Normal,,,Going Ahead,,,,,motorcyclist,NA,Eglinton-Lawrence (8),13 Division,Briar Hill-Belgravia,true,false,false,true,false,false,false,false,false,false,"{""coordinates"": [[-79.46343064987144, 43.698417781460385]], ""type"": ""MultiPoint""}"
19504,2024:4002073479,2024-09-21T14:30:00,MILVAN DR,TORYORK DR,,2,Non-Fatal Injury,Intersection-Related,No Control,Turning Movement,Clear,Daylight,Dry,Collector,false,-79.56402008537313,43.762500172644195,2,Automobile or Station Wagon,West,2,42,None,Lap and Shoulder Belt,Driving properly,Normal,,,Going Ahead,,,,,driver,NA,Humber River-Black Creek (7),31 Division,Humber Summit,false,true,false,true,false,false,false,false,false,false,"{""coordinates"": [[-79.56402008537313, 43.762500172644195]], ""type"": ""MultiPoint""}"
19505,2024:4002073479,2024-09-21T14:30:00,MILVAN DR,TORYORK DR,,2,Non-Fatal Injury,Intersection-Related,No Control,Turning Movement,Clear,Daylight,Dry,Collector,false,-79.56402008537313,43.762500172644195,1,Motorcycle,North,1,20,Major,Helmet,Lost control,Inattentive - Other,,,Turning Right,,,,,motorcyclist,NA,Humber River-Black Creek (7),31 Division,Humber Summit,false,true,false,true,false,false,false,false,false,false,"{""coordinates"": [[-79.56402008537313, 43.762500172644195]], ""type"": ""MultiPoint""}"
19506,2024:4002090851,2024-09-23T20:06:00,PACIFIC AV,ANNETTE ST,,4,Fatal Injury,At Intersection,Traffic Signal,Angle,Rain,Dark with Artificial Lighting,Wet,Minor Arterial,false,-79.46761351914697,43.66327320188261,NA,Automobile or Station Wagon,West,4,34,None,,Driving properly,Normal,,,Going Ahead,,,,,driver,NA,Parkdale-High Park (4),11 Division,Junction Area,true,false,false,false,false,false,true,true,false,false,"{""coordinates"": [[-79.46761351914697, 43.66327320188261]], ""type"": ""MultiPoint""}"
19507,2024:4002090851,2024-09-23T20:06:00,PACIFIC AV,ANNETTE ST,,4,Fatal Injury,At Intersection,Traffic Signal,Angle,Rain,Dark with Artificial Lighting,Wet,Minor Arterial,false,-79.46761351914697,43.66327320188261,NA,Automobile or Station Wagon,North,3,57,None,,Disobeyed traffic control,Normal,,,Going Ahead,,,,,driver,NA,Parkdale-High Park (4),11 Division,Junction Area,true,false,false,false,false,false,true,true,false,false,"{""coordinates"": [[-79.46761351914697, 43.66327320188261]], ""type"": ""MultiPoint""}"
19508,2024:4002090851,2024-09-23T20:06:00,PACIFIC AV,ANNETTE ST,,4,Fatal Injury,At Intersection,Traffic Signal,Angle,Rain,Dark with Artificial Lighting,Wet,Minor Arterial,false,-79.46761351914697,43.66327320188261,NA,,,2,48,Minor,,,,On sidewalk or shoulder,Normal,,Driver hits pedestrian on sidewalk or shoulder,,,,pedestrian,NA,Parkdale-High Park (4),11 Division,Junction Area,true,false,false,false,false,false,true,true,false,false,"{""coordinates"": [[-79.46761351914697, 43.66327320188261]], ""type"": ""MultiPoint""}"
19509,2024:4002090851,2024-09-23T20:06:00,PACIFIC AV,ANNETTE ST,,4,Fatal Injury,At Intersection,Traffic Signal,Angle,Rain,Dark with Artificial Lighting,Wet,Minor Arterial,false,-79.46761351914697,43.66327320188261,NA,,,1,46,Fatal,,,,On sidewalk or shoulder,Normal,,Driver hits pedestrian on sidewalk or shoulder,,,,pedestrian,33,Parkdale-High Park (4),11 Division,Junction Area,true,false,false,false,false,false,true,true,false,false,"{""coordinates"": [[-79.46761351914697, 43.66327320188261]], ""type"": ""MultiPoint""}"
19510,2024:4002091783,2024-09-23T22:35:00,WILSON AVE,WILSON HEIGHTS BLVD,,2,Non-Fatal Injury,Four-way,Traffic Signal,SMV Other,Rain,Dark with Artificial Lighting,Wet,Major Arterial,false,-79.4472157586048,43.73471384579507,1,Pickup Truck,East,1,22,None,Lap and Shoulder Belt,Failed to yield right-of-way,Inattentive - Other,,,Turning Left,,,,,driver,NA,York Centre (6),32 Division,Clanton Park,true,true,false,false,false,false,true,false,false,false,"{""coordinates"": [[-79.4472157586048, 43.73471384579507]], ""type"": ""MultiPoint""}"
19511,2024:4002091783,2024-09-23T22:35:00,WILSON AVE,WILSON HEIGHTS BLVD,,2,Non-Fatal Injury,Four-way,Traffic Signal,SMV Other,Rain,Dark with Artificial Lighting,Wet,Major Arterial,false,-79.4472157586048,43.73471384579507,1,,,2,24,Major,Use Unknown,,,Crossing with right-of-way (intersection),Normal,,Driver turns left into pedestrian crossing with right-of-way (at intersection),,,,pedestrian,NA,York Centre (6),32 Division,Clanton Park,true,true,false,false,false,false,true,false,false,false,"{""coordinates"": [[-79.4472157586048, 43.73471384579507]], ""type"": ""MultiPoint""}"
19512,2024:4002109796,2024-09-25T22:30:00,VICTORIA PARK AVE,DENTON AVE,35 m South of,2,Non-Fatal Injury,Non-Intersection,No Control,SMV Other,Clear,Dusk with Artificial Lighting,Dry,Major Arterial,true,-79.28878533844626,43.69259674222832,NA,,,2,35,Major,No Equipment Available,,,On sidewalk or shoulder,Normal,,Driver hits pedestrian on sidewalk or shoulder,,,,pedestrian,NA,Scarborough Southwest (20),41 Division,Oakridge,false,false,false,false,false,false,true,false,false,false,"{""coordinates"": [[-79.28878533844626, 43.69259674222832]], ""type"": ""MultiPoint""}"
19513,2024:4002109796,2024-09-25T22:30:00,VICTORIA PARK AVE,DENTON AVE,35 m South of,2,Non-Fatal Injury,Non-Intersection,No Control,SMV Other,Clear,Dusk with Artificial Lighting,Dry,Major Arterial,true,-79.28878533844626,43.69259674222832,1,Automobile or Station Wagon,North,1,36,None,Use Unknown,Other,Road Rage/Aggression,,,Pulling Onto Shoulder or Toward Curb,,,,,driver,NA,Scarborough Southwest (20),41 Division,Oakridge,false,false,false,false,false,false,true,false,false,false,"{""coordinates"": [[-79.28878533844626, 43.69259674222832]], ""type"": ""MultiPoint""}"
19514,2024:4002109314,2024-09-26T06:40:00,KEELE ST,ST REGIS CR,,2,Non-Fatal Injury,Intersection-Related,Traffic Signal,SMV Other,Clear,Dark,Dry,,false,-79.48870829681351,43.75465229088866,1,Automobile or Station Wagon,North,1,36,None,Lap and Shoulder Belt,Failed to yield right-of-way,Normal,,,Turning Right,,,,,driver,NA,York Centre (6),31 Division,York University Heights,true,false,false,false,false,false,true,false,false,false,"{""coordinates"": [[-79.48870829681351, 43.75465229088866]], ""type"": ""MultiPoint""}"
19515,2024:4002109314,2024-09-26T06:40:00,KEELE ST,ST REGIS CR,,2,Non-Fatal Injury,Intersection-Related,Traffic Signal,SMV Other,Clear,Dark,Dry,,false,-79.48870829681351,43.75465229088866,1,,,2,52,Major,Use Unknown,,,Crossing with right-of-way (intersection),Normal,,Driver turns right into pedestrian crossing with right-of-way (at intersection),,,,pedestrian,NA,York Centre (6),31 Division,York University Heights,true,false,false,false,false,false,true,false,false,false,"{""coordinates"": [[-79.48870829681351, 43.75465229088866]], ""type"": ""MultiPoint""}"
19516,2024:4002114669,2024-09-26T19:18:00,WEST RD,SPRING RD,25 m South of,2,Non-Fatal Injury,Non-Intersection,,Approaching Head On,Clear,Dusk,Dry,,false,-79.46570423511353,43.65204630375467,1,E-Bike (Power-Assisted Bicycle),North,1,23,Minimal,Helmet,Wrong way on one-way road,Normal,,,Going Ahead,,Cyclist hits another cyclist,Wrong Way on One Way Road,Normal,cyclist,NA,Parkdale-High Park (4),11 Division,High Park-Swansea,false,false,true,false,false,false,false,false,false,false,"{""coordinates"": [[-79.46570423511353, 43.65204630375467]], ""type"": ""MultiPoint""}"
19517,2024:4002114669,2024-09-26T19:18:00,WEST RD,SPRING RD,25 m South of,2,Non-Fatal Injury,Non-Intersection,,Approaching Head On,Clear,Dusk,Dry,,false,-79.46570423511353,43.65204630375467,2,Bicycle,South,2,NA,Major,Helmet,Driving properly,Normal,,,Going Ahead,,Cyclist hits another cyclist,Driving Properly,Normal,cyclist,NA,Parkdale-High Park (4),11 Division,High Park-Swansea,false,false,true,false,false,false,false,false,false,false,"{""coordinates"": [[-79.46570423511353, 43.65204630375467]], ""type"": ""MultiPoint""}"
19518,2024:4002119584,2024-09-27T12:49:00,149 COLLEGE ST,MCCAUL ST,97 m East of,2,Non-Fatal Injury,Intersection-Related,Pedestrian Crossover,Turning Movement,Clear,Daylight,Dry,,false,-79.39179717940563,43.65950159274059,2,Bicycle,East,2,24,Major,No Equipment Available,,,,,Going Ahead,,Motorist turned left,Driving Properly,Normal,cyclist,NA,University-Rosedale (11),52 Division,Kensington-Chinatown,true,false,true,false,false,false,false,false,false,false,"{""coordinates"": [[-79.39179717940563, 43.65950159274059]], ""type"": ""MultiPoint""}"
19519,2024:4002119584,2024-09-27T12:49:00,149 COLLEGE ST,MCCAUL ST,97 m East of,2,Non-Fatal Injury,Intersection-Related,Pedestrian Crossover,Turning Movement,Clear,Daylight,Dry,,false,-79.39179717940563,43.65950159274059,1,Automobile or Station Wagon,West,1,28,None,Lap and Shoulder Belt,Failed to yield right-of-way,Normal,,,Turning Left,,,,,driver,NA,University-Rosedale (11),52 Division,Kensington-Chinatown,true,false,true,false,false,false,false,false,false,false,"{""coordinates"": [[-79.39179717940563, 43.65950159274059]], ""type"": ""MultiPoint""}"
19520,2024:4002146325,2024-09-30T21:25:00,DON VALLEY PARKWAY S,SPANBRIDGE RD,645 m West of,2,Non-Fatal Injury,Non-Intersection,No Control,Rear End,Clear,Dark with Artificial Lighting,Dry,,false,-79.33089749429625,43.708249798918,2,Automobile or Station Wagon,South,2,35,Minor,Lap and Shoulder Belt,Driving properly,Normal,,,Going Ahead,,,,,driver,NA,Don Valley East (16),55 Division,O'Connor-Parkview,true,false,false,true,false,false,false,false,false,false,"{""coordinates"": [[-79.33089749429625, 43.708249798918]], ""type"": ""MultiPoint""}"
19521,2024:4002146325,2024-09-30T21:25:00,DON VALLEY PARKWAY S,SPANBRIDGE RD,645 m West of,2,Non-Fatal Injury,Non-Intersection,No Control,Rear End,Clear,Dark with Artificial Lighting,Dry,,false,-79.33089749429625,43.708249798918,1,Motorcycle,South,1,20,Major,Helmet,Speed too fast for conditions,Other Condition,,,Going Ahead,,,,,motorcyclist,NA,Don Valley East (16),55 Division,O'Connor-Parkview,true,false,false,true,false,false,false,false,false,false,"{""coordinates"": [[-79.33089749429625, 43.708249798918]], ""type"": ""MultiPoint""}"
19522,2024:4002157152,2024-10-02T08:20:00,CASTLEFIELD AV,DUFFERIN ST,25 m West of,2,Non-Fatal Injury,Non-Intersection,No Control,Angle,Clear,Daylight,Dry,Collector,false,-79.45243552596156,43.70065786554077,2,Pickup Truck,East,2,60,Major,Lap and Shoulder Belt,Lost control,Normal,,,Going Ahead,,,,,driver,NA,Eglinton-Lawrence (8),13 Division,Briar Hill-Belgravia,false,false,false,false,false,false,false,false,false,true,"{""coordinates"": [[-79.45243552596156, 43.70065786554077]], ""type"": ""MultiPoint""}"
19523,2024:4002157152,2024-10-02T08:20:00,CASTLEFIELD AV,DUFFERIN ST,25 m West of,2,Non-Fatal Injury,Non-Intersection,No Control,Angle,Clear,Daylight,Dry,Collector,false,-79.45243552596156,43.70065786554077,1,Truck - Closed,South,1,58,None,Lap and Shoulder Belt,Driving properly,Normal,,,Slowing or Stopping,,,,,driver,NA,Eglinton-Lawrence (8),13 Division,Briar Hill-Belgravia,false,false,false,false,false,false,false,false,false,true,"{""coordinates"": [[-79.45243552596156, 43.70065786554077]], ""type"": ""MultiPoint""}"
19524,2024:4002159905,2024-10-02T14:22:00,AVENUE RD,DAVENPORT RD,18 m North of,4,Non-Fatal Injury,Non-Intersection,No Control,SMV Other,Clear,Daylight,Dry,Major Arterial,false,-79.3965597644061,43.67498519578003,1,,,4,53,Major,No Equipment Available,,,On sidewalk or shoulder,Normal,,Driver hits pedestrian on sidewalk or shoulder,,,,pedestrian,NA,University-Rosedale (11),53 Division,Annex,false,false,false,false,false,true,true,false,false,false,"{""coordinates"": [[-79.3965597644061, 43.67498519578003]], ""type"": ""MultiPoint""}"
19525,2024:4002159905,2024-10-02T14:22:00,AVENUE RD,DAVENPORT RD,18 m North of,4,Non-Fatal Injury,Non-Intersection,No Control,SMV Other,Clear,Daylight,Dry,Major Arterial,false,-79.3965597644061,43.67498519578003,3,Automobile or Station Wagon,North,3,67,None,Lap and Shoulder Belt,,Normal,,,Parked,,,,,driver,NA,University-Rosedale (11),53 Division,Annex,false,false,false,false,false,true,true,false,false,false,"{""coordinates"": [[-79.3965597644061, 43.67498519578003]], ""type"": ""MultiPoint""}"
19526,2024:4002159905,2024-10-02T14:22:00,AVENUE RD,DAVENPORT RD,18 m North of,4,Non-Fatal Injury,Non-Intersection,No Control,SMV Other,Clear,Daylight,Dry,Major Arterial,false,-79.3965597644061,43.67498519578003,2,Automobile or Station Wagon,North,2,64,None,Lap and Shoulder Belt,,Normal,,,Parked,,,,,driver,NA,University-Rosedale (11),53 Division,Annex,false,false,false,false,false,true,true,false,false,false,"{""coordinates"": [[-79.3965597644061, 43.67498519578003]], ""type"": ""MultiPoint""}"
19527,2024:4002159905,2024-10-02T14:22:00,AVENUE RD,DAVENPORT RD,18 m North of,4,Non-Fatal Injury,Non-Intersection,No Control,SMV Other,Clear,Daylight,Dry,Major Arterial,false,-79.3965597644061,43.67498519578003,1,Automobile or Station Wagon,West,1,78,None,Lap and Shoulder Belt,Lost control,Normal,,,Turning Right,,,,,driver,NA,University-Rosedale (11),53 Division,Annex,false,false,false,false,false,true,true,false,false,false,"{""coordinates"": [[-79.3965597644061, 43.67498519578003]], ""type"": ""MultiPoint""}"
19528,2024:4002161113,2024-10-02T16:58:00,TODD BAYLIS BLVD,TRETHEWEY DR,62 m West of,2,Non-Fatal Injury,Non-Intersection,No Control,Turning Movement,Clear,Daylight with Artificial Lighting,Dry,,false,-79.48842110052766,43.69563651699194,1,E-Bike (Power-Assisted Bicycle),East,1,0,Major,No Equipment Available,Lost control,Unknown,,,Turning Left,,Cyclist turns left into path of driver,Lost control,Unknown,cyclist,NA,York South-Weston (5),12 Division,Brookhaven-Amesbury,false,false,true,false,false,false,false,false,false,false,"{""coordinates"": [[-79.48842110052766, 43.69563651699194]], ""type"": ""MultiPoint""}"
19529,2024:4002161113,2024-10-02T16:58:00,TODD BAYLIS BLVD,TRETHEWEY DR,62 m West of,2,Non-Fatal Injury,Non-Intersection,No Control,Turning Movement,Clear,Daylight with Artificial Lighting,Dry,,false,-79.48842110052766,43.69563651699194,2,Automobile or Station Wagon,South,2,59,None,Lap and Shoulder Belt,Driving properly,Normal,,,Stopped,,,,,driver,NA,York South-Weston (5),12 Division,Brookhaven-Amesbury,false,false,true,false,false,false,false,false,false,false,"{""coordinates"": [[-79.48842110052766, 43.69563651699194]], ""type"": ""MultiPoint""}"
19530,2024:4002161660,2024-10-02T18:07:00,ISLINGTON AVE,ORRELL AVE,,6,Non-Fatal Injury,Intersection-Related,Traffic Signal,SMV Other,Clear,Daylight,Dry,Major Arterial,false,-79.52872993067399,43.65673468703869,1,,,6,1,Minor,No Equipment Available,,,Crossing with right-of-way (intersection),Normal,,Driver turns left into pedestrian crossing with right-of-way (at intersection),,,,pedestrian,NA,Etobicoke Centre (2),22 Division,Princess-Rosethorn,false,false,false,false,false,true,true,false,true,false,"{""coordinates"": [[-79.52872993067399, 43.65673468703869]], ""type"": ""MultiPoint""}"
19531,2024:4002161660,2024-10-02T18:07:00,ISLINGTON AVE,ORRELL AVE,,6,Non-Fatal Injury,Intersection-Related,Traffic Signal,SMV Other,Clear,Daylight,Dry,Major Arterial,false,-79.52872993067399,43.65673468703869,1,,,5,0,Major,No Equipment Available,,,Crossing with right-of-way (intersection),Normal,,Driver turns left into pedestrian crossing with right-of-way (at intersection),,,,pedestrian,NA,Etobicoke Centre (2),22 Division,Princess-Rosethorn,false,false,false,false,false,true,true,false,true,false,"{""coordinates"": [[-79.52872993067399, 43.65673468703869]], ""type"": ""MultiPoint""}"