X_id,collision_id,accdate,stname1,stname2,stname3,per_inv,acclass,accloc,traffictl,impactype,visible,light,rdsfcond,road_class,failtorem,longitude,latitude,veh_no,vehtype,initdir,per_no,invage,injury,safequip,drivact,drivcond,pedact,pedcond,manoeuvre,pedtype,cyclistype,cycact,cyccond,road_user,fatal_no,wardname,division,neighbourhood,aggressive,distracted,cyclist,motorcyclist,other_micromobility,older_adult,pedestrian,red_light,school_child,heavy_truck,geometry
19532,2024:4002161660,2024-10-02T18:07:00,ISLINGTON AVE,ORRELL AVE,,6,Non-Fatal Injury,Intersection-Related,Traffic Signal,SMV Other,Clear,Daylight,Dry,Major Arterial,false,-79.52872993067399,43.65673468703869,1,,,4,4,Minor,No Equipment Available,,,Crossing with right-of-way (intersection),Normal,,Driver turns left into pedestrian crossing with right-of-way (at intersection),,,,pedestrian,NA,Etobicoke Centre (2),22 Division,Princess-Rosethorn,false,false,false,false,false,true,true,false,true,false,"{""coordinates"": [[-79.52872993067399, 43.65673468703869]], ""type"": ""MultiPoint""}"
19533,2024:4002161660,2024-10-02T18:07:00,ISLINGTON AVE,ORRELL AVE,,6,Non-Fatal Injury,Intersection-Related,Traffic Signal,SMV Other,Clear,Daylight,Dry,Major Arterial,false,-79.52872993067399,43.65673468703869,1,Automobile or Station Wagon,West,1,77,Minimal,Lap and Shoulder Belt,Other,Normal,,,Turning Left,Driver turns left into pedestrian crossing with right-of-way (at intersection),,,,driver,NA,Etobicoke Centre (2),22 Division,Princess-Rosethorn,false,false,false,false,false,true,true,false,true,false,"{""coordinates"": [[-79.52872993067399, 43.65673468703869]], ""type"": ""MultiPoint""}"
19534,2024:4002161660,2024-10-02T18:07:00,ISLINGTON AVE,ORRELL AVE,,6,Non-Fatal Injury,Intersection-Related,Traffic Signal,SMV Other,Clear,Daylight,Dry,Major Arterial,false,-79.52872993067399,43.65673468703869,1,,,3,39,Major,No Equipment Available,,,Crossing with right-of-way (intersection),Normal,,Driver turns left into pedestrian crossing with right-of-way (at intersection),,,,pedestrian,NA,Etobicoke Centre (2),22 Division,Princess-Rosethorn,false,false,false,false,false,true,true,false,true,false,"{""coordinates"": [[-79.52872993067399, 43.65673468703869]], ""type"": ""MultiPoint""}"
19535,2024:4002161660,2024-10-02T18:07:00,ISLINGTON AVE,ORRELL AVE,,6,Non-Fatal Injury,Intersection-Related,Traffic Signal,SMV Other,Clear,Daylight,Dry,Major Arterial,false,-79.52872993067399,43.65673468703869,1,,,2,45,Minor,No Equipment Available,,,Crossing with right-of-way (intersection),Normal,,Driver turns left into pedestrian crossing with right-of-way (at intersection),,,,pedestrian,NA,Etobicoke Centre (2),22 Division,Princess-Rosethorn,false,false,false,false,false,true,true,false,true,false,"{""coordinates"": [[-79.52872993067399, 43.65673468703869]], ""type"": ""MultiPoint""}"
19536,2024:4002186536,2024-10-05T22:00:00,WILSON AVE,CORNELIUS PKWY,,2,Non-Fatal Injury,T Intersection,Stop Sign,Turning Movement,Clear,Dark with Artificial Lighting,Dry,Major Arterial,false,-79.47706892162458,43.72828538700086,2,Motorcycle,East,2,39,Major,Lap and Shoulder Belt,Driving properly,Normal,,,Going Ahead,,,,,motorcyclist,NA,York Centre (6),31 Division,Downsview,false,false,false,true,false,false,false,false,false,false,"{""coordinates"": [[-79.47706892162458, 43.72828538700086]], ""type"": ""MultiPoint""}"
19537,2024:4002186536,2024-10-05T22:00:00,WILSON AVE,CORNELIUS PKWY,,2,Non-Fatal Injury,T Intersection,Stop Sign,Turning Movement,Clear,Dark with Artificial Lighting,Dry,Major Arterial,false,-79.47706892162458,43.72828538700086,1,Automobile or Station Wagon,North,1,37,None,Lap and Shoulder Belt,Other,Normal,,,Turning Left,,,,,driver,NA,York Centre (6),31 Division,Downsview,false,false,false,true,false,false,false,false,false,false,"{""coordinates"": [[-79.47706892162458, 43.72828538700086]], ""type"": ""MultiPoint""}"
19538,2024:4002190700,2024-10-06T13:30:00,HAVENDALE RD,KENNEDY RD,,2,Non-Fatal Injury,T Intersection,Traffic Signal,SMV Other,Clear,Daylight,Dry,,false,-79.29170343418355,43.79103834945361,1,Automobile or Station Wagon,West,1,73,None,Lap and Shoulder Belt,Failed to yield right-of-way,Normal,,,Turning Left,,,,,driver,NA,Scarborough-Agincourt (22),42 Division,Tam O'Shanter-Sullivan,true,false,false,false,false,true,true,false,false,false,"{""coordinates"": [[-79.29170343418355, 43.79103834945361]], ""type"": ""MultiPoint""}"
19539,2024:4002190700,2024-10-06T13:30:00,HAVENDALE RD,KENNEDY RD,,2,Non-Fatal Injury,T Intersection,Traffic Signal,SMV Other,Clear,Daylight,Dry,,false,-79.29170343418355,43.79103834945361,1,,,2,25,Major,Use Unknown,,,Crossing with right-of-way (intersection),Normal,,Driver turns left into pedestrian crossing with right-of-way (at intersection),,,,pedestrian,NA,Scarborough-Agincourt (22),42 Division,Tam O'Shanter-Sullivan,true,false,false,false,false,true,true,false,false,false,"{""coordinates"": [[-79.29170343418355, 43.79103834945361]], ""type"": ""MultiPoint""}"
19540,2024:4002190861,2024-10-06T13:55:00,BROCK AV,WYNDHAM ST,5 m North of,2,Non-Fatal Injury,Intersection-Related,No Control,Turning Movement,Clear,Daylight,Dry,,false,-79.43486578186972,43.64790015960287,1,E-Scooter (Electric Kick-Style Scooter),North,1,15,Major,Use Unknown,Improper turn,Normal,,,Turning Right,,"Cyclist without right-of-way rides into path of driver (at intersection, laneway, or driveway)",,,motorcyclist,NA,Davenport (9),11 Division,Little Portugal,false,false,false,true,false,false,false,false,true,false,"{""coordinates"": [[-79.43486578186972, 43.64790015960287]], ""type"": ""MultiPoint""}"
19541,2024:4002190861,2024-10-06T13:55:00,BROCK AV,WYNDHAM ST,5 m North of,2,Non-Fatal Injury,Intersection-Related,No Control,Turning Movement,Clear,Daylight,Dry,,false,-79.43486578186972,43.64790015960287,2,Automobile or Station Wagon,South,2,48,None,Use Unknown,Driving properly,Normal,,,Going Ahead,,,,,driver,NA,Davenport (9),11 Division,Little Portugal,false,false,false,true,false,false,false,false,true,false,"{""coordinates"": [[-79.43486578186972, 43.64790015960287]], ""type"": ""MultiPoint""}"
19542,2024:4002193432,2024-10-06T20:34:00,DON MILLS RD,HAVENBROOK BLVD,,2,Fatal Injury,At Intersection,Traffic Signal,Turning Movement,Clear,Dark,Dry,Major Arterial,false,-79.34661484371186,43.76957101435883,1,Automobile or Station Wagon,North,1,65,Fatal,,Driving properly,Normal,,,Turning Left,,,,,driver,34,Don Valley North (17),33 Division,Henry Farm,true,false,false,false,false,true,false,false,false,false,"{""coordinates"": [[-79.34661484371186, 43.76957101435883]], ""type"": ""MultiPoint""}"
19543,2024:4002193432,2024-10-06T20:34:00,DON MILLS RD,HAVENBROOK BLVD,,2,Fatal Injury,At Intersection,Traffic Signal,Turning Movement,Clear,Dark,Dry,Major Arterial,false,-79.34661484371186,43.76957101435883,2,Automobile or Station Wagon,South,2,20,None,,Speed too fast for conditions,Normal,,,Going Ahead,,,,,driver,NA,Don Valley North (17),33 Division,Henry Farm,true,false,false,false,false,true,false,false,false,false,"{""coordinates"": [[-79.34661484371186, 43.76957101435883]], ""type"": ""MultiPoint""}"
19544,2024:4002197923,2024-10-07T13:02:00,ALBION RD,EDGEBROOK DR,,2,Non-Fatal Injury,Intersection-Related,Stop Sign,Turning Movement,Clear,Daylight,Dry,Major Arterial,false,-79.55620512346688,43.733186677655056,2,Motorcycle,North,2,21,Major,Helmet,Driving properly,Normal,,,Going Ahead,,,,,motorcyclist,NA,Etobicoke North (1),23 Division,Thistletown-Beaumond Heights,false,false,false,true,false,false,false,false,false,false,"{""coordinates"": [[-79.55620512346688, 43.733186677655056]], ""type"": ""MultiPoint""}"
19545,2024:4002197923,2024-10-07T13:02:00,ALBION RD,EDGEBROOK DR,,2,Non-Fatal Injury,Intersection-Related,Stop Sign,Turning Movement,Clear,Daylight,Dry,Major Arterial,false,-79.55620512346688,43.733186677655056,1,Pickup Truck,West,1,43,None,Lap and Shoulder Belt,Improper turn,Normal,,,Turning Right,,,,,driver,NA,Etobicoke North (1),23 Division,Thistletown-Beaumond Heights,false,false,false,true,false,false,false,false,false,false,"{""coordinates"": [[-79.55620512346688, 43.733186677655056]], ""type"": ""MultiPoint""}"
19546,2024:4002199834,2024-10-07T17:34:00,MORTIMER AVE,CARLAW AVE,,2,Non-Fatal Injury,Intersection-Related,Pedestrian Crossover,SMV Other,Clear,Daylight,Dry,Minor Arterial,false,-79.3498808615025,43.68524492781096,1,Automobile or Station Wagon,West,1,37,None,Lap and Shoulder Belt,Improper turn,Normal,,,Turning Left,,Motorist turned left,,,driver,NA,Toronto-Danforth (14),55 Division,Broadview North,false,false,true,false,false,false,false,false,false,false,"{""coordinates"": [[-79.3498808615025, 43.685244927810956]], ""type"": ""MultiPoint""}"
19547,2024:4002199834,2024-10-07T17:34:00,MORTIMER AVE,CARLAW AVE,,2,Non-Fatal Injury,Intersection-Related,Pedestrian Crossover,SMV Other,Clear,Daylight,Dry,Minor Arterial,false,-79.3498808615025,43.68524492781096,2,Bicycle,East,2,37,Major,Helmet,,,,,Going Ahead,,,Driving Properly,Normal,cyclist,NA,Toronto-Danforth (14),55 Division,Broadview North,false,false,true,false,false,false,false,false,false,false,"{""coordinates"": [[-79.3498808615025, 43.685244927810956]], ""type"": ""MultiPoint""}"
19548,2024:4002203878,2024-10-08T09:16:00,LAWRENCE AV W,AVENUE RD,,3,Non-Fatal Injury,Intersection-Related,Traffic Signal,Reversing,Clear,Daylight,Dry,,false,-79.41579472444921,43.722241209114294,1,,,3,74,Major,No Equipment Available,,,Crossing with right-of-way (intersection),Normal,,Driver turns left into pedestrian crossing with right-of-way (at intersection),,,,pedestrian,NA,Eglinton-Lawrence (8),32 Division,Bedford Park-Nortown,false,false,false,false,false,true,true,false,true,false,"{""coordinates"": [[-79.41579472444921, 43.722241209114294]], ""type"": ""MultiPoint""}"
19549,2024:4002203878,2024-10-08T09:16:00,LAWRENCE AV W,AVENUE RD,,3,Non-Fatal Injury,Intersection-Related,Traffic Signal,Reversing,Clear,Daylight,Dry,,false,-79.41579472444921,43.722241209114294,1,,,2,18,None,Lap and Shoulder Belt,,,,,,,,,,passenger,NA,Eglinton-Lawrence (8),32 Division,Bedford Park-Nortown,false,false,false,false,false,true,true,false,true,false,"{""coordinates"": [[-79.41579472444921, 43.722241209114294]], ""type"": ""MultiPoint""}"
19550,2024:4002203878,2024-10-08T09:16:00,LAWRENCE AV W,AVENUE RD,,3,Non-Fatal Injury,Intersection-Related,Traffic Signal,Reversing,Clear,Daylight,Dry,,false,-79.41579472444921,43.722241209114294,1,Pickup Truck,North,1,22,None,Lap and Shoulder Belt,Improper turn,Normal,,,Turning Left,,,,,driver,NA,Eglinton-Lawrence (8),32 Division,Bedford Park-Nortown,false,false,false,false,false,true,true,false,true,false,"{""coordinates"": [[-79.41579472444921, 43.722241209114294]], ""type"": ""MultiPoint""}"
19551,2024:4002204674,2024-10-08T11:12:00,YONGE ST,STEELES AV W,13 m South of,2,Non-Fatal Injury,Intersection-Related,Traffic Signal,SMV Other,Clear,Daylight,Dry,,false,-79.42025963336972,43.798018300491655,1,Delivery Van,South,1,28,None,Lap and Shoulder Belt,Failed to yield right-of-way,Normal,,,Turning Right,Driver turns right into pedestrian crossing with right-of-way (at intersection),,,,driver,NA,,,,true,false,false,false,false,false,true,false,false,true,"{""coordinates"": [[-79.42025963336972, 43.798018300491655]], ""type"": ""MultiPoint""}"
19552,2024:4002204674,2024-10-08T11:12:00,YONGE ST,STEELES AV W,13 m South of,2,Non-Fatal Injury,Intersection-Related,Traffic Signal,SMV Other,Clear,Daylight,Dry,,false,-79.42025963336972,43.798018300491655,1,,,2,64,Major,No Equipment Available,,,Crossing with right-of-way (intersection),Normal,,Driver turns right into pedestrian crossing with right-of-way (at intersection),,,,pedestrian,NA,,,,true,false,false,false,false,false,true,false,false,true,"{""coordinates"": [[-79.42025963336972, 43.798018300491655]], ""type"": ""MultiPoint""}"
19553,2024:4002210322,2024-10-09T04:49:00,BATHURST ST,EGLINTON AV W,,4,Non-Fatal Injury,Intersection-Related,Traffic Signal,Angle,Clear,Dark with Artificial Lighting,Dry,,false,-79.42552587643296,43.7010022287072,2,Municipal Transit Bus (TTC),North,2,30,Minor,Lap and Shoulder Belt,Driving properly,Normal,,,Going Ahead,,,,,driver,NA,Eglinton-Lawrence (8),13 Division,Forest Hill North,true,false,false,false,false,true,false,false,false,true,"{""coordinates"": [[-79.42552587643296, 43.701002228707196]], ""type"": ""MultiPoint""}"
19554,2024:4002210322,2024-10-09T04:49:00,BATHURST ST,EGLINTON AV W,,4,Non-Fatal Injury,Intersection-Related,Traffic Signal,Angle,Clear,Dark with Artificial Lighting,Dry,,false,-79.42552587643296,43.7010022287072,2,,,4,70,Minor,No Equipment Available,,,,,,,,,,passenger,NA,Eglinton-Lawrence (8),13 Division,Forest Hill North,true,false,false,false,false,true,false,false,false,true,"{""coordinates"": [[-79.42552587643296, 43.701002228707196]], ""type"": ""MultiPoint""}"
19555,2024:4002210322,2024-10-09T04:49:00,BATHURST ST,EGLINTON AV W,,4,Non-Fatal Injury,Intersection-Related,Traffic Signal,Angle,Clear,Dark with Artificial Lighting,Dry,,false,-79.42552587643296,43.7010022287072,3,Municipal Transit Bus (TTC),West,3,44,Minimal,Lap and Shoulder Belt,Driving properly,Normal,,,Stopped,,,,,driver,NA,Eglinton-Lawrence (8),13 Division,Forest Hill North,true,false,false,false,false,true,false,false,false,true,"{""coordinates"": [[-79.42552587643296, 43.701002228707196]], ""type"": ""MultiPoint""}"
19556,2024:4002210322,2024-10-09T04:49:00,BATHURST ST,EGLINTON AV W,,4,Non-Fatal Injury,Intersection-Related,Traffic Signal,Angle,Clear,Dark with Artificial Lighting,Dry,,false,-79.42552587643296,43.7010022287072,1,Automobile or Station Wagon,East,1,21,Major,Air Bag Deployed,Exceeding speed limit,Unknown,,,Going Ahead,,,,,driver,NA,Eglinton-Lawrence (8),13 Division,Forest Hill North,true,false,false,false,false,true,false,false,false,true,"{""coordinates"": [[-79.42552587643296, 43.701002228707196]], ""type"": ""MultiPoint""}"
19557,2024:4002214492,2024-10-09T16:02:00,KINGSTON RD,KINDSWOOD RD,,2,Fatal Injury,At Intersection,Stop Sign,SMV Other,Clear,Daylight,Dry,Major Arterial,false,-79.2861304485948,43.68071063851034,NA,,East,1,22,Fatal,,,,Crossing with right-of-way (intersection),Normal,,Driver turns left into pedestrian crossing with right-of-way (at intersection),,,,pedestrian,35,Beaches-East York (19),55 Division,East End-Danforth,true,false,false,false,false,false,true,false,false,true,"{""coordinates"": [[-79.2861304485948, 43.68071063851034]], ""type"": ""MultiPoint""}"
19558,2024:4002214492,2024-10-09T16:02:00,KINGSTON RD,KINDSWOOD RD,,2,Fatal Injury,At Intersection,Stop Sign,SMV Other,Clear,Daylight,Dry,Major Arterial,false,-79.2861304485948,43.68071063851034,1,School Bus,East,2,60,None,,Failed to yield right-of-way,Other Condition,,,Turning Left,,,,,driver,NA,Beaches-East York (19),55 Division,East End-Danforth,true,false,false,false,false,false,true,false,false,true,"{""coordinates"": [[-79.2861304485948, 43.68071063851034]], ""type"": ""MultiPoint""}"
19559,2024:4002216274,2024-10-09T20:12:00,VICTORIA PARK AVE,CONSUMERS RD,,2,Non-Fatal Injury,At Intersection,Traffic Signal,SMV Other,Clear,Dark with Artificial Lighting,Dry,Major Arterial,false,-79.32150759995163,43.7720566838953,1,Municipal Transit Bus (TTC),East,1,39,None,Lap and Shoulder Belt,Failed to yield right-of-way,Normal,,,Turning Left,,,,,driver,NA,Scarborough-Agincourt (22),42 Division,Tam O'Shanter-Sullivan,true,false,false,false,false,false,true,false,false,true,"{""coordinates"": [[-79.32150759995163, 43.7720566838953]], ""type"": ""MultiPoint""}"
19560,2024:4002565747,2024-11-25T22:31:00,BRIMLEY RD,EGLINTON AV E,10 m North of,6,Non-Fatal Injury,Non-Intersection,Traffic Signal,Rear End,Rain,Daylight,Wet,Major Arterial,true,-79.24815451260034,43.736914890512985,1,,,6,NA,None,Equipment Not Used But Available,,,,,,,,,,passenger,NA,Scarborough Centre (21),43 Division,Eglinton East,true,false,false,false,false,false,false,false,true,false,"{""coordinates"": [[-79.24815451260034, 43.736914890512985]], ""type"": ""MultiPoint""}"
19561,2024:4002216274,2024-10-09T20:12:00,VICTORIA PARK AVE,CONSUMERS RD,,2,Non-Fatal Injury,At Intersection,Traffic Signal,SMV Other,Clear,Dark with Artificial Lighting,Dry,Major Arterial,false,-79.32150759995163,43.7720566838953,1,,,2,30,Major,Use Unknown,,,Crossing with right-of-way (intersection),Normal,,Driver turns left into pedestrian crossing with right-of-way (at intersection),,,,pedestrian,NA,Scarborough-Agincourt (22),42 Division,Tam O'Shanter-Sullivan,true,false,false,false,false,false,true,false,false,true,"{""coordinates"": [[-79.32150759995163, 43.7720566838953]], ""type"": ""MultiPoint""}"
19562,2024:4002218526,2024-10-10T06:50:00,THE QUEENSWAY,NORTH QUEEN ST,,2,Non-Fatal Injury,Intersection-Related,Traffic Signal,Turning Movement,Clear,Dark with Artificial Lighting,Dry,Major Arterial,false,-79.55618544562965,43.61429524415315,1,Automobile or Station Wagon,East,1,64,None,Lap and Shoulder Belt,Failed to yield right-of-way,Normal,,,Turning Left,,,,,driver,NA,Etobicoke-Lakeshore (3),22 Division,Etobicoke City Centre,true,false,false,true,false,false,false,false,false,false,"{""coordinates"": [[-79.55618544562965, 43.61429524415315]], ""type"": ""MultiPoint""}"
19563,2024:4002218526,2024-10-10T06:50:00,THE QUEENSWAY,NORTH QUEEN ST,,2,Non-Fatal Injury,Intersection-Related,Traffic Signal,Turning Movement,Clear,Dark with Artificial Lighting,Dry,Major Arterial,false,-79.55618544562965,43.61429524415315,2,Motorcycle,West,2,25,Major,Helmet,Driving properly,Normal,,,Going Ahead,,,,,motorcyclist,NA,Etobicoke-Lakeshore (3),22 Division,Etobicoke City Centre,true,false,false,true,false,false,false,false,false,false,"{""coordinates"": [[-79.55618544562965, 43.61429524415315]], ""type"": ""MultiPoint""}"
19564,2024:4002227902,2024-10-11T11:05:00,GLEN CEDAR RD,EGLINTON AVE W,,2,Non-Fatal Injury,Intersection-Related,Traffic Signal,SMV Other,Clear,Daylight,Dry,Major Arterial,false,-79.43077718788567,43.69985243625162,1,Automobile or Station Wagon,South,1,79,None,Lap and Shoulder Belt,Failed to yield right-of-way,Normal,,,Turning Left,,,,,driver,NA,Toronto-St. Paul's (12),13 Division,Humewood-Cedarvale,true,false,false,false,false,true,true,false,true,false,"{""coordinates"": [[-79.43077718788567, 43.69985243625162]], ""type"": ""MultiPoint""}"
19565,2024:4002227902,2024-10-11T11:05:00,GLEN CEDAR RD,EGLINTON AVE W,,2,Non-Fatal Injury,Intersection-Related,Traffic Signal,SMV Other,Clear,Daylight,Dry,Major Arterial,false,-79.43077718788567,43.69985243625162,1,,,2,4,Major,Use Unknown,,,Crossing with right-of-way (intersection),Normal,,Driver turns left into pedestrian crossing with right-of-way (at intersection),,,,pedestrian,NA,Toronto-St. Paul's (12),13 Division,Humewood-Cedarvale,true,false,false,false,false,true,true,false,true,false,"{""coordinates"": [[-79.43077718788567, 43.69985243625162]], ""type"": ""MultiPoint""}"
19566,2024:4002233011,2024-10-11T23:22:00,DON VALLEY PY N,YORK MILLS RD,1000 m South of,3,Non-Fatal Injury,Non-Intersection,,Same Direction,Clear,Dark with Artificial Lighting,Dry,,false,-79.33341224142484,43.74946959793181,2,Automobile or Station Wagon,North,2,72,None,Lap and Shoulder Belt,Driving properly,Normal,,,Going Ahead,,,,,driver,NA,Don Valley East (16),33 Division,Parkwoods-O'Connor Hills,true,false,false,true,false,true,false,false,false,false,"{""coordinates"": [[-79.33341224142484, 43.74946959793181]], ""type"": ""MultiPoint""}"
19567,2024:4002233011,2024-10-11T23:22:00,DON VALLEY PY N,YORK MILLS RD,1000 m South of,3,Non-Fatal Injury,Non-Intersection,,Same Direction,Clear,Dark with Artificial Lighting,Dry,,false,-79.33341224142484,43.74946959793181,1,Motorcycle,North,1,35,Major,No Equipment Available,Exceeding speed limit,Road Rage/Aggression,,,Going Ahead,,,,,motorcyclist,NA,Don Valley East (16),33 Division,Parkwoods-O'Connor Hills,true,false,false,true,false,true,false,false,false,false,"{""coordinates"": [[-79.33341224142484, 43.74946959793181]], ""type"": ""MultiPoint""}"
19568,2024:4002233011,2024-10-11T23:22:00,DON VALLEY PY N,YORK MILLS RD,1000 m South of,3,Non-Fatal Injury,Non-Intersection,,Same Direction,Clear,Dark with Artificial Lighting,Dry,,false,-79.33341224142484,43.74946959793181,2,,,3,67,None,Lap and Shoulder Belt,,,,,,,,,,passenger,NA,Don Valley East (16),33 Division,Parkwoods-O'Connor Hills,true,false,false,true,false,true,false,false,false,false,"{""coordinates"": [[-79.33341224142484, 43.74946959793181]], ""type"": ""MultiPoint""}"
19569,2024:4002244092,2024-10-13T15:18:00,SHEPPARD AV E,Agincourt Rd,1 m East of,2,Non-Fatal Injury,Intersection-Related,Traffic Signal,Turning Movement,Clear,Daylight,Dry,,false,-79.2884390357409,43.78325034484924,2,Automobile or Station Wagon,East,2,67,None,Lap and Shoulder Belt,Driving properly,Normal,,,Turning Left,,,,,driver,NA,Scarborough-Agincourt (22),42 Division,Tam O'Shanter-Sullivan,false,false,false,false,false,true,false,false,false,false,"{""coordinates"": [[-79.2884390357409, 43.78325034484924]], ""type"": ""MultiPoint""}"
19570,2024:4002244092,2024-10-13T15:18:00,SHEPPARD AV E,Agincourt Rd,1 m East of,2,Non-Fatal Injury,Intersection-Related,Traffic Signal,Turning Movement,Clear,Daylight,Dry,,false,-79.2884390357409,43.78325034484924,1,Automobile or Station Wagon,East,1,58,Major,Lap and Shoulder Belt,Lost control,Medical or Physical Disability - Sudden Incapacitation,,,Going Ahead,,,,,driver,NA,Scarborough-Agincourt (22),42 Division,Tam O'Shanter-Sullivan,false,false,false,false,false,true,false,false,false,false,"{""coordinates"": [[-79.2884390357409, 43.78325034484924]], ""type"": ""MultiPoint""}"
19571,2024:4002247839,2024-10-14T05:34:00,GARDINER XWY W,ROYAL YORK RD,56 m West of,2,Non-Fatal Injury,Non-Intersection,,Same Direction,Clear,Dark with Artificial Lighting,Dry,,false,-79.50192845841721,43.6227847712898,2,Fire Vehicle,West,2,32,None,Lap and Shoulder Belt,Driving properly,Normal,,,Stopped,,,,,driver,NA,Etobicoke-Lakeshore (3),22 Division,Stonegate-Queensway,false,false,false,false,false,false,false,false,false,false,"{""coordinates"": [[-79.50192845841721, 43.6227847712898]], ""type"": ""MultiPoint""}"
19572,2024:4002247839,2024-10-14T05:34:00,GARDINER XWY W,ROYAL YORK RD,56 m West of,2,Non-Fatal Injury,Non-Intersection,,Same Direction,Clear,Dark with Artificial Lighting,Dry,,false,-79.50192845841721,43.6227847712898,1,Automobile or Station Wagon,West,1,22,Major,Equipment Not Used But Available,Improper lane change,Normal,,,Going Ahead,,,,,driver,NA,Etobicoke-Lakeshore (3),22 Division,Stonegate-Queensway,false,false,false,false,false,false,false,false,false,false,"{""coordinates"": [[-79.50192845841721, 43.6227847712898]], ""type"": ""MultiPoint""}"
19573,2024:4002252114,2024-10-14T19:40:00,SPADINA RD,BERNARD AVE,150 m South of,4,Non-Fatal Injury,Non-Intersection,,Angle,Clear,Dark with Artificial Lighting,Dry,Minor Arterial,false,-79.40555628805484,43.670789809743056,2,Automobile or Station Wagon,South,2,29,None,Lap and Shoulder Belt,Driving properly,Normal,,,Slowing or Stopping,,,,,driver,NA,University-Rosedale (11),14 Division,Annex,false,false,false,false,false,true,false,false,false,false,"{""coordinates"": [[-79.40555628805484, 43.670789809743056]], ""type"": ""MultiPoint""}"
19574,2024:4002252114,2024-10-14T19:40:00,SPADINA RD,BERNARD AVE,150 m South of,4,Non-Fatal Injury,Non-Intersection,,Angle,Clear,Dark with Artificial Lighting,Dry,Minor Arterial,false,-79.40555628805484,43.670789809743056,1,Automobile or Station Wagon,East,1,67,Major,Use Unknown,Lost control,Normal,,,Out of Gear,,,,,driver,NA,University-Rosedale (11),14 Division,Annex,false,false,false,false,false,true,false,false,false,false,"{""coordinates"": [[-79.40555628805484, 43.670789809743056]], ""type"": ""MultiPoint""}"
19575,2024:4002252114,2024-10-14T19:40:00,SPADINA RD,BERNARD AVE,150 m South of,4,Non-Fatal Injury,Non-Intersection,,Angle,Clear,Dark with Artificial Lighting,Dry,Minor Arterial,false,-79.40555628805484,43.670789809743056,2,,,4,27,None,Lap and Shoulder Belt,,,,,,,,,,passenger,NA,University-Rosedale (11),14 Division,Annex,false,false,false,false,false,true,false,false,false,false,"{""coordinates"": [[-79.40555628805484, 43.670789809743056]], ""type"": ""MultiPoint""}"
19576,2024:4002252114,2024-10-14T19:40:00,SPADINA RD,BERNARD AVE,150 m South of,4,Non-Fatal Injury,Non-Intersection,,Angle,Clear,Dark with Artificial Lighting,Dry,Minor Arterial,false,-79.40555628805484,43.670789809743056,1,,,3,28,None,Lap and Shoulder Belt,,,,,,,,,,passenger,NA,University-Rosedale (11),14 Division,Annex,false,false,false,false,false,true,false,false,false,false,"{""coordinates"": [[-79.40555628805484, 43.670789809743056]], ""type"": ""MultiPoint""}"
19577,2024:4002255012,2024-10-15T08:55:00,65 SKYMARK DR,FINCH AVE E,5 m North of,3,Non-Fatal Injury,Non-Intersection,,SMV Other,Clear,Daylight,Dry,,false,-79.35334462959423,43.79490112224151,1,,,3,0,None,Use Unknown,,,,,,,,,,passenger,NA,Don Valley North (17),33 Division,Hillcrest Village,false,false,false,false,false,true,false,false,false,false,"{""coordinates"": [[-79.35334462959423, 43.79490112224151]], ""type"": ""MultiPoint""}"
19578,2024:4002255012,2024-10-15T08:55:00,65 SKYMARK DR,FINCH AVE E,5 m North of,3,Non-Fatal Injury,Non-Intersection,,SMV Other,Clear,Daylight,Dry,,false,-79.35334462959423,43.79490112224151,1,Automobile or Station Wagon,West,1,86,None,Lap and Shoulder Belt,Other,Normal,,,Going Ahead,,,,,driver,NA,Don Valley North (17),33 Division,Hillcrest Village,false,false,false,false,false,true,false,false,false,false,"{""coordinates"": [[-79.35334462959423, 43.79490112224151]], ""type"": ""MultiPoint""}"
19579,2024:4002256618,2024-10-15T12:36:00,IAN MACDONALD BLVD,FINE ARTS RD,20 m West of,2,Non-Fatal Injury,At/Near Private Drive,Stop Sign,SMV Other,Clear,Daylight,Dry,Other,false,-79.49962819272582,43.772324099929065,1,,,2,20,Major,Use Unknown,,,Crossing without right-of-way (intersection),Normal,,Driver hits pedestrian walking or running out from between parked vehicles (at midblock),,,,pedestrian,NA,Humber River-Black Creek (7),31 Division,York University Heights,false,false,false,false,false,false,true,false,false,false,"{""coordinates"": [[-79.49962819272582, 43.772324099929065]], ""type"": ""MultiPoint""}"
19580,2024:4002256618,2024-10-15T12:36:00,IAN MACDONALD BLVD,FINE ARTS RD,20 m West of,2,Non-Fatal Injury,At/Near Private Drive,Stop Sign,SMV Other,Clear,Daylight,Dry,Other,false,-79.49962819272582,43.772324099929065,1,Pickup Truck,East,1,48,None,Lap and Shoulder Belt,Driving properly,Normal,,,Going Ahead,,,,,driver,NA,Humber River-Black Creek (7),31 Division,York University Heights,false,false,false,false,false,false,true,false,false,false,"{""coordinates"": [[-79.49962819272582, 43.772324099929065]], ""type"": ""MultiPoint""}"
19581,2024:4002269765,2024-10-17T06:45:00,STEELES AVE E,KELVIN GROVE AVE,,3,Non-Fatal Injury,Four-way,Traffic Signal,Rear End,Clear,Dawn with Artificial Lighting,Dry,Major Arterial,false,-79.3123382384083,43.82258247560544,2,,,3,70,Major,No Equipment Available,,,Crossing without right-of-way (intersection),Had Been Drinking,,Driver going straight hits pedestrian crossing without right-of-way (at intersection),,,,pedestrian,NA,,,,true,true,false,false,false,true,true,false,false,false,"{""coordinates"": [[-79.3123382384083, 43.822582475605444]], ""type"": ""MultiPoint""}"