X_id,collision_id,accdate,stname1,stname2,stname3,per_inv,acclass,accloc,traffictl,impactype,visible,light,rdsfcond,road_class,failtorem,longitude,latitude,veh_no,vehtype,initdir,per_no,invage,injury,safequip,drivact,drivcond,pedact,pedcond,manoeuvre,pedtype,cyclistype,cycact,cyccond,road_user,fatal_no,wardname,division,neighbourhood,aggressive,distracted,cyclist,motorcyclist,other_micromobility,older_adult,pedestrian,red_light,school_child,heavy_truck,geometry
19734,2025:5000308970,2025-02-11T10:45:00,WILSON AVE,HWY 401 WB OFF RAMP,,2,Fatal Injury,T Intersection,,SMV Other,Clear,Daylight,Dry,Expressway Ramp,false,-79.43766803900243,43.73656983287451,1,Truck - Dump,North,2,53,,,Failed to yield right-of-way,Other Condition,,,Turning Right,,,,,driver,NA,York Centre (6),32 Division,Clanton Park,true,false,false,false,false,true,true,false,false,true,"{""coordinates"": [[-79.43766803900243, 43.73656983287451]], ""type"": ""MultiPoint""}"
19735,2025:5000312127,2025-02-11T17:55:00,KIPLING AVE,THE KINGSWAY,,3,Non-Fatal Injury,Intersection-Related,Traffic Signal,Turning Movement,Clear,Dusk with Artificial Lighting,Dry,Major Arterial,false,-79.54938352602522,43.673600102839906,2,Municipal Transit Bus (TTC),South,2,57,None,Lap and Shoulder Belt,Driving properly,Normal,,,Going Ahead,,,,,driver,NA,Etobicoke Centre (2),22 Division,Princess-Rosethorn,true,true,false,false,false,false,false,false,true,true,"{""coordinates"": [[-79.54938352602522, 43.673600102839906]], ""type"": ""MultiPoint""}"
19736,2025:5000312127,2025-02-11T17:55:00,KIPLING AVE,THE KINGSWAY,,3,Non-Fatal Injury,Intersection-Related,Traffic Signal,Turning Movement,Clear,Dusk with Artificial Lighting,Dry,Major Arterial,false,-79.54938352602522,43.673600102839906,1,,,3,16,Minimal,Lap and Shoulder Belt,,,,,,,,,,passenger,NA,Etobicoke Centre (2),22 Division,Princess-Rosethorn,true,true,false,false,false,false,false,false,true,true,"{""coordinates"": [[-79.54938352602522, 43.673600102839906]], ""type"": ""MultiPoint""}"
19737,2025:5000312127,2025-02-11T17:55:00,KIPLING AVE,THE KINGSWAY,,3,Non-Fatal Injury,Intersection-Related,Traffic Signal,Turning Movement,Clear,Dusk with Artificial Lighting,Dry,Major Arterial,false,-79.54938352602522,43.673600102839906,1,Automobile or Station Wagon,North,1,17,Major,Lap and Shoulder Belt,Failed to yield right-of-way,Inattentive - Other,,,Turning Left,,,,,driver,NA,Etobicoke Centre (2),22 Division,Princess-Rosethorn,true,true,false,false,false,false,false,false,true,true,"{""coordinates"": [[-79.54938352602522, 43.673600102839906]], ""type"": ""MultiPoint""}"
19738,2025:5000312465,2025-02-11T18:30:00,PORT ROYAL TRL,BRAMBLEBROOK AVE,,2,Non-Fatal Injury,Intersection-Related,Stop Sign,SMV Other,Clear,Dark,Dry,Collector,false,-79.28755550556343,43.81616344699983,1,,,2,70,Major,Use Unknown,,,Crossing with right-of-way (intersection),Normal,,Driver turns left into pedestrian crossing with right-of-way (at intersection),,,,pedestrian,NA,Scarborough North (23),42 Division,Milliken,true,false,false,false,false,true,true,false,false,false,"{""coordinates"": [[-79.28755550556343, 43.81616344699983]], ""type"": ""MultiPoint""}"
19739,2025:5000312465,2025-02-11T18:30:00,PORT ROYAL TRL,BRAMBLEBROOK AVE,,2,Non-Fatal Injury,Intersection-Related,Stop Sign,SMV Other,Clear,Dark,Dry,Collector,false,-79.28755550556343,43.81616344699983,1,Automobile or Station Wagon,West,1,55,None,Lap and Shoulder Belt,Failed to yield right-of-way,Normal,,,Turning Left,,,,,driver,NA,Scarborough North (23),42 Division,Milliken,true,false,false,false,false,true,true,false,false,false,"{""coordinates"": [[-79.28755550556343, 43.81616344699983]], ""type"": ""MultiPoint""}"
19740,2025:5000313472,2025-02-11T21:45:00,BELLAMY RD N,LAWRENCE AVE E,40 m North of,4,Non-Fatal Injury,At/Near Private Drive,No Control,Turning Movement,Clear,Dark with Artificial Lighting,Dry,Major Arterial,false,-79.23553307325803,43.75816198023283,2,Passenger Van,South,2,62,Minor,Lap and Shoulder Belt,Driving properly,Normal,,,Going Ahead,,,,,driver,NA,Scarborough-Guildwood (24),43 Division,Woburn North,true,true,false,false,false,true,false,false,false,false,"{""coordinates"": [[-79.23553307325803, 43.75816198023283]], ""type"": ""MultiPoint""}"
19741,2025:5000313472,2025-02-11T21:45:00,BELLAMY RD N,LAWRENCE AVE E,40 m North of,4,Non-Fatal Injury,At/Near Private Drive,No Control,Turning Movement,Clear,Dark with Artificial Lighting,Dry,Major Arterial,false,-79.23553307325803,43.75816198023283,2,,,4,84,Major,Lap and Shoulder Belt,,,,,,,,,,passenger,NA,Scarborough-Guildwood (24),43 Division,Woburn North,true,true,false,false,false,true,false,false,false,false,"{""coordinates"": [[-79.23553307325803, 43.75816198023283]], ""type"": ""MultiPoint""}"
19742,2025:5000313472,2025-02-11T21:45:00,BELLAMY RD N,LAWRENCE AVE E,40 m North of,4,Non-Fatal Injury,At/Near Private Drive,No Control,Turning Movement,Clear,Dark with Artificial Lighting,Dry,Major Arterial,false,-79.23553307325803,43.75816198023283,1,Passenger Van,North,1,45,None,Lap and Shoulder Belt,Failed to yield right-of-way,Inattentive - Other,,,Turning Left,,,,,driver,NA,Scarborough-Guildwood (24),43 Division,Woburn North,true,true,false,false,false,true,false,false,false,false,"{""coordinates"": [[-79.23553307325803, 43.75816198023283]], ""type"": ""MultiPoint""}"
19743,2025:5000313472,2025-02-11T21:45:00,BELLAMY RD N,LAWRENCE AVE E,40 m North of,4,Non-Fatal Injury,At/Near Private Drive,No Control,Turning Movement,Clear,Dark with Artificial Lighting,Dry,Major Arterial,false,-79.23553307325803,43.75816198023283,1,,,3,54,None,Lap and Shoulder Belt,,,,,,,,,,passenger,NA,Scarborough-Guildwood (24),43 Division,Woburn North,true,true,false,false,false,true,false,false,false,false,"{""coordinates"": [[-79.23553307325803, 43.75816198023283]], ""type"": ""MultiPoint""}"
19744,2025:5000314676,2025-02-12T04:38:00,27 HWY S,DIXON RD,90 m South of,2,Non-Fatal Injury,Non-Intersection,No Control,Opposite Direction,Clear,Dark with Artificial Lighting,Dry,,false,-79.58179604006546,43.68835943288714,1,Automobile or Station Wagon,South,1,66,Major,Lap and Shoulder Belt,Lost control,Medical or Physical Disability - Sudden Incapacitation,,,Going Ahead,,,,,driver,NA,Etobicoke North (1),23 Division,West Humber-Clairville,false,false,false,false,false,true,false,false,false,true,"{""coordinates"": [[-79.58179604006546, 43.68835943288714]], ""type"": ""MultiPoint""}"
19745,2025:5000314676,2025-02-12T04:38:00,27 HWY S,DIXON RD,90 m South of,2,Non-Fatal Injury,Non-Intersection,No Control,Opposite Direction,Clear,Dark with Artificial Lighting,Dry,,false,-79.58179604006546,43.68835943288714,2,Truck - Closed,North,2,43,None,Lap and Shoulder Belt,Driving properly,Normal,,,Going Ahead,,,,,driver,NA,Etobicoke North (1),23 Division,West Humber-Clairville,false,false,false,false,false,true,false,false,false,true,"{""coordinates"": [[-79.58179604006546, 43.68835943288714]], ""type"": ""MultiPoint""}"
19746,2025:5000319964,2025-02-12T18:40:00,KING ST W,SPADINA AVE,45 m East of,3,Non-Fatal Injury,Non-Intersection,No Control,Rear End,Snow,Dark with Artificial Lighting,Loose Snow,Major Arterial,false,-79.39448620632058,43.64554840012886,2,E-Bike (Power-Assisted Bicycle),East,2,21,Major,No Equipment Available,Driving properly,Normal,,,Stopped,,,,,cyclist,NA,Spadina-Fort York (10),52 Division,Wellington Place,true,false,true,false,false,false,false,false,false,true,"{""coordinates"": [[-79.39448620632058, 43.64554840012886]], ""type"": ""MultiPoint""}"
19747,2025:5000319964,2025-02-12T18:40:00,KING ST W,SPADINA AVE,45 m East of,3,Non-Fatal Injury,Non-Intersection,No Control,Rear End,Snow,Dark with Artificial Lighting,Loose Snow,Major Arterial,false,-79.39448620632058,43.64554840012886,3,Streetcar,East,3,30,None,Lap and Shoulder Belt,Driving properly,Normal,,,Stopped,,,,,driver,NA,Spadina-Fort York (10),52 Division,Wellington Place,true,false,true,false,false,false,false,false,false,true,"{""coordinates"": [[-79.39448620632058, 43.64554840012886]], ""type"": ""MultiPoint""}"
19748,2025:5000319964,2025-02-12T18:40:00,KING ST W,SPADINA AVE,45 m East of,3,Non-Fatal Injury,Non-Intersection,No Control,Rear End,Snow,Dark with Artificial Lighting,Loose Snow,Major Arterial,false,-79.39448620632058,43.64554840012886,1,Automobile or Station Wagon,East,1,57,None,Lap and Shoulder Belt,Speed too fast for conditions,Ability Impaired - Alcohol Over .08,,,Slowing or Stopping,,,,,driver,NA,Spadina-Fort York (10),52 Division,Wellington Place,true,false,true,false,false,false,false,false,false,true,"{""coordinates"": [[-79.39448620632058, 43.64554840012886]], ""type"": ""MultiPoint""}"
19749,2025:5000337178,2025-02-15T06:40:00,DVP N BAYVIEW BLOOR RAMP,BAYVIEW BLOOR DVP RAMP,1 m North of,2,Non-Fatal Injury,Non-Intersection,No Control,Rear End,Clear,Dark with Artificial Lighting,Dry,Expressway Ramp,false,-79.3602065835765,43.68329414260078,2,Automobile or Station Wagon,North,2,0,Major,Equipment Not Used But Available,Driving properly,Normal,,,Stopped,,,,,driver,NA,Toronto-Danforth (14),55 Division,Broadview North,false,false,false,false,false,false,false,false,false,false,"{""coordinates"": [[-79.3602065835765, 43.68329414260078]], ""type"": ""MultiPoint""}"
19750,2025:5000337178,2025-02-15T06:40:00,DVP N BAYVIEW BLOOR RAMP,BAYVIEW BLOOR DVP RAMP,1 m North of,2,Non-Fatal Injury,Non-Intersection,No Control,Rear End,Clear,Dark with Artificial Lighting,Dry,Expressway Ramp,false,-79.3602065835765,43.68329414260078,1,Automobile or Station Wagon,North,1,48,Minor,Lap and Shoulder Belt,Other,Fatigue/Fell Asleep,,,Going Ahead,,,,,driver,NA,Toronto-Danforth (14),55 Division,Broadview North,false,false,false,false,false,false,false,false,false,false,"{""coordinates"": [[-79.3602065835765, 43.68329414260078]], ""type"": ""MultiPoint""}"
19751,2025:5000345875,2025-02-16T14:11:00,8 MALLORY GDNS,,,2,Non-Fatal Injury,Non-Intersection,No Control,SMV Other,Snow,Daylight,Loose Snow,Local,false,-79.39630913923845,43.69079629143383,1,Automobile or Station Wagon,West,1,69,,,,Unknown,,,Turning Left,,,,,driver,NA,Toronto-St. Paul's (12),53 Division,Yonge-St.Clair,false,false,false,false,false,true,true,false,false,false,"{""coordinates"": [[-79.39630913923845, 43.69079629143383]], ""type"": ""MultiPoint""}"
19752,2025:5000345875,2025-02-16T14:11:00,8 MALLORY GDNS,,,2,Non-Fatal Injury,Non-Intersection,No Control,SMV Other,Snow,Daylight,Loose Snow,Local,false,-79.39630913923845,43.69079629143383,1,,,2,69,Major,Use Unknown,,,On sidewalk or shoulder,Normal,,Driver hits pedestrian on sidewalk or shoulder,,,,pedestrian,NA,Toronto-St. Paul's (12),53 Division,Yonge-St.Clair,false,false,false,false,false,true,true,false,false,false,"{""coordinates"": [[-79.39630913923845, 43.69079629143383]], ""type"": ""MultiPoint""}"
19753,2025:5000378535,2025-02-20T21:19:00,PHARMACY AVE,ST CLAIR AVE E,,2,Non-Fatal Injury,Intersection-Related,Traffic Signal,Turning Movement,Clear,Dark,Dry,Major Arterial,false,-79.29081382019189,43.70980684491259,2,Automobile or Station Wagon,South,2,55,Minimal,Lap and Shoulder Belt,Driving properly,Normal,,,Turning Left,,,,,driver,NA,Scarborough Southwest (20),41 Division,Clairlea-Birchmount,true,false,false,false,false,false,false,true,true,false,"{""coordinates"": [[-79.29081382019189, 43.70980684491259]], ""type"": ""MultiPoint""}"
19754,2025:5000378535,2025-02-20T21:19:00,PHARMACY AVE,ST CLAIR AVE E,,2,Non-Fatal Injury,Intersection-Related,Traffic Signal,Turning Movement,Clear,Dark,Dry,Major Arterial,false,-79.29081382019189,43.70980684491259,1,Automobile or Station Wagon,East,1,18,Major,Lap and Shoulder Belt,Disobeyed traffic control,Normal,,,Going Ahead,,,,,driver,NA,Scarborough Southwest (20),41 Division,Clairlea-Birchmount,true,false,false,false,false,false,false,true,true,false,"{""coordinates"": [[-79.29081382019189, 43.70980684491259]], ""type"": ""MultiPoint""}"
19755,2025:5000428251,2025-02-27T11:01:00,ST CLAIR AVE W,MOULD AVE,,2,Non-Fatal Injury,Intersection-Related,Traffic Signal,SMV Unattended Vehicle,Other,Daylight with Artificial Lighting,Wet,Major Arterial,false,-79.48688704729098,43.66818292758737,1,Automobile or Station Wagon,North,1,44,None,Lap and Shoulder Belt,Improper turn,Inattentive - Other,,,Turning Right,,,,,driver,NA,York South-Weston (5),11 Division,Rockcliffe-Smythe,false,true,false,false,false,true,true,false,false,false,"{""coordinates"": [[-79.48688704729098, 43.66818292758737]], ""type"": ""MultiPoint""}"
19756,2025:5000428251,2025-02-27T11:01:00,ST CLAIR AVE W,MOULD AVE,,2,Non-Fatal Injury,Intersection-Related,Traffic Signal,SMV Unattended Vehicle,Other,Daylight with Artificial Lighting,Wet,Major Arterial,false,-79.48688704729098,43.66818292758737,1,,,2,74,Major,Use Unknown,,,Crossing with right-of-way (intersection),Normal,,Driver turns right into pedestrian crossing with right-of-way (at intersection),,,,pedestrian,NA,York South-Weston (5),11 Division,Rockcliffe-Smythe,false,true,false,false,false,true,true,false,false,false,"{""coordinates"": [[-79.48688704729098, 43.66818292758737]], ""type"": ""MultiPoint""}"
19757,2025:5000472073,2025-03-05T05:45:00,STRACHAN AVE,EAST LIBERTY ST,,2,Non-Fatal Injury,Four-way,Traffic Signal,SMV Other,Rain,Dark with Artificial Lighting,Wet,Minor Arterial,false,-79.41081924872749,43.63913722634443,1,,,2,30,Major,No Equipment Available,,,Crossing with right-of-way (intersection),Normal,,Driver going straight hits pedestrian crossing with right-of-way (at intersection),,,,pedestrian,NA,Spadina-Fort York (10),14 Division,Fort York-Liberty Village,true,true,false,false,false,false,true,true,false,false,"{""coordinates"": [[-79.41081924872749, 43.63913722634443]], ""type"": ""MultiPoint""}"
19758,2025:5000472073,2025-03-05T05:45:00,STRACHAN AVE,EAST LIBERTY ST,,2,Non-Fatal Injury,Four-way,Traffic Signal,SMV Other,Rain,Dark with Artificial Lighting,Wet,Minor Arterial,false,-79.41081924872749,43.63913722634443,1,Pickup Truck,South,1,53,None,Lap and Shoulder Belt,Disobeyed traffic control,Inattentive,,,Going Ahead,,,,,driver,NA,Spadina-Fort York (10),14 Division,Fort York-Liberty Village,true,true,false,false,false,false,true,true,false,false,"{""coordinates"": [[-79.41081924872749, 43.63913722634443]], ""type"": ""MultiPoint""}"
19759,2025:5000476873,2025-03-05T17:14:00,DANFORTH AVE,MAIN ST,10 m West of,2,Non-Fatal Injury,Non-Intersection,Traffic Signal,SMV Other,Clear,Daylight,Dry,Major Arterial,false,-79.30214696888049,43.68813886086218,1,,,2,80,Major,Use Unknown,,,Person getting on/off vehicle,Normal,,Other,,,,pedestrian,NA,Beaches-East York (19),55 Division,East End-Danforth,false,false,false,false,false,true,true,false,false,false,"{""coordinates"": [[-79.30214696888049, 43.68813886086218]], ""type"": ""MultiPoint""}"
19760,2025:5000476873,2025-03-05T17:14:00,DANFORTH AVE,MAIN ST,10 m West of,2,Non-Fatal Injury,Non-Intersection,Traffic Signal,SMV Other,Clear,Daylight,Dry,Major Arterial,false,-79.30214696888049,43.68813886086218,1,Automobile or Station Wagon,West,1,66,None,Lap and Shoulder Belt,Other,Normal,,,Going Ahead,,,,,driver,NA,Beaches-East York (19),55 Division,East End-Danforth,false,false,false,false,false,true,true,false,false,false,"{""coordinates"": [[-79.30214696888049, 43.68813886086218]], ""type"": ""MultiPoint""}"
19761,2025:5000536685,2025-03-13T20:55:00,ELLESMERE RD,MARKHAM RD,130 m West of,2,Non-Fatal Injury,Non-Intersection,No Control,Approaching Head On,Clear,Dark with Artificial Lighting,Dry,Major Arterial,false,-79.23355565664855,43.776069881471905,1,Automobile or Station Wagon,East,1,59,Major,Lap and Shoulder Belt,Failed to yield right-of-way,Normal,,,Going Ahead,,,,,driver,NA,Scarborough-Guildwood (24),43 Division,Woburn North,true,false,false,false,false,false,false,false,false,false,"{""coordinates"": [[-79.23355565664855, 43.776069881471905]], ""type"": ""MultiPoint""}"
19762,2025:5000536685,2025-03-13T20:55:00,ELLESMERE RD,MARKHAM RD,130 m West of,2,Non-Fatal Injury,Non-Intersection,No Control,Approaching Head On,Clear,Dark with Artificial Lighting,Dry,Major Arterial,false,-79.23355565664855,43.776069881471905,2,Automobile or Station Wagon,West,2,50,Minor,Lap and Shoulder Belt,Driving properly,Normal,,,Going Ahead,,,,,driver,NA,Scarborough-Guildwood (24),43 Division,Woburn North,true,false,false,false,false,false,false,false,false,false,"{""coordinates"": [[-79.23355565664855, 43.776069881471905]], ""type"": ""MultiPoint""}"
19763,2025:5000539029,2025-03-14T08:24:00,MIDLAND AVE,HUNTINGWOOD DR,,1,Non-Fatal Injury,Non-Intersection,No Control,SMV Other,Clear,Daylight,Dry,Major Arterial,false,-79.28362471614813,43.79684324051128,1,Automobile or Station Wagon,North,1,52,Major,Lap and Shoulder Belt,Lost control,Medical or Physical Disability - Sudden Incapacitation,,,Going Ahead,,,,,driver,NA,Scarborough-Agincourt (22),42 Division,Agincourt South-Malvern West,false,false,false,false,false,false,false,false,false,false,"{""coordinates"": [[-79.28362471614813, 43.79684324051128]], ""type"": ""MultiPoint""}"
19764,2025:5000564478,2025-03-17T16:47:00,WILLOWDALE AVE,NEWTON DR,,2,Non-Fatal Injury,Non-Intersection,No Control,SMV Other,Clear,Daylight,Dry,Minor Arterial,false,-79.41252242498045,43.79442969183725,1,Automobile or Station Wagon,South,1,49,None,Lap and Shoulder Belt,Driving properly,Normal,,,Going Ahead,,,,,driver,NA,Willowdale (18),32 Division,Newtonbrook East,false,false,false,false,false,true,true,false,false,false,"{""coordinates"": [[-79.41252242498045, 43.794429691837244]], ""type"": ""MultiPoint""}"
19765,2025:5000564478,2025-03-17T16:47:00,WILLOWDALE AVE,NEWTON DR,,2,Non-Fatal Injury,Non-Intersection,No Control,SMV Other,Clear,Daylight,Dry,Minor Arterial,false,-79.41252242498045,43.79442969183725,1,,,2,78,Major,No Equipment Available,,,Other,Normal,,Other,,,,pedestrian,NA,Willowdale (18),32 Division,Newtonbrook East,false,false,false,false,false,true,true,false,false,false,"{""coordinates"": [[-79.41252242498045, 43.794429691837244]], ""type"": ""MultiPoint""}"
19766,2025:5000565174,2025-03-17T18:47:00,47 LENTHALL AVE,ROBBINSTONE DR,,2,Non-Fatal Injury,Non-Intersection,No Control,SMV Other,Clear,Daylight,Dry,,false,-79.23704944398534,43.79841418888653,1,Automobile or Station Wagon,West,1,0,,Use Unknown,,Unknown,,,Going Ahead,,,,,driver,NA,Scarborough North (23),42 Division,Malvern West,false,false,false,false,false,false,true,false,true,false,"{""coordinates"": [[-79.23704944398534, 43.79841418888653]], ""type"": ""MultiPoint""}"
19767,2025:5000565174,2025-03-17T18:47:00,47 LENTHALL AVE,ROBBINSTONE DR,,2,Non-Fatal Injury,Non-Intersection,No Control,SMV Other,Clear,Daylight,Dry,,false,-79.23704944398534,43.79841418888653,1,,,2,15,Major,Use Unknown,,,Crossing - no traffic control,Normal,,Driver hits pedestrian at midblock,,,,pedestrian,NA,Scarborough North (23),42 Division,Malvern West,false,false,false,false,false,false,true,false,true,false,"{""coordinates"": [[-79.23704944398534, 43.79841418888653]], ""type"": ""MultiPoint""}"
19768,2025:5000586640,2025-03-18T16:30:00,QUEENS PARK,QUEENS PARK CRCL W,20 m North of,4,Non-Fatal Injury,Roundabout,Traffic Signal,Same Direction,Clear,Daylight,Dry,,true,-79.39317727165826,43.66620399311376,1,Automobile or Station Wagon,South,1,37,None,Lap and Shoulder Belt,Improper passing,Other Condition,,,Going Ahead,,,,,driver,NA,University-Rosedale (11),52 Division,University,true,false,true,false,false,true,false,false,false,false,"{""coordinates"": [[-79.39317727165826, 43.66620399311376]], ""type"": ""MultiPoint""}"
19769,2025:5000586640,2025-03-18T16:30:00,QUEENS PARK,QUEENS PARK CRCL W,20 m North of,4,Non-Fatal Injury,Roundabout,Traffic Signal,Same Direction,Clear,Daylight,Dry,,true,-79.39317727165826,43.66620399311376,2,Bicycle,South,2,71,Major,No Equipment Available,,,,,Going Ahead,,,Driving Properly,Normal,cyclist,NA,University-Rosedale (11),52 Division,University,true,false,true,false,false,true,false,false,false,false,"{""coordinates"": [[-79.39317727165826, 43.66620399311376]], ""type"": ""MultiPoint""}"
19770,2025:5000586640,2025-03-18T16:30:00,QUEENS PARK,QUEENS PARK CRCL W,20 m North of,4,Non-Fatal Injury,Roundabout,Traffic Signal,Same Direction,Clear,Daylight,Dry,,true,-79.39317727165826,43.66620399311376,1,,,3,0,None,Lap and Shoulder Belt,,,,,,,,,,passenger,NA,University-Rosedale (11),52 Division,University,true,false,true,false,false,true,false,false,false,false,"{""coordinates"": [[-79.39317727165826, 43.66620399311376]], ""type"": ""MultiPoint""}"
19771,2025:5000586640,2025-03-18T16:30:00,QUEENS PARK,QUEENS PARK CRCL W,20 m North of,4,Non-Fatal Injury,Roundabout,Traffic Signal,Same Direction,Clear,Daylight,Dry,,true,-79.39317727165826,43.66620399311376,1,,,4,0,None,Lap and Shoulder Belt,,,,,,,,,,passenger,NA,University-Rosedale (11),52 Division,University,true,false,true,false,false,true,false,false,false,false,"{""coordinates"": [[-79.39317727165826, 43.66620399311376]], ""type"": ""MultiPoint""}"
19772,2025:5000581316,2025-03-19T19:51:00,INVERGORDON AVE,MCCOWAN RD,,2,Non-Fatal Injury,Intersection-Related,Traffic Signal,Turning Movement,Clear,Dark with Artificial Lighting,Dry,,false,-79.2573318817909,43.787422808305905,2,Motorcycle,South,2,20,Major,Helmet,Driving properly,Normal,,,Going Ahead,,,,,motorcyclist,NA,Scarborough North (23),42 Division,Agincourt South-Malvern West,false,true,false,true,false,false,false,false,false,false,"{""coordinates"": [[-79.2573318817909, 43.787422808305905]], ""type"": ""MultiPoint""}"
19773,2025:5000581316,2025-03-19T19:51:00,INVERGORDON AVE,MCCOWAN RD,,2,Non-Fatal Injury,Intersection-Related,Traffic Signal,Turning Movement,Clear,Dark with Artificial Lighting,Dry,,false,-79.2573318817909,43.787422808305905,1,Automobile or Station Wagon,North,1,54,None,Lap and Shoulder Belt,Improper turn,Inattentive - Other,,,Turning Left,,,,,driver,NA,Scarborough North (23),42 Division,Agincourt South-Malvern West,false,true,false,true,false,false,false,false,false,false,"{""coordinates"": [[-79.2573318817909, 43.787422808305905]], ""type"": ""MultiPoint""}"
19774,2025:5000583174,2025-03-20T04:00:00,DUFFERIN ST,EGLINTON AVE W,,2,Non-Fatal Injury,Non-Intersection,No Control,SMV Other,Clear,Daylight,Dry,,false,-79.44999572979788,43.695808164040024,1,,,2,38,Major,No Equipment Available,,,Other,Road Rage/Aggression,,Other,,,,pedestrian,NA,Eglinton-Lawrence (8),13 Division,Briar Hill-Belgravia,false,false,false,false,false,false,true,false,false,true,"{""coordinates"": [[-79.44999572979788, 43.695808164040024]], ""type"": ""MultiPoint""}"
19775,2025:5000583174,2025-03-20T04:00:00,DUFFERIN ST,EGLINTON AVE W,,2,Non-Fatal Injury,Non-Intersection,No Control,SMV Other,Clear,Daylight,Dry,,false,-79.44999572979788,43.695808164040024,1,Intercity Coach Bus,West,1,38,None,Lap and Shoulder Belt,Driving properly,Normal,,,Slowing or Stopping,,,,,driver,NA,Eglinton-Lawrence (8),13 Division,Briar Hill-Belgravia,false,false,false,false,false,false,true,false,false,true,"{""coordinates"": [[-79.44999572979788, 43.695808164040024]], ""type"": ""MultiPoint""}"
19776,2025:5000594457,2025-03-21T15:54:00,KING ST W,MASSEY ST,,2,Fatal Injury,T Intersection,No Control,SMV Other,Clear,Daylight,Dry,Major Arterial,false,-79.41273184808259,43.641902928424656,NA,,,2,60,None,,Driving properly,Normal,,,,,,,,driver,NA,Spadina-Fort York (10),14 Division,West Queen West,false,false,false,false,false,true,true,false,false,false,"{""coordinates"": [[-79.41273184808259, 43.641902928424656]], ""type"": ""MultiPoint""}"
19777,2025:5000594457,2025-03-21T15:54:00,KING ST W,MASSEY ST,,2,Fatal Injury,T Intersection,No Control,SMV Other,Clear,Daylight,Dry,Major Arterial,false,-79.41273184808259,43.641902928424656,NA,,,1,94,Fatal,,,,Crossing - no traffic control,Normal,,Driver hits pedestrian at midblock,,,,pedestrian,4,Spadina-Fort York (10),14 Division,West Queen West,false,false,false,false,false,true,true,false,false,false,"{""coordinates"": [[-79.41273184808259, 43.641902928424656]], ""type"": ""MultiPoint""}"
19778,2025:5000606038,2025-03-23T06:23:00,EGLINTON AVE W,ISLINGTON AVE,280 m West of,2,Non-Fatal Injury,Non-Intersection,No Control,Approaching Head On,Clear,Dark with Artificial Lighting,Dry,Major Arterial,true,-79.54231710664261,43.67911439139655,1,Automobile or Station Wagon,West,1,37,Minimal,Lap and Shoulder Belt,Lost control,Normal,,,Going Ahead,,,,,driver,NA,Etobicoke Centre (2),22 Division,Willowridge-Martingrove-Richview,false,false,false,false,false,true,false,false,false,false,"{""coordinates"": [[-79.54231710664261, 43.67911439139655]], ""type"": ""MultiPoint""}"
19779,2025:5000606038,2025-03-23T06:23:00,EGLINTON AVE W,ISLINGTON AVE,280 m West of,2,Non-Fatal Injury,Non-Intersection,No Control,Approaching Head On,Clear,Dark with Artificial Lighting,Dry,Major Arterial,true,-79.54231710664261,43.67911439139655,2,Automobile or Station Wagon,East,2,76,Major,Lap and Shoulder Belt,Driving properly,Normal,,,Going Ahead,,,,,driver,NA,Etobicoke Centre (2),22 Division,Willowridge-Martingrove-Richview,false,false,false,false,false,true,false,false,false,false,"{""coordinates"": [[-79.54231710664261, 43.67911439139655]], ""type"": ""MultiPoint""}"
19780,2025:5000615517,2025-03-24T14:17:00,ELLESMERE RD,GANDER DR,68 m West of,1,Non-Fatal Injury,Non-Intersection,No Control,SMV Other,Clear,Daylight,Wet,,false,-79.22735244717158,43.777413975573765,1,Automobile or Station Wagon,East,1,25,Major,Lap and Shoulder Belt,Lost control,Other Condition,,,Going Ahead,,,,,driver,NA,Scarborough-Guildwood (24),43 Division,Golfdale-Cedarbrae-Woburn,false,false,false,false,false,false,false,false,false,false,"{""coordinates"": [[-79.22735244717158, 43.777413975573765]], ""type"": ""MultiPoint""}"
19781,2025:5000628985,2025-03-26T09:45:00,BRIMWOOD BLVD,BRIDLEY DR,,2,Fatal Injury,T Intersection,Stop Sign,SMV Other,Clear,Daylight,Dry,Collector,false,-79.272573285661025,43.81199772941443,1,Automobile or Station Wagon,East,2,44,None,,Improper turn,Normal,,,Turning Left,,,,,driver,NA,Scarborough North (23),42 Division,Agincourt North,false,false,false,false,false,false,true,false,true,false,"{""coordinates"": [[-79.27257328566103, 43.811997729414436]], ""type"": ""MultiPoint""}"
19782,2025:5000628985,2025-03-26T09:45:00,BRIMWOOD BLVD,BRIDLEY DR,,2,Fatal Injury,T Intersection,Stop Sign,SMV Other,Clear,Daylight,Dry,Collector,false,-79.272573285661025,43.81199772941443,NA,,,1,15,Fatal,,,,Crossing with right-of-way (intersection),Normal,,Driver turns left into pedestrian crossing with right-of-way (at intersection),,,,pedestrian,5,Scarborough North (23),42 Division,Agincourt North,false,false,false,false,false,false,true,false,true,false,"{""coordinates"": [[-79.27257328566103, 43.811997729414436]], ""type"": ""MultiPoint""}"
19783,2025:5000649278,2025-03-28T21:58:00,255 VILLAGE GREEN SQ,,,2,Non-Fatal Injury,Intersection-Related,Stop Sign,SMV Other,Rain,Dark,Wet,,true,-79.2827177309858,43.77799663746057,1,Automobile or Station Wagon,East,1,55,None,Lap and Shoulder Belt,Driving properly,Normal,,,Turning Left,,,,,driver,NA,Scarborough-Agincourt (22),42 Division,Agincourt South-Malvern West,false,false,false,false,false,false,true,false,false,false,"{""coordinates"": [[-79.2827177309858, 43.77799663746057]], ""type"": ""MultiPoint""}"