X_id,collision_id,accdate,stname1,stname2,stname3,per_inv,acclass,accloc,traffictl,impactype,visible,light,rdsfcond,road_class,failtorem,longitude,latitude,veh_no,vehtype,initdir,per_no,invage,injury,safequip,drivact,drivcond,pedact,pedcond,manoeuvre,pedtype,cyclistype,cycact,cyccond,road_user,fatal_no,wardname,division,neighbourhood,aggressive,distracted,cyclist,motorcyclist,other_micromobility,older_adult,pedestrian,red_light,school_child,heavy_truck,geometry
19936,2025:5001315029,2025-06-24T13:02:00,VICTORIA PARK AVE,SUNRISE AVE,1 m West of,4,Non-Fatal Injury,Intersection-Related,Traffic Signal,SMV Other,Clear,Daylight,Dry,Major Arterial,false,-79.30056462468126,43.71978605771512,1,,,2,33,None,Lap and Shoulder Belt,,,,,,,,,,passenger,NA,Scarborough Southwest (20),41 Division,Clairlea-Birchmount,false,false,false,false,false,true,true,false,false,false,"{""coordinates"": [[-79.30056462468126, 43.71978605771512]], ""type"": ""MultiPoint""}"
19937,2025:5001328360,2025-06-26T00:51:00,EGLINTON AVE W,RENFORTH DR,,2,Non-Fatal Injury,Four-way,Traffic Signal,Turning Movement,Clear,Dark with Artificial Lighting,Dry,Major Arterial,false,-79.58766648952123,43.66610985307712,2,Motorcycle,South,2,0,Major,Use Unknown,Driving properly,Normal,,,Going Ahead,,,,,motorcyclist,NA,Etobicoke Centre (2),22 Division,Eringate-Centennial-West Deane,false,false,false,true,false,false,false,false,false,false,"{""coordinates"": [[-79.58766648952123, 43.66610985307712]], ""type"": ""MultiPoint""}"
19938,2025:5001328360,2025-06-26T00:51:00,EGLINTON AVE W,RENFORTH DR,,2,Non-Fatal Injury,Four-way,Traffic Signal,Turning Movement,Clear,Dark with Artificial Lighting,Dry,Major Arterial,false,-79.58766648952123,43.66610985307712,1,Automobile or Station Wagon,North,1,21,None,Air Bag Deployed,Improper turn,Normal,,,Turning Left,,,,,driver,NA,Etobicoke Centre (2),22 Division,Eringate-Centennial-West Deane,false,false,false,true,false,false,false,false,false,false,"{""coordinates"": [[-79.58766648952123, 43.66610985307712]], ""type"": ""MultiPoint""}"
19939,2025:5001333099,2025-06-26T16:25:00,LAWRENCE AVE E,PORTWINE DR,8 m East of,4,Non-Fatal Injury,Intersection-Related,No Control,SMV Other,Clear,Daylight,Dry,Collector,false,-79.12816800907267,43.78289937911352,1,,,4,17,Major,No Equipment Available,,,Crossing without right-of-way (intersection),Inattentive - Hand-Held Device,,Driver hits pedestrian walking or running out from between parked vehicles (at midblock),,,,pedestrian,NA,Scarborough-Rouge Park (25),43 Division,West Rouge,false,true,false,false,false,false,true,false,true,false,"{""coordinates"": [[-79.12816800907267, 43.782899379113516]], ""type"": ""MultiPoint""}"
19940,2025:5001333099,2025-06-26T16:25:00,LAWRENCE AVE E,PORTWINE DR,8 m East of,4,Non-Fatal Injury,Intersection-Related,No Control,SMV Other,Clear,Daylight,Dry,Collector,false,-79.12816800907267,43.78289937911352,1,Passenger Van,West,1,47,None,Lap and Shoulder Belt,Driving properly,Normal,,,Going Ahead,,,,,driver,NA,Scarborough-Rouge Park (25),43 Division,West Rouge,false,true,false,false,false,false,true,false,true,false,"{""coordinates"": [[-79.12816800907267, 43.782899379113516]], ""type"": ""MultiPoint""}"
19941,2025:5001333099,2025-06-26T16:25:00,LAWRENCE AVE E,PORTWINE DR,8 m East of,4,Non-Fatal Injury,Intersection-Related,No Control,SMV Other,Clear,Daylight,Dry,Collector,false,-79.12816800907267,43.78289937911352,1,,,2,10,None,Child Safety Seat Used Correctly,,,,,,,,,,passenger,NA,Scarborough-Rouge Park (25),43 Division,West Rouge,false,true,false,false,false,false,true,false,true,false,"{""coordinates"": [[-79.12816800907267, 43.782899379113516]], ""type"": ""MultiPoint""}"
19942,2025:5001333099,2025-06-26T16:25:00,LAWRENCE AVE E,PORTWINE DR,8 m East of,4,Non-Fatal Injury,Intersection-Related,No Control,SMV Other,Clear,Daylight,Dry,Collector,false,-79.12816800907267,43.78289937911352,1,,,3,8,None,Child Safety Seat Used Correctly,,,,,,,,,,passenger,NA,Scarborough-Rouge Park (25),43 Division,West Rouge,false,true,false,false,false,false,true,false,true,false,"{""coordinates"": [[-79.12816800907267, 43.782899379113516]], ""type"": ""MultiPoint""}"
19943,2025:5001341985,2025-06-27T19:45:00,HAYDEN ST,CHURCH ST,78 m West of,2,Non-Fatal Injury,Non-Intersection,No Control,SMV Other,Clear,Dusk with Artificial Lighting,Dry,Minor Arterial,false,-79.38400686178886,43.66118818098666,1,,,2,20,Major,No Equipment Available,,,Crossing - no traffic control,Normal,,Driver hits pedestrian at midblock,,,,pedestrian,NA,University-Rosedale (11),52 Division,Yonge-Bay Corridor,false,false,false,false,false,false,true,false,false,false,"{""coordinates"": [[-79.38400686178886, 43.66118818098666]], ""type"": ""MultiPoint""}"
19944,2025:5001341985,2025-06-27T19:45:00,HAYDEN ST,CHURCH ST,78 m West of,2,Non-Fatal Injury,Non-Intersection,No Control,SMV Other,Clear,Dusk with Artificial Lighting,Dry,Minor Arterial,false,-79.38400686178886,43.66118818098666,1,Automobile or Station Wagon,East,1,56,None,Lap and Shoulder Belt,Driving properly,Normal,,,Reversing,,,,,driver,NA,University-Rosedale (11),52 Division,Yonge-Bay Corridor,false,false,false,false,false,false,true,false,false,false,"{""coordinates"": [[-79.38400686178886, 43.66118818098666]], ""type"": ""MultiPoint""}"
19945,2025:5001343615,2025-06-28T00:30:00,DIXON RD,MARTIN GROVE RD,250 m West of,3,Non-Fatal Injury,Non-Intersection,No Control,SMV Other,Rain,Dark with Artificial Lighting,Wet,Major Arterial,false,-79.57378112487746,43.69097342192763,1,,,2,24,None,Lap and Shoulder Belt,,,,,,,,,,passenger,NA,Etobicoke North (1),23 Division,West Humber-Clairville,false,false,false,false,false,false,true,false,false,false,"{""coordinates"": [[-79.57378112487746, 43.69097342192763]], ""type"": ""MultiPoint""}"
19946,2025:5001343615,2025-06-28T00:30:00,DIXON RD,MARTIN GROVE RD,250 m West of,3,Non-Fatal Injury,Non-Intersection,No Control,SMV Other,Rain,Dark with Artificial Lighting,Wet,Major Arterial,false,-79.57378112487746,43.69097342192763,1,,,3,30,Major,Use Unknown,,,Crossing - no traffic control,Had Been Drinking,,Driver hits pedestrian at midblock,,,,pedestrian,NA,Etobicoke North (1),23 Division,West Humber-Clairville,false,false,false,false,false,false,true,false,false,false,"{""coordinates"": [[-79.57378112487746, 43.69097342192763]], ""type"": ""MultiPoint""}"
19947,2025:5001343615,2025-06-28T00:30:00,DIXON RD,MARTIN GROVE RD,250 m West of,3,Non-Fatal Injury,Non-Intersection,No Control,SMV Other,Rain,Dark with Artificial Lighting,Wet,Major Arterial,false,-79.57378112487746,43.69097342192763,1,Automobile or Station Wagon,West,1,23,None,Lap and Shoulder Belt,Driving properly,Normal,,,Going Ahead,,,,,driver,NA,Etobicoke North (1),23 Division,West Humber-Clairville,false,false,false,false,false,false,true,false,false,false,"{""coordinates"": [[-79.57378112487746, 43.69097342192763]], ""type"": ""MultiPoint""}"
19948,2025:5001346932,2025-06-28T14:11:00,COLLEGE ST,HURON ST,,2,Non-Fatal Injury,Intersection-Related,Traffic Signal,Turning Movement,Clear,Daylight,Dry,Major Arterial,false,-79.39816309367534,43.65823730236151,2,Bicycle,East,2,34,Major,Helmet,,,,,Going Ahead,,,Driving Properly,Normal,cyclist,NA,University-Rosedale (11),52 Division,Kensington-Chinatown,true,false,true,false,false,false,false,false,false,false,"{""coordinates"": [[-79.39816309367534, 43.65823730236151]], ""type"": ""MultiPoint""}"
19949,2025:5001346932,2025-06-28T14:11:00,COLLEGE ST,HURON ST,,2,Non-Fatal Injury,Intersection-Related,Traffic Signal,Turning Movement,Clear,Daylight,Dry,Major Arterial,false,-79.39816309367534,43.65823730236151,1,Automobile or Station Wagon,East,1,21,None,Lap and Shoulder Belt,Exceeding speed limit,Normal,,,Turning Right,,,,,driver,NA,University-Rosedale (11),52 Division,Kensington-Chinatown,true,false,true,false,false,false,false,false,false,false,"{""coordinates"": [[-79.39816309367534, 43.65823730236151]], ""type"": ""MultiPoint""}"
19950,2025:5001348438,2025-06-28T17:48:00,LAWRENCE AVE E,DANIELLE MOORE CRCL,,3,Non-Fatal Injury,Four-way,Traffic Signal,Turning Movement,Clear,Daylight,Dry,Major Arterial,false,-79.25995191466183,43.75258200642082,2,Motorcycle,West,2,35,Major,Helmet,Exceeding speed limit,Other Condition,,,Going Ahead,,,,,motorcyclist,NA,Scarborough Centre (21),41 Division,Bendale-Glen Andrew,true,false,false,true,false,false,false,false,false,false,"{""coordinates"": [[-79.25995191466183, 43.75258200642082]], ""type"": ""MultiPoint""}"
19951,2025:5001348438,2025-06-28T17:48:00,LAWRENCE AVE E,DANIELLE MOORE CRCL,,3,Non-Fatal Injury,Four-way,Traffic Signal,Turning Movement,Clear,Daylight,Dry,Major Arterial,false,-79.25995191466183,43.75258200642082,1,,,3,26,Minimal,Lap and Shoulder Belt,,,,,,,,,,passenger,NA,Scarborough Centre (21),41 Division,Bendale-Glen Andrew,true,false,false,true,false,false,false,false,false,false,"{""coordinates"": [[-79.25995191466183, 43.75258200642082]], ""type"": ""MultiPoint""}"
19952,2025:5001348438,2025-06-28T17:48:00,LAWRENCE AVE E,DANIELLE MOORE CRCL,,3,Non-Fatal Injury,Four-way,Traffic Signal,Turning Movement,Clear,Daylight,Dry,Major Arterial,false,-79.25995191466183,43.75258200642082,1,Automobile or Station Wagon,East,1,32,None,Lap and Shoulder Belt,Failed to yield right-of-way,Normal,,,Turning Left,,,,,driver,NA,Scarborough Centre (21),41 Division,Bendale-Glen Andrew,true,false,false,true,false,false,false,false,false,false,"{""coordinates"": [[-79.25995191466183, 43.75258200642082]], ""type"": ""MultiPoint""}"
19953,2025:5001350308,2025-06-28T23:15:00,ASHTONBEE RD,PHARMACY AVE,135 m East of,2,Non-Fatal Injury,At/Near Private Drive,Stop Sign,SMV Other,Clear,Dark with Artificial Lighting,Dry,Minor Arterial,false,-79.29696720658572,43.728853052771754,1,Automobile or Station Wagon,North,1,54,None,Lap Belt Only of Combined Assembly,Failed to yield right-of-way,Normal,,,Turning Left,,,,,driver,NA,Scarborough Centre (21),41 Division,Wexford/Maryvale,true,false,false,false,false,false,true,false,false,false,"{""coordinates"": [[-79.29696720658572, 43.728853052771754]], ""type"": ""MultiPoint""}"
19954,2025:5001350308,2025-06-28T23:15:00,ASHTONBEE RD,PHARMACY AVE,135 m East of,2,Non-Fatal Injury,At/Near Private Drive,Stop Sign,SMV Other,Clear,Dark with Artificial Lighting,Dry,Minor Arterial,false,-79.29696720658572,43.728853052771754,1,,,2,26,Major,Use Unknown,,,Crossing with right-of-way (intersection),Normal,,Driver hits pedestrian on sidewalk or shoulder,,,,pedestrian,NA,Scarborough Centre (21),41 Division,Wexford/Maryvale,true,false,false,false,false,false,true,false,false,false,"{""coordinates"": [[-79.29696720658572, 43.728853052771754]], ""type"": ""MultiPoint""}"
19955,2025:5001357712,2025-06-30T00:28:00,ALBION RD,CARRIER DR,,2,Non-Fatal Injury,Intersection-Related,No Control,Other,Clear,Dark with Artificial Lighting,Dry,Major Arterial,false,-79.6142470732553,43.74550543523814,1,Automobile or Station Wagon,West,1,54,None,Lap and Shoulder Belt,Driving properly,Normal,,,Going Ahead,,,,,driver,NA,Etobicoke North (1),23 Division,West Humber-Clairville,false,false,false,false,false,false,false,false,true,false,"{""coordinates"": [[-79.6142470732553, 43.74550543523814]], ""type"": ""MultiPoint""}"
19956,2025:5001357712,2025-06-30T00:28:00,ALBION RD,CARRIER DR,,2,Non-Fatal Injury,Intersection-Related,No Control,Other,Clear,Dark with Artificial Lighting,Dry,Major Arterial,false,-79.6142470732553,43.74550543523814,1,,,2,19,Major,Equipment Not Used But Available,,,,,,,,,,passenger,NA,Etobicoke North (1),23 Division,West Humber-Clairville,false,false,false,false,false,false,false,false,true,false,"{""coordinates"": [[-79.6142470732553, 43.74550543523814]], ""type"": ""MultiPoint""}"
19957,2025:5001364383,2025-06-30T20:30:00,KENNEDY RD,VILLAGE GREEN SQ,46 m North of,2,Non-Fatal Injury,Intersection-Related,Traffic Signal,SMV Other,Clear,Daylight,Dry,Major Arterial,false,-79.28562373596195,43.77773654093129,1,Automobile or Station Wagon,North,1,62,Major,Lap and Shoulder Belt,Disobeyed traffic control,Normal,,,Going Ahead,,,,,driver,NA,Scarborough-Agincourt (22),42 Division,Agincourt South-Malvern West,true,false,false,false,false,false,false,true,false,false,"{""coordinates"": [[-79.28562373596195, 43.77773654093129]], ""type"": ""MultiPoint""}"
19958,2025:5001364383,2025-06-30T20:30:00,KENNEDY RD,VILLAGE GREEN SQ,46 m North of,2,Non-Fatal Injury,Intersection-Related,Traffic Signal,SMV Other,Clear,Daylight,Dry,Major Arterial,false,-79.28562373596195,43.77773654093129,2,Automobile or Station Wagon,South,2,36,None,Lap and Shoulder Belt,Driving properly,Normal,,,Turning Left,,,,,driver,NA,Scarborough-Agincourt (22),42 Division,Agincourt South-Malvern West,true,false,false,false,false,false,false,true,false,false,"{""coordinates"": [[-79.28562373596195, 43.77773654093129]], ""type"": ""MultiPoint""}"
19959,2025:5001369379,2025-07-01T14:15:00,QUEENS QY W,REES ST,10 m East of,2,Non-Fatal Injury,Non-Intersection,Traffic Signal,Other,Clear,Daylight,Dry,Minor Arterial,false,-79.3864030006283,43.63889408958804,1,,,2,64,Major,Use Unknown,,,,,,,,,,passenger,NA,Spadina-Fort York (10),52 Division,Harbourfront-CityPlace,false,false,false,false,false,false,false,false,false,true,"{""coordinates"": [[-79.3864030006283, 43.63889408958804]], ""type"": ""MultiPoint""}"
19960,2025:5001369379,2025-07-01T14:15:00,QUEENS QY W,REES ST,10 m East of,2,Non-Fatal Injury,Non-Intersection,Traffic Signal,Other,Clear,Daylight,Dry,Minor Arterial,false,-79.3864030006283,43.63889408958804,1,Streetcar,West,1,55,None,Use Unknown,Driving properly,Normal,,,Going Ahead,,,,,driver,NA,Spadina-Fort York (10),52 Division,Harbourfront-CityPlace,false,false,false,false,false,false,false,false,false,true,"{""coordinates"": [[-79.3864030006283, 43.63889408958804]], ""type"": ""MultiPoint""}"
19961,2025:5001385176,2025-07-03T15:15:00,ATOMIC AVE,NORTH QUEEN ST,,2,Fatal Injury,At Intersection,Stop Sign,Turning Movement,Clear,Daylight,Dry,Minor Arterial,false,-79.54265741341906,43.62200932284184,2,Truck - Dump,North,2,21,None,,Improper turn,Normal,,,Making U-Turn,,,,,driver,NA,Etobicoke-Lakeshore (3),22 Division,Etobicoke City Centre,false,false,true,false,false,false,false,false,false,true,"{""coordinates"": [[-79.54265741341906, 43.62200932284184]], ""type"": ""MultiPoint""}"
19962,2025:5001385176,2025-07-03T15:15:00,ATOMIC AVE,NORTH QUEEN ST,,2,Fatal Injury,At Intersection,Stop Sign,Turning Movement,Clear,Daylight,Dry,Minor Arterial,false,-79.54265741341906,43.62200932284184,1,E-Bike (Power-Assisted Bicycle),East,1,56,Fatal,,,,,,Going Ahead,,Motorist turned left,Driving Properly,Normal,cyclist,21,Etobicoke-Lakeshore (3),22 Division,Etobicoke City Centre,false,false,true,false,false,false,false,false,false,true,"{""coordinates"": [[-79.54265741341906, 43.62200932284184]], ""type"": ""MultiPoint""}"
19963,2025:5001403248,2025-07-05T22:28:00,PARK LAWN RD,KINSDALE BV,4 m North of,5,Non-Fatal Injury,Intersection-Related,Stop Sign,SMV Other,Clear,Dark with Artificial Lighting,Dry,Collector,false,-79.49302521899136,43.6352607521351,1,,,4,30,None,Lap and Shoulder Belt,,,,,,,,,,passenger,NA,Etobicoke-Lakeshore (3),22 Division,Stonegate-Queensway,false,false,false,false,false,false,true,false,true,false,"{""coordinates"": [[-79.49302521899136, 43.6352607521351]], ""type"": ""MultiPoint""}"
19964,2025:5001403248,2025-07-05T22:28:00,PARK LAWN RD,KINSDALE BV,4 m North of,5,Non-Fatal Injury,Intersection-Related,Stop Sign,SMV Other,Clear,Dark with Artificial Lighting,Dry,Collector,false,-79.49302521899136,43.6352607521351,1,,,5,46,Major,No Equipment Available,,,Crossing - no traffic control,Normal,,Driver turns left into pedestrian crossing with right-of-way (at intersection),,,,pedestrian,NA,Etobicoke-Lakeshore (3),22 Division,Stonegate-Queensway,false,false,false,false,false,false,true,false,true,false,"{""coordinates"": [[-79.49302521899136, 43.6352607521351]], ""type"": ""MultiPoint""}"
19965,2025:5001403248,2025-07-05T22:28:00,PARK LAWN RD,KINSDALE BV,4 m North of,5,Non-Fatal Injury,Intersection-Related,Stop Sign,SMV Other,Clear,Dark with Artificial Lighting,Dry,Collector,false,-79.49302521899136,43.6352607521351,1,,,2,14,None,Lap and Shoulder Belt,,,,,,,,,,passenger,NA,Etobicoke-Lakeshore (3),22 Division,Stonegate-Queensway,false,false,false,false,false,false,true,false,true,false,"{""coordinates"": [[-79.49302521899136, 43.6352607521351]], ""type"": ""MultiPoint""}"
19966,2025:5001403248,2025-07-05T22:28:00,PARK LAWN RD,KINSDALE BV,4 m North of,5,Non-Fatal Injury,Intersection-Related,Stop Sign,SMV Other,Clear,Dark with Artificial Lighting,Dry,Collector,false,-79.49302521899136,43.6352607521351,1,Automobile or Station Wagon,West,1,24,None,Lap and Shoulder Belt,Improper turn,Normal,,,Turning Left,,,,,driver,NA,Etobicoke-Lakeshore (3),22 Division,Stonegate-Queensway,false,false,false,false,false,false,true,false,true,false,"{""coordinates"": [[-79.49302521899136, 43.6352607521351]], ""type"": ""MultiPoint""}"
19967,2025:5001403248,2025-07-05T22:28:00,PARK LAWN RD,KINSDALE BV,4 m North of,5,Non-Fatal Injury,Intersection-Related,Stop Sign,SMV Other,Clear,Dark with Artificial Lighting,Dry,Collector,false,-79.49302521899136,43.6352607521351,1,,,3,44,None,Lap and Shoulder Belt,,,,,,,,,,passenger,NA,Etobicoke-Lakeshore (3),22 Division,Stonegate-Queensway,false,false,false,false,false,false,true,false,true,false,"{""coordinates"": [[-79.49302521899136, 43.6352607521351]], ""type"": ""MultiPoint""}"
19968,2025:5001411531,2025-07-07T03:30:00,MAIN ST,DANFORTH AV,50 m North of,2,Non-Fatal Injury,Non-Intersection,,SMV Other,Clear,Dark,Dry,Major Arterial,false,-79.3019079681359,43.68836956052148,1,Automobile or Station Wagon,North,1,24,None,Use Unknown,Other,Normal,,,Going Ahead,,,,,driver,NA,Beaches-East York (19),55 Division,East End-Danforth,false,false,false,false,false,false,true,false,false,false,"{""coordinates"": [[-79.3019079681359, 43.68836956052148]], ""type"": ""MultiPoint""}"
19969,2025:5001411531,2025-07-07T03:30:00,MAIN ST,DANFORTH AV,50 m North of,2,Non-Fatal Injury,Non-Intersection,,SMV Other,Clear,Dark,Dry,Major Arterial,false,-79.3019079681359,43.68836956052148,1,,,2,43,Major,Use Unknown,,,Crossing - no traffic control,Normal,,Driver hits pedestrian at midblock,,,,pedestrian,NA,Beaches-East York (19),55 Division,East End-Danforth,false,false,false,false,false,false,true,false,false,false,"{""coordinates"": [[-79.3019079681359, 43.68836956052148]], ""type"": ""MultiPoint""}"
19970,2025:5001421383,2025-07-08T11:09:00,BLOOR ST W,DOVERCOURT RD,,3,Non-Fatal Injury,Four-way,Traffic Signal,Turning Movement,Clear,Daylight,Dry,Major Arterial,false,-79.42937964924678,43.66114204708431,1,Automobile or Station Wagon,East,1,20,None,Lap and Shoulder Belt,Disobeyed traffic control,Inattentive - Other,,,Turning Right,,,,,driver,NA,Davenport (9),14 Division,Palmerston-Little Italy,true,true,true,false,false,false,false,true,false,false,"{""coordinates"": [[-79.42937964924678, 43.66114204708431]], ""type"": ""MultiPoint""}"
19971,2025:5001421383,2025-07-08T11:09:00,BLOOR ST W,DOVERCOURT RD,,3,Non-Fatal Injury,Four-way,Traffic Signal,Turning Movement,Clear,Daylight,Dry,Major Arterial,false,-79.42937964924678,43.66114204708431,2,,,3,57,Major,No Equipment Available,,,,,,,,,,passenger,NA,Davenport (9),14 Division,Palmerston-Little Italy,true,true,true,false,false,false,false,true,false,false,"{""coordinates"": [[-79.42937964924678, 43.66114204708431]], ""type"": ""MultiPoint""}"
19972,2025:5001421383,2025-07-08T11:09:00,BLOOR ST W,DOVERCOURT RD,,3,Non-Fatal Injury,Four-way,Traffic Signal,Turning Movement,Clear,Daylight,Dry,Major Arterial,false,-79.42937964924678,43.66114204708431,2,E-Bike (Power-Assisted Bicycle),East,2,29,Minimal,Helmet,Improper passing,Normal,,,Going Ahead,,,,,cyclist,NA,Davenport (9),14 Division,Palmerston-Little Italy,true,true,true,false,false,false,false,true,false,false,"{""coordinates"": [[-79.42937964924678, 43.66114204708431]], ""type"": ""MultiPoint""}"
19973,2025:5001422332,2025-07-08T13:15:00,SHEPPARD AVENUE WEST,GODDARD STREET,,3,Non-Fatal Injury,Intersection-Related,Traffic Signal,SMV Other,Clear,Daylight,Dry,Major Arterial,false,-79.44801972989353,43.75349584054021,1,,,3,73,Major,Use Unknown,,,Crossing with right-of-way (intersection),Normal,,Driver turns left into pedestrian crossing with right-of-way (at intersection),,,,pedestrian,NA,York Centre (6),32 Division,Clanton Park,true,false,false,false,false,true,true,false,false,false,"{""coordinates"": [[-79.44801972989353, 43.75349584054021]], ""type"": ""MultiPoint""}"
19974,2025:5001422332,2025-07-08T13:15:00,SHEPPARD AVENUE WEST,GODDARD STREET,,3,Non-Fatal Injury,Intersection-Related,Traffic Signal,SMV Other,Clear,Daylight,Dry,Major Arterial,false,-79.44801972989353,43.75349584054021,1,Automobile or Station Wagon,East,1,28,None,Lap and Shoulder Belt,Failed to yield right-of-way,Normal,,,Turning Left,,,,,driver,NA,York Centre (6),32 Division,Clanton Park,true,false,false,false,false,true,true,false,false,false,"{""coordinates"": [[-79.44801972989353, 43.75349584054021]], ""type"": ""MultiPoint""}"
19975,2025:5001422332,2025-07-08T13:15:00,SHEPPARD AVENUE WEST,GODDARD STREET,,3,Non-Fatal Injury,Intersection-Related,Traffic Signal,SMV Other,Clear,Daylight,Dry,Major Arterial,false,-79.44801972989353,43.75349584054021,1,,,2,0,None,Lap and Shoulder Belt,,,,,,,,,,passenger,NA,York Centre (6),32 Division,Clanton Park,true,false,false,false,false,true,true,false,false,false,"{""coordinates"": [[-79.44801972989353, 43.75349584054021]], ""type"": ""MultiPoint""}"
19976,2025:5001424314,2025-07-08T17:40:00,GARDINER EXPY W,LOWER JARVIS ST,,7,Fatal Injury,Non-Intersection,No Control,Rear End,Clear,Daylight,Dry,Expressway,false,-79.3701548580345,43.64581816375567,4,Automobile or Station Wagon,West,4,41,Minimal,,,Unknown,,,Unknown,,,,,driver,NA,Spadina-Fort York (10),51 Division,St Lawrence-East Bayfront-The Islands,false,false,false,false,false,true,true,false,false,false,"{""coordinates"": [[-79.3701548580345, 43.64581816375567]], ""type"": ""MultiPoint""}"
19977,2025:5001424314,2025-07-08T17:40:00,GARDINER EXPY W,LOWER JARVIS ST,,7,Fatal Injury,Non-Intersection,No Control,Rear End,Clear,Daylight,Dry,Expressway,false,-79.3701548580345,43.64581816375567,1,Automobile or Station Wagon,West,1,68,Fatal,,Driving properly,Unknown,,,Going Ahead,,,,,driver,22,Spadina-Fort York (10),51 Division,St Lawrence-East Bayfront-The Islands,false,false,false,false,false,true,true,false,false,false,"{""coordinates"": [[-79.3701548580345, 43.64581816375567]], ""type"": ""MultiPoint""}"
19978,2025:5001424314,2025-07-08T17:40:00,GARDINER EXPY W,LOWER JARVIS ST,,7,Fatal Injury,Non-Intersection,No Control,Rear End,Clear,Daylight,Dry,Expressway,false,-79.3701548580345,43.64581816375567,NA,,Unknown,7,47,Minor,,,Unknown,,,Unknown,,,,,pedestrian,NA,Spadina-Fort York (10),51 Division,St Lawrence-East Bayfront-The Islands,false,false,false,false,false,true,true,false,false,false,"{""coordinates"": [[-79.3701548580345, 43.64581816375567]], ""type"": ""MultiPoint""}"
19979,2025:5001424314,2025-07-08T17:40:00,GARDINER EXPY W,LOWER JARVIS ST,,7,Fatal Injury,Non-Intersection,No Control,Rear End,Clear,Daylight,Dry,Expressway,false,-79.3701548580345,43.64581816375567,6,Automobile or Station Wagon,West,6,43,None,,,Unknown,,,Unknown,,,,,driver,NA,Spadina-Fort York (10),51 Division,St Lawrence-East Bayfront-The Islands,false,false,false,false,false,true,true,false,false,false,"{""coordinates"": [[-79.3701548580345, 43.64581816375567]], ""type"": ""MultiPoint""}"
19980,2025:5001424314,2025-07-08T17:40:00,GARDINER EXPY W,LOWER JARVIS ST,,7,Fatal Injury,Non-Intersection,No Control,Rear End,Clear,Daylight,Dry,Expressway,false,-79.3701548580345,43.64581816375567,3,Automobile or Station Wagon,West,3,43,Minor,,Driving properly,Normal,,,Slowing or Stopping,,,,,driver,NA,Spadina-Fort York (10),51 Division,St Lawrence-East Bayfront-The Islands,false,false,false,false,false,true,true,false,false,false,"{""coordinates"": [[-79.3701548580345, 43.64581816375567]], ""type"": ""MultiPoint""}"
19981,2025:5001424314,2025-07-08T17:40:00,GARDINER EXPY W,LOWER JARVIS ST,,7,Fatal Injury,Non-Intersection,No Control,Rear End,Clear,Daylight,Dry,Expressway,false,-79.3701548580345,43.64581816375567,2,Pickup Truck,West,2,26,Minor,,Improper lane change,Normal,,,Changing Lanes,,,,,driver,NA,Spadina-Fort York (10),51 Division,St Lawrence-East Bayfront-The Islands,false,false,false,false,false,true,true,false,false,false,"{""coordinates"": [[-79.3701548580345, 43.64581816375567]], ""type"": ""MultiPoint""}"
19982,2025:5001424314,2025-07-08T17:40:00,GARDINER EXPY W,LOWER JARVIS ST,,7,Fatal Injury,Non-Intersection,No Control,Rear End,Clear,Daylight,Dry,Expressway,false,-79.3701548580345,43.64581816375567,5,Automobile or Station Wagon,West,5,50,Major,,,Unknown,,,Unknown,,,,,driver,NA,Spadina-Fort York (10),51 Division,St Lawrence-East Bayfront-The Islands,false,false,false,false,false,true,true,false,false,false,"{""coordinates"": [[-79.3701548580345, 43.64581816375567]], ""type"": ""MultiPoint""}"
19983,2025:5001428940,2025-07-09T10:34:00,MCMURRICH ST,DAVENPORT RD,40 m North of,1,Non-Fatal Injury,At/Near Private Drive,No Control,SMV Other,Clear,Daylight,Dry,Local,false,-79.38945465337287,43.67343908602523,1,Automobile or Station Wagon,East,1,84,Major,Lap and Shoulder Belt,Lost control,Medical or Physical Disability - Cognitive Impairment,,,Going Ahead,,,,,driver,NA,University-Rosedale (11),53 Division,Annex,false,false,false,false,false,true,false,false,false,false,"{""coordinates"": [[-79.38945465337287, 43.67343908602523]], ""type"": ""MultiPoint""}"
19984,2025:5001431240,2025-07-09T16:11:00,FERNWOOD RD,RIDELLE AVE,20 m East of,2,Non-Fatal Injury,Non-Intersection,No Control,Approaching Head On,Clear,Daylight,Dry,Local,false,-79.43606218874109,43.70510884166197,1,Automobile or Station Wagon,West,1,50,None,Lap and Shoulder Belt,Failed to yield right-of-way,Inattentive - Other,,,Going Ahead,,,,,driver,NA,Eglinton-Lawrence (8),13 Division,Forest Hill North,true,true,false,false,false,false,false,false,false,false,"{""coordinates"": [[-79.43606218874109, 43.70510884166197]], ""type"": ""MultiPoint""}"
19985,2025:5001431240,2025-07-09T16:11:00,FERNWOOD RD,RIDELLE AVE,20 m East of,2,Non-Fatal Injury,Non-Intersection,No Control,Approaching Head On,Clear,Daylight,Dry,Local,false,-79.43606218874109,43.70510884166197,2,Automobile or Station Wagon,East,2,57,Major,Lap and Shoulder Belt,Driving properly,Normal,,,Stopped,,,,,driver,NA,Eglinton-Lawrence (8),13 Division,Forest Hill North,true,true,false,false,false,false,false,false,false,false,"{""coordinates"": [[-79.43606218874109, 43.70510884166197]], ""type"": ""MultiPoint""}"
19986,2025:5001461715,2025-07-13T18:12:00,JAMES ST,FORTY SECOND ST,10 m South of,2,Non-Fatal Injury,Intersection-Related,No Control,Same Direction,Clear,Daylight,Dry,Local,false,-79.54384127712275,43.588646342510785,1,Automobile or Station Wagon,South,1,67,None,Lap and Shoulder Belt,Improper passing,Normal,,,Going Ahead,,,,,driver,NA,Etobicoke-Lakeshore (3),22 Division,Long Branch,true,false,true,false,false,true,false,false,false,false,"{""coordinates"": [[-79.54384127712275, 43.588646342510785]], ""type"": ""MultiPoint""}"