X_id,collision_id,accdate,stname1,stname2,stname3,per_inv,acclass,accloc,traffictl,impactype,visible,light,rdsfcond,road_class,failtorem,longitude,latitude,veh_no,vehtype,initdir,per_no,invage,injury,safequip,drivact,drivcond,pedact,pedcond,manoeuvre,pedtype,cyclistype,cycact,cyccond,road_user,fatal_no,wardname,division,neighbourhood,aggressive,distracted,cyclist,motorcyclist,other_micromobility,older_adult,pedestrian,red_light,school_child,heavy_truck,geometry
19987,2025:5001461715,2025-07-13T18:12:00,JAMES ST,FORTY SECOND ST,10 m South of,2,Non-Fatal Injury,Intersection-Related,No Control,Same Direction,Clear,Daylight,Dry,Local,false,-79.54384127712275,43.588646342510785,2,Bicycle,South,2,82,Major,Helmet,,,,,Going Ahead,,Sideswipe with cyclist and driver travelling in same direction,,Unknown,cyclist,NA,Etobicoke-Lakeshore (3),22 Division,Long Branch,true,false,true,false,false,true,false,false,false,false,"{""coordinates"": [[-79.54384127712275, 43.588646342510785]], ""type"": ""MultiPoint""}"
19988,2025:5001469713,2025-07-14T19:06:00,SHERIDAN AVE,COLLEGE ST,6 m North of,3,Non-Fatal Injury,Intersection-Related,Stop Sign,Angle,Clear,Daylight,Dry,Minor Arterial,true,-79.43453197416193,43.65213675766107,3,Passenger Van,West,3,56,None,Lap and Shoulder Belt,Driving properly,Normal,,,Going Ahead,,,,,driver,NA,Davenport (9),11 Division,Little Portugal,true,true,false,true,false,false,false,false,false,false,"{""coordinates"": [[-79.43453197416193, 43.65213675766107]], ""type"": ""MultiPoint""}"
19989,2025:5001469713,2025-07-14T19:06:00,SHERIDAN AVE,COLLEGE ST,6 m North of,3,Non-Fatal Injury,Intersection-Related,Stop Sign,Angle,Clear,Daylight,Dry,Minor Arterial,true,-79.43453197416193,43.65213675766107,1,Automobile or Station Wagon,North,1,0,None,Lap and Shoulder Belt,Failed to yield right-of-way,Inattentive - Other,,,Going Ahead,,,,,driver,NA,Davenport (9),11 Division,Little Portugal,true,true,false,true,false,false,false,false,false,false,"{""coordinates"": [[-79.43453197416193, 43.65213675766107]], ""type"": ""MultiPoint""}"
19990,2025:5001469713,2025-07-14T19:06:00,SHERIDAN AVE,COLLEGE ST,6 m North of,3,Non-Fatal Injury,Intersection-Related,Stop Sign,Angle,Clear,Daylight,Dry,Minor Arterial,true,-79.43453197416193,43.65213675766107,2,Motorcycle,East,2,45,Major,Helmet,Driving properly,Normal,,,Going Ahead,,,,,motorcyclist,NA,Davenport (9),11 Division,Little Portugal,true,true,false,true,false,false,false,false,false,false,"{""coordinates"": [[-79.43453197416193, 43.65213675766107]], ""type"": ""MultiPoint""}"
19991,2025:5001491585,2025-07-17T15:20:00,JANE ST,FRITH RD,,2,Non-Fatal Injury,Intersection-Related,Stop Sign,Turning Movement,Clear,Daylight,Dry,Major Arterial,false,-79.51494214695288,43.74644152444722,2,Automobile or Station Wagon,South,2,32,None,Lap and Shoulder Belt,Driving properly,Normal,,,Going Ahead,,,,,driver,NA,Humber River-Black Creek (7),31 Division,Glenfield-Jane Heights,false,false,true,false,false,false,false,false,false,false,"{""coordinates"": [[-79.51494214695288, 43.74644152444722]], ""type"": ""MultiPoint""}"
19992,2025:5001491585,2025-07-17T15:20:00,JANE ST,FRITH RD,,2,Non-Fatal Injury,Intersection-Related,Stop Sign,Turning Movement,Clear,Daylight,Dry,Major Arterial,false,-79.51494214695288,43.74644152444722,1,E-Bike (Power-Assisted Bicycle),East,1,33,Major,Use Unknown,,,,,Turning Left,,"Cyclist without right-of-way rides into path of driver (at intersection, laneway, or driveway)",Failed to Yield Right of Way,Normal,cyclist,NA,Humber River-Black Creek (7),31 Division,Glenfield-Jane Heights,false,false,true,false,false,false,false,false,false,false,"{""coordinates"": [[-79.51494214695288, 43.74644152444722]], ""type"": ""MultiPoint""}"
19993,2025:5001495823,2025-07-18T05:45:00,BLOOR ST W,DUFFERIN ST,,2,Non-Fatal Injury,Four-way,Traffic Signal,Angle,Clear,Dawn,Dry,Major Arterial,false,-79.43533576285338,43.659861156199014,1,E-Bike (Power-Assisted Bicycle),East,1,19,Major,No Equipment Available,Disobeyed traffic control,Normal,,,Going Ahead,,,,,cyclist,NA,Davenport (9),14 Division,Dufferin Grove,true,false,true,false,false,false,false,true,true,false,"{""coordinates"": [[-79.43533576285338, 43.659861156199014]], ""type"": ""MultiPoint""}"
19994,2025:5001495823,2025-07-18T05:45:00,BLOOR ST W,DUFFERIN ST,,2,Non-Fatal Injury,Four-way,Traffic Signal,Angle,Clear,Dawn,Dry,Major Arterial,false,-79.43533576285338,43.659861156199014,2,Automobile or Station Wagon,South,2,58,None,Lap and Shoulder Belt,Driving properly,Normal,,,Going Ahead,,,,,driver,NA,Davenport (9),14 Division,Dufferin Grove,true,false,true,false,false,false,false,true,true,false,"{""coordinates"": [[-79.43533576285338, 43.659861156199014]], ""type"": ""MultiPoint""}"
19995,2025:5001495986,2025-07-18T06:38:00,CHURCH ST,GERRARD ST E,2 m South of,2,Non-Fatal Injury,Intersection-Related,Traffic Signal,Angle,Clear,Daylight,Dry,Minor Arterial,false,-79.37850865320054,43.659866773257605,2,E-Bike (Power-Assisted Bicycle),West,2,28,Fatal,Use Unknown,Disobeyed traffic control,Normal,,,Going Ahead,,,,,cyclist,24,Toronto Centre (13),51 Division,Downtown Yonge East,true,false,true,false,false,false,false,true,false,false,"{""coordinates"": [[-79.37850865320054, 43.659866773257605]], ""type"": ""MultiPoint""}"
19996,2025:5001495986,2025-07-18T06:38:00,CHURCH ST,GERRARD ST E,2 m South of,2,Non-Fatal Injury,Intersection-Related,Traffic Signal,Angle,Clear,Daylight,Dry,Minor Arterial,false,-79.37850865320054,43.659866773257605,1,Pickup Truck,West,1,57,None,Lap and Shoulder Belt,Driving properly,Normal,,,Going Ahead,,,Disobeyed Traffic Control,Normal,driver,NA,Toronto Centre (13),51 Division,Downtown Yonge East,true,false,true,false,false,false,false,true,false,false,"{""coordinates"": [[-79.37850865320054, 43.659866773257605]], ""type"": ""MultiPoint""}"
19997,2025:5001499120,2025-07-18T14:51:00,JANE ST,FINCH AVE W,,2,Non-Fatal Injury,Four-way,Traffic Signal,Rear End,Clear,Daylight,Dry,Major Arterial,false,-79.51781163435999,43.75749402370554,1,Automobile or Station Wagon,South,1,59,None,Lap and Shoulder Belt,Other,Normal,,,Going Ahead,,,,,driver,NA,Humber River-Black Creek (7),31 Division,Black Creek,false,false,false,false,false,true,false,false,false,false,"{""coordinates"": [[-79.51781163435999, 43.75749402370554]], ""type"": ""MultiPoint""}"
19998,2025:5001499120,2025-07-18T14:51:00,JANE ST,FINCH AVE W,,2,Non-Fatal Injury,Four-way,Traffic Signal,Rear End,Clear,Daylight,Dry,Major Arterial,false,-79.51781163435999,43.75749402370554,2,Automobile or Station Wagon,South,2,67,Major,Lap and Shoulder Belt,Driving properly,Normal,,,Stopped,,,,,driver,NA,Humber River-Black Creek (7),31 Division,Black Creek,false,false,false,false,false,true,false,false,false,false,"{""coordinates"": [[-79.51781163435999, 43.75749402370554]], ""type"": ""MultiPoint""}"
19999,2025:5001499650,2025-07-18T16:03:00,MAGNOLIA AVENUE,DANFORTH RD,82 m South of,3,Non-Fatal Injury,Non-Intersection,Traffic Signal,SMV Other,Clear,Daylight,Dry,Major Arterial,true,-79.25498964220431,43.721393397668294,1,Automobile or Station Wagon,North,1,45,None,Other Safety Equipment Used,Other,Other Condition,,,Going Ahead,,,,,driver,NA,Scarborough Southwest (20),41 Division,Kennedy Park,false,false,false,false,false,false,true,false,false,false,"{""coordinates"": [[-79.25498964220431, 43.721393397668294]], ""type"": ""MultiPoint""}"
20000,2025:5001499650,2025-07-18T16:03:00,MAGNOLIA AVENUE,DANFORTH RD,82 m South of,3,Non-Fatal Injury,Non-Intersection,Traffic Signal,SMV Other,Clear,Daylight,Dry,Major Arterial,true,-79.25498964220431,43.721393397668294,1,,,3,55,Major,No Equipment Available,,,On sidewalk or shoulder,Normal,,Driver hits pedestrian on sidewalk or shoulder,,,,pedestrian,NA,Scarborough Southwest (20),41 Division,Kennedy Park,false,false,false,false,false,false,true,false,false,false,"{""coordinates"": [[-79.25498964220431, 43.721393397668294]], ""type"": ""MultiPoint""}"
20001,2025:5001507785,2025-07-19T18:33:00,LAKE SHORE BLVD W,JAMESON AVE,,11,Non-Fatal Injury,Four-way,Traffic Signal,Turning Movement,Clear,Daylight,Dry,Major Arterial,false,-79.4345140051433,43.6335052639899,3,,,11,24,None,Equipment Not Used But Available,,,,,,,,,,passenger,NA,Parkdale-High Park (4),14 Division,South Parkdale,false,false,false,false,false,true,false,false,true,false,"{""coordinates"": [[-79.4345140051433, 43.6335052639899]], ""type"": ""MultiPoint""}"
20002,2025:5001507785,2025-07-19T18:33:00,LAKE SHORE BLVD W,JAMESON AVE,,11,Non-Fatal Injury,Four-way,Traffic Signal,Turning Movement,Clear,Daylight,Dry,Major Arterial,false,-79.4345140051433,43.6335052639899,1,,,4,42,None,Lap and Shoulder Belt,,,,,,,,,,passenger,NA,Parkdale-High Park (4),14 Division,South Parkdale,false,false,false,false,false,true,false,false,true,false,"{""coordinates"": [[-79.4345140051433, 43.6335052639899]], ""type"": ""MultiPoint""}"
20003,2025:5001507785,2025-07-19T18:33:00,LAKE SHORE BLVD W,JAMESON AVE,,11,Non-Fatal Injury,Four-way,Traffic Signal,Turning Movement,Clear,Daylight,Dry,Major Arterial,false,-79.4345140051433,43.6335052639899,2,,,7,9,None,Child Safety Seat Used Correctly,,,,,,,,,,passenger,NA,Parkdale-High Park (4),14 Division,South Parkdale,false,false,false,false,false,true,false,false,true,false,"{""coordinates"": [[-79.4345140051433, 43.6335052639899]], ""type"": ""MultiPoint""}"
20004,2025:5001507785,2025-07-19T18:33:00,LAKE SHORE BLVD W,JAMESON AVE,,11,Non-Fatal Injury,Four-way,Traffic Signal,Turning Movement,Clear,Daylight,Dry,Major Arterial,false,-79.4345140051433,43.6335052639899,3,Automobile or Station Wagon,West,3,38,None,Lap and Shoulder Belt,Driving properly,Normal,,,Going Ahead,,,,,driver,NA,Parkdale-High Park (4),14 Division,South Parkdale,false,false,false,false,false,true,false,false,true,false,"{""coordinates"": [[-79.4345140051433, 43.6335052639899]], ""type"": ""MultiPoint""}"
20005,2025:5001507785,2025-07-19T18:33:00,LAKE SHORE BLVD W,JAMESON AVE,,11,Non-Fatal Injury,Four-way,Traffic Signal,Turning Movement,Clear,Daylight,Dry,Major Arterial,false,-79.4345140051433,43.6335052639899,3,,,10,28,None,Equipment Not Used But Available,,,,,,,,,,passenger,NA,Parkdale-High Park (4),14 Division,South Parkdale,false,false,false,false,false,true,false,false,true,false,"{""coordinates"": [[-79.4345140051433, 43.6335052639899]], ""type"": ""MultiPoint""}"
20006,2025:5001507785,2025-07-19T18:33:00,LAKE SHORE BLVD W,JAMESON AVE,,11,Non-Fatal Injury,Four-way,Traffic Signal,Turning Movement,Clear,Daylight,Dry,Major Arterial,false,-79.4345140051433,43.6335052639899,2,,,8,38,None,Lap and Shoulder Belt,,,,,,,,,,passenger,NA,Parkdale-High Park (4),14 Division,South Parkdale,false,false,false,false,false,true,false,false,true,false,"{""coordinates"": [[-79.4345140051433, 43.6335052639899]], ""type"": ""MultiPoint""}"
20007,2025:5001507785,2025-07-19T18:33:00,LAKE SHORE BLVD W,JAMESON AVE,,11,Non-Fatal Injury,Four-way,Traffic Signal,Turning Movement,Clear,Daylight,Dry,Major Arterial,false,-79.4345140051433,43.6335052639899,3,,,9,27,None,Equipment Not Used But Available,,,,,,,,,,passenger,NA,Parkdale-High Park (4),14 Division,South Parkdale,false,false,false,false,false,true,false,false,true,false,"{""coordinates"": [[-79.4345140051433, 43.6335052639899]], ""type"": ""MultiPoint""}"
20008,2025:5001507785,2025-07-19T18:33:00,LAKE SHORE BLVD W,JAMESON AVE,,11,Non-Fatal Injury,Four-way,Traffic Signal,Turning Movement,Clear,Daylight,Dry,Major Arterial,false,-79.4345140051433,43.6335052639899,1,,,5,42,None,Lap and Shoulder Belt,,,,,,,,,,passenger,NA,Parkdale-High Park (4),14 Division,South Parkdale,false,false,false,false,false,true,false,false,true,false,"{""coordinates"": [[-79.4345140051433, 43.6335052639899]], ""type"": ""MultiPoint""}"
20009,2025:5001507785,2025-07-19T18:33:00,LAKE SHORE BLVD W,JAMESON AVE,,11,Non-Fatal Injury,Four-way,Traffic Signal,Turning Movement,Clear,Daylight,Dry,Major Arterial,false,-79.4345140051433,43.6335052639899,1,Automobile or Station Wagon,West,1,41,Major,Lap and Shoulder Belt,Improper turn,Normal,,,Turning Left,,,,,driver,NA,Parkdale-High Park (4),14 Division,South Parkdale,false,false,false,false,false,true,false,false,true,false,"{""coordinates"": [[-79.4345140051433, 43.6335052639899]], ""type"": ""MultiPoint""}"
20010,2025:5001507785,2025-07-19T18:33:00,LAKE SHORE BLVD W,JAMESON AVE,,11,Non-Fatal Injury,Four-way,Traffic Signal,Turning Movement,Clear,Daylight,Dry,Major Arterial,false,-79.4345140051433,43.6335052639899,2,,,6,66,None,Lap and Shoulder Belt,,,,,,,,,,passenger,NA,Parkdale-High Park (4),14 Division,South Parkdale,false,false,false,false,false,true,false,false,true,false,"{""coordinates"": [[-79.4345140051433, 43.6335052639899]], ""type"": ""MultiPoint""}"
20011,2025:5001507785,2025-07-19T18:33:00,LAKE SHORE BLVD W,JAMESON AVE,,11,Non-Fatal Injury,Four-way,Traffic Signal,Turning Movement,Clear,Daylight,Dry,Major Arterial,false,-79.4345140051433,43.6335052639899,2,Automobile or Station Wagon,West,2,41,None,Lap and Shoulder Belt,Driving properly,Normal,,,Going Ahead,,,,,driver,NA,Parkdale-High Park (4),14 Division,South Parkdale,false,false,false,false,false,true,false,false,true,false,"{""coordinates"": [[-79.4345140051433, 43.6335052639899]], ""type"": ""MultiPoint""}"
20012,2025:5001513548,2025-07-20T15:52:00,MARTIN GROVE RD,DIXON RD,,2,Non-Fatal Injury,Four-way,Traffic Signal,Angle,Clear,Daylight,Dry,Major Arterial,false,-79.5708051198823,43.691603418067274,2,Motorcycle,East,2,45,Major,Helmet,Driving properly,Normal,,,Going Ahead,,,,,motorcyclist,NA,Etobicoke North (1),23 Division,West Humber-Clairville,true,false,false,true,false,true,false,true,false,false,"{""coordinates"": [[-79.5708051198823, 43.691603418067274]], ""type"": ""MultiPoint""}"
20013,2025:5001513548,2025-07-20T15:52:00,MARTIN GROVE RD,DIXON RD,,2,Non-Fatal Injury,Four-way,Traffic Signal,Angle,Clear,Daylight,Dry,Major Arterial,false,-79.5708051198823,43.691603418067274,1,Automobile or Station Wagon,South,1,65,Minimal,Lap and Shoulder Belt,Disobeyed traffic control,Normal,,,Going Ahead,,,,,driver,NA,Etobicoke North (1),23 Division,West Humber-Clairville,true,false,false,true,false,true,false,true,false,false,"{""coordinates"": [[-79.5708051198823, 43.691603418067274]], ""type"": ""MultiPoint""}"
20014,2025:5001526354,2025-07-22T09:13:00,EVANS AVE,KIPLING AVE,50 m West of,3,Non-Fatal Injury,Non-Intersection,,Angle,Clear,Daylight,Dry,Major Arterial,false,-79.52768420587425,43.61545840747639,1,Bicycle,North,1,61,Major,No Equipment Available,,,,,Going Ahead,,"Motorist drove out at inter., lane, or driv., without yield. ROW",Failed to Yield Right of Way,Normal,cyclist,NA,Etobicoke-Lakeshore (3),22 Division,Mimico-Queensway,false,false,true,false,false,false,false,false,false,false,"{""coordinates"": [[-79.52768420587425, 43.61545840747639]], ""type"": ""MultiPoint""}"
20015,2025:5001526354,2025-07-22T09:13:00,EVANS AVE,KIPLING AVE,50 m West of,3,Non-Fatal Injury,Non-Intersection,,Angle,Clear,Daylight,Dry,Major Arterial,false,-79.52768420587425,43.61545840747639,2,,,3,22,None,Lap and Shoulder Belt,,,,,,,,,,passenger,NA,Etobicoke-Lakeshore (3),22 Division,Mimico-Queensway,false,false,true,false,false,false,false,false,false,false,"{""coordinates"": [[-79.52768420587425, 43.61545840747639]], ""type"": ""MultiPoint""}"
20016,2025:5001526354,2025-07-22T09:13:00,EVANS AVE,KIPLING AVE,50 m West of,3,Non-Fatal Injury,Non-Intersection,,Angle,Clear,Daylight,Dry,Major Arterial,false,-79.52768420587425,43.61545840747639,2,Automobile or Station Wagon,East,2,21,None,Lap and Shoulder Belt,Driving properly,Normal,,,Going Ahead,,,,,driver,NA,Etobicoke-Lakeshore (3),22 Division,Mimico-Queensway,false,false,true,false,false,false,false,false,false,false,"{""coordinates"": [[-79.52768420587425, 43.61545840747639]], ""type"": ""MultiPoint""}"
20017,2025:5001539875,2025-07-23T22:35:00,LAKE SHORE BLVD W,ONTARIO DR,282 m West of,2,Non-Fatal Injury,Non-Intersection,No Control,Turning Movement,Clear,Dark with Artificial Lighting,Dry,Major Arterial,false,-79.42323798806652,43.63015224789741,2,Motorcycle,East,2,29,Major,Helmet,Driving properly,Normal,,,Going Ahead,,,,,motorcyclist,NA,Spadina-Fort York (10),14 Division,Fort York-Liberty Village,true,true,false,true,false,false,false,false,false,false,"{""coordinates"": [[-79.42323798806652, 43.63015224789741]], ""type"": ""MultiPoint""}"
20018,2025:5002215968,2025-10-21T21:10:00,MIDLAND AVE,TARA AVE,115 m North of,4,Non-Fatal Injury,Non-Intersection,No Control,SMV Other,Clear,Dark,Dry,Major Arterial,false,-79.2621487274879,43.7441698084493,1,,,2,24,None,Lap and Shoulder Belt,,,,,,,,,,passenger,NA,Scarborough Centre (21),41 Division,Bendale South,false,false,false,false,false,false,true,false,true,false,"{""coordinates"": [[-79.2621487274879, 43.7441698084493]], ""type"": ""MultiPoint""}"
20019,2025:5001539875,2025-07-23T22:35:00,LAKE SHORE BLVD W,ONTARIO DR,282 m West of,2,Non-Fatal Injury,Non-Intersection,No Control,Turning Movement,Clear,Dark with Artificial Lighting,Dry,Major Arterial,false,-79.42323798806652,43.63015224789741,1,Automobile or Station Wagon,West,1,49,None,Lap and Shoulder Belt,Failed to yield right-of-way,Inattentive - Other,,,Making U-Turn,,,,,driver,NA,Spadina-Fort York (10),14 Division,Fort York-Liberty Village,true,true,false,true,false,false,false,false,false,false,"{""coordinates"": [[-79.42323798806652, 43.63015224789741]], ""type"": ""MultiPoint""}"
20020,2025:5001565499,2025-07-27T10:02:00,11 BRUNEL CRT,FORT YORK BLVD,60 m East of,2,Non-Fatal Injury,Private Driveway,No Control,SMV Other,Clear,Daylight,Dry,Private Property,true,-79.39337191315299,43.639740299891216,1,,,2,82,Major,Use Unknown,,,Walking on roadway with traffic,Normal,,Driver hits pedestrian at private driveway,,,,pedestrian,NA,Spadina-Fort York (10),14 Division,Harbourfront-CityPlace,false,true,false,false,false,true,true,false,false,true,"{""coordinates"": [[-79.39337191315299, 43.639740299891216]], ""type"": ""MultiPoint""}"
20021,2025:5001565499,2025-07-27T10:02:00,11 BRUNEL CRT,FORT YORK BLVD,60 m East of,2,Non-Fatal Injury,Private Driveway,No Control,SMV Other,Clear,Daylight,Dry,Private Property,true,-79.39337191315299,43.639740299891216,1,Delivery Van,East,1,30,None,Lap and Shoulder Belt,Other,Inattentive - Other,,,Going Ahead,,,,,driver,NA,Spadina-Fort York (10),14 Division,Harbourfront-CityPlace,false,true,false,false,false,true,true,false,false,true,"{""coordinates"": [[-79.39337191315299, 43.639740299891216]], ""type"": ""MultiPoint""}"
20022,2025:5001574068,2025-07-28T13:21:00,KISWICK ST,BOULTBEE AV,5 m West of,2,Non-Fatal Injury,Intersection-Related,Stop Sign,Turning Movement,Clear,Daylight,Dry,Local,false,-79.33930516017648,43.67221071456107,1,Bicycle,West,1,42,Major,Use Unknown,,,,,Going Ahead,,"Cyclist rode out at inter., lane, or driv., without yield. ROW",Disobeyed Traffic Control,Inattentive - Other,cyclist,NA,Toronto-Danforth (14),55 Division,Blake-Jones,false,true,true,false,false,false,false,false,false,false,"{""coordinates"": [[-79.33930516017648, 43.67221071456107]], ""type"": ""MultiPoint""}"
20023,2025:5001574068,2025-07-28T13:21:00,KISWICK ST,BOULTBEE AV,5 m West of,2,Non-Fatal Injury,Intersection-Related,Stop Sign,Turning Movement,Clear,Daylight,Dry,Local,false,-79.33930516017648,43.67221071456107,2,Automobile or Station Wagon,East,2,51,None,Lap and Shoulder Belt,Driving properly,Normal,,,Turning Left,,,,,driver,NA,Toronto-Danforth (14),55 Division,Blake-Jones,false,true,true,false,false,false,false,false,false,false,"{""coordinates"": [[-79.33930516017648, 43.67221071456107]], ""type"": ""MultiPoint""}"
20024,2025:5001592283,2025-07-30T17:00:00,WILSON AV,PETHERHILL AV,33 m South of,3,Non-Fatal Injury,Intersection-Related,Traffic Signal,Angle,Clear,Daylight,Dry,Major Arterial,false,-79.4909869531084,43.72432530697151,1,Bicycle,East,1,17,Major,No Equipment Available,,,,,Going Ahead,,Driver turns left into path of cyclist,Lost control,Normal,cyclist,NA,York Centre (6),31 Division,Oakdale-Beverley Heights,false,false,true,false,false,false,false,false,true,false,"{""coordinates"": [[-79.4909869531084, 43.72432530697151]], ""type"": ""MultiPoint""}"
20025,2025:5001592283,2025-07-30T17:00:00,WILSON AV,PETHERHILL AV,33 m South of,3,Non-Fatal Injury,Intersection-Related,Traffic Signal,Angle,Clear,Daylight,Dry,Major Arterial,false,-79.4909869531084,43.72432530697151,2,Automobile or Station Wagon,North,2,29,None,Lap and Shoulder Belt,Driving properly,Normal,,,Stopped,,,,,driver,NA,York Centre (6),31 Division,Oakdale-Beverley Heights,false,false,true,false,false,false,false,false,true,false,"{""coordinates"": [[-79.4909869531084, 43.72432530697151]], ""type"": ""MultiPoint""}"
20026,2025:5001592283,2025-07-30T17:00:00,WILSON AV,PETHERHILL AV,33 m South of,3,Non-Fatal Injury,Intersection-Related,Traffic Signal,Angle,Clear,Daylight,Dry,Major Arterial,false,-79.4909869531084,43.72432530697151,3,Automobile or Station Wagon,East,3,29,None,Lap and Shoulder Belt,Driving properly,Normal,,,Turning Right,,,,,driver,NA,York Centre (6),31 Division,Oakdale-Beverley Heights,false,false,true,false,false,false,false,false,true,false,"{""coordinates"": [[-79.4909869531084, 43.72432530697151]], ""type"": ""MultiPoint""}"
20027,2025:5001593834,2025-07-30T21:00:00,CODSELL AVE,GODDARD ST,,2,Fatal Injury,Intersection-Related,Stop Sign,Angle,Clear,Dusk with Artificial Lighting,Dry,Local,true,-79.44898382873197,43.75586524133303,2,Automobile or Station Wagon,East,2,NA,None,,Exceeding speed limit,Unknown,,,Going Ahead,,,,,driver,NA,York Centre (6),32 Division,Bathurst Manor,true,false,false,false,true,false,false,false,false,false,"{""coordinates"": [[-79.44898382873197, 43.75586524133303]], ""type"": ""MultiPoint""}"
20028,2025:5001593834,2025-07-30T21:00:00,CODSELL AVE,GODDARD ST,,2,Fatal Injury,Intersection-Related,Stop Sign,Angle,Clear,Dusk with Artificial Lighting,Dry,Local,true,-79.44898382873197,43.75586524133303,1,E-Scooter (Electric Kick-Style Scooter),South,1,64,Fatal,,,Unknown,,,Going Ahead,,"Driver without right-of-way drives into path of cyclist (at intersection, laneway, or driveway)",Driving Properly,Normal,other_micromobility,23,York Centre (6),32 Division,Bathurst Manor,true,false,false,false,true,false,false,false,false,false,"{""coordinates"": [[-79.44898382873197, 43.75586524133303]], ""type"": ""MultiPoint""}"
20029,2025:5001594031,2025-07-30T21:30:00,ELLESMERE RD,MARKHAM RD,,2,Non-Fatal Injury,Four-way,Traffic Signal,SMV Other,Clear,Dark with Artificial Lighting,Dry,Major Arterial,false,-79.23166365387544,43.776323179641885,1,,,2,21,Major,No Equipment Available,,,Crossing with right-of-way (intersection),Normal,,Driver turns left into pedestrian crossing with right-of-way (at intersection),,,,pedestrian,NA,Scarborough-Guildwood (24),43 Division,Golfdale-Cedarbrae-Woburn,false,true,false,false,false,true,true,false,false,false,"{""coordinates"": [[-79.23166365387544, 43.776323179641885]], ""type"": ""MultiPoint""}"
20030,2025:5001594031,2025-07-30T21:30:00,ELLESMERE RD,MARKHAM RD,,2,Non-Fatal Injury,Four-way,Traffic Signal,SMV Other,Clear,Dark with Artificial Lighting,Dry,Major Arterial,false,-79.23166365387544,43.776323179641885,1,Passenger Van,West,1,66,None,Lap and Shoulder Belt,Improper turn,Inattentive - Other,,,Turning Left,,,,,driver,NA,Scarborough-Guildwood (24),43 Division,Golfdale-Cedarbrae-Woburn,false,true,false,false,false,true,true,false,false,false,"{""coordinates"": [[-79.23166365387544, 43.776323179641885]], ""type"": ""MultiPoint""}"
20031,2025:5001595442,2025-07-31T02:54:00,FRONT ST W,BAY ST,25 m East of,2,Non-Fatal Injury,Intersection-Related,Traffic Signal,SMV Other,Rain,Dark with Artificial Lighting,Wet,Major Arterial,true,-79.37880387469491,43.64605217661187,1,,,2,30,Major,No Equipment Available,,,Crossing without right-of-way (intersection),Normal,,Driver going straight hits pedestrian crossing without right-of-way (at intersection),,,,pedestrian,NA,Toronto Centre (13),52 Division,Yonge-Bay Corridor,false,false,false,false,false,false,true,false,false,false,"{""coordinates"": [[-79.37880387469491, 43.64605217661187]], ""type"": ""MultiPoint""}"
20032,2025:5001595442,2025-07-31T02:54:00,FRONT ST W,BAY ST,25 m East of,2,Non-Fatal Injury,Intersection-Related,Traffic Signal,SMV Other,Rain,Dark with Artificial Lighting,Wet,Major Arterial,true,-79.37880387469491,43.64605217661187,1,Automobile or Station Wagon,South,1,0,None,Use Unknown,,Unknown,,,Going Ahead,,,,,driver,NA,Toronto Centre (13),52 Division,Yonge-Bay Corridor,false,false,false,false,false,false,true,false,false,false,"{""coordinates"": [[-79.37880387469491, 43.64605217661187]], ""type"": ""MultiPoint""}"
20033,2025:5001599313,2025-07-31T15:58:00,KING ST W,BATHRUST ST,100 m East of,2,Non-Fatal Injury,Non-Intersection,Traffic Signal,Same Direction,Clear,Daylight,Dry,Major Arterial,false,-79.3999989188972,43.644449208644936,2,Police Vehicle,North,2,27,None,Lap and Shoulder Belt,Other,Normal,,,Stopped,,,,,driver,NA,Spadina-Fort York (10),14 Division,Wellington Place,false,false,true,false,false,false,false,false,false,false,"{""coordinates"": [[-79.3999989188972, 43.644449208644936]], ""type"": ""MultiPoint""}"
20034,2025:5001599313,2025-07-31T15:58:00,KING ST W,BATHRUST ST,100 m East of,2,Non-Fatal Injury,Non-Intersection,Traffic Signal,Same Direction,Clear,Daylight,Dry,Major Arterial,false,-79.3999989188972,43.644449208644936,1,Bicycle,North,1,33,Major,No Equipment Available,,,,,Going Ahead,,Dooring,Speed too Fast For Condition,Normal,cyclist,NA,Spadina-Fort York (10),14 Division,Wellington Place,false,false,true,false,false,false,false,false,false,false,"{""coordinates"": [[-79.3999989188972, 43.644449208644936]], ""type"": ""MultiPoint""}"
20035,2025:5001623993,2025-08-03T22:50:00,MCCOWAN RD,MCNICOLL AVE,,2,Non-Fatal Injury,Four-way,Traffic Signal,SMV Other,Clear,Dark with Artificial Lighting,Dry,Major Arterial,false,-79.27214037996447,43.81793732964921,1,Automobile or Station Wagon,North,1,36,None,Lap and Shoulder Belt,Failed to yield right-of-way,Normal,,,Turning Left,,,,,driver,NA,Scarborough North (23),42 Division,Milliken,true,false,false,false,false,false,true,false,false,false,"{""coordinates"": [[-79.27214037996447, 43.81793732964921]], ""type"": ""MultiPoint""}"
20036,2025:5001623993,2025-08-03T22:50:00,MCCOWAN RD,MCNICOLL AVE,,2,Non-Fatal Injury,Four-way,Traffic Signal,SMV Other,Clear,Dark with Artificial Lighting,Dry,Major Arterial,false,-79.27214037996447,43.81793732964921,1,,,2,29,Major,No Equipment Available,,,Crossing with right-of-way (intersection),Normal,,Driver turns left into pedestrian crossing with right-of-way (at intersection),,,,pedestrian,NA,Scarborough North (23),42 Division,Milliken,true,false,false,false,false,false,true,false,false,false,"{""coordinates"": [[-79.27214037996447, 43.81793732964921]], ""type"": ""MultiPoint""}"
20037,2025:5001632443,2025-08-05T07:15:00,BATHURST ST,DUNDAS ST W,100 m South of,2,Non-Fatal Injury,Non-Intersection,No Control,Approaching Head On,Clear,Daylight,Dry,Major Arterial,false,-79.40561371901885,43.65134621515167,2,Streetcar,North,2,53,Minimal,Lap and Shoulder Belt,Driving properly,Normal,,,Going Ahead,,,,,driver,NA,Spadina-Fort York (10),14 Division,Kensington-Chinatown,false,false,false,false,false,false,false,false,false,true,"{""coordinates"": [[-79.40561371901885, 43.65134621515167]], ""type"": ""MultiPoint""}"