X_id,collision_id,accdate,stname1,stname2,stname3,per_inv,acclass,accloc,traffictl,impactype,visible,light,rdsfcond,road_class,failtorem,longitude,latitude,veh_no,vehtype,initdir,per_no,invage,injury,safequip,drivact,drivcond,pedact,pedcond,manoeuvre,pedtype,cyclistype,cycact,cyccond,road_user,fatal_no,wardname,division,neighbourhood,aggressive,distracted,cyclist,motorcyclist,other_micromobility,older_adult,pedestrian,red_light,school_child,heavy_truck,geometry
20139,2025:5002083986,2025-10-04T02:08:00,DUNDAS ST E,SEATON ST,,3,Non-Fatal Injury,Four-way,No Control,SMV Other,Clear,Dark with Artificial Lighting,Dry,Major Arterial,false,-79.36948853759534,43.65865946032205,1,,,2,37,None,Lap and Shoulder Belt,,,,,,,,,,passenger,NA,Toronto Centre (13),51 Division,Moss Park,false,false,false,false,false,false,true,false,false,false,"{""coordinates"": [[-79.36948853759534, 43.65865946032205]], ""type"": ""MultiPoint""}"
20140,2025:5002083986,2025-10-04T02:08:00,DUNDAS ST E,SEATON ST,,3,Non-Fatal Injury,Four-way,No Control,SMV Other,Clear,Dark with Artificial Lighting,Dry,Major Arterial,false,-79.36948853759534,43.65865946032205,1,,,3,28,Major,No Equipment Available,,,Other,Medical or Physical Disability - Other,,Other,,,,pedestrian,NA,Toronto Centre (13),51 Division,Moss Park,false,false,false,false,false,false,true,false,false,false,"{""coordinates"": [[-79.36948853759534, 43.65865946032205]], ""type"": ""MultiPoint""}"
20141,2025:5002090107,2025-10-04T22:20:00,BUSHBY DR,MCCOWAN RD,,2,Non-Fatal Injury,Four-way,Traffic Signal,Turning Movement,Clear,Dark with Artificial Lighting,Dry,Major Arterial,false,-79.25222968391928,43.77456990023768,2,Motorcycle,North,2,20,Major,Helmet,Exceeding speed limit,Normal,,,Going Ahead,,,,,motorcyclist,NA,Scarborough-Guildwood (24),43 Division,Woburn North,true,true,false,true,false,false,false,false,false,false,"{""coordinates"": [[-79.25222968391928, 43.77456990023768]], ""type"": ""MultiPoint""}"
20142,2025:5002090107,2025-10-04T22:20:00,BUSHBY DR,MCCOWAN RD,,2,Non-Fatal Injury,Four-way,Traffic Signal,Turning Movement,Clear,Dark with Artificial Lighting,Dry,Major Arterial,false,-79.25222968391928,43.77456990023768,1,Automobile or Station Wagon,South,1,27,Minimal,Lap and Shoulder Belt,Failed to yield right-of-way,Inattentive - Other,,,Turning Left,,,,,driver,NA,Scarborough-Guildwood (24),43 Division,Woburn North,true,true,false,true,false,false,false,false,false,false,"{""coordinates"": [[-79.25222968391928, 43.77456990023768]], ""type"": ""MultiPoint""}"
20143,2025:5002090670,2025-10-05T00:16:00,BARBER GREENE RD,DON MILLS RD,25 m South of,2,Non-Fatal Injury,Intersection-Related,Traffic Signal,Same Direction,Clear,Dark with Artificial Lighting,Dry,Major Arterial,false,-79.34087558519356,43.72740290999437,1,Automobile or Station Wagon,South,1,24,Major,Lap and Shoulder Belt,Exceeding speed limit,Normal,,,Going Ahead,,,,,driver,NA,Don Valley East (16),33 Division,Banbury-Don Mills,true,false,false,false,false,false,false,false,false,false,"{""coordinates"": [[-79.34087558519356, 43.72740290999437]], ""type"": ""MultiPoint""}"
20144,2025:5002090670,2025-10-05T00:16:00,BARBER GREENE RD,DON MILLS RD,25 m South of,2,Non-Fatal Injury,Intersection-Related,Traffic Signal,Same Direction,Clear,Dark with Artificial Lighting,Dry,Major Arterial,false,-79.34087558519356,43.72740290999437,2,Automobile or Station Wagon,South,2,23,Major,Lap and Shoulder Belt,Exceeding speed limit,Normal,,,Overtaking,,,,,driver,NA,Don Valley East (16),33 Division,Banbury-Don Mills,true,false,false,false,false,false,false,false,false,false,"{""coordinates"": [[-79.34087558519356, 43.72740290999437]], ""type"": ""MultiPoint""}"
20145,2025:5002096838,2025-10-05T10:05:00,COXWELL AVE,FAIRFORD AVE,,3,Non-Fatal Injury,Four-way,Traffic Signal,SMV Other,Clear,Daylight,Dry,Minor Arterial,false,-79.32025321992235,43.67525298707157,1,Automobile or Station Wagon,West,1,42,None,Lap and Shoulder Belt,Failed to yield right-of-way,Unknown,,,Turning Left,,,,,driver,NA,Beaches-East York (19),55 Division,Woodbine Corridor,true,false,false,false,false,true,true,false,false,false,"{""coordinates"": [[-79.32025321992235, 43.67525298707157]], ""type"": ""MultiPoint""}"
20146,2025:5002096838,2025-10-05T10:05:00,COXWELL AVE,FAIRFORD AVE,,3,Non-Fatal Injury,Four-way,Traffic Signal,SMV Other,Clear,Daylight,Dry,Minor Arterial,false,-79.32025321992235,43.67525298707157,1,,,2,73,Major,No Equipment Available,,,Crossing with right-of-way (intersection),Normal,,Driver turns left into pedestrian crossing with right-of-way (at intersection),,,,pedestrian,NA,Beaches-East York (19),55 Division,Woodbine Corridor,true,false,false,false,false,true,true,false,false,false,"{""coordinates"": [[-79.32025321992235, 43.67525298707157]], ""type"": ""MultiPoint""}"
20147,2025:5002096838,2025-10-05T10:05:00,COXWELL AVE,FAIRFORD AVE,,3,Non-Fatal Injury,Four-way,Traffic Signal,SMV Other,Clear,Daylight,Dry,Minor Arterial,false,-79.32025321992235,43.67525298707157,1,,,3,71,Major,Lap Belt Only,,,Crossing with right-of-way (intersection),Normal,,Driver turns left into pedestrian crossing with right-of-way (at intersection),,,,pedestrian,NA,Beaches-East York (19),55 Division,Woodbine Corridor,true,false,false,false,false,true,true,false,false,false,"{""coordinates"": [[-79.32025321992235, 43.67525298707157]], ""type"": ""MultiPoint""}"
20148,2025:5002119316,2025-10-08T18:38:00,DANFORTH AVE,GREENWOOD AVE,150 m East of,2,Non-Fatal Injury,At/Near Private Drive,No Control,Turning Movement,Clear,Daylight,Dry,Major Arterial,false,-79.33052943024948,43.681806301050806,2,E-Scooter (Electric Kick-Style Scooter),East,2,21,Major,Helmet,Driving properly,Normal,,,Going Ahead,,,,,other_micromobility,NA,Toronto-Danforth (14),55 Division,Greenwood-Coxwell,false,false,false,false,true,false,false,false,false,false,"{""coordinates"": [[-79.33052943024948, 43.681806301050806]], ""type"": ""MultiPoint""}"
20149,2025:5002119316,2025-10-08T18:38:00,DANFORTH AVE,GREENWOOD AVE,150 m East of,2,Non-Fatal Injury,At/Near Private Drive,No Control,Turning Movement,Clear,Daylight,Dry,Major Arterial,false,-79.33052943024948,43.681806301050806,1,Pickup Truck,East,1,42,None,Lap and Shoulder Belt,Improper turn,Normal,,,Turning Right,,,,,driver,NA,Toronto-Danforth (14),55 Division,Greenwood-Coxwell,false,false,false,false,true,false,false,false,false,false,"{""coordinates"": [[-79.33052943024948, 43.681806301050806]], ""type"": ""MultiPoint""}"
20150,2025:5002132958,2025-10-10T15:52:00,LANSDOWNE AVE,LAPPIN AVE,,2,Fatal Injury,Four-way,Traffic Signal,SMV Other,Clear,Daylight,Dry,Minor Arterial,false,-79.44571767443668,43.6648454695216,NA,,East,2,70,Fatal,,,,Crossing with right-of-way (intersection),Normal,,Driver turns left into pedestrian crossing with right-of-way (at intersection),,,,pedestrian,31,Davenport (9),11 Division,Junction-Wallace Emerson,true,false,false,false,false,true,true,false,false,false,"{""coordinates"": [[-79.44571767443668, 43.6648454695216]], ""type"": ""MultiPoint""}"
20151,2025:5002132958,2025-10-10T15:52:00,LANSDOWNE AVE,LAPPIN AVE,,2,Fatal Injury,Four-way,Traffic Signal,SMV Other,Clear,Daylight,Dry,Minor Arterial,false,-79.44571767443668,43.6648454695216,1,Automobile or Station Wagon,West,1,27,None,,Failed to yield right-of-way,Normal,,,Turning Left,,,,,driver,NA,Davenport (9),11 Division,Junction-Wallace Emerson,true,false,false,false,false,true,true,false,false,false,"{""coordinates"": [[-79.44571767443668, 43.6648454695216]], ""type"": ""MultiPoint""}"
20152,2025:5002135150,2025-10-10T21:18:00,LAWRENCE AVE E,CARNFORTH RD,100 m East of,2,Non-Fatal Injury,Non-Intersection,,Rear End,Clear,Dark,Dry,Major Arterial,false,-79.312916617331,43.741614072746366,1,Automobile or Station Wagon,West,1,43,None,Lap and Shoulder Belt,Lost control,Normal,,,Going Ahead,,,,,driver,NA,Don Valley East (16),33 Division,Parkwoods-O'Connor Hills,false,false,false,true,false,false,false,false,false,false,"{""coordinates"": [[-79.312916617331, 43.741614072746366]], ""type"": ""MultiPoint""}"
20153,2025:5002135150,2025-10-10T21:18:00,LAWRENCE AVE E,CARNFORTH RD,100 m East of,2,Non-Fatal Injury,Non-Intersection,,Rear End,Clear,Dark,Dry,Major Arterial,false,-79.312916617331,43.741614072746366,2,Motorcycle,West,2,52,Major,Helmet,Driving properly,Normal,,,Stopped,,,,,motorcyclist,NA,Don Valley East (16),33 Division,Parkwoods-O'Connor Hills,false,false,false,true,false,false,false,false,false,false,"{""coordinates"": [[-79.312916617331, 43.741614072746366]], ""type"": ""MultiPoint""}"
20154,2025:5002161309,2025-10-14T18:12:00,DIXON RD,KIPLING AVE,266 m East of,2,Non-Fatal Injury,Non-Intersection,Half Signal,SMV Other,Clear,Daylight,Dry,Major Arterial,true,-79.5553251935414,43.695087997942586,1,Automobile or Station Wagon,West,1,40,None,Use Unknown,Disobeyed traffic control,Unknown,,,Going Ahead,,,,,driver,NA,Etobicoke North (1),23 Division,Kingsview Village-The Westway,true,false,false,false,false,false,true,false,false,false,"{""coordinates"": [[-79.5553251935414, 43.695087997942586]], ""type"": ""MultiPoint""}"
20155,2025:5002161309,2025-10-14T18:12:00,DIXON RD,KIPLING AVE,266 m East of,2,Non-Fatal Injury,Non-Intersection,Half Signal,SMV Other,Clear,Daylight,Dry,Major Arterial,true,-79.5553251935414,43.695087997942586,1,,,2,21,Major,Use Unknown,,,Crossing with right-of-way (intersection),Normal,,Driver hits pedestrian at PXO/pedestrian midblock signal,,,,pedestrian,NA,Etobicoke North (1),23 Division,Kingsview Village-The Westway,true,false,false,false,false,false,true,false,false,false,"{""coordinates"": [[-79.5553251935414, 43.695087997942586]], ""type"": ""MultiPoint""}"
20156,2025:5002166933,2025-10-15T13:27:00,KINGSTON RD,BEECH AVE,31 m East of,2,Non-Fatal Injury,Intersection-Related,Traffic Signal,SMV Other,Clear,Daylight,Dry,Major Arterial,false,-79.29072195778656,43.68024834499238,1,Pickup Truck,East,1,36,None,Lap and Shoulder Belt,Driving properly,Normal,,,Going Ahead,,,,,driver,NA,Beaches-East York (19),55 Division,East End-Danforth,false,false,false,false,false,true,true,false,false,false,"{""coordinates"": [[-79.29072195778656, 43.68024834499238]], ""type"": ""MultiPoint""}"
20157,2025:5002166933,2025-10-15T13:27:00,KINGSTON RD,BEECH AVE,31 m East of,2,Non-Fatal Injury,Intersection-Related,Traffic Signal,SMV Other,Clear,Daylight,Dry,Major Arterial,false,-79.29072195778656,43.68024834499238,1,,,2,79,Major,No Equipment Available,,,Crossing without right-of-way (intersection),Normal,,Driver hits pedestrian walking or running out from between parked vehicles (at midblock),,,,pedestrian,NA,Beaches-East York (19),55 Division,East End-Danforth,false,false,false,false,false,true,true,false,false,false,"{""coordinates"": [[-79.29072195778656, 43.68024834499238]], ""type"": ""MultiPoint""}"
20158,2025:5002187046,2025-10-18T02:00:00,EGLINTON AVE W,BICKNELL AVE,182 m west of,2,Fatal Injury,Non-Intersection,No Control,SMV Other,Clear,Dark with Artificial Lighting,Wet,Major Arterial,false,-79.47864319399895,43.68924770636863,1,Automobile or Station Wagon,West,1,28,Major,,Lost control,Other Condition,,,Going Ahead,,,,,driver,NA,York South-Weston (5),12 Division,Keelesdale-Eglinton West,false,false,false,false,false,false,false,false,false,false,"{""coordinates"": [[-79.47864319399895, 43.68924770636863]], ""type"": ""MultiPoint""}"
20159,2025:5002187046,2025-10-18T02:00:00,EGLINTON AVE W,BICKNELL AVE,182 m west of,2,Fatal Injury,Non-Intersection,No Control,SMV Other,Clear,Dark with Artificial Lighting,Wet,Major Arterial,false,-79.47864319399895,43.68924770636863,1,Automobile or Station Wagon,West,2,29,Fatal,,,,,,,,,,,passenger,32,York South-Weston (5),12 Division,Keelesdale-Eglinton West,false,false,false,false,false,false,false,false,false,false,"{""coordinates"": [[-79.47864319399895, 43.68924770636863]], ""type"": ""MultiPoint""}"
20160,2025:5002215968,2025-10-21T21:10:00,MIDLAND AVE,TARA AVE,115 m North of,4,Non-Fatal Injury,Non-Intersection,No Control,SMV Other,Clear,Dark,Dry,Major Arterial,false,-79.2621487274879,43.7441698084493,1,,,4,19,Major,Use Unknown,,,Crossing - no traffic control,Normal,,Driver hits pedestrian at midblock,,,,pedestrian,NA,Scarborough Centre (21),41 Division,Bendale South,false,false,false,false,false,false,true,false,true,false,"{""coordinates"": [[-79.2621487274879, 43.7441698084493]], ""type"": ""MultiPoint""}"
20161,2025:5002215968,2025-10-21T21:10:00,MIDLAND AVE,TARA AVE,115 m North of,4,Non-Fatal Injury,Non-Intersection,No Control,SMV Other,Clear,Dark,Dry,Major Arterial,false,-79.2621487274879,43.7441698084493,1,Automobile or Station Wagon,North,1,62,None,Lap and Shoulder Belt,Driving properly,Normal,,,Going Ahead,,,,,driver,NA,Scarborough Centre (21),41 Division,Bendale South,false,false,false,false,false,false,true,false,true,false,"{""coordinates"": [[-79.2621487274879, 43.7441698084493]], ""type"": ""MultiPoint""}"
20162,2025:5002215968,2025-10-21T21:10:00,MIDLAND AVE,TARA AVE,115 m North of,4,Non-Fatal Injury,Non-Intersection,No Control,SMV Other,Clear,Dark,Dry,Major Arterial,false,-79.2621487274879,43.7441698084493,1,,,3,15,Major,Use Unknown,,,Crossing - no traffic control,Normal,,Driver hits pedestrian at midblock,,,,pedestrian,NA,Scarborough Centre (21),41 Division,Bendale South,false,false,false,false,false,false,true,false,true,false,"{""coordinates"": [[-79.2621487274879, 43.7441698084493]], ""type"": ""MultiPoint""}"
20163,2025:5002222898,2025-10-22T18:37:00,QUEEN ST E,LOGAN AVE,38 m East of,2,Non-Fatal Injury,Intersection-Related,,SMV Other,Clear,Dark with Artificial Lighting,Dry,Minor Arterial,false,-79.34201478171639,43.66062411989912,2,Bicycle,East,2,41,Major,Use Unknown,,,,,Going Ahead,,Dooring,Driving Properly,Normal,cyclist,NA,Toronto-Danforth (14),55 Division,South Riverdale,false,false,true,false,false,false,false,false,false,false,"{""coordinates"": [[-79.34201478171639, 43.66062411989912]], ""type"": ""MultiPoint""}"
20164,2025:5002222898,2025-10-22T18:37:00,QUEEN ST E,LOGAN AVE,38 m East of,2,Non-Fatal Injury,Intersection-Related,,SMV Other,Clear,Dark with Artificial Lighting,Dry,Minor Arterial,false,-79.34201478171639,43.66062411989912,1,Automobile or Station Wagon,East,1,39,None,Use Unknown,Other,Normal,,,Parked,,,,,driver,NA,Toronto-Danforth (14),55 Division,South Riverdale,false,false,true,false,false,false,false,false,false,false,"{""coordinates"": [[-79.34201478171639, 43.66062411989912]], ""type"": ""MultiPoint""}"
20165,2025:5002235236,2025-10-24T11:40:00,KIPLING AVE,REXDALE BLVD,90 m South of,2,Non-Fatal Injury,At/Near Private Drive,No Control,Turning Movement,Clear,Daylight,Dry,Major Arterial,false,-79.56623817783112,43.71092300166604,1,Automobile or Station Wagon,South,1,65,Major,Lap and Shoulder Belt,Improper turn,Normal,,,Turning Left,,,,,driver,NA,Etobicoke North (1),23 Division,West Humber-Clairville,false,false,false,false,false,true,false,false,false,false,"{""coordinates"": [[-79.56623817783112, 43.71092300166604]], ""type"": ""MultiPoint""}"
20166,2025:5002235236,2025-10-24T11:40:00,KIPLING AVE,REXDALE BLVD,90 m South of,2,Non-Fatal Injury,At/Near Private Drive,No Control,Turning Movement,Clear,Daylight,Dry,Major Arterial,false,-79.56623817783112,43.71092300166604,2,Automobile or Station Wagon,North,2,24,Major,Lap and Shoulder Belt,Driving properly,Normal,,,Going Ahead,,,,,driver,NA,Etobicoke North (1),23 Division,West Humber-Clairville,false,false,false,false,false,true,false,false,false,false,"{""coordinates"": [[-79.56623817783112, 43.71092300166604]], ""type"": ""MultiPoint""}"
20167,2025:5002235571,2025-10-24T12:24:00,YORKVILLE AVE,BAY ST,10 m North of,2,Non-Fatal Injury,Intersection-Related,Traffic Signal,Sideswipe,Clear,Daylight,Dry,Major Arterial,false,-79.39024445790245,43.67147558762077,1,Automobile or Station Wagon,South,1,57,None,Lap and Shoulder Belt,Improper passing,Normal,,,Overtaking,,,,,driver,NA,University-Rosedale (11),53 Division,Annex,true,false,false,true,false,false,false,false,true,false,"{""coordinates"": [[-79.39024445790245, 43.67147558762077]], ""type"": ""MultiPoint""}"
20168,2025:5002235571,2025-10-24T12:24:00,YORKVILLE AVE,BAY ST,10 m North of,2,Non-Fatal Injury,Intersection-Related,Traffic Signal,Sideswipe,Clear,Daylight,Dry,Major Arterial,false,-79.39024445790245,43.67147558762077,2,Motorcycle,South,2,18,Major,Helmet,Driving properly,Unknown,,,Going Ahead,,,,,motorcyclist,NA,University-Rosedale (11),53 Division,Annex,true,false,false,true,false,false,false,false,true,false,"{""coordinates"": [[-79.39024445790245, 43.67147558762077]], ""type"": ""MultiPoint""}"
20169,2025:5002238169,2025-10-24T18:24:00,HEATH ST W,PARKWOOD AVE,10 m West of,2,Non-Fatal Injury,Intersection-Related,No Control,SMV Other,Clear,Daylight,Wet,Collector,false,-79.41018387068848,43.68714721172494,1,,,2,72,Major,Lap and Shoulder Belt,,,Crossing without right-of-way (intersection),Normal,,,,,,pedestrian,NA,Toronto-St. Paul's (12),53 Division,Casa Loma,false,true,false,false,false,true,true,false,false,false,"{""coordinates"": [[-79.41018387068848, 43.68714721172494]], ""type"": ""MultiPoint""}"
20170,2025:5002238169,2025-10-24T18:24:00,HEATH ST W,PARKWOOD AVE,10 m West of,2,Non-Fatal Injury,Intersection-Related,No Control,SMV Other,Clear,Daylight,Wet,Collector,false,-79.41018387068848,43.68714721172494,1,Automobile or Station Wagon,West,1,65,None,Lap and Shoulder Belt,Driving properly,Inattentive - Other,,,Going Ahead,,,,,driver,NA,Toronto-St. Paul's (12),53 Division,Casa Loma,false,true,false,false,false,true,true,false,false,false,"{""coordinates"": [[-79.41018387068848, 43.68714721172494]], ""type"": ""MultiPoint""}"
20171,2025:5002245841,2025-10-25T20:58:00,QUEENS QUAY W,YORK ST,10 m West of,2,Non-Fatal Injury,Intersection-Related,Traffic Signal,Opposite Direction,Clear,Dark with Artificial Lighting,Dry,Minor Arterial,false,-79.38045048716897,43.639972480377814,2,Truck - Tractor,East,2,61,None,Lap and Shoulder Belt,Driving properly,Normal,,,Stopped,,,,,driver,NA,Spadina-Fort York (10),52 Division,Harbourfront-CityPlace,false,false,false,false,false,false,false,false,false,true,"{""coordinates"": [[-79.38045048716897, 43.639972480377814]], ""type"": ""MultiPoint""}"
20172,2025:5002245841,2025-10-25T20:58:00,QUEENS QUAY W,YORK ST,10 m West of,2,Non-Fatal Injury,Intersection-Related,Traffic Signal,Opposite Direction,Clear,Dark with Artificial Lighting,Dry,Minor Arterial,false,-79.38045048716897,43.639972480377814,1,Automobile or Station Wagon,West,1,55,Major,Lap and Shoulder Belt,Lost control,Other Condition,,,Going Ahead,,,,,driver,NA,Spadina-Fort York (10),52 Division,Harbourfront-CityPlace,false,false,false,false,false,false,false,false,false,true,"{""coordinates"": [[-79.38045048716897, 43.639972480377814]], ""type"": ""MultiPoint""}"
20173,2025:5002246990,2025-10-26T01:06:00,KINGSTON RD,BRIMLEY RD S,,3,Non-Fatal Injury,Four-way,Traffic Signal,Angle,Clear,Dark with Artificial Lighting,Dry,Major Arterial,false,-79.24037922267175,43.7181404802309,1,Automobile or Station Wagon,South,1,69,Minor,Lap and Shoulder Belt,Disobeyed traffic control,Normal,,,Going Ahead,,,,,driver,NA,Scarborough Southwest (20),41 Division,Cliffcrest,true,false,false,false,false,true,false,true,false,false,"{""coordinates"": [[-79.24037922267175, 43.7181404802309]], ""type"": ""MultiPoint""}"
20174,2025:5002246990,2025-10-26T01:06:00,KINGSTON RD,BRIMLEY RD S,,3,Non-Fatal Injury,Four-way,Traffic Signal,Angle,Clear,Dark with Artificial Lighting,Dry,Major Arterial,false,-79.24037922267175,43.7181404802309,2,Automobile or Station Wagon,East,2,69,Minor,Lap and Shoulder Belt,Driving properly,Normal,,,Going Ahead,,,,,driver,NA,Scarborough Southwest (20),41 Division,Cliffcrest,true,false,false,false,false,true,false,true,false,false,"{""coordinates"": [[-79.24037922267175, 43.7181404802309]], ""type"": ""MultiPoint""}"
20175,2025:5002246990,2025-10-26T01:06:00,KINGSTON RD,BRIMLEY RD S,,3,Non-Fatal Injury,Four-way,Traffic Signal,Angle,Clear,Dark with Artificial Lighting,Dry,Major Arterial,false,-79.24037922267175,43.7181404802309,2,,,3,68,Major,Lap and Shoulder Belt,,,,,,,,,,passenger,NA,Scarborough Southwest (20),41 Division,Cliffcrest,true,false,false,false,false,true,false,true,false,false,"{""coordinates"": [[-79.24037922267175, 43.7181404802309]], ""type"": ""MultiPoint""}"
20176,2025:5002267993,2025-10-28T19:52:00,BRIMLEY RD,DEERFIELD RD,2 m South of,2,Non-Fatal Injury,T Intersection,Traffic Signal,Turning Movement,Clear,Dark with Artificial Lighting,Dry,Major Arterial,false,-79.25210650887722,43.74546099586751,2,Motorcycle,South,2,36,Major,Helmet,Driving properly,Other Condition,,,Going Ahead,,,,,motorcyclist,NA,Scarborough Centre (21),41 Division,Bendale South,false,false,false,true,false,false,false,false,false,false,"{""coordinates"": [[-79.25210650887722, 43.74546099586751]], ""type"": ""MultiPoint""}"
20177,2025:5002267993,2025-10-28T19:52:00,BRIMLEY RD,DEERFIELD RD,2 m South of,2,Non-Fatal Injury,T Intersection,Traffic Signal,Turning Movement,Clear,Dark with Artificial Lighting,Dry,Major Arterial,false,-79.25210650887722,43.74546099586751,1,Passenger Van,North,1,37,None,Lap and Shoulder Belt,Improper turn,Normal,,,Turning Left,,,,,driver,NA,Scarborough Centre (21),41 Division,Bendale South,false,false,false,true,false,false,false,false,false,false,"{""coordinates"": [[-79.25210650887722, 43.74546099586751]], ""type"": ""MultiPoint""}"
20178,2025:5002271945,2025-10-29T11:24:00,LAWRENCE AVE E,MARKHAM RD,,2,Non-Fatal Injury,Four-way,Traffic Signal,Turning Movement,Clear,Daylight,Dry,Minor Arterial,false,-79.22532175776644,43.75980367018344,1,Automobile or Station Wagon,South,1,29,None,Lap and Shoulder Belt,Improper turn,Normal,,,Turning Left,,,,,driver,NA,Scarborough-Guildwood (24),43 Division,Golfdale-Cedarbrae-Woburn,false,false,true,false,false,true,false,false,false,false,"{""coordinates"": [[-79.22532175776644, 43.75980367018344]], ""type"": ""MultiPoint""}"
20179,2025:5002271945,2025-10-29T11:24:00,LAWRENCE AVE E,MARKHAM RD,,2,Non-Fatal Injury,Four-way,Traffic Signal,Turning Movement,Clear,Daylight,Dry,Minor Arterial,false,-79.22532175776644,43.75980367018344,2,E-Bike (Power-Assisted Bicycle),North,2,70,Major,Helmet,,,,,Going Ahead,,,Driving Properly,Normal,cyclist,NA,Scarborough-Guildwood (24),43 Division,Golfdale-Cedarbrae-Woburn,false,false,true,false,false,true,false,false,false,false,"{""coordinates"": [[-79.22532175776644, 43.75980367018344]], ""type"": ""MultiPoint""}"
20180,2025:5002277234,2025-10-30T06:30:00,SILVERSTONE DR,LEXINGTON AVE,,2,Non-Fatal Injury,Four-way,Stop Sign,SMV Other,Clear,Dark with Artificial Lighting,Dry,Collector,false,-79.60011905249927,43.74710991856332,1,,,2,26,Major,No Equipment Available,,,Crossing with right-of-way (intersection),Normal,,Driver going straight hits pedestrian crossing with right-of-way (at intersection),,,,pedestrian,NA,Etobicoke North (1),23 Division,West Humber-Clairville,true,false,false,false,false,true,true,false,false,false,"{""coordinates"": [[-79.60011905249927, 43.74710991856332]], ""type"": ""MultiPoint""}"
20181,2025:5002277234,2025-10-30T06:30:00,SILVERSTONE DR,LEXINGTON AVE,,2,Non-Fatal Injury,Four-way,Stop Sign,SMV Other,Clear,Dark with Artificial Lighting,Dry,Collector,false,-79.60011905249927,43.74710991856332,1,Automobile or Station Wagon,South,1,81,None,Lap and Shoulder Belt,Failed to yield right-of-way,Normal,,,Going Ahead,,,,,driver,NA,Etobicoke North (1),23 Division,West Humber-Clairville,true,false,false,false,false,true,true,false,false,false,"{""coordinates"": [[-79.60011905249927, 43.74710991856332]], ""type"": ""MultiPoint""}"
20182,2025:5002283769,2025-10-31T01:15:00,ONTARIO ST,QUEEN ST E,,2,Non-Fatal Injury,T Intersection,Pedestrian Crossover,SMV Other,Rain,Dark,Wet,Major Arterial,false,-79.36713233843483,43.65502335754736,1,,,2,41,Major,No Equipment Available,,,Crossing without right-of-way (intersection),Normal,,Driver going straight hits pedestrian crossing without right-of-way (at intersection),,,,pedestrian,NA,Toronto Centre (13),51 Division,Moss Park,false,false,false,false,false,false,true,false,false,false,"{""coordinates"": [[-79.36713233843483, 43.655023357547364]], ""type"": ""MultiPoint""}"
20183,2025:5002283769,2025-10-31T01:15:00,ONTARIO ST,QUEEN ST E,,2,Non-Fatal Injury,T Intersection,Pedestrian Crossover,SMV Other,Rain,Dark,Wet,Major Arterial,false,-79.36713233843483,43.65502335754736,1,Automobile or Station Wagon,East,1,0,None,Use Unknown,,Unknown,,,Going Ahead,,,,,driver,NA,Toronto Centre (13),51 Division,Moss Park,false,false,false,false,false,false,true,false,false,false,"{""coordinates"": [[-79.36713233843483, 43.655023357547364]], ""type"": ""MultiPoint""}"
20184,2025:5002291940,2025-11-01T02:55:00,ALBANY AVE,BLOOR ST W,30 m North of,1,Non-Fatal Injury,Non-Intersection,No Control,SMV Other,Clear,Dark,Dry,Local,false,-79.41007700482487,43.665673417680914,1,E-Scooter (Electric Kick-Style Scooter),South,1,73,Major,No Equipment Available,Lost control,Normal,,,Going Ahead,,,,,other_micromobility,NA,University-Rosedale (11),14 Division,Annex,false,false,false,false,true,true,false,false,false,false,"{""coordinates"": [[-79.41007700482487, 43.665673417680914]], ""type"": ""MultiPoint""}"
20185,2025:5002311013,2025-11-03T17:30:00,ELLESMERE RD,MORNINGSIDE AVE,9 m East of,2,Non-Fatal Injury,Four-way,Traffic Signal,SMV Other,Rain,Dark with Artificial Lighting,Wet,Major Arterial,false,-79.19335419537397,43.78534474376214,1,Municipal Transit Bus (TTC),North,1,57,None,Lap and Shoulder Belt,Failed to yield right-of-way,Inattentive - Other,,,Turning Right,,,,,driver,NA,Scarborough-Guildwood (24),43 Division,Morningside,true,true,false,false,false,true,true,false,false,true,"{""coordinates"": [[-79.19335419537397, 43.78534474376214]], ""type"": ""MultiPoint""}"
20186,2025:5002311013,2025-11-03T17:30:00,ELLESMERE RD,MORNINGSIDE AVE,9 m East of,2,Non-Fatal Injury,Four-way,Traffic Signal,SMV Other,Rain,Dark with Artificial Lighting,Wet,Major Arterial,false,-79.19335419537397,43.78534474376214,1,,,2,73,Major,No Equipment Available,,,Crossing with right-of-way (intersection),Normal,,Driver turns right into pedestrian crossing with right-of-way (at intersection),,,,pedestrian,NA,Scarborough-Guildwood (24),43 Division,Morningside,true,true,false,false,false,true,true,false,false,true,"{""coordinates"": [[-79.19335419537397, 43.78534474376214]], ""type"": ""MultiPoint""}"
20187,2025:5002321614,2025-11-05T06:42:00,ST CLAIR AVE W,BATHURST ST,1 m West of,2,Non-Fatal Injury,Four-way,Traffic Signal,SMV Other,Clear,Dark with Artificial Lighting,Dry,Major Arterial,false,-79.41842529246611,43.68314942444491,1,Pickup Truck,West,1,65,None,Lap and Shoulder Belt,Driving properly,Normal,,,Going Ahead,,,,,driver,NA,Toronto-St. Paul's (12),13 Division,Wychwood,false,true,false,false,false,true,true,false,false,false,"{""coordinates"": [[-79.41842529246611, 43.68314942444491]], ""type"": ""MultiPoint""}"