X_id,collision_id,accdate,stname1,stname2,stname3,per_inv,acclass,accloc,traffictl,impactype,visible,light,rdsfcond,road_class,failtorem,longitude,latitude,veh_no,vehtype,initdir,per_no,invage,injury,safequip,drivact,drivcond,pedact,pedcond,manoeuvre,pedtype,cyclistype,cycact,cyccond,road_user,fatal_no,wardname,division,neighbourhood,aggressive,distracted,cyclist,motorcyclist,other_micromobility,older_adult,pedestrian,red_light,school_child,heavy_truck,geometry
20544,2025:5000827982,2025-04-22T08:45:00,JARVIS ST,DUNDAS ST E,,2,Non-Fatal Injury,Four-way,Traffic Signal,SMV Other,Clear,Daylight,Dry,Major Arterial,false,-79.37455424990362,43.65698446806762,1,Automobile or Station Wagon,South,1,56,None,Lap and Shoulder Belt,Driving properly,Normal,,,Going Ahead,,,,,driver,NA,Toronto Centre (13),51 Division,Downtown Yonge East,false,false,false,false,false,false,true,false,false,false,"{""coordinates"": [[-79.37455424990362, 43.65698446806762]], ""type"": ""MultiPoint""}"
20545,2025:5000857342,2025-04-25T23:16:00,KEELE ST,DOWNSVIEW PARK BLVD,70 m South of,3,Non-Fatal Injury,Intersection-Related,No Control,Rear End,Clear,Dark with Artificial Lighting,Dry,Major Arterial,false,-79.48434062000355,43.73624079282243,3,Automobile or Station Wagon,North,3,72,None,Lap and Shoulder Belt,Driving properly,Normal,,,Stopped,,,,,driver,NA,York Centre (6),31 Division,Downsview,true,true,false,false,false,true,false,false,false,false,"{""coordinates"": [[-79.48434062000355, 43.73624079282243]], ""type"": ""MultiPoint""}"
20546,2025:5000857342,2025-04-25T23:16:00,KEELE ST,DOWNSVIEW PARK BLVD,70 m South of,3,Non-Fatal Injury,Intersection-Related,No Control,Rear End,Clear,Dark with Artificial Lighting,Dry,Major Arterial,false,-79.48434062000355,43.73624079282243,2,Automobile or Station Wagon,North,2,71,None,Lap and Shoulder Belt,Driving properly,Normal,,,Stopped,,,,,driver,NA,York Centre (6),31 Division,Downsview,true,true,false,false,false,true,false,false,false,false,"{""coordinates"": [[-79.48434062000355, 43.73624079282243]], ""type"": ""MultiPoint""}"
20547,2026:6001032085,2026-05-19T14:14:00,KINGSTON RD,7450 KINGSTON RD,10 m West of,3,Non-Fatal Injury,Non-Intersection,No Control,Rear End,Clear,Daylight,Dry,,false,-79.13700530819492,43.80432289435922,1,Truck - Closed,West,1,46,Major,Lap and Shoulder Belt,Lost control,Normal,,,Going Ahead,,,,,driver,NA,Scarborough-Rouge Park (25),42 Division,West Rouge,false,false,false,false,false,false,false,false,false,true,"{""coordinates"": [[-79.13700530819492, 43.80432289435922]], ""type"": ""MultiPoint""}"
20548,2026:6001127453,2026-05-31T22:30:00,BRIMLEY RD,GOLDEN GATE CT,14 m West of,4,Non-Fatal Injury,Intersection-Related,Traffic Signal,Turning Movement,Clear,Dark with Artificial Lighting,Dry,,false,-79.26187550191142,43.77194801153231,2,Motorcycle,North,2,30,Major,Helmet,Driving properly,Normal,,,Going Ahead,,,,,motorcyclist,NA,Scarborough Centre (21),43 Division,Bendale-Glen Andrew,true,false,false,true,false,false,false,false,false,false,"{""coordinates"": [[-79.26187550191142, 43.77194801153231]], ""type"": ""MultiPoint""}"
20549,2026:6001127453,2026-05-31T22:30:00,BRIMLEY RD,GOLDEN GATE CT,14 m West of,4,Non-Fatal Injury,Intersection-Related,Traffic Signal,Turning Movement,Clear,Dark with Artificial Lighting,Dry,,false,-79.26187550191142,43.77194801153231,1,,,3,29,None,Lap and Shoulder Belt,,,,,,,,,,passenger,NA,Scarborough Centre (21),43 Division,Bendale-Glen Andrew,true,false,false,true,false,false,false,false,false,false,"{""coordinates"": [[-79.26187550191142, 43.77194801153231]], ""type"": ""MultiPoint""}"
20550,2026:6001149149,2026-06-03T17:00:00,DANFORTH AVE,EUSTON AVE,10 m East of,2,Non-Fatal Injury,Non-Intersection,,Turning Movement,Clear,Daylight,Dry,,false,-79.33778074590016,43.68031911143725,2,Bicycle,East,2,46,Major,Helmet,,,,,Going Ahead,,,Driving Properly,Normal,cyclist,NA,Toronto-Danforth (14),55 Division,Blake-Jones,true,false,true,false,false,false,false,false,false,false,"{""coordinates"": [[-79.33778074590016, 43.68031911143725]], ""type"": ""MultiPoint""}"
20551,2026:6001150152,2026-06-03T19:25:00,GERRARD ST E,BLACKBURN ST,5 m West of,2,Non-Fatal Injury,Intersection-Related,Traffic Signal,SMV Other,Clear,Daylight,Dry,,false,-79.35526680121342,43.66478913856367,1,Passenger Van,East,1,42,None,Lap and Shoulder Belt,Driving properly,Normal,,,Slowing or Stopping,,,,,driver,NA,Toronto-Danforth (14),55 Division,South Riverdale,false,false,false,false,false,true,false,false,false,false,"{""coordinates"": [[-79.35526680121342, 43.66478913856367]], ""type"": ""MultiPoint""}"
20552,2026:6001209143,2026-06-11T12:15:00,KEELE ST,CATFORD RD,55 m South of,2,Non-Fatal Injury,Non-Intersection,No Control,SMV Other,Clear,Daylight,Dry,,false,-79.4898268934495,43.75884529127313,1,,,2,2,Major,No Equipment Available,,,,Unknown,,,,,,pedestrian,NA,York Centre (6),31 Division,York University Heights,false,false,false,false,false,false,true,false,false,false,"{""coordinates"": [[-79.4898268934495, 43.75884529127313]], ""type"": ""MultiPoint""}"
20553,2026:6001227493,2026-06-13T18:33:00,EGLINTON AV E,FALMOUTH AV,1 m West of,2,Non-Fatal Injury,Non-Intersection,Traffic Signal,SMV Other,Clear,Daylight,Dry,,true,-79.2531555222798,43.73558199639511,1,,,2,60,Major,Use Unknown,,,,Unknown,,,,,,pedestrian,NA,Scarborough Southwest (20),41 Division,Kennedy Park,false,false,false,false,false,false,true,false,false,false,"{""coordinates"": [[-79.2531555222798, 43.73558199639511]], ""type"": ""MultiPoint""}"
20554,2026:6001227852,2026-06-13T19:16:00,ORIOLE PY,ANDERSON AV,10 m East of,2,Non-Fatal Injury,Non-Intersection,No Control,SMV Other,Clear,Daylight,Dry,,false,-79.40540783624473,43.703272200647696,1,Automobile or Station Wagon,North,1,50,None,Lap and Shoulder Belt,Driving properly,Normal,,,Going Ahead,,,,,driver,NA,Toronto-St. Paul's (12),53 Division,Yonge-Eglinton,false,false,false,false,false,false,true,false,false,false,"{""coordinates"": [[-79.40540783624473, 43.703272200647696]], ""type"": ""MultiPoint""}"
20555,2026:6001237290,2026-06-15T06:07:00,YONGE ST,MAITLAND ST,,2,Non-Fatal Injury,Intersection-Related,Traffic Signal,SMV Other,Clear,Daylight,Dry,,false,-79.38412885785876,43.66391218055419,1,,,2,88,Major,Use Unknown,,,,Unknown,,,,,,pedestrian,NA,Toronto Centre (13),51 Division,Church-Wellesley,true,false,false,false,false,true,true,false,false,false,"{""coordinates"": [[-79.38412885785876, 43.66391218055419]], ""type"": ""MultiPoint""}"
20556,2026:6001238951,2026-06-15T10:55:00,SHEPPARD AV E,KENNEDY RD,6 m South of,2,Non-Fatal Injury,Non-Intersection,,SMV Other,Clear,Daylight,Dry,,false,-79.29180554189203,43.78247704880095,1,,,2,79,Major,Use Unknown,,,,Unknown,,,,,,pedestrian,NA,Scarborough-Agincourt (22),42 Division,Tam O'Shanter-Sullivan,false,false,false,false,false,true,true,false,false,false,"{""coordinates"": [[-79.29180554189203, 43.78247704880095]], ""type"": ""MultiPoint""}"
20557,2026:6001032085,2026-05-19T14:14:00,KINGSTON RD,7450 KINGSTON RD,10 m West of,3,Non-Fatal Injury,Non-Intersection,No Control,Rear End,Clear,Daylight,Dry,,false,-79.13700530819492,43.80432289435922,2,,,3,53,Minimal,Lap and Shoulder Belt,,,,,,,,,,passenger,NA,Scarborough-Rouge Park (25),42 Division,West Rouge,false,false,false,false,false,false,false,false,false,true,"{""coordinates"": [[-79.13700530819492, 43.80432289435922]], ""type"": ""MultiPoint""}"
20558,2026:6001032085,2026-05-19T14:14:00,KINGSTON RD,7450 KINGSTON RD,10 m West of,3,Non-Fatal Injury,Non-Intersection,No Control,Rear End,Clear,Daylight,Dry,,false,-79.13700530819492,43.80432289435922,2,Fire Vehicle,West,2,41,Minimal,Lap and Shoulder Belt,Driving properly,Normal,,,Stopped,,,,,driver,NA,Scarborough-Rouge Park (25),42 Division,West Rouge,false,false,false,false,false,false,false,false,false,true,"{""coordinates"": [[-79.13700530819492, 43.80432289435922]], ""type"": ""MultiPoint""}"
20559,2026:6001127453,2026-05-31T22:30:00,BRIMLEY RD,GOLDEN GATE CT,14 m West of,4,Non-Fatal Injury,Intersection-Related,Traffic Signal,Turning Movement,Clear,Dark with Artificial Lighting,Dry,,false,-79.26187550191142,43.77194801153231,1,,,4,21,None,Lap and Shoulder Belt,,,,,,,,,,passenger,NA,Scarborough Centre (21),43 Division,Bendale-Glen Andrew,true,false,false,true,false,false,false,false,false,false,"{""coordinates"": [[-79.26187550191142, 43.77194801153231]], ""type"": ""MultiPoint""}"
20560,2026:6001127453,2026-05-31T22:30:00,BRIMLEY RD,GOLDEN GATE CT,14 m West of,4,Non-Fatal Injury,Intersection-Related,Traffic Signal,Turning Movement,Clear,Dark with Artificial Lighting,Dry,,false,-79.26187550191142,43.77194801153231,1,Automobile or Station Wagon,South,1,22,None,Lap and Shoulder Belt,Failed to yield right-of-way,Normal,,,Turning Left,,,,,driver,NA,Scarborough Centre (21),43 Division,Bendale-Glen Andrew,true,false,false,true,false,false,false,false,false,false,"{""coordinates"": [[-79.26187550191142, 43.77194801153231]], ""type"": ""MultiPoint""}"
20561,2026:6001149149,2026-06-03T17:00:00,DANFORTH AVE,EUSTON AVE,10 m East of,2,Non-Fatal Injury,Non-Intersection,,Turning Movement,Clear,Daylight,Dry,,false,-79.33778074590016,43.68031911143725,1,Automobile or Station Wagon,West,1,63,None,Lap and Shoulder Belt,Failed to yield right-of-way,Normal,,,Turning Left,,,,,driver,NA,Toronto-Danforth (14),55 Division,Blake-Jones,true,false,true,false,false,false,false,false,false,false,"{""coordinates"": [[-79.33778074590016, 43.68031911143725]], ""type"": ""MultiPoint""}"
20562,2026:6001150152,2026-06-03T19:25:00,GERRARD ST E,BLACKBURN ST,5 m West of,2,Non-Fatal Injury,Intersection-Related,Traffic Signal,SMV Other,Clear,Daylight,Dry,,false,-79.35526680121342,43.66478913856367,1,,,2,86,Major,Equipment Not Used But Available,,,,,,,,,,passenger,NA,Toronto-Danforth (14),55 Division,South Riverdale,false,false,false,false,false,true,false,false,false,false,"{""coordinates"": [[-79.35526680121342, 43.66478913856367]], ""type"": ""MultiPoint""}"
20563,2026:6001209143,2026-06-11T12:15:00,KEELE ST,CATFORD RD,55 m South of,2,Non-Fatal Injury,Non-Intersection,No Control,SMV Other,Clear,Daylight,Dry,,false,-79.4898268934495,43.75884529127313,1,Automobile or Station Wagon,North,1,58,None,Lap and Shoulder Belt,Driving properly,Normal,,,Going Ahead,,,,,driver,NA,York Centre (6),31 Division,York University Heights,false,false,false,false,false,false,true,false,false,false,"{""coordinates"": [[-79.4898268934495, 43.75884529127313]], ""type"": ""MultiPoint""}"
20564,2026:6001227852,2026-06-13T19:16:00,ORIOLE PY,ANDERSON AV,10 m East of,2,Non-Fatal Injury,Non-Intersection,No Control,SMV Other,Clear,Daylight,Dry,,false,-79.40540783624473,43.703272200647696,1,,,2,51,Major,Lap and Shoulder Belt,,,,Unknown,,,,,,pedestrian,NA,Toronto-St. Paul's (12),53 Division,Yonge-Eglinton,false,false,false,false,false,false,true,false,false,false,"{""coordinates"": [[-79.40540783624473, 43.703272200647696]], ""type"": ""MultiPoint""}"
20565,2026:6001237290,2026-06-15T06:07:00,YONGE ST,MAITLAND ST,,2,Non-Fatal Injury,Intersection-Related,Traffic Signal,SMV Other,Clear,Daylight,Dry,,false,-79.38412885785876,43.66391218055419,1,Automobile or Station Wagon,West,1,29,None,Lap and Shoulder Belt,Failed to yield right-of-way,Normal,,,Turning Right,,,,,driver,NA,Toronto Centre (13),51 Division,Church-Wellesley,true,false,false,false,false,true,true,false,false,false,"{""coordinates"": [[-79.38412885785876, 43.66391218055419]], ""type"": ""MultiPoint""}"
20566,2026:6001238951,2026-06-15T10:55:00,SHEPPARD AV E,KENNEDY RD,6 m South of,2,Non-Fatal Injury,Non-Intersection,,SMV Other,Clear,Daylight,Dry,,false,-79.29180554189203,43.78247704880095,1,Automobile or Station Wagon,East,1,64,None,Lap and Shoulder Belt,Driving properly,Normal,,,Going Ahead,,,,,driver,NA,Scarborough-Agincourt (22),42 Division,Tam O'Shanter-Sullivan,false,false,false,false,false,true,true,false,false,false,"{""coordinates"": [[-79.29180554189203, 43.78247704880095]], ""type"": ""MultiPoint""}"
20567,2026:6000938560,2026-05-07T08:42:00,QUEEN ST W,UNIVERSITY AVE,8 m North of,2,Non-Fatal Injury,Intersection-Related,Traffic Signal,SMV Other,Clear,Daylight,Dry,,false,-79.3866008826482,43.650858187137885,1,Automobile or Station Wagon,East,1,29,None,Lap and Shoulder Belt,Driving properly,Normal,,,Going Ahead,,,,,driver,NA,Spadina-Fort York (10),52 Division,Yonge-Bay Corridor,false,false,false,false,false,false,true,false,false,false,"{""coordinates"": [[-79.3866008826482, 43.650858187137885]], ""type"": ""MultiPoint""}"
20568,2026:6000941586,2026-05-07T15:46:00,COLLEGE ST,BROCK AV,30 m East of,2,Non-Fatal Injury,Non-Intersection,,SMV Other,Clear,Daylight,Dry,,false,-79.43596297736738,43.651888259860925,1,,,2,81,Major,Equipment Not Used But Available,,,,,,,,,,passenger,NA,Davenport (9),11 Division,Dufferin Grove,false,false,false,false,false,true,false,false,false,false,"{""coordinates"": [[-79.43596297736738, 43.651888259860925]], ""type"": ""MultiPoint""}"
20569,2026:6001066286,2026-05-23T23:09:00,BRIMLEY ROAD,401 EXPRESSWAY,20 m North of,3,Non-Fatal Injury,Non-Intersection,,Rear End,Rain,Dark with Artificial Lighting,Wet,,false,-79.26475150045191,43.77940201603148,1,Automobile or Station Wagon,North,1,95,Major,Lap and Shoulder Belt,,Unknown,,,Slowing or Stopping,,,,,driver,NA,Scarborough North (23),42 Division,Bendale-Glen Andrew,false,false,false,false,false,true,false,false,false,false,"{""coordinates"": [[-79.26475150045191, 43.77940201603148]], ""type"": ""MultiPoint""}"
20570,2026:6001159148,2026-06-04T23:55:00,BATHURST ST,SHEPPARD AVE W,1 m South of,2,Non-Fatal Injury,Four-way,Traffic Signal,SMV Other,Clear,Dark with Artificial Lighting,Dry,Major Arterial,false,-79.43825281139934,43.75530212811077,1,Automobile or Station Wagon,North,1,78,Minor,Lap and Shoulder Belt,Lost control,Inattentive - Other,,,Going Ahead,,,,,driver,NA,York Centre (6),32 Division,Lansing-Westgate,false,true,false,false,false,true,false,false,false,false,"{""coordinates"": [[-79.43825281139934, 43.75530212811077]], ""type"": ""MultiPoint""}"
20571,2026:6001230385,2026-06-14T02:50:00,F G GARDINER XY W,SPADINA AV,1 m West of,4,Non-Fatal Injury,Non-Intersection,No Control,SMV Other,Clear,Dark with Artificial Lighting,Dry,,false,-79.39458191759947,43.638426202040115,3,Automobile or Station Wagon,West,3,20,None,Use Unknown,Driving properly,Normal,,,Going Ahead,,,,,driver,NA,Spadina-Fort York (10),14 Division,Harbourfront-CityPlace,false,false,false,false,false,false,false,false,false,false,"{""coordinates"": [[-79.39458191759947, 43.638426202040115]], ""type"": ""MultiPoint""}"
20572,2026:6001230385,2026-06-14T02:50:00,F G GARDINER XY W,SPADINA AV,1 m West of,4,Non-Fatal Injury,Non-Intersection,No Control,SMV Other,Clear,Dark with Artificial Lighting,Dry,,false,-79.39458191759947,43.638426202040115,2,Automobile or Station Wagon,West,2,29,None,Lap and Shoulder Belt,Driving properly,Normal,,,Going Ahead,,,,,driver,NA,Spadina-Fort York (10),14 Division,Harbourfront-CityPlace,false,false,false,false,false,false,false,false,false,false,"{""coordinates"": [[-79.39458191759947, 43.638426202040115]], ""type"": ""MultiPoint""}"
20573,2026:6001250465,2026-06-16T18:10:00,LESLIE ST,BANNATYNE DR,10 m East of,2,Non-Fatal Injury,Intersection-Related,Traffic Signal,SMV Other,Clear,Daylight,Dry,,false,-79.3612406788103,43.75872213243955,1,Automobile or Station Wagon,East,1,55,None,Lap and Shoulder Belt,Improper turn,Unknown,,,Turning Left,,,,,driver,NA,Don Valley East (16),33 Division,St.Andrew-Windfields,false,false,false,false,false,false,true,false,false,false,"{""coordinates"": [[-79.3612406788103, 43.75872213243955]], ""type"": ""MultiPoint""}"
20574,2026:6001257120,2026-06-17T15:57:00,BATHURST ST,AVENAL DR,24 m North of,3,Non-Fatal Injury,Non-Intersection,Stop Sign,SMV Other,Clear,Daylight,Dry,Major Arterial,false,-79.42358088089881,43.69610822759946,1,Pickup Truck,South,1,48,Minor,Equipment Not Used But Available,Lost control,Normal,,,Going Ahead,,,,,driver,NA,Toronto-St. Paul's (12),13 Division,Humewood-Cedarvale,false,false,false,false,false,false,true,false,false,false,"{""coordinates"": [[-79.42358088089881, 43.69610822759946]], ""type"": ""MultiPoint""}"
20575,2026:6001327291,2026-06-27T05:20:00,SPADINA AV,DUNDAS ST W,,4,Non-Fatal Injury,Intersection-Related,Traffic Signal,Angle,Clear,Daylight,Dry,,false,-79.39802290168305,43.652952203510885,2,,,4,39,Major,Equipment Not Used But Available,,,,,,,,,,passenger,NA,University-Rosedale (11),52 Division,Kensington-Chinatown,true,true,false,false,false,false,false,true,false,false,"{""coordinates"": [[-79.39802290168305, 43.652952203510885]], ""type"": ""MultiPoint""}"
20576,2026:6001327291,2026-06-27T05:20:00,SPADINA AV,DUNDAS ST W,,4,Non-Fatal Injury,Intersection-Related,Traffic Signal,Angle,Clear,Daylight,Dry,,false,-79.39802290168305,43.652952203510885,1,Pickup Truck,North,1,36,None,Use Unknown,Disobeyed traffic control,Inattentive - Other,,,Going Ahead,,,,,driver,NA,University-Rosedale (11),52 Division,Kensington-Chinatown,true,true,false,false,false,false,false,true,false,false,"{""coordinates"": [[-79.39802290168305, 43.652952203510885]], ""type"": ""MultiPoint""}"
20577,2026:6001346771,2026-06-29T17:36:00,NEILSON RD,TAPSCOTT RD,46 m S,2,Fatal Injury,Non-Intersection,,Turning Movement,,,,,false,-79.21818041338626,43.80599897224256,1,Automobile or Station Wagon,North,1,84,None,,Failed to yield right-of-way,Fatigue/Fell Asleep,,,,,,,,driver,NA,Scarborough-Rouge Park (25),42 Division,Malvern East,true,false,false,true,false,true,false,false,false,false,"{""coordinates"": [[-79.21818041338626, 43.805998972242556]], ""type"": ""MultiPoint""}"
20578,2025:5002723792,2025-12-31T07:17:00,EGLINTON AVE E,LILLIAN ST,4 M W,2,Fatal Injury,Non-Intersection,No Control,SMV Other,Clear,Dark with Artificial Lighting,Packed Snow,Major Arterial,false,-79.3941308090723,43.70759918425677,NA,,,NA,NA,,,,,,,,,,,,other,NA,Toronto-St. Paul's (12),53 Division,South Eglinton-Davisville,true,false,false,false,false,true,true,false,false,false,"{""coordinates"": [[-79.3941308090723, 43.70759918425677]], ""type"": ""MultiPoint""}"
20579,2026:6000858513,2026-04-26T17:54:00,CALEDONIA RD,GLENGROVE AV,5 m North of,5,Non-Fatal Injury,Intersection-Related,Pedestrian Crossover,SMV Other,Clear,Daylight,Dry,,false,-79.46527593923594,43.70643128068175,1,,,3,26,None,No Equipment Available,,,,Unknown,,,,,,pedestrian,NA,Eglinton-Lawrence (8),13 Division,Yorkdale-Glen Park,true,false,false,false,false,false,true,false,false,false,"{""coordinates"": [[-79.46527593923594, 43.70643128068175]], ""type"": ""MultiPoint""}"
20580,2026:6000858513,2026-04-26T17:54:00,CALEDONIA RD,GLENGROVE AV,5 m North of,5,Non-Fatal Injury,Intersection-Related,Pedestrian Crossover,SMV Other,Clear,Daylight,Dry,,false,-79.46527593923594,43.70643128068175,1,,,5,1,Major,No Equipment Available,,,,Unknown,,,,,,pedestrian,NA,Eglinton-Lawrence (8),13 Division,Yorkdale-Glen Park,true,false,false,false,false,false,true,false,false,false,"{""coordinates"": [[-79.46527593923594, 43.70643128068175]], ""type"": ""MultiPoint""}"
20581,2026:6000938560,2026-05-07T08:42:00,QUEEN ST W,UNIVERSITY AVE,8 m North of,2,Non-Fatal Injury,Intersection-Related,Traffic Signal,SMV Other,Clear,Daylight,Dry,,false,-79.3866008826482,43.650858187137885,1,,,2,39,Major,No Equipment Available,,,,Unknown,,,,,,pedestrian,NA,Spadina-Fort York (10),52 Division,Yonge-Bay Corridor,false,false,false,false,false,false,true,false,false,false,"{""coordinates"": [[-79.3866008826482, 43.650858187137885]], ""type"": ""MultiPoint""}"
20582,2026:6000941586,2026-05-07T15:46:00,COLLEGE ST,BROCK AV,30 m East of,2,Non-Fatal Injury,Non-Intersection,,SMV Other,Clear,Daylight,Dry,,false,-79.43596297736738,43.651888259860925,1,Automobile or Station Wagon,West,1,83,None,Use Unknown,Driving properly,Normal,,,Going Ahead,,,,,driver,NA,Davenport (9),11 Division,Dufferin Grove,false,false,false,false,false,true,false,false,false,false,"{""coordinates"": [[-79.43596297736738, 43.651888259860925]], ""type"": ""MultiPoint""}"
20583,2026:6001066286,2026-05-23T23:09:00,BRIMLEY ROAD,401 EXPRESSWAY,20 m North of,3,Non-Fatal Injury,Non-Intersection,,Rear End,Rain,Dark with Artificial Lighting,Wet,,false,-79.26475150045191,43.77940201603148,1,,,3,85,Minor,Use Unknown,,,,,,,,,,passenger,NA,Scarborough North (23),42 Division,Bendale-Glen Andrew,false,false,false,false,false,true,false,false,false,false,"{""coordinates"": [[-79.26475150045191, 43.77940201603148]], ""type"": ""MultiPoint""}"
20584,2026:6001066286,2026-05-23T23:09:00,BRIMLEY ROAD,401 EXPRESSWAY,20 m North of,3,Non-Fatal Injury,Non-Intersection,,Rear End,Rain,Dark with Artificial Lighting,Wet,,false,-79.26475150045191,43.77940201603148,2,Automobile or Station Wagon,North,2,45,Minor,Lap and Shoulder Belt,Driving properly,Normal,,,Going Ahead,,,,,driver,NA,Scarborough North (23),42 Division,Bendale-Glen Andrew,false,false,false,false,false,true,false,false,false,false,"{""coordinates"": [[-79.26475150045191, 43.77940201603148]], ""type"": ""MultiPoint""}"
20585,2026:6001159148,2026-06-04T23:55:00,BATHURST ST,SHEPPARD AVE W,1 m South of,2,Non-Fatal Injury,Four-way,Traffic Signal,SMV Other,Clear,Dark with Artificial Lighting,Dry,Major Arterial,false,-79.43825281139934,43.75530212811077,1,,,2,80,Major,Lap and Shoulder Belt,,,,,,,,,,passenger,NA,York Centre (6),32 Division,Lansing-Westgate,false,true,false,false,false,true,false,false,false,false,"{""coordinates"": [[-79.43825281139934, 43.75530212811077]], ""type"": ""MultiPoint""}"
20586,2026:6001230385,2026-06-14T02:50:00,F G GARDINER XY W,SPADINA AV,1 m West of,4,Non-Fatal Injury,Non-Intersection,No Control,SMV Other,Clear,Dark with Artificial Lighting,Dry,,false,-79.39458191759947,43.638426202040115,1,Automobile or Station Wagon,West,1,33,Major,Lap and Shoulder Belt,Lost control,Normal,,,Going Ahead,,,,,driver,NA,Spadina-Fort York (10),14 Division,Harbourfront-CityPlace,false,false,false,false,false,false,false,false,false,false,"{""coordinates"": [[-79.39458191759947, 43.638426202040115]], ""type"": ""MultiPoint""}"
20587,2026:6001230385,2026-06-14T02:50:00,F G GARDINER XY W,SPADINA AV,1 m West of,4,Non-Fatal Injury,Non-Intersection,No Control,SMV Other,Clear,Dark with Artificial Lighting,Dry,,false,-79.39458191759947,43.638426202040115,1,,,4,26,Minor,Lap and Shoulder Belt,,,,,,,,,,passenger,NA,Spadina-Fort York (10),14 Division,Harbourfront-CityPlace,false,false,false,false,false,false,false,false,false,false,"{""coordinates"": [[-79.39458191759947, 43.638426202040115]], ""type"": ""MultiPoint""}"
20588,2026:6001250465,2026-06-16T18:10:00,LESLIE ST,BANNATYNE DR,10 m East of,2,Non-Fatal Injury,Intersection-Related,Traffic Signal,SMV Other,Clear,Daylight,Dry,,false,-79.3612406788103,43.75872213243955,1,,,2,55,Major,No Equipment Available,,,,Unknown,,,,,,pedestrian,NA,Don Valley East (16),33 Division,St.Andrew-Windfields,false,false,false,false,false,false,true,false,false,false,"{""coordinates"": [[-79.3612406788103, 43.75872213243955]], ""type"": ""MultiPoint""}"
20589,2026:6001257120,2026-06-17T15:57:00,BATHURST ST,AVENAL DR,24 m North of,3,Non-Fatal Injury,Non-Intersection,Stop Sign,SMV Other,Clear,Daylight,Dry,Major Arterial,false,-79.42358088089881,43.69610822759946,1,,,2,32,Major,No Equipment Available,,,,Unknown,,,,,,pedestrian,NA,Toronto-St. Paul's (12),13 Division,Humewood-Cedarvale,false,false,false,false,false,false,true,false,false,false,"{""coordinates"": [[-79.42358088089881, 43.69610822759946]], ""type"": ""MultiPoint""}"
20590,2026:6001265150,2026-06-18T16:45:00,4200 BATHURST ST,,,1,Fatal Injury,Non-Intersection,,SMV Other,,,,,false,-79.43745081782156,43.74900922826807,1,Automobile or Station Wagon,South,1,90,Fatal,,Lost control,Unknown,,,,,,,,driver,23,York Centre (6),32 Division,Clanton Park,false,false,false,false,false,true,false,false,false,false,"{""coordinates"": [[-79.43745081782156, 43.74900922826807]], ""type"": ""MultiPoint""}"
20591,2026:6001327291,2026-06-27T05:20:00,SPADINA AV,DUNDAS ST W,,4,Non-Fatal Injury,Intersection-Related,Traffic Signal,Angle,Clear,Daylight,Dry,,false,-79.39802290168305,43.652952203510885,2,Automobile or Station Wagon,East,2,36,Minimal,Lap and Shoulder Belt,Driving properly,Normal,,,Going Ahead,,,,,driver,NA,University-Rosedale (11),52 Division,Kensington-Chinatown,true,true,false,false,false,false,false,true,false,false,"{""coordinates"": [[-79.39802290168305, 43.652952203510885]], ""type"": ""MultiPoint""}"
20592,2026:6001327291,2026-06-27T05:20:00,SPADINA AV,DUNDAS ST W,,4,Non-Fatal Injury,Intersection-Related,Traffic Signal,Angle,Clear,Daylight,Dry,,false,-79.39802290168305,43.652952203510885,1,,,3,36,None,Use Unknown,,,,,,,,,,passenger,NA,University-Rosedale (11),52 Division,Kensington-Chinatown,true,true,false,false,false,false,false,true,false,false,"{""coordinates"": [[-79.39802290168305, 43.652952203510885]], ""type"": ""MultiPoint""}"
20593,2026:6001346771,2026-06-29T17:36:00,NEILSON RD,TAPSCOTT RD,46 m S,2,Fatal Injury,Non-Intersection,,Turning Movement,,,,,false,-79.21818041338626,43.80599897224256,2,Motorcycle,South,2,47,Fatal,,Speed too fast for conditions,Normal,,,,,,,,motorcyclist,24,Scarborough-Rouge Park (25),42 Division,Malvern East,true,false,false,true,false,true,false,false,false,false,"{""coordinates"": [[-79.21818041338626, 43.805998972242556]], ""type"": ""MultiPoint""}"
20594,2026:6000858513,2026-04-26T17:54:00,CALEDONIA RD,GLENGROVE AV,5 m North of,5,Non-Fatal Injury,Intersection-Related,Pedestrian Crossover,SMV Other,Clear,Daylight,Dry,,false,-79.46527593923594,43.70643128068175,1,,,2,22,Major,No Equipment Available,,,,Unknown,,,,,,pedestrian,NA,Eglinton-Lawrence (8),13 Division,Yorkdale-Glen Park,true,false,false,false,false,false,true,false,false,false,"{""coordinates"": [[-79.46527593923594, 43.70643128068175]], ""type"": ""MultiPoint""}"
20595,2026:6000700795,2026-04-05T15:05:00,3310 DANFORTH AVE,,,1,Fatal Injury,At/Near Private Drive,,Turning Movement,Clear,Daylight,Dry,Major Arterial,false,-79.2792236199537,43.69330822901452,1,Motorcycle,West,1,21,Fatal,,Driving properly,Normal,,,Going Ahead,,,,,motorcyclist,9,Scarborough Southwest (20),41 Division,Oakridge,false,false,false,true,false,false,false,false,false,false,"{""coordinates"": [[-79.2792236199537, 43.69330822901452]], ""type"": ""MultiPoint""}"
20596,2026:6000858513,2026-04-26T17:54:00,CALEDONIA RD,GLENGROVE AV,5 m North of,5,Non-Fatal Injury,Intersection-Related,Pedestrian Crossover,SMV Other,Clear,Daylight,Dry,,false,-79.46527593923594,43.70643128068175,1,,,4,24,Major,No Equipment Available,,,,Unknown,,,,,,pedestrian,NA,Eglinton-Lawrence (8),13 Division,Yorkdale-Glen Park,true,false,false,false,false,false,true,false,false,false,"{""coordinates"": [[-79.46527593923594, 43.70643128068175]], ""type"": ""MultiPoint""}"
20597,2026:6000858513,2026-04-26T17:54:00,CALEDONIA RD,GLENGROVE AV,5 m North of,5,Non-Fatal Injury,Intersection-Related,Pedestrian Crossover,SMV Other,Clear,Daylight,Dry,,false,-79.46527593923594,43.70643128068175,1,Automobile or Station Wagon,North,1,57,None,Lap and Shoulder Belt,Disobeyed traffic control,Normal,,,Going Ahead,,,,,driver,NA,Eglinton-Lawrence (8),13 Division,Yorkdale-Glen Park,true,false,false,false,false,false,true,false,false,false,"{""coordinates"": [[-79.46527593923594, 43.70643128068175]], ""type"": ""MultiPoint""}"